[0.000000] (-) TimerEvent: {}
[0.000115] (px4_msgs) JobQueued: {'identifier': 'px4_msgs', 'dependencies': OrderedDict()}
[0.000166] (mav) JobQueued: {'identifier': 'mav', 'dependencies': OrderedDict([('px4_msgs', '/home/lee/workspace/ros2_ex_mav/install/px4_msgs')])}
[0.000185] (px4_multi_uav) JobQueued: {'identifier': 'px4_multi_uav', 'dependencies': OrderedDict([('px4_msgs', '/home/lee/workspace/ros2_ex_mav/install/px4_msgs')])}
[0.000202] (px4_msgs) JobStarted: {'identifier': 'px4_msgs'}
[0.004294] (px4_msgs) JobProgress: {'identifier': 'px4_msgs', 'progress': 'cmake'}
[0.004692] (px4_msgs) JobProgress: {'identifier': 'px4_msgs', 'progress': 'build'}
[0.005165] (px4_msgs) Command: {'cmd': ['/usr/bin/cmake', '--build', '/home/lee/workspace/ros2_ex_mav/build/px4_msgs', '--', '-j32', '-l32'], 'cwd': '/home/lee/workspace/ros2_ex_mav/build/px4_msgs', 'env': OrderedDict([('GJS_DEBUG_TOPICS', 'JS ERROR;JS LOG'), ('GZ_SIM_SYSTEM_PLUGIN_PATH', ':/home/lee/gazebo_maritime_ws/install/lib:/home/lee/workspace/gz_sim_modle/gazebo_joint_plugin/build:/home/lee/PX4-Autopilot/Tools/sitl_gazebo/build/px4_sitl_default/build_gz'), ('VSCODE_CWD', '/home/lee'), ('PYTHON_BASIC_REPL', '1'), ('VSCODE_ESM_ENTRYPOINT', 'vs/workbench/api/node/extensionHostProcess'), ('LC_TIME', 'lzh_TW'), ('USER', 'lee'), ('GZ_SIM_RESOURCE_PATH', ':/home/lee/PX4-Autopilot/Tools/sitl_gazebo/models:/home/lee/workspace/gz_sim_modle:/usr/share/gz/gz-sim8/worlds:/home/lee/PX4-Autopilot/Tools/simulation/gz/worlds:/home/lee/PX4-Autopilot/Tools/sitl_gazebo/models:/home/lee/PX4-Autopilot/Tools/simulation/gz/models'), ('VSCODE_NLS_CONFIG', '{"userLocale":"en-us","osLocale":"en-us","resolvedLanguage":"en","defaultMessagesFile":"/usr/share/code/resources/app/out/nls.messages.json","locale":"en-us","availableLanguages":{}}'), ('VSCODE_HANDLES_UNCAUGHT_ERRORS', 'true'), ('XDG_SESSION_TYPE', 'x11'), ('GIT_ASKPASS', '/usr/share/code/resources/app/extensions/git/dist/askpass.sh'), ('SHLVL', '0'), ('LD_LIBRARY_PATH', '/home/lee/workspace/ros2_ex_mav/install/px4_msgs/lib:/home/lee/workspace/ros2_ex/install/px4_msgs/lib:/opt/ros/humble/opt/rviz_ogre_vendor/lib:/opt/ros/humble/lib/x86_64-linux-gnu:/opt/ros/humble/lib:/home/lee/gazebo_maritime_ws/install/lib'), ('HOME', '/home/lee'), ('CHROME_DESKTOP', 'code.desktop'), ('OLDPWD', '/home/lee/workspace/ros2_ex_mav'), ('LESS', '-R'), ('DESKTOP_SESSION', 'ubuntu'), ('TERM_PROGRAM_VERSION', '1.100.2'), ('GIO_LAUNCHED_DESKTOP_FILE', '/usr/share/applications/code.desktop'), ('ZSH', '/home/lee/.oh-my-zsh'), ('LSCOLORS', 'Gxfxcxdxbxegedabagacad'), ('VSCODE_IPC_HOOK', '/run/user/1000/vscode-fab3baac-1.10-main.sock'), ('GTK_MODULES', 'gail:atk-bridge'), ('GNOME_SHELL_SESSION_MODE', 'ubuntu'), ('PAGER', 'less'), ('ROS_PYTHON_VERSION', '3'), ('APPLICATION_INSIGHTS_NO_DIAGNOSTIC_CHANNEL', '1'), ('VSCODE_GIT_ASKPASS_MAIN', '/usr/share/code/resources/app/extensions/git/dist/askpass-main.js'), ('LC_MONETARY', 'lzh_TW'), ('MANAGERPID', '1920'), ('VSCODE_GIT_ASKPASS_NODE', '/usr/share/code/code'), ('SYSTEMD_EXEC_PID', '2170'), ('DBUS_SESSION_BUS_ADDRESS', 'unix:path=/run/user/1000/bus'), ('GIO_LAUNCHED_DESKTOP_FILE_PID', '13166'), ('COLORTERM', 'truecolor'), ('_colcon_cd_root', '/opt/ros/humble/'), ('VSCODE_CRASH_REPORTER_PROCESS_TYPE', 'extensionHost'), ('ROS_DISTRO', 'humble'), ('COLCON_PREFIX_PATH', '/home/lee/workspace/ros2_ex_mav/install:/home/lee/workspace/ros2_ex/install'), ('VSCODE_L10N_BUNDLE_LOCATION', ''), ('APPLICATION_INSIGHTS_NO_STATSBEAT', 'true'), ('LOGNAME', 'lee'), ('GTK_IM_MODULE', 'ibus'), ('JOURNAL_STREAM', '8:2613'), ('_P9K_SSH_TTY', ''), ('_', '/usr/bin/colcon'), ('XDG_SESSION_CLASS', 'user'), ('ROS_VERSION', '2'), ('USERNAME', 'lee'), ('GAZEBO_MODEL_PATH', '/home/lee/PX4-Autopilot/Tools/simulation/gz/models'), ('TERM', 'xterm-256color'), ('GNOME_DESKTOP_SESSION_ID', 'this-is-deprecated'), ('ROS_LOCALHOST_ONLY', '0'), ('WINDOWPATH', '2'), ('PATH', '/home/lee/.local/bin:/opt/ros/humble/bin:/usr/local/MATLAB/R2024b/bin/:/home/lee/.local/bin:/usr/local/sbin:/usr/local/bin:/usr/sbin:/usr/bin:/sbin:/bin:/usr/games:/usr/local/games:/snap/bin:/snap/bin:/home/lee/.config/Code/User/globalStorage/github.copilot-chat/debugCommand'), ('SESSION_MANAGER', 'local/lee-System-Product-Name:@/tmp/.ICE-unix/2151,unix/lee-System-Product-Name:/tmp/.ICE-unix/2151'), ('INVOCATION_ID', '7d2a7f833b6f47c19a46066efebaab66'), ('LC_ADDRESS', 'lzh_TW'), ('XDG_RUNTIME_DIR', '/run/user/1000'), ('XDG_MENU_PREFIX', 'gnome-'), ('GDK_BACKEND', 'x11'), ('DISPLAY', ':1'), ('LANG', 'en_US.UTF-8'), ('LC_TELEPHONE', 'lzh_TW'), ('XDG_CURRENT_DESKTOP', 'Unity'), ('GZ_TRANSPORT_VERSION', '12'), ('PYTHONSTARTUP', '/home/lee/.config/Code/User/workspaceStorage/3f8bc68e0fe49b26892e366db8022b14/ms-python.python/pythonrc.py'), ('XAUTHORITY', '/run/user/1000/gdm/Xauthority'), ('XDG_SESSION_DESKTOP', 'ubuntu'), ('XMODIFIERS', '@im=ibus'), ('LS_COLORS', ''), ('TERM_PROGRAM', 'vscode'), ('VSCODE_GIT_IPC_HANDLE', '/run/user/1000/vscode-git-72588b87d1.sock'), ('SSH_AGENT_LAUNCHER', 'gnome-keyring'), ('SSH_AUTH_SOCK', '/run/user/1000/keyring/ssh'), ('ORIGINAL_XDG_CURRENT_DESKTOP', 'ubuntu:GNOME'), ('AMENT_PREFIX_PATH', '/home/lee/workspace/ros2_ex_mav/install/px4_multi_uav:/home/lee/workspace/ros2_ex_mav/install/mav:/home/lee/workspace/ros2_ex_mav/install/px4_msgs:/home/lee/workspace/ros2_ex/install/mav:/home/lee/workspace/ros2_ex/install/ground:/home/lee/workspace/ros2_ex/install/MAV:/home/lee/workspace/ros2_ex/install/px4_msgs:/opt/ros/humble'), ('LC_NAME', 'lzh_TW'), ('SHELL', '/usr/bin/zsh'), ('QT_ACCESSIBILITY', '1'), ('GDMSESSION', 'ubuntu'), ('GZ_SIM_MODEL_PATH', '/home/lee/PX4-Autopilot/Tools/simulation/gz/models'), ('ELECTRON_RUN_AS_NODE', '1'), ('LC_MEASUREMENT', 'lzh_TW'), ('LC_IDENTIFICATION', 'lzh_TW'), ('GPG_AGENT_INFO', '/run/user/1000/gnupg/S.gpg-agent:0:1'), ('GJS_DEBUG_OUTPUT', 'stderr'), ('P9K_SSH', '0'), ('QT_IM_MODULE', 'ibus'), ('VSCODE_GIT_ASKPASS_EXTRA_ARGS', ''), ('LC_ALL', 'en_US.UTF-8'), ('PWD', '/home/lee/workspace/ros2_ex_mav/build/px4_msgs'), ('XDG_DATA_DIRS', '/usr/share/ubuntu:/usr/share/gnome:/usr/local/share/:/usr/share/:/var/lib/snapd/desktop'), ('XDG_CONFIG_DIRS', '/etc/xdg/xdg-ubuntu:/etc/xdg'), ('GAZEBO_PLUGIN_PATH', ':/home/lee/PX4-Autopilot/build/px4_sitl_default/src/lib'), ('VSCODE_CODE_CACHE_PATH', '/home/lee/.config/Code/CachedData/848b80aeb52026648a8ff9f7c45a9b0a80641e2e'), ('LC_NUMERIC', 'lzh_TW'), ('PYTHONPATH', '/home/lee/workspace/ros2_ex_mav/install/px4_msgs/local/lib/python3.10/dist-packages:/home/lee/workspace/ros2_ex/install/px4_msgs/local/lib/python3.10/dist-packages:/opt/ros/humble/lib/python3.10/site-packages:/opt/ros/humble/local/lib/python3.10/dist-packages'), ('LC_PAPER', 'lzh_TW'), ('COLCON', '1'), ('CMAKE_PREFIX_PATH', '/home/lee/workspace/ros2_ex_mav/install/px4_multi_uav:/home/lee/workspace/ros2_ex_mav/install/mav:/home/lee/workspace/ros2_ex_mav/install/px4_msgs:/home/lee/workspace/ros2_ex/install/mav:/home/lee/workspace/ros2_ex/install/ground:/home/lee/workspace/ros2_ex/install/MAV4:/home/lee/workspace/ros2_ex/install/MAV3:/home/lee/workspace/ros2_ex/install/MAV2:/home/lee/workspace/ros2_ex/install/MAV1:/home/lee/workspace/ros2_ex/install/MAV:/home/lee/workspace/ros2_ex/install/px4_msgs:/opt/ros/humble'), ('VSCODE_PID', '13166')]), 'shell': False}
[0.099757] (-) TimerEvent: {}
[0.177090] (px4_msgs) StdoutLine: {'line': b'[  0%] Built target ament_cmake_python_symlink_px4_msgs\n'}
[0.188960] (px4_msgs) StdoutLine: {'line': b'[  0%] Built target px4_msgs__cpp\n'}
[0.199805] (-) TimerEvent: {}
[0.210092] (px4_msgs) StdoutLine: {'line': b'[ 12%] Built target px4_msgs__rosidl_generator_c\n'}
[0.242735] (px4_msgs) StdoutLine: {'line': b'[ 25%] Built target px4_msgs__rosidl_typesupport_c\n'}
[0.249022] (px4_msgs) StdoutLine: {'line': b'[ 38%] Built target px4_msgs__rosidl_typesupport_introspection_cpp\n'}
[0.250820] (px4_msgs) StdoutLine: {'line': b'[ 51%] Built target px4_msgs__rosidl_typesupport_introspection_c\n'}
[0.251650] (px4_msgs) StdoutLine: {'line': b'[ 63%] Built target px4_msgs__rosidl_typesupport_cpp\n'}
[0.267007] (px4_msgs) StdoutLine: {'line': b'[ 85%] Built target px4_msgs__rosidl_typesupport_fastrtps_cpp\n'}
[0.267239] (px4_msgs) StdoutLine: {'line': b'[ 88%] Built target px4_msgs__rosidl_typesupport_fastrtps_c\n'}
[0.268898] (px4_msgs) StdoutLine: {'line': b'running egg_info\n'}
[0.274924] (px4_msgs) StdoutLine: {'line': b'writing px4_msgs.egg-info/PKG-INFO\n'}
[0.275132] (px4_msgs) StdoutLine: {'line': b'writing dependency_links to px4_msgs.egg-info/dependency_links.txt\n'}
[0.275249] (px4_msgs) StdoutLine: {'line': b'writing top-level names to px4_msgs.egg-info/top_level.txt\n'}
[0.278651] (px4_msgs) StdoutLine: {'line': b'[ 88%] Built target px4_msgs\n'}
[0.293166] (px4_msgs) StdoutLine: {'line': b'[ 88%] Built target px4_msgs__py\n'}
[0.293758] (px4_msgs) StdoutLine: {'line': b"reading manifest file 'px4_msgs.egg-info/SOURCES.txt'\n"}
[0.295098] (px4_msgs) StdoutLine: {'line': b"writing manifest file 'px4_msgs.egg-info/SOURCES.txt'\n"}
[0.299867] (-) TimerEvent: {}
[0.307769] (px4_msgs) StdoutLine: {'line': b'[ 88%] Built target ament_cmake_python_build_px4_msgs_egg\n'}
[0.340497] (px4_msgs) StdoutLine: {'line': b'[100%] Built target px4_msgs__rosidl_generator_py\n'}
[0.355059] (px4_msgs) StdoutLine: {'line': b'[100%] Built target px4_msgs__rosidl_typesupport_introspection_c__pyext\n'}
[0.355425] (px4_msgs) StdoutLine: {'line': b'[100%] Built target px4_msgs__rosidl_typesupport_fastrtps_c__pyext\n'}
[0.356961] (px4_msgs) StdoutLine: {'line': b'[100%] Built target px4_msgs__rosidl_typesupport_c__pyext\n'}
[0.364482] (px4_msgs) CommandEnded: {'returncode': 0}
[0.364982] (px4_msgs) JobProgress: {'identifier': 'px4_msgs', 'progress': 'install'}
[0.368703] (px4_msgs) Command: {'cmd': ['/usr/bin/cmake', '--install', '/home/lee/workspace/ros2_ex_mav/build/px4_msgs'], 'cwd': '/home/lee/workspace/ros2_ex_mav/build/px4_msgs', 'env': OrderedDict([('GJS_DEBUG_TOPICS', 'JS ERROR;JS LOG'), ('GZ_SIM_SYSTEM_PLUGIN_PATH', ':/home/lee/gazebo_maritime_ws/install/lib:/home/lee/workspace/gz_sim_modle/gazebo_joint_plugin/build:/home/lee/PX4-Autopilot/Tools/sitl_gazebo/build/px4_sitl_default/build_gz'), ('VSCODE_CWD', '/home/lee'), ('PYTHON_BASIC_REPL', '1'), ('VSCODE_ESM_ENTRYPOINT', 'vs/workbench/api/node/extensionHostProcess'), ('LC_TIME', 'lzh_TW'), ('USER', 'lee'), ('GZ_SIM_RESOURCE_PATH', ':/home/lee/PX4-Autopilot/Tools/sitl_gazebo/models:/home/lee/workspace/gz_sim_modle:/usr/share/gz/gz-sim8/worlds:/home/lee/PX4-Autopilot/Tools/simulation/gz/worlds:/home/lee/PX4-Autopilot/Tools/sitl_gazebo/models:/home/lee/PX4-Autopilot/Tools/simulation/gz/models'), ('VSCODE_NLS_CONFIG', '{"userLocale":"en-us","osLocale":"en-us","resolvedLanguage":"en","defaultMessagesFile":"/usr/share/code/resources/app/out/nls.messages.json","locale":"en-us","availableLanguages":{}}'), ('VSCODE_HANDLES_UNCAUGHT_ERRORS', 'true'), ('XDG_SESSION_TYPE', 'x11'), ('GIT_ASKPASS', '/usr/share/code/resources/app/extensions/git/dist/askpass.sh'), ('SHLVL', '0'), ('LD_LIBRARY_PATH', '/home/lee/workspace/ros2_ex_mav/install/px4_msgs/lib:/home/lee/workspace/ros2_ex/install/px4_msgs/lib:/opt/ros/humble/opt/rviz_ogre_vendor/lib:/opt/ros/humble/lib/x86_64-linux-gnu:/opt/ros/humble/lib:/home/lee/gazebo_maritime_ws/install/lib'), ('HOME', '/home/lee'), ('CHROME_DESKTOP', 'code.desktop'), ('OLDPWD', '/home/lee/workspace/ros2_ex_mav'), ('LESS', '-R'), ('DESKTOP_SESSION', 'ubuntu'), ('TERM_PROGRAM_VERSION', '1.100.2'), ('GIO_LAUNCHED_DESKTOP_FILE', '/usr/share/applications/code.desktop'), ('ZSH', '/home/lee/.oh-my-zsh'), ('LSCOLORS', 'Gxfxcxdxbxegedabagacad'), ('VSCODE_IPC_HOOK', '/run/user/1000/vscode-fab3baac-1.10-main.sock'), ('GTK_MODULES', 'gail:atk-bridge'), ('GNOME_SHELL_SESSION_MODE', 'ubuntu'), ('PAGER', 'less'), ('ROS_PYTHON_VERSION', '3'), ('APPLICATION_INSIGHTS_NO_DIAGNOSTIC_CHANNEL', '1'), ('VSCODE_GIT_ASKPASS_MAIN', '/usr/share/code/resources/app/extensions/git/dist/askpass-main.js'), ('LC_MONETARY', 'lzh_TW'), ('MANAGERPID', '1920'), ('VSCODE_GIT_ASKPASS_NODE', '/usr/share/code/code'), ('SYSTEMD_EXEC_PID', '2170'), ('DBUS_SESSION_BUS_ADDRESS', 'unix:path=/run/user/1000/bus'), ('GIO_LAUNCHED_DESKTOP_FILE_PID', '13166'), ('COLORTERM', 'truecolor'), ('_colcon_cd_root', '/opt/ros/humble/'), ('VSCODE_CRASH_REPORTER_PROCESS_TYPE', 'extensionHost'), ('ROS_DISTRO', 'humble'), ('COLCON_PREFIX_PATH', '/home/lee/workspace/ros2_ex_mav/install:/home/lee/workspace/ros2_ex/install'), ('VSCODE_L10N_BUNDLE_LOCATION', ''), ('APPLICATION_INSIGHTS_NO_STATSBEAT', 'true'), ('LOGNAME', 'lee'), ('GTK_IM_MODULE', 'ibus'), ('JOURNAL_STREAM', '8:2613'), ('_P9K_SSH_TTY', ''), ('_', '/usr/bin/colcon'), ('XDG_SESSION_CLASS', 'user'), ('ROS_VERSION', '2'), ('USERNAME', 'lee'), ('GAZEBO_MODEL_PATH', '/home/lee/PX4-Autopilot/Tools/simulation/gz/models'), ('TERM', 'xterm-256color'), ('GNOME_DESKTOP_SESSION_ID', 'this-is-deprecated'), ('ROS_LOCALHOST_ONLY', '0'), ('WINDOWPATH', '2'), ('PATH', '/home/lee/.local/bin:/opt/ros/humble/bin:/usr/local/MATLAB/R2024b/bin/:/home/lee/.local/bin:/usr/local/sbin:/usr/local/bin:/usr/sbin:/usr/bin:/sbin:/bin:/usr/games:/usr/local/games:/snap/bin:/snap/bin:/home/lee/.config/Code/User/globalStorage/github.copilot-chat/debugCommand'), ('SESSION_MANAGER', 'local/lee-System-Product-Name:@/tmp/.ICE-unix/2151,unix/lee-System-Product-Name:/tmp/.ICE-unix/2151'), ('INVOCATION_ID', '7d2a7f833b6f47c19a46066efebaab66'), ('LC_ADDRESS', 'lzh_TW'), ('XDG_RUNTIME_DIR', '/run/user/1000'), ('XDG_MENU_PREFIX', 'gnome-'), ('GDK_BACKEND', 'x11'), ('DISPLAY', ':1'), ('LANG', 'en_US.UTF-8'), ('LC_TELEPHONE', 'lzh_TW'), ('XDG_CURRENT_DESKTOP', 'Unity'), ('GZ_TRANSPORT_VERSION', '12'), ('PYTHONSTARTUP', '/home/lee/.config/Code/User/workspaceStorage/3f8bc68e0fe49b26892e366db8022b14/ms-python.python/pythonrc.py'), ('XAUTHORITY', '/run/user/1000/gdm/Xauthority'), ('XDG_SESSION_DESKTOP', 'ubuntu'), ('XMODIFIERS', '@im=ibus'), ('LS_COLORS', ''), ('TERM_PROGRAM', 'vscode'), ('VSCODE_GIT_IPC_HANDLE', '/run/user/1000/vscode-git-72588b87d1.sock'), ('SSH_AGENT_LAUNCHER', 'gnome-keyring'), ('SSH_AUTH_SOCK', '/run/user/1000/keyring/ssh'), ('ORIGINAL_XDG_CURRENT_DESKTOP', 'ubuntu:GNOME'), ('AMENT_PREFIX_PATH', '/home/lee/workspace/ros2_ex_mav/install/px4_multi_uav:/home/lee/workspace/ros2_ex_mav/install/mav:/home/lee/workspace/ros2_ex_mav/install/px4_msgs:/home/lee/workspace/ros2_ex/install/mav:/home/lee/workspace/ros2_ex/install/ground:/home/lee/workspace/ros2_ex/install/MAV:/home/lee/workspace/ros2_ex/install/px4_msgs:/opt/ros/humble'), ('LC_NAME', 'lzh_TW'), ('SHELL', '/usr/bin/zsh'), ('QT_ACCESSIBILITY', '1'), ('GDMSESSION', 'ubuntu'), ('GZ_SIM_MODEL_PATH', '/home/lee/PX4-Autopilot/Tools/simulation/gz/models'), ('ELECTRON_RUN_AS_NODE', '1'), ('LC_MEASUREMENT', 'lzh_TW'), ('LC_IDENTIFICATION', 'lzh_TW'), ('GPG_AGENT_INFO', '/run/user/1000/gnupg/S.gpg-agent:0:1'), ('GJS_DEBUG_OUTPUT', 'stderr'), ('P9K_SSH', '0'), ('QT_IM_MODULE', 'ibus'), ('VSCODE_GIT_ASKPASS_EXTRA_ARGS', ''), ('LC_ALL', 'en_US.UTF-8'), ('PWD', '/home/lee/workspace/ros2_ex_mav/build/px4_msgs'), ('XDG_DATA_DIRS', '/usr/share/ubuntu:/usr/share/gnome:/usr/local/share/:/usr/share/:/var/lib/snapd/desktop'), ('XDG_CONFIG_DIRS', '/etc/xdg/xdg-ubuntu:/etc/xdg'), ('GAZEBO_PLUGIN_PATH', ':/home/lee/PX4-Autopilot/build/px4_sitl_default/src/lib'), ('VSCODE_CODE_CACHE_PATH', '/home/lee/.config/Code/CachedData/848b80aeb52026648a8ff9f7c45a9b0a80641e2e'), ('LC_NUMERIC', 'lzh_TW'), ('PYTHONPATH', '/home/lee/workspace/ros2_ex_mav/install/px4_msgs/local/lib/python3.10/dist-packages:/home/lee/workspace/ros2_ex/install/px4_msgs/local/lib/python3.10/dist-packages:/opt/ros/humble/lib/python3.10/site-packages:/opt/ros/humble/local/lib/python3.10/dist-packages'), ('LC_PAPER', 'lzh_TW'), ('COLCON', '1'), ('CMAKE_PREFIX_PATH', '/home/lee/workspace/ros2_ex_mav/install/px4_multi_uav:/home/lee/workspace/ros2_ex_mav/install/mav:/home/lee/workspace/ros2_ex_mav/install/px4_msgs:/home/lee/workspace/ros2_ex/install/mav:/home/lee/workspace/ros2_ex/install/ground:/home/lee/workspace/ros2_ex/install/MAV4:/home/lee/workspace/ros2_ex/install/MAV3:/home/lee/workspace/ros2_ex/install/MAV2:/home/lee/workspace/ros2_ex/install/MAV1:/home/lee/workspace/ros2_ex/install/MAV:/home/lee/workspace/ros2_ex/install/px4_msgs:/opt/ros/humble'), ('VSCODE_PID', '13166')]), 'shell': False}
[0.372491] (px4_msgs) StdoutLine: {'line': b'-- Install configuration: "RelWithDebInfo"\n'}
[0.373595] (px4_msgs) StdoutLine: {'line': b'-- Execute custom install script\n'}
[0.373672] (px4_msgs) StdoutLine: {'line': b'-- Up-to-date symlink: /home/lee/workspace/ros2_ex_mav/install/px4_msgs/share/ament_index/resource_index/rosidl_interfaces/px4_msgs\n'}
[0.376372] (px4_msgs) StdoutLine: {'line': b'-- Up-to-date symlink: /home/lee/workspace/ros2_ex_mav/install/px4_msgs/include/px4_msgs/px4_msgs/msg/action_request.h\n'}
[0.376439] (px4_msgs) StdoutLine: {'line': b'-- Up-to-date symlink: /home/lee/workspace/ros2_ex_mav/install/px4_msgs/include/px4_msgs/px4_msgs/msg/actuator_armed.h\n'}
[0.376466] (px4_msgs) StdoutLine: {'line': b'-- Up-to-date symlink: /home/lee/workspace/ros2_ex_mav/install/px4_msgs/include/px4_msgs/px4_msgs/msg/actuator_controls_status.h\n'}
[0.376489] (px4_msgs) StdoutLine: {'line': b'-- Up-to-date symlink: /home/lee/workspace/ros2_ex_mav/install/px4_msgs/include/px4_msgs/px4_msgs/msg/actuator_motors.h\n'}
[0.376511] (px4_msgs) StdoutLine: {'line': b'-- Up-to-date symlink: /home/lee/workspace/ros2_ex_mav/install/px4_msgs/include/px4_msgs/px4_msgs/msg/actuator_outputs.h\n'}
[0.376549] (px4_msgs) StdoutLine: {'line': b'-- Up-to-date symlink: /home/lee/workspace/ros2_ex_mav/install/px4_msgs/include/px4_msgs/px4_msgs/msg/actuator_servos.h\n'}
[0.376572] (px4_msgs) StdoutLine: {'line': b'-- Up-to-date symlink: /home/lee/workspace/ros2_ex_mav/install/px4_msgs/include/px4_msgs/px4_msgs/msg/actuator_servos_trim.h\n'}
[0.376593] (px4_msgs) StdoutLine: {'line': b'-- Up-to-date symlink: /home/lee/workspace/ros2_ex_mav/install/px4_msgs/include/px4_msgs/px4_msgs/msg/actuator_test.h\n'}
[0.376614] (px4_msgs) StdoutLine: {'line': b'-- Up-to-date symlink: /home/lee/workspace/ros2_ex_mav/install/px4_msgs/include/px4_msgs/px4_msgs/msg/adc_report.h\n'}
[0.376647] (px4_msgs) StdoutLine: {'line': b'-- Up-to-date symlink: /home/lee/workspace/ros2_ex_mav/install/px4_msgs/include/px4_msgs/px4_msgs/msg/airspeed.h\n'}
[0.376668] (px4_msgs) StdoutLine: {'line': b'-- Up-to-date symlink: /home/lee/workspace/ros2_ex_mav/install/px4_msgs/include/px4_msgs/px4_msgs/msg/airspeed_validated.h\n'}
[0.376689] (px4_msgs) StdoutLine: {'line': b'-- Up-to-date symlink: /home/lee/workspace/ros2_ex_mav/install/px4_msgs/include/px4_msgs/px4_msgs/msg/airspeed_wind.h\n'}
[0.376718] (px4_msgs) StdoutLine: {'line': b'-- Up-to-date symlink: /home/lee/workspace/ros2_ex_mav/install/px4_msgs/include/px4_msgs/px4_msgs/msg/autotune_attitude_control_status.h\n'}
[0.376752] (px4_msgs) StdoutLine: {'line': b'-- Up-to-date symlink: /home/lee/workspace/ros2_ex_mav/install/px4_msgs/include/px4_msgs/px4_msgs/msg/battery_status.h\n'}
[0.376774] (px4_msgs) StdoutLine: {'line': b'-- Up-to-date symlink: /home/lee/workspace/ros2_ex_mav/install/px4_msgs/include/px4_msgs/px4_msgs/msg/button_event.h\n'}
[0.376800] (px4_msgs) StdoutLine: {'line': b'-- Up-to-date symlink: /home/lee/workspace/ros2_ex_mav/install/px4_msgs/include/px4_msgs/px4_msgs/msg/camera_capture.h\n'}
[0.376833] (px4_msgs) StdoutLine: {'line': b'-- Up-to-date symlink: /home/lee/workspace/ros2_ex_mav/install/px4_msgs/include/px4_msgs/px4_msgs/msg/camera_status.h\n'}
[0.376853] (px4_msgs) StdoutLine: {'line': b'-- Up-to-date symlink: /home/lee/workspace/ros2_ex_mav/install/px4_msgs/include/px4_msgs/px4_msgs/msg/camera_trigger.h\n'}
[0.376882] (px4_msgs) StdoutLine: {'line': b'-- Up-to-date symlink: /home/lee/workspace/ros2_ex_mav/install/px4_msgs/include/px4_msgs/px4_msgs/msg/cellular_status.h\n'}
[0.376911] (px4_msgs) StdoutLine: {'line': b'-- Up-to-date symlink: /home/lee/workspace/ros2_ex_mav/install/px4_msgs/include/px4_msgs/px4_msgs/msg/collision_constraints.h\n'}
[0.376940] (px4_msgs) StdoutLine: {'line': b'-- Up-to-date symlink: /home/lee/workspace/ros2_ex_mav/install/px4_msgs/include/px4_msgs/px4_msgs/msg/collision_report.h\n'}
[0.376969] (px4_msgs) StdoutLine: {'line': b'-- Up-to-date symlink: /home/lee/workspace/ros2_ex_mav/install/px4_msgs/include/px4_msgs/px4_msgs/msg/control_allocator_status.h\n'}
[0.376998] (px4_msgs) StdoutLine: {'line': b'-- Up-to-date symlink: /home/lee/workspace/ros2_ex_mav/install/px4_msgs/include/px4_msgs/px4_msgs/msg/cpuload.h\n'}
[0.377027] (px4_msgs) StdoutLine: {'line': b'-- Up-to-date symlink: /home/lee/workspace/ros2_ex_mav/install/px4_msgs/include/px4_msgs/px4_msgs/msg/debug_array.h\n'}
[0.377055] (px4_msgs) StdoutLine: {'line': b'-- Up-to-date symlink: /home/lee/workspace/ros2_ex_mav/install/px4_msgs/include/px4_msgs/px4_msgs/msg/debug_key_value.h\n'}
[0.377085] (px4_msgs) StdoutLine: {'line': b'-- Up-to-date symlink: /home/lee/workspace/ros2_ex_mav/install/px4_msgs/include/px4_msgs/px4_msgs/msg/debug_value.h\n'}
[0.377113] (px4_msgs) StdoutLine: {'line': b'-- Up-to-date symlink: /home/lee/workspace/ros2_ex_mav/install/px4_msgs/include/px4_msgs/px4_msgs/msg/debug_vect.h\n'}
[0.377138] (px4_msgs) StdoutLine: {'line': b'-- Up-to-date symlink: /home/lee/workspace/ros2_ex_mav/install/px4_msgs/include/px4_msgs/px4_msgs/msg/detail/action_request__functions.h\n'}
[0.377167] (px4_msgs) StdoutLine: {'line': b'-- Up-to-date symlink: /home/lee/workspace/ros2_ex_mav/install/px4_msgs/include/px4_msgs/px4_msgs/msg/detail/action_request__struct.h\n'}
[0.377200] (px4_msgs) StdoutLine: {'line': b'-- Up-to-date symlink: /home/lee/workspace/ros2_ex_mav/install/px4_msgs/include/px4_msgs/px4_msgs/msg/detail/action_request__type_support.h\n'}
[0.377232] (px4_msgs) StdoutLine: {'line': b'-- Up-to-date symlink: /home/lee/workspace/ros2_ex_mav/install/px4_msgs/include/px4_msgs/px4_msgs/msg/detail/actuator_armed__functions.h\n'}
[0.377263] (px4_msgs) StdoutLine: {'line': b'-- Up-to-date symlink: /home/lee/workspace/ros2_ex_mav/install/px4_msgs/include/px4_msgs/px4_msgs/msg/detail/actuator_armed__struct.h\n'}
[0.377294] (px4_msgs) StdoutLine: {'line': b'-- Up-to-date symlink: /home/lee/workspace/ros2_ex_mav/install/px4_msgs/include/px4_msgs/px4_msgs/msg/detail/actuator_armed__type_support.h\n'}
[0.377329] (px4_msgs) StdoutLine: {'line': b'-- Up-to-date symlink: /home/lee/workspace/ros2_ex_mav/install/px4_msgs/include/px4_msgs/px4_msgs/msg/detail/actuator_controls_status__functions.h\n'}
[0.377365] (px4_msgs) StdoutLine: {'line': b'-- Up-to-date symlink: /home/lee/workspace/ros2_ex_mav/install/px4_msgs/include/px4_msgs/px4_msgs/msg/detail/actuator_controls_status__struct.h\n'}
[0.377398] (px4_msgs) StdoutLine: {'line': b'-- Up-to-date symlink: /home/lee/workspace/ros2_ex_mav/install/px4_msgs/include/px4_msgs/px4_msgs/msg/detail/actuator_controls_status__type_support.h\n'}
[0.377432] (px4_msgs) StdoutLine: {'line': b'-- Up-to-date symlink: /home/lee/workspace/ros2_ex_mav/install/px4_msgs/include/px4_msgs/px4_msgs/msg/detail/actuator_motors__functions.h\n'}
[0.377464] (px4_msgs) StdoutLine: {'line': b'-- Up-to-date symlink: /home/lee/workspace/ros2_ex_mav/install/px4_msgs/include/px4_msgs/px4_msgs/msg/detail/actuator_motors__struct.h\n'}
[0.377500] (px4_msgs) StdoutLine: {'line': b'-- Up-to-date symlink: /home/lee/workspace/ros2_ex_mav/install/px4_msgs/include/px4_msgs/px4_msgs/msg/detail/actuator_motors__type_support.h\n'}
[0.377533] (px4_msgs) StdoutLine: {'line': b'-- Up-to-date symlink: /home/lee/workspace/ros2_ex_mav/install/px4_msgs/include/px4_msgs/px4_msgs/msg/detail/actuator_outputs__functions.h\n'}
[0.377565] (px4_msgs) StdoutLine: {'line': b'-- Up-to-date symlink: /home/lee/workspace/ros2_ex_mav/install/px4_msgs/include/px4_msgs/px4_msgs/msg/detail/actuator_outputs__struct.h\n'}
[0.377597] (px4_msgs) StdoutLine: {'line': b'-- Up-to-date symlink: /home/lee/workspace/ros2_ex_mav/install/px4_msgs/include/px4_msgs/px4_msgs/msg/detail/actuator_outputs__type_support.h\n'}
[0.377629] (px4_msgs) StdoutLine: {'line': b'-- Up-to-date symlink: /home/lee/workspace/ros2_ex_mav/install/px4_msgs/include/px4_msgs/px4_msgs/msg/detail/actuator_servos__functions.h\n'}
[0.377661] (px4_msgs) StdoutLine: {'line': b'-- Up-to-date symlink: /home/lee/workspace/ros2_ex_mav/install/px4_msgs/include/px4_msgs/px4_msgs/msg/detail/actuator_servos__struct.h\n'}
[0.377693] (px4_msgs) StdoutLine: {'line': b'-- Up-to-date symlink: /home/lee/workspace/ros2_ex_mav/install/px4_msgs/include/px4_msgs/px4_msgs/msg/detail/actuator_servos__type_support.h\n'}
[0.377725] (px4_msgs) StdoutLine: {'line': b'-- Up-to-date symlink: /home/lee/workspace/ros2_ex_mav/install/px4_msgs/include/px4_msgs/px4_msgs/msg/detail/actuator_servos_trim__functions.h\n'}
[0.377758] (px4_msgs) StdoutLine: {'line': b'-- Up-to-date symlink: /home/lee/workspace/ros2_ex_mav/install/px4_msgs/include/px4_msgs/px4_msgs/msg/detail/actuator_servos_trim__struct.h\n'}
[0.377791] (px4_msgs) StdoutLine: {'line': b'-- Up-to-date symlink: /home/lee/workspace/ros2_ex_mav/install/px4_msgs/include/px4_msgs/px4_msgs/msg/detail/actuator_servos_trim__type_support.h\n'}
[0.377826] (px4_msgs) StdoutLine: {'line': b'-- Up-to-date symlink: /home/lee/workspace/ros2_ex_mav/install/px4_msgs/include/px4_msgs/px4_msgs/msg/detail/actuator_test__functions.h\n'}
[0.377858] (px4_msgs) StdoutLine: {'line': b'-- Up-to-date symlink: /home/lee/workspace/ros2_ex_mav/install/px4_msgs/include/px4_msgs/px4_msgs/msg/detail/actuator_test__struct.h\n'}
[0.377891] (px4_msgs) StdoutLine: {'line': b'-- Up-to-date symlink: /home/lee/workspace/ros2_ex_mav/install/px4_msgs/include/px4_msgs/px4_msgs/msg/detail/actuator_test__type_support.h\n'}
[0.377923] (px4_msgs) StdoutLine: {'line': b'-- Up-to-date symlink: /home/lee/workspace/ros2_ex_mav/install/px4_msgs/include/px4_msgs/px4_msgs/msg/detail/adc_report__functions.h\n'}
[0.377955] (px4_msgs) StdoutLine: {'line': b'-- Up-to-date symlink: /home/lee/workspace/ros2_ex_mav/install/px4_msgs/include/px4_msgs/px4_msgs/msg/detail/adc_report__struct.h\n'}
[0.377988] (px4_msgs) StdoutLine: {'line': b'-- Up-to-date symlink: /home/lee/workspace/ros2_ex_mav/install/px4_msgs/include/px4_msgs/px4_msgs/msg/detail/adc_report__type_support.h\n'}
[0.378020] (px4_msgs) StdoutLine: {'line': b'-- Up-to-date symlink: /home/lee/workspace/ros2_ex_mav/install/px4_msgs/include/px4_msgs/px4_msgs/msg/detail/airspeed__functions.h\n'}
[0.378051] (px4_msgs) StdoutLine: {'line': b'-- Up-to-date symlink: /home/lee/workspace/ros2_ex_mav/install/px4_msgs/include/px4_msgs/px4_msgs/msg/detail/airspeed__struct.h\n'}
[0.378083] (px4_msgs) StdoutLine: {'line': b'-- Up-to-date symlink: /home/lee/workspace/ros2_ex_mav/install/px4_msgs/include/px4_msgs/px4_msgs/msg/detail/airspeed__type_support.h\n'}
[0.378117] (px4_msgs) StdoutLine: {'line': b'-- Up-to-date symlink: /home/lee/workspace/ros2_ex_mav/install/px4_msgs/include/px4_msgs/px4_msgs/msg/detail/airspeed_validated__functions.h\n'}
[0.378147] (px4_msgs) StdoutLine: {'line': b'-- Up-to-date symlink: /home/lee/workspace/ros2_ex_mav/install/px4_msgs/include/px4_msgs/px4_msgs/msg/detail/airspeed_validated__struct.h\n'}
[0.378179] (px4_msgs) StdoutLine: {'line': b'-- Up-to-date symlink: /home/lee/workspace/ros2_ex_mav/install/px4_msgs/include/px4_msgs/px4_msgs/msg/detail/airspeed_validated__type_support.h\n'}
[0.378213] (px4_msgs) StdoutLine: {'line': b'-- Up-to-date symlink: /home/lee/workspace/ros2_ex_mav/install/px4_msgs/include/px4_msgs/px4_msgs/msg/detail/airspeed_wind__functions.h\n'}
[0.378246] (px4_msgs) StdoutLine: {'line': b'-- Up-to-date symlink: /home/lee/workspace/ros2_ex_mav/install/px4_msgs/include/px4_msgs/px4_msgs/msg/detail/airspeed_wind__struct.h\n'}
[0.378277] (px4_msgs) StdoutLine: {'line': b'-- Up-to-date symlink: /home/lee/workspace/ros2_ex_mav/install/px4_msgs/include/px4_msgs/px4_msgs/msg/detail/airspeed_wind__type_support.h\n'}
[0.378311] (px4_msgs) StdoutLine: {'line': b'-- Up-to-date symlink: /home/lee/workspace/ros2_ex_mav/install/px4_msgs/include/px4_msgs/px4_msgs/msg/detail/autotune_attitude_control_status__functions.h\n'}
[0.378346] (px4_msgs) StdoutLine: {'line': b'-- Up-to-date symlink: /home/lee/workspace/ros2_ex_mav/install/px4_msgs/include/px4_msgs/px4_msgs/msg/detail/autotune_attitude_control_status__struct.h\n'}
[0.378383] (px4_msgs) StdoutLine: {'line': b'-- Up-to-date symlink: /home/lee/workspace/ros2_ex_mav/install/px4_msgs/include/px4_msgs/px4_msgs/msg/detail/autotune_attitude_control_status__type_support.h\n'}
[0.378416] (px4_msgs) StdoutLine: {'line': b'-- Up-to-date symlink: /home/lee/workspace/ros2_ex_mav/install/px4_msgs/include/px4_msgs/px4_msgs/msg/detail/battery_status__functions.h\n'}
[0.378449] (px4_msgs) StdoutLine: {'line': b'-- Up-to-date symlink: /home/lee/workspace/ros2_ex_mav/install/px4_msgs/include/px4_msgs/px4_msgs/msg/detail/battery_status__struct.h\n'}
[0.378481] (px4_msgs) StdoutLine: {'line': b'-- Up-to-date symlink: /home/lee/workspace/ros2_ex_mav/install/px4_msgs/include/px4_msgs/px4_msgs/msg/detail/battery_status__type_support.h\n'}
[0.378513] (px4_msgs) StdoutLine: {'line': b'-- Up-to-date symlink: /home/lee/workspace/ros2_ex_mav/install/px4_msgs/include/px4_msgs/px4_msgs/msg/detail/button_event__functions.h\n'}
[0.378544] (px4_msgs) StdoutLine: {'line': b'-- Up-to-date symlink: /home/lee/workspace/ros2_ex_mav/install/px4_msgs/include/px4_msgs/px4_msgs/msg/detail/button_event__struct.h\n'}
[0.378576] (px4_msgs) StdoutLine: {'line': b'-- Up-to-date symlink: /home/lee/workspace/ros2_ex_mav/install/px4_msgs/include/px4_msgs/px4_msgs/msg/detail/button_event__type_support.h\n'}
[0.378607] (px4_msgs) StdoutLine: {'line': b'-- Up-to-date symlink: /home/lee/workspace/ros2_ex_mav/install/px4_msgs/include/px4_msgs/px4_msgs/msg/detail/camera_capture__functions.h\n'}
[0.378638] (px4_msgs) StdoutLine: {'line': b'-- Up-to-date symlink: /home/lee/workspace/ros2_ex_mav/install/px4_msgs/include/px4_msgs/px4_msgs/msg/detail/camera_capture__struct.h\n'}
[0.378672] (px4_msgs) StdoutLine: {'line': b'-- Up-to-date symlink: /home/lee/workspace/ros2_ex_mav/install/px4_msgs/include/px4_msgs/px4_msgs/msg/detail/camera_capture__type_support.h\n'}
[0.378703] (px4_msgs) StdoutLine: {'line': b'-- Up-to-date symlink: /home/lee/workspace/ros2_ex_mav/install/px4_msgs/include/px4_msgs/px4_msgs/msg/detail/camera_status__functions.h\n'}
[0.378734] (px4_msgs) StdoutLine: {'line': b'-- Up-to-date symlink: /home/lee/workspace/ros2_ex_mav/install/px4_msgs/include/px4_msgs/px4_msgs/msg/detail/camera_status__struct.h\n'}
[0.378766] (px4_msgs) StdoutLine: {'line': b'-- Up-to-date symlink: /home/lee/workspace/ros2_ex_mav/install/px4_msgs/include/px4_msgs/px4_msgs/msg/detail/camera_status__type_support.h\n'}
[0.378798] (px4_msgs) StdoutLine: {'line': b'-- Up-to-date symlink: /home/lee/workspace/ros2_ex_mav/install/px4_msgs/include/px4_msgs/px4_msgs/msg/detail/camera_trigger__functions.h\n'}
[0.378829] (px4_msgs) StdoutLine: {'line': b'-- Up-to-date symlink: /home/lee/workspace/ros2_ex_mav/install/px4_msgs/include/px4_msgs/px4_msgs/msg/detail/camera_trigger__struct.h\n'}
[0.378860] (px4_msgs) StdoutLine: {'line': b'-- Up-to-date symlink: /home/lee/workspace/ros2_ex_mav/install/px4_msgs/include/px4_msgs/px4_msgs/msg/detail/camera_trigger__type_support.h\n'}
[0.378891] (px4_msgs) StdoutLine: {'line': b'-- Up-to-date symlink: /home/lee/workspace/ros2_ex_mav/install/px4_msgs/include/px4_msgs/px4_msgs/msg/detail/cellular_status__functions.h\n'}
[0.378922] (px4_msgs) StdoutLine: {'line': b'-- Up-to-date symlink: /home/lee/workspace/ros2_ex_mav/install/px4_msgs/include/px4_msgs/px4_msgs/msg/detail/cellular_status__struct.h\n'}
[0.378953] (px4_msgs) StdoutLine: {'line': b'-- Up-to-date symlink: /home/lee/workspace/ros2_ex_mav/install/px4_msgs/include/px4_msgs/px4_msgs/msg/detail/cellular_status__type_support.h\n'}
[0.378985] (px4_msgs) StdoutLine: {'line': b'-- Up-to-date symlink: /home/lee/workspace/ros2_ex_mav/install/px4_msgs/include/px4_msgs/px4_msgs/msg/detail/collision_constraints__functions.h\n'}
[0.379018] (px4_msgs) StdoutLine: {'line': b'-- Up-to-date symlink: /home/lee/workspace/ros2_ex_mav/install/px4_msgs/include/px4_msgs/px4_msgs/msg/detail/collision_constraints__struct.h\n'}
[0.379051] (px4_msgs) StdoutLine: {'line': b'-- Up-to-date symlink: /home/lee/workspace/ros2_ex_mav/install/px4_msgs/include/px4_msgs/px4_msgs/msg/detail/collision_constraints__type_support.h\n'}
[0.379083] (px4_msgs) StdoutLine: {'line': b'-- Up-to-date symlink: /home/lee/workspace/ros2_ex_mav/install/px4_msgs/include/px4_msgs/px4_msgs/msg/detail/collision_report__functions.h\n'}
[0.379115] (px4_msgs) StdoutLine: {'line': b'-- Up-to-date symlink: /home/lee/workspace/ros2_ex_mav/install/px4_msgs/include/px4_msgs/px4_msgs/msg/detail/collision_report__struct.h\n'}
[0.379147] (px4_msgs) StdoutLine: {'line': b'-- Up-to-date symlink: /home/lee/workspace/ros2_ex_mav/install/px4_msgs/include/px4_msgs/px4_msgs/msg/detail/collision_report__type_support.h\n'}
[0.379179] (px4_msgs) StdoutLine: {'line': b'-- Up-to-date symlink: /home/lee/workspace/ros2_ex_mav/install/px4_msgs/include/px4_msgs/px4_msgs/msg/detail/control_allocator_status__functions.h\n'}
[0.379211] (px4_msgs) StdoutLine: {'line': b'-- Up-to-date symlink: /home/lee/workspace/ros2_ex_mav/install/px4_msgs/include/px4_msgs/px4_msgs/msg/detail/control_allocator_status__struct.h\n'}
[0.379244] (px4_msgs) StdoutLine: {'line': b'-- Up-to-date symlink: /home/lee/workspace/ros2_ex_mav/install/px4_msgs/include/px4_msgs/px4_msgs/msg/detail/control_allocator_status__type_support.h\n'}
[0.379277] (px4_msgs) StdoutLine: {'line': b'-- Up-to-date symlink: /home/lee/workspace/ros2_ex_mav/install/px4_msgs/include/px4_msgs/px4_msgs/msg/detail/cpuload__functions.h\n'}
[0.379309] (px4_msgs) StdoutLine: {'line': b'-- Up-to-date symlink: /home/lee/workspace/ros2_ex_mav/install/px4_msgs/include/px4_msgs/px4_msgs/msg/detail/cpuload__struct.h\n'}
[0.379344] (px4_msgs) StdoutLine: {'line': b'-- Up-to-date symlink: /home/lee/workspace/ros2_ex_mav/install/px4_msgs/include/px4_msgs/px4_msgs/msg/detail/cpuload__type_support.h\n'}
[0.379444] (px4_msgs) StdoutLine: {'line': b'-- Up-to-date symlink: /home/lee/workspace/ros2_ex_mav/install/px4_msgs/include/px4_msgs/px4_msgs/msg/detail/debug_array__functions.h\n'}
[0.379504] (px4_msgs) StdoutLine: {'line': b'-- Up-to-date symlink: /home/lee/workspace/ros2_ex_mav/install/px4_msgs/include/px4_msgs/px4_msgs/msg/detail/debug_array__struct.h\n'}
[0.379531] (px4_msgs) StdoutLine: {'line': b'-- Up-to-date symlink: /home/lee/workspace/ros2_ex_mav/install/px4_msgs/include/px4_msgs/px4_msgs/msg/detail/debug_array__type_support.h\n'}
[0.379564] (px4_msgs) StdoutLine: {'line': b'-- Up-to-date symlink: /home/lee/workspace/ros2_ex_mav/install/px4_msgs/include/px4_msgs/px4_msgs/msg/detail/debug_key_value__functions.h\n'}
[0.379599] (px4_msgs) StdoutLine: {'line': b'-- Up-to-date symlink: /home/lee/workspace/ros2_ex_mav/install/px4_msgs/include/px4_msgs/px4_msgs/msg/detail/debug_key_value__struct.h\n'}
[0.379620] (px4_msgs) StdoutLine: {'line': b'-- Up-to-date symlink: /home/lee/workspace/ros2_ex_mav/install/px4_msgs/include/px4_msgs/px4_msgs/msg/detail/debug_key_value__type_support.h\n'}
[0.379642] (px4_msgs) StdoutLine: {'line': b'-- Up-to-date symlink: /home/lee/workspace/ros2_ex_mav/install/px4_msgs/include/px4_msgs/px4_msgs/msg/detail/debug_value__functions.h\n'}
[0.379663] (px4_msgs) StdoutLine: {'line': b'-- Up-to-date symlink: /home/lee/workspace/ros2_ex_mav/install/px4_msgs/include/px4_msgs/px4_msgs/msg/detail/debug_value__struct.h\n'}
[0.379693] (px4_msgs) StdoutLine: {'line': b'-- Up-to-date symlink: /home/lee/workspace/ros2_ex_mav/install/px4_msgs/include/px4_msgs/px4_msgs/msg/detail/debug_value__type_support.h\n'}
[0.379728] (px4_msgs) StdoutLine: {'line': b'-- Up-to-date symlink: /home/lee/workspace/ros2_ex_mav/install/px4_msgs/include/px4_msgs/px4_msgs/msg/detail/debug_vect__functions.h\n'}
[0.379748] (px4_msgs) StdoutLine: {'line': b'-- Up-to-date symlink: /home/lee/workspace/ros2_ex_mav/install/px4_msgs/include/px4_msgs/px4_msgs/msg/detail/debug_vect__struct.h\n'}
[0.379770] (px4_msgs) StdoutLine: {'line': b'-- Up-to-date symlink: /home/lee/workspace/ros2_ex_mav/install/px4_msgs/include/px4_msgs/px4_msgs/msg/detail/debug_vect__type_support.h\n'}
[0.379801] (px4_msgs) StdoutLine: {'line': b'-- Up-to-date symlink: /home/lee/workspace/ros2_ex_mav/install/px4_msgs/include/px4_msgs/px4_msgs/msg/detail/differential_pressure__functions.h\n'}
[0.379822] (px4_msgs) StdoutLine: {'line': b'-- Up-to-date symlink: /home/lee/workspace/ros2_ex_mav/install/px4_msgs/include/px4_msgs/px4_msgs/msg/detail/differential_pressure__struct.h\n'}
[0.379854] (px4_msgs) StdoutLine: {'line': b'-- Up-to-date symlink: /home/lee/workspace/ros2_ex_mav/install/px4_msgs/include/px4_msgs/px4_msgs/msg/detail/differential_pressure__type_support.h\n'}
[0.379874] (px4_msgs) StdoutLine: {'line': b'-- Up-to-date symlink: /home/lee/workspace/ros2_ex_mav/install/px4_msgs/include/px4_msgs/px4_msgs/msg/detail/distance_sensor__functions.h\n'}
[0.379900] (px4_msgs) StdoutLine: {'line': b'-- Up-to-date symlink: /home/lee/workspace/ros2_ex_mav/install/px4_msgs/include/px4_msgs/px4_msgs/msg/detail/distance_sensor__struct.h\n'}
[0.379927] (px4_msgs) StdoutLine: {'line': b'-- Up-to-date symlink: /home/lee/workspace/ros2_ex_mav/install/px4_msgs/include/px4_msgs/px4_msgs/msg/detail/distance_sensor__type_support.h\n'}
[0.379956] (px4_msgs) StdoutLine: {'line': b'-- Up-to-date symlink: /home/lee/workspace/ros2_ex_mav/install/px4_msgs/include/px4_msgs/px4_msgs/msg/detail/ekf2_timestamps__functions.h\n'}
[0.379984] (px4_msgs) StdoutLine: {'line': b'-- Up-to-date symlink: /home/lee/workspace/ros2_ex_mav/install/px4_msgs/include/px4_msgs/px4_msgs/msg/detail/ekf2_timestamps__struct.h\n'}
[0.380012] (px4_msgs) StdoutLine: {'line': b'-- Up-to-date symlink: /home/lee/workspace/ros2_ex_mav/install/px4_msgs/include/px4_msgs/px4_msgs/msg/detail/ekf2_timestamps__type_support.h\n'}
[0.380040] (px4_msgs) StdoutLine: {'line': b'-- Up-to-date symlink: /home/lee/workspace/ros2_ex_mav/install/px4_msgs/include/px4_msgs/px4_msgs/msg/detail/esc_report__functions.h\n'}
[0.380069] (px4_msgs) StdoutLine: {'line': b'-- Up-to-date symlink: /home/lee/workspace/ros2_ex_mav/install/px4_msgs/include/px4_msgs/px4_msgs/msg/detail/esc_report__struct.h\n'}
[0.380100] (px4_msgs) StdoutLine: {'line': b'-- Up-to-date symlink: /home/lee/workspace/ros2_ex_mav/install/px4_msgs/include/px4_msgs/px4_msgs/msg/detail/esc_report__type_support.h\n'}
[0.380131] (px4_msgs) StdoutLine: {'line': b'-- Up-to-date symlink: /home/lee/workspace/ros2_ex_mav/install/px4_msgs/include/px4_msgs/px4_msgs/msg/detail/esc_status__functions.h\n'}
[0.380162] (px4_msgs) StdoutLine: {'line': b'-- Up-to-date symlink: /home/lee/workspace/ros2_ex_mav/install/px4_msgs/include/px4_msgs/px4_msgs/msg/detail/esc_status__struct.h\n'}
[0.380193] (px4_msgs) StdoutLine: {'line': b'-- Up-to-date symlink: /home/lee/workspace/ros2_ex_mav/install/px4_msgs/include/px4_msgs/px4_msgs/msg/detail/esc_status__type_support.h\n'}
[0.380224] (px4_msgs) StdoutLine: {'line': b'-- Up-to-date symlink: /home/lee/workspace/ros2_ex_mav/install/px4_msgs/include/px4_msgs/px4_msgs/msg/detail/estimator_aid_source1d__functions.h\n'}
[0.380258] (px4_msgs) StdoutLine: {'line': b'-- Up-to-date symlink: /home/lee/workspace/ros2_ex_mav/install/px4_msgs/include/px4_msgs/px4_msgs/msg/detail/estimator_aid_source1d__struct.h\n'}
[0.380290] (px4_msgs) StdoutLine: {'line': b'-- Up-to-date symlink: /home/lee/workspace/ros2_ex_mav/install/px4_msgs/include/px4_msgs/px4_msgs/msg/detail/estimator_aid_source1d__type_support.h\n'}
[0.380322] (px4_msgs) StdoutLine: {'line': b'-- Up-to-date symlink: /home/lee/workspace/ros2_ex_mav/install/px4_msgs/include/px4_msgs/px4_msgs/msg/detail/estimator_aid_source2d__functions.h\n'}
[0.380364] (px4_msgs) StdoutLine: {'line': b'-- Up-to-date symlink: /home/lee/workspace/ros2_ex_mav/install/px4_msgs/include/px4_msgs/px4_msgs/msg/detail/estimator_aid_source2d__struct.h\n'}
[0.380396] (px4_msgs) StdoutLine: {'line': b'-- Up-to-date symlink: /home/lee/workspace/ros2_ex_mav/install/px4_msgs/include/px4_msgs/px4_msgs/msg/detail/estimator_aid_source2d__type_support.h\n'}
[0.380424] (px4_msgs) StdoutLine: {'line': b'-- Up-to-date symlink: /home/lee/workspace/ros2_ex_mav/install/px4_msgs/include/px4_msgs/px4_msgs/msg/detail/estimator_aid_source3d__functions.h\n'}
[0.380454] (px4_msgs) StdoutLine: {'line': b'-- Up-to-date symlink: /home/lee/workspace/ros2_ex_mav/install/px4_msgs/include/px4_msgs/px4_msgs/msg/detail/estimator_aid_source3d__struct.h\n'}
[0.380487] (px4_msgs) StdoutLine: {'line': b'-- Up-to-date symlink: /home/lee/workspace/ros2_ex_mav/install/px4_msgs/include/px4_msgs/px4_msgs/msg/detail/estimator_aid_source3d__type_support.h\n'}
[0.380523] (px4_msgs) StdoutLine: {'line': b'-- Up-to-date symlink: /home/lee/workspace/ros2_ex_mav/install/px4_msgs/include/px4_msgs/px4_msgs/msg/detail/estimator_bias3d__functions.h\n'}
[0.380553] (px4_msgs) StdoutLine: {'line': b'-- Up-to-date symlink: /home/lee/workspace/ros2_ex_mav/install/px4_msgs/include/px4_msgs/px4_msgs/msg/detail/estimator_bias3d__struct.h\n'}
[0.380584] (px4_msgs) StdoutLine: {'line': b'-- Up-to-date symlink: /home/lee/workspace/ros2_ex_mav/install/px4_msgs/include/px4_msgs/px4_msgs/msg/detail/estimator_bias3d__type_support.h\n'}
[0.380616] (px4_msgs) StdoutLine: {'line': b'-- Up-to-date symlink: /home/lee/workspace/ros2_ex_mav/install/px4_msgs/include/px4_msgs/px4_msgs/msg/detail/estimator_bias__functions.h\n'}
[0.380647] (px4_msgs) StdoutLine: {'line': b'-- Up-to-date symlink: /home/lee/workspace/ros2_ex_mav/install/px4_msgs/include/px4_msgs/px4_msgs/msg/detail/estimator_bias__struct.h\n'}
[0.380678] (px4_msgs) StdoutLine: {'line': b'-- Up-to-date symlink: /home/lee/workspace/ros2_ex_mav/install/px4_msgs/include/px4_msgs/px4_msgs/msg/detail/estimator_bias__type_support.h\n'}
[0.380710] (px4_msgs) StdoutLine: {'line': b'-- Up-to-date symlink: /home/lee/workspace/ros2_ex_mav/install/px4_msgs/include/px4_msgs/px4_msgs/msg/detail/estimator_event_flags__functions.h\n'}
[0.380743] (px4_msgs) StdoutLine: {'line': b'-- Up-to-date symlink: /home/lee/workspace/ros2_ex_mav/install/px4_msgs/include/px4_msgs/px4_msgs/msg/detail/estimator_event_flags__struct.h\n'}
[0.380775] (px4_msgs) StdoutLine: {'line': b'-- Up-to-date symlink: /home/lee/workspace/ros2_ex_mav/install/px4_msgs/include/px4_msgs/px4_msgs/msg/detail/estimator_event_flags__type_support.h\n'}
[0.380807] (px4_msgs) StdoutLine: {'line': b'-- Up-to-date symlink: /home/lee/workspace/ros2_ex_mav/install/px4_msgs/include/px4_msgs/px4_msgs/msg/detail/estimator_gps_status__functions.h\n'}
[0.380839] (px4_msgs) StdoutLine: {'line': b'-- Up-to-date symlink: /home/lee/workspace/ros2_ex_mav/install/px4_msgs/include/px4_msgs/px4_msgs/msg/detail/estimator_gps_status__struct.h\n'}
[0.380870] (px4_msgs) StdoutLine: {'line': b'-- Up-to-date symlink: /home/lee/workspace/ros2_ex_mav/install/px4_msgs/include/px4_msgs/px4_msgs/msg/detail/estimator_gps_status__type_support.h\n'}
[0.380903] (px4_msgs) StdoutLine: {'line': b'-- Up-to-date symlink: /home/lee/workspace/ros2_ex_mav/install/px4_msgs/include/px4_msgs/px4_msgs/msg/detail/estimator_innovations__functions.h\n'}
[0.380935] (px4_msgs) StdoutLine: {'line': b'-- Up-to-date symlink: /home/lee/workspace/ros2_ex_mav/install/px4_msgs/include/px4_msgs/px4_msgs/msg/detail/estimator_innovations__struct.h\n'}
[0.380967] (px4_msgs) StdoutLine: {'line': b'-- Up-to-date symlink: /home/lee/workspace/ros2_ex_mav/install/px4_msgs/include/px4_msgs/px4_msgs/msg/detail/estimator_innovations__type_support.h\n'}
[0.380999] (px4_msgs) StdoutLine: {'line': b'-- Up-to-date symlink: /home/lee/workspace/ros2_ex_mav/install/px4_msgs/include/px4_msgs/px4_msgs/msg/detail/estimator_selector_status__functions.h\n'}
[0.381031] (px4_msgs) StdoutLine: {'line': b'-- Up-to-date symlink: /home/lee/workspace/ros2_ex_mav/install/px4_msgs/include/px4_msgs/px4_msgs/msg/detail/estimator_selector_status__struct.h\n'}
[0.381063] (px4_msgs) StdoutLine: {'line': b'-- Up-to-date symlink: /home/lee/workspace/ros2_ex_mav/install/px4_msgs/include/px4_msgs/px4_msgs/msg/detail/estimator_selector_status__type_support.h\n'}
[0.381095] (px4_msgs) StdoutLine: {'line': b'-- Up-to-date symlink: /home/lee/workspace/ros2_ex_mav/install/px4_msgs/include/px4_msgs/px4_msgs/msg/detail/estimator_sensor_bias__functions.h\n'}
[0.381127] (px4_msgs) StdoutLine: {'line': b'-- Up-to-date symlink: /home/lee/workspace/ros2_ex_mav/install/px4_msgs/include/px4_msgs/px4_msgs/msg/detail/estimator_sensor_bias__struct.h\n'}
[0.381159] (px4_msgs) StdoutLine: {'line': b'-- Up-to-date symlink: /home/lee/workspace/ros2_ex_mav/install/px4_msgs/include/px4_msgs/px4_msgs/msg/detail/estimator_sensor_bias__type_support.h\n'}
[0.381190] (px4_msgs) StdoutLine: {'line': b'-- Up-to-date symlink: /home/lee/workspace/ros2_ex_mav/install/px4_msgs/include/px4_msgs/px4_msgs/msg/detail/estimator_states__functions.h\n'}
[0.381223] (px4_msgs) StdoutLine: {'line': b'-- Up-to-date symlink: /home/lee/workspace/ros2_ex_mav/install/px4_msgs/include/px4_msgs/px4_msgs/msg/detail/estimator_states__struct.h\n'}
[0.381254] (px4_msgs) StdoutLine: {'line': b'-- Up-to-date symlink: /home/lee/workspace/ros2_ex_mav/install/px4_msgs/include/px4_msgs/px4_msgs/msg/detail/estimator_states__type_support.h\n'}
[0.381286] (px4_msgs) StdoutLine: {'line': b'-- Up-to-date symlink: /home/lee/workspace/ros2_ex_mav/install/px4_msgs/include/px4_msgs/px4_msgs/msg/detail/estimator_status__functions.h\n'}
[0.381317] (px4_msgs) StdoutLine: {'line': b'-- Up-to-date symlink: /home/lee/workspace/ros2_ex_mav/install/px4_msgs/include/px4_msgs/px4_msgs/msg/detail/estimator_status__struct.h\n'}
[0.381350] (px4_msgs) StdoutLine: {'line': b'-- Up-to-date symlink: /home/lee/workspace/ros2_ex_mav/install/px4_msgs/include/px4_msgs/px4_msgs/msg/detail/estimator_status__type_support.h\n'}
[0.381383] (px4_msgs) StdoutLine: {'line': b'-- Up-to-date symlink: /home/lee/workspace/ros2_ex_mav/install/px4_msgs/include/px4_msgs/px4_msgs/msg/detail/estimator_status_flags__functions.h\n'}
[0.381415] (px4_msgs) StdoutLine: {'line': b'-- Up-to-date symlink: /home/lee/workspace/ros2_ex_mav/install/px4_msgs/include/px4_msgs/px4_msgs/msg/detail/estimator_status_flags__struct.h\n'}
[0.381447] (px4_msgs) StdoutLine: {'line': b'-- Up-to-date symlink: /home/lee/workspace/ros2_ex_mav/install/px4_msgs/include/px4_msgs/px4_msgs/msg/detail/estimator_status_flags__type_support.h\n'}
[0.381480] (px4_msgs) StdoutLine: {'line': b'-- Up-to-date symlink: /home/lee/workspace/ros2_ex_mav/install/px4_msgs/include/px4_msgs/px4_msgs/msg/detail/event__functions.h\n'}
[0.381512] (px4_msgs) StdoutLine: {'line': b'-- Up-to-date symlink: /home/lee/workspace/ros2_ex_mav/install/px4_msgs/include/px4_msgs/px4_msgs/msg/detail/event__struct.h\n'}
[0.381544] (px4_msgs) StdoutLine: {'line': b'-- Up-to-date symlink: /home/lee/workspace/ros2_ex_mav/install/px4_msgs/include/px4_msgs/px4_msgs/msg/detail/event__type_support.h\n'}
[0.381576] (px4_msgs) StdoutLine: {'line': b'-- Up-to-date symlink: /home/lee/workspace/ros2_ex_mav/install/px4_msgs/include/px4_msgs/px4_msgs/msg/detail/failsafe_flags__functions.h\n'}
[0.381608] (px4_msgs) StdoutLine: {'line': b'-- Up-to-date symlink: /home/lee/workspace/ros2_ex_mav/install/px4_msgs/include/px4_msgs/px4_msgs/msg/detail/failsafe_flags__struct.h\n'}
[0.381639] (px4_msgs) StdoutLine: {'line': b'-- Up-to-date symlink: /home/lee/workspace/ros2_ex_mav/install/px4_msgs/include/px4_msgs/px4_msgs/msg/detail/failsafe_flags__type_support.h\n'}
[0.381671] (px4_msgs) StdoutLine: {'line': b'-- Up-to-date symlink: /home/lee/workspace/ros2_ex_mav/install/px4_msgs/include/px4_msgs/px4_msgs/msg/detail/failure_detector_status__functions.h\n'}
[0.381703] (px4_msgs) StdoutLine: {'line': b'-- Up-to-date symlink: /home/lee/workspace/ros2_ex_mav/install/px4_msgs/include/px4_msgs/px4_msgs/msg/detail/failure_detector_status__struct.h\n'}
[0.381735] (px4_msgs) StdoutLine: {'line': b'-- Up-to-date symlink: /home/lee/workspace/ros2_ex_mav/install/px4_msgs/include/px4_msgs/px4_msgs/msg/detail/failure_detector_status__type_support.h\n'}
[0.381768] (px4_msgs) StdoutLine: {'line': b'-- Up-to-date symlink: /home/lee/workspace/ros2_ex_mav/install/px4_msgs/include/px4_msgs/px4_msgs/msg/detail/follow_target__functions.h\n'}
[0.381800] (px4_msgs) StdoutLine: {'line': b'-- Up-to-date symlink: /home/lee/workspace/ros2_ex_mav/install/px4_msgs/include/px4_msgs/px4_msgs/msg/detail/follow_target__struct.h\n'}
[0.381831] (px4_msgs) StdoutLine: {'line': b'-- Up-to-date symlink: /home/lee/workspace/ros2_ex_mav/install/px4_msgs/include/px4_msgs/px4_msgs/msg/detail/follow_target__type_support.h\n'}
[0.381863] (px4_msgs) StdoutLine: {'line': b'-- Up-to-date symlink: /home/lee/workspace/ros2_ex_mav/install/px4_msgs/include/px4_msgs/px4_msgs/msg/detail/follow_target_estimator__functions.h\n'}
[0.381895] (px4_msgs) StdoutLine: {'line': b'-- Up-to-date symlink: /home/lee/workspace/ros2_ex_mav/install/px4_msgs/include/px4_msgs/px4_msgs/msg/detail/follow_target_estimator__struct.h\n'}
[0.381927] (px4_msgs) StdoutLine: {'line': b'-- Up-to-date symlink: /home/lee/workspace/ros2_ex_mav/install/px4_msgs/include/px4_msgs/px4_msgs/msg/detail/follow_target_estimator__type_support.h\n'}
[0.381960] (px4_msgs) StdoutLine: {'line': b'-- Up-to-date symlink: /home/lee/workspace/ros2_ex_mav/install/px4_msgs/include/px4_msgs/px4_msgs/msg/detail/follow_target_status__functions.h\n'}
[0.381991] (px4_msgs) StdoutLine: {'line': b'-- Up-to-date symlink: /home/lee/workspace/ros2_ex_mav/install/px4_msgs/include/px4_msgs/px4_msgs/msg/detail/follow_target_status__struct.h\n'}
[0.382024] (px4_msgs) StdoutLine: {'line': b'-- Up-to-date symlink: /home/lee/workspace/ros2_ex_mav/install/px4_msgs/include/px4_msgs/px4_msgs/msg/detail/follow_target_status__type_support.h\n'}
[0.382057] (px4_msgs) StdoutLine: {'line': b'-- Up-to-date symlink: /home/lee/workspace/ros2_ex_mav/install/px4_msgs/include/px4_msgs/px4_msgs/msg/detail/generator_status__functions.h\n'}
[0.382089] (px4_msgs) StdoutLine: {'line': b'-- Up-to-date symlink: /home/lee/workspace/ros2_ex_mav/install/px4_msgs/include/px4_msgs/px4_msgs/msg/detail/generator_status__struct.h\n'}
[0.382121] (px4_msgs) StdoutLine: {'line': b'-- Up-to-date symlink: /home/lee/workspace/ros2_ex_mav/install/px4_msgs/include/px4_msgs/px4_msgs/msg/detail/generator_status__type_support.h\n'}
[0.382154] (px4_msgs) StdoutLine: {'line': b'-- Up-to-date symlink: /home/lee/workspace/ros2_ex_mav/install/px4_msgs/include/px4_msgs/px4_msgs/msg/detail/geofence_result__functions.h\n'}
[0.382185] (px4_msgs) StdoutLine: {'line': b'-- Up-to-date symlink: /home/lee/workspace/ros2_ex_mav/install/px4_msgs/include/px4_msgs/px4_msgs/msg/detail/geofence_result__struct.h\n'}
[0.382218] (px4_msgs) StdoutLine: {'line': b'-- Up-to-date symlink: /home/lee/workspace/ros2_ex_mav/install/px4_msgs/include/px4_msgs/px4_msgs/msg/detail/geofence_result__type_support.h\n'}
[0.382249] (px4_msgs) StdoutLine: {'line': b'-- Up-to-date symlink: /home/lee/workspace/ros2_ex_mav/install/px4_msgs/include/px4_msgs/px4_msgs/msg/detail/gimbal_controls__functions.h\n'}
[0.382280] (px4_msgs) StdoutLine: {'line': b'-- Up-to-date symlink: /home/lee/workspace/ros2_ex_mav/install/px4_msgs/include/px4_msgs/px4_msgs/msg/detail/gimbal_controls__struct.h\n'}
[0.382311] (px4_msgs) StdoutLine: {'line': b'-- Up-to-date symlink: /home/lee/workspace/ros2_ex_mav/install/px4_msgs/include/px4_msgs/px4_msgs/msg/detail/gimbal_controls__type_support.h\n'}
[0.382346] (px4_msgs) StdoutLine: {'line': b'-- Up-to-date symlink: /home/lee/workspace/ros2_ex_mav/install/px4_msgs/include/px4_msgs/px4_msgs/msg/detail/gimbal_device_attitude_status__functions.h\n'}
[0.382382] (px4_msgs) StdoutLine: {'line': b'-- Up-to-date symlink: /home/lee/workspace/ros2_ex_mav/install/px4_msgs/include/px4_msgs/px4_msgs/msg/detail/gimbal_device_attitude_status__struct.h\n'}
[0.382415] (px4_msgs) StdoutLine: {'line': b'-- Up-to-date symlink: /home/lee/workspace/ros2_ex_mav/install/px4_msgs/include/px4_msgs/px4_msgs/msg/detail/gimbal_device_attitude_status__type_support.h\n'}
[0.382447] (px4_msgs) StdoutLine: {'line': b'-- Up-to-date symlink: /home/lee/workspace/ros2_ex_mav/install/px4_msgs/include/px4_msgs/px4_msgs/msg/detail/gimbal_device_information__functions.h\n'}
[0.382479] (px4_msgs) StdoutLine: {'line': b'-- Up-to-date symlink: /home/lee/workspace/ros2_ex_mav/install/px4_msgs/include/px4_msgs/px4_msgs/msg/detail/gimbal_device_information__struct.h\n'}
[0.382512] (px4_msgs) StdoutLine: {'line': b'-- Up-to-date symlink: /home/lee/workspace/ros2_ex_mav/install/px4_msgs/include/px4_msgs/px4_msgs/msg/detail/gimbal_device_information__type_support.h\n'}
[0.382543] (px4_msgs) StdoutLine: {'line': b'-- Up-to-date symlink: /home/lee/workspace/ros2_ex_mav/install/px4_msgs/include/px4_msgs/px4_msgs/msg/detail/gimbal_device_set_attitude__functions.h\n'}
[0.382575] (px4_msgs) StdoutLine: {'line': b'-- Up-to-date symlink: /home/lee/workspace/ros2_ex_mav/install/px4_msgs/include/px4_msgs/px4_msgs/msg/detail/gimbal_device_set_attitude__struct.h\n'}
[0.382606] (px4_msgs) StdoutLine: {'line': b'-- Up-to-date symlink: /home/lee/workspace/ros2_ex_mav/install/px4_msgs/include/px4_msgs/px4_msgs/msg/detail/gimbal_device_set_attitude__type_support.h\n'}
[0.382637] (px4_msgs) StdoutLine: {'line': b'-- Up-to-date symlink: /home/lee/workspace/ros2_ex_mav/install/px4_msgs/include/px4_msgs/px4_msgs/msg/detail/gimbal_manager_information__functions.h\n'}
[0.382668] (px4_msgs) StdoutLine: {'line': b'-- Up-to-date symlink: /home/lee/workspace/ros2_ex_mav/install/px4_msgs/include/px4_msgs/px4_msgs/msg/detail/gimbal_manager_information__struct.h\n'}
[0.382700] (px4_msgs) StdoutLine: {'line': b'-- Up-to-date symlink: /home/lee/workspace/ros2_ex_mav/install/px4_msgs/include/px4_msgs/px4_msgs/msg/detail/gimbal_manager_information__type_support.h\n'}
[0.382731] (px4_msgs) StdoutLine: {'line': b'-- Up-to-date symlink: /home/lee/workspace/ros2_ex_mav/install/px4_msgs/include/px4_msgs/px4_msgs/msg/detail/gimbal_manager_set_attitude__functions.h\n'}
[0.382762] (px4_msgs) StdoutLine: {'line': b'-- Up-to-date symlink: /home/lee/workspace/ros2_ex_mav/install/px4_msgs/include/px4_msgs/px4_msgs/msg/detail/gimbal_manager_set_attitude__struct.h\n'}
[0.382795] (px4_msgs) StdoutLine: {'line': b'-- Up-to-date symlink: /home/lee/workspace/ros2_ex_mav/install/px4_msgs/include/px4_msgs/px4_msgs/msg/detail/gimbal_manager_set_attitude__type_support.h\n'}
[0.382826] (px4_msgs) StdoutLine: {'line': b'-- Up-to-date symlink: /home/lee/workspace/ros2_ex_mav/install/px4_msgs/include/px4_msgs/px4_msgs/msg/detail/gimbal_manager_set_manual_control__functions.h\n'}
[0.382858] (px4_msgs) StdoutLine: {'line': b'-- Up-to-date symlink: /home/lee/workspace/ros2_ex_mav/install/px4_msgs/include/px4_msgs/px4_msgs/msg/detail/gimbal_manager_set_manual_control__struct.h\n'}
[0.382890] (px4_msgs) StdoutLine: {'line': b'-- Up-to-date symlink: /home/lee/workspace/ros2_ex_mav/install/px4_msgs/include/px4_msgs/px4_msgs/msg/detail/gimbal_manager_set_manual_control__type_support.h\n'}
[0.382922] (px4_msgs) StdoutLine: {'line': b'-- Up-to-date symlink: /home/lee/workspace/ros2_ex_mav/install/px4_msgs/include/px4_msgs/px4_msgs/msg/detail/gimbal_manager_status__functions.h\n'}
[0.382954] (px4_msgs) StdoutLine: {'line': b'-- Up-to-date symlink: /home/lee/workspace/ros2_ex_mav/install/px4_msgs/include/px4_msgs/px4_msgs/msg/detail/gimbal_manager_status__struct.h\n'}
[0.382986] (px4_msgs) StdoutLine: {'line': b'-- Up-to-date symlink: /home/lee/workspace/ros2_ex_mav/install/px4_msgs/include/px4_msgs/px4_msgs/msg/detail/gimbal_manager_status__type_support.h\n'}
[0.383019] (px4_msgs) StdoutLine: {'line': b'-- Up-to-date symlink: /home/lee/workspace/ros2_ex_mav/install/px4_msgs/include/px4_msgs/px4_msgs/msg/detail/gps_dump__functions.h\n'}
[0.383050] (px4_msgs) StdoutLine: {'line': b'-- Up-to-date symlink: /home/lee/workspace/ros2_ex_mav/install/px4_msgs/include/px4_msgs/px4_msgs/msg/detail/gps_dump__struct.h\n'}
[0.383082] (px4_msgs) StdoutLine: {'line': b'-- Up-to-date symlink: /home/lee/workspace/ros2_ex_mav/install/px4_msgs/include/px4_msgs/px4_msgs/msg/detail/gps_dump__type_support.h\n'}
[0.383127] (px4_msgs) StdoutLine: {'line': b'-- Up-to-date symlink: /home/lee/workspace/ros2_ex_mav/install/px4_msgs/include/px4_msgs/px4_msgs/msg/detail/gps_inject_data__functions.h\n'}
[0.383158] (px4_msgs) StdoutLine: {'line': b'-- Up-to-date symlink: /home/lee/workspace/ros2_ex_mav/install/px4_msgs/include/px4_msgs/px4_msgs/msg/detail/gps_inject_data__struct.h\n'}
[0.383189] (px4_msgs) StdoutLine: {'line': b'-- Up-to-date symlink: /home/lee/workspace/ros2_ex_mav/install/px4_msgs/include/px4_msgs/px4_msgs/msg/detail/gps_inject_data__type_support.h\n'}
[0.383221] (px4_msgs) StdoutLine: {'line': b'-- Up-to-date symlink: /home/lee/workspace/ros2_ex_mav/install/px4_msgs/include/px4_msgs/px4_msgs/msg/detail/gripper__functions.h\n'}
[0.383253] (px4_msgs) StdoutLine: {'line': b'-- Up-to-date symlink: /home/lee/workspace/ros2_ex_mav/install/px4_msgs/include/px4_msgs/px4_msgs/msg/detail/gripper__struct.h\n'}
[0.383285] (px4_msgs) StdoutLine: {'line': b'-- Up-to-date symlink: /home/lee/workspace/ros2_ex_mav/install/px4_msgs/include/px4_msgs/px4_msgs/msg/detail/gripper__type_support.h\n'}
[0.383316] (px4_msgs) StdoutLine: {'line': b'-- Up-to-date symlink: /home/lee/workspace/ros2_ex_mav/install/px4_msgs/include/px4_msgs/px4_msgs/msg/detail/health_report__functions.h\n'}
[0.383348] (px4_msgs) StdoutLine: {'line': b'-- Up-to-date symlink: /home/lee/workspace/ros2_ex_mav/install/px4_msgs/include/px4_msgs/px4_msgs/msg/detail/health_report__struct.h\n'}
[0.383384] (px4_msgs) StdoutLine: {'line': b'-- Up-to-date symlink: /home/lee/workspace/ros2_ex_mav/install/px4_msgs/include/px4_msgs/px4_msgs/msg/detail/health_report__type_support.h\n'}
[0.383415] (px4_msgs) StdoutLine: {'line': b'-- Up-to-date symlink: /home/lee/workspace/ros2_ex_mav/install/px4_msgs/include/px4_msgs/px4_msgs/msg/detail/heater_status__functions.h\n'}
[0.383445] (px4_msgs) StdoutLine: {'line': b'-- Up-to-date symlink: /home/lee/workspace/ros2_ex_mav/install/px4_msgs/include/px4_msgs/px4_msgs/msg/detail/heater_status__struct.h\n'}
[0.383477] (px4_msgs) StdoutLine: {'line': b'-- Up-to-date symlink: /home/lee/workspace/ros2_ex_mav/install/px4_msgs/include/px4_msgs/px4_msgs/msg/detail/heater_status__type_support.h\n'}
[0.383508] (px4_msgs) StdoutLine: {'line': b'-- Up-to-date symlink: /home/lee/workspace/ros2_ex_mav/install/px4_msgs/include/px4_msgs/px4_msgs/msg/detail/home_position__functions.h\n'}
[0.383539] (px4_msgs) StdoutLine: {'line': b'-- Up-to-date symlink: /home/lee/workspace/ros2_ex_mav/install/px4_msgs/include/px4_msgs/px4_msgs/msg/detail/home_position__struct.h\n'}
[0.383570] (px4_msgs) StdoutLine: {'line': b'-- Up-to-date symlink: /home/lee/workspace/ros2_ex_mav/install/px4_msgs/include/px4_msgs/px4_msgs/msg/detail/home_position__type_support.h\n'}
[0.383602] (px4_msgs) StdoutLine: {'line': b'-- Up-to-date symlink: /home/lee/workspace/ros2_ex_mav/install/px4_msgs/include/px4_msgs/px4_msgs/msg/detail/hover_thrust_estimate__functions.h\n'}
[0.383633] (px4_msgs) StdoutLine: {'line': b'-- Up-to-date symlink: /home/lee/workspace/ros2_ex_mav/install/px4_msgs/include/px4_msgs/px4_msgs/msg/detail/hover_thrust_estimate__struct.h\n'}
[0.383665] (px4_msgs) StdoutLine: {'line': b'-- Up-to-date symlink: /home/lee/workspace/ros2_ex_mav/install/px4_msgs/include/px4_msgs/px4_msgs/msg/detail/hover_thrust_estimate__type_support.h\n'}
[0.383698] (px4_msgs) StdoutLine: {'line': b'-- Up-to-date symlink: /home/lee/workspace/ros2_ex_mav/install/px4_msgs/include/px4_msgs/px4_msgs/msg/detail/input_rc__functions.h\n'}
[0.383730] (px4_msgs) StdoutLine: {'line': b'-- Up-to-date symlink: /home/lee/workspace/ros2_ex_mav/install/px4_msgs/include/px4_msgs/px4_msgs/msg/detail/input_rc__struct.h\n'}
[0.383761] (px4_msgs) StdoutLine: {'line': b'-- Up-to-date symlink: /home/lee/workspace/ros2_ex_mav/install/px4_msgs/include/px4_msgs/px4_msgs/msg/detail/input_rc__type_support.h\n'}
[0.383794] (px4_msgs) StdoutLine: {'line': b'-- Up-to-date symlink: /home/lee/workspace/ros2_ex_mav/install/px4_msgs/include/px4_msgs/px4_msgs/msg/detail/internal_combustion_engine_status__functions.h\n'}
[0.383826] (px4_msgs) StdoutLine: {'line': b'-- Up-to-date symlink: /home/lee/workspace/ros2_ex_mav/install/px4_msgs/include/px4_msgs/px4_msgs/msg/detail/internal_combustion_engine_status__struct.h\n'}
[0.383859] (px4_msgs) StdoutLine: {'line': b'-- Up-to-date symlink: /home/lee/workspace/ros2_ex_mav/install/px4_msgs/include/px4_msgs/px4_msgs/msg/detail/internal_combustion_engine_status__type_support.h\n'}
[0.383892] (px4_msgs) StdoutLine: {'line': b'-- Up-to-date symlink: /home/lee/workspace/ros2_ex_mav/install/px4_msgs/include/px4_msgs/px4_msgs/msg/detail/iridiumsbd_status__functions.h\n'}
[0.383923] (px4_msgs) StdoutLine: {'line': b'-- Up-to-date symlink: /home/lee/workspace/ros2_ex_mav/install/px4_msgs/include/px4_msgs/px4_msgs/msg/detail/iridiumsbd_status__struct.h\n'}
[0.383955] (px4_msgs) StdoutLine: {'line': b'-- Up-to-date symlink: /home/lee/workspace/ros2_ex_mav/install/px4_msgs/include/px4_msgs/px4_msgs/msg/detail/iridiumsbd_status__type_support.h\n'}
[0.383987] (px4_msgs) StdoutLine: {'line': b'-- Up-to-date symlink: /home/lee/workspace/ros2_ex_mav/install/px4_msgs/include/px4_msgs/px4_msgs/msg/detail/irlock_report__functions.h\n'}
[0.384018] (px4_msgs) StdoutLine: {'line': b'-- Up-to-date symlink: /home/lee/workspace/ros2_ex_mav/install/px4_msgs/include/px4_msgs/px4_msgs/msg/detail/irlock_report__struct.h\n'}
[0.384049] (px4_msgs) StdoutLine: {'line': b'-- Up-to-date symlink: /home/lee/workspace/ros2_ex_mav/install/px4_msgs/include/px4_msgs/px4_msgs/msg/detail/irlock_report__type_support.h\n'}
[0.384080] (px4_msgs) StdoutLine: {'line': b'-- Up-to-date symlink: /home/lee/workspace/ros2_ex_mav/install/px4_msgs/include/px4_msgs/px4_msgs/msg/detail/landing_gear__functions.h\n'}
[0.384111] (px4_msgs) StdoutLine: {'line': b'-- Up-to-date symlink: /home/lee/workspace/ros2_ex_mav/install/px4_msgs/include/px4_msgs/px4_msgs/msg/detail/landing_gear__struct.h\n'}
[0.384142] (px4_msgs) StdoutLine: {'line': b'-- Up-to-date symlink: /home/lee/workspace/ros2_ex_mav/install/px4_msgs/include/px4_msgs/px4_msgs/msg/detail/landing_gear__type_support.h\n'}
[0.384173] (px4_msgs) StdoutLine: {'line': b'-- Up-to-date symlink: /home/lee/workspace/ros2_ex_mav/install/px4_msgs/include/px4_msgs/px4_msgs/msg/detail/landing_gear_wheel__functions.h\n'}
[0.384205] (px4_msgs) StdoutLine: {'line': b'-- Up-to-date symlink: /home/lee/workspace/ros2_ex_mav/install/px4_msgs/include/px4_msgs/px4_msgs/msg/detail/landing_gear_wheel__struct.h\n'}
[0.384238] (px4_msgs) StdoutLine: {'line': b'-- Up-to-date symlink: /home/lee/workspace/ros2_ex_mav/install/px4_msgs/include/px4_msgs/px4_msgs/msg/detail/landing_gear_wheel__type_support.h\n'}
[0.384270] (px4_msgs) StdoutLine: {'line': b'-- Up-to-date symlink: /home/lee/workspace/ros2_ex_mav/install/px4_msgs/include/px4_msgs/px4_msgs/msg/detail/landing_target_innovations__functions.h\n'}
[0.384302] (px4_msgs) StdoutLine: {'line': b'-- Up-to-date symlink: /home/lee/workspace/ros2_ex_mav/install/px4_msgs/include/px4_msgs/px4_msgs/msg/detail/landing_target_innovations__struct.h\n'}
[0.384335] (px4_msgs) StdoutLine: {'line': b'-- Up-to-date symlink: /home/lee/workspace/ros2_ex_mav/install/px4_msgs/include/px4_msgs/px4_msgs/msg/detail/landing_target_innovations__type_support.h\n'}
[0.384370] (px4_msgs) StdoutLine: {'line': b'-- Up-to-date symlink: /home/lee/workspace/ros2_ex_mav/install/px4_msgs/include/px4_msgs/px4_msgs/msg/detail/landing_target_pose__functions.h\n'}
[0.384403] (px4_msgs) StdoutLine: {'line': b'-- Up-to-date symlink: /home/lee/workspace/ros2_ex_mav/install/px4_msgs/include/px4_msgs/px4_msgs/msg/detail/landing_target_pose__struct.h\n'}
[0.384434] (px4_msgs) StdoutLine: {'line': b'-- Up-to-date symlink: /home/lee/workspace/ros2_ex_mav/install/px4_msgs/include/px4_msgs/px4_msgs/msg/detail/landing_target_pose__type_support.h\n'}
[0.384465] (px4_msgs) StdoutLine: {'line': b'-- Up-to-date symlink: /home/lee/workspace/ros2_ex_mav/install/px4_msgs/include/px4_msgs/px4_msgs/msg/detail/launch_detection_status__functions.h\n'}
[0.384498] (px4_msgs) StdoutLine: {'line': b'-- Up-to-date symlink: /home/lee/workspace/ros2_ex_mav/install/px4_msgs/include/px4_msgs/px4_msgs/msg/detail/launch_detection_status__struct.h\n'}
[0.384531] (px4_msgs) StdoutLine: {'line': b'-- Up-to-date symlink: /home/lee/workspace/ros2_ex_mav/install/px4_msgs/include/px4_msgs/px4_msgs/msg/detail/launch_detection_status__type_support.h\n'}
[0.384563] (px4_msgs) StdoutLine: {'line': b'-- Up-to-date symlink: /home/lee/workspace/ros2_ex_mav/install/px4_msgs/include/px4_msgs/px4_msgs/msg/detail/led_control__functions.h\n'}
[0.384595] (px4_msgs) StdoutLine: {'line': b'-- Up-to-date symlink: /home/lee/workspace/ros2_ex_mav/install/px4_msgs/include/px4_msgs/px4_msgs/msg/detail/led_control__struct.h\n'}
[0.384626] (px4_msgs) StdoutLine: {'line': b'-- Up-to-date symlink: /home/lee/workspace/ros2_ex_mav/install/px4_msgs/include/px4_msgs/px4_msgs/msg/detail/led_control__type_support.h\n'}
[0.384657] (px4_msgs) StdoutLine: {'line': b'-- Up-to-date symlink: /home/lee/workspace/ros2_ex_mav/install/px4_msgs/include/px4_msgs/px4_msgs/msg/detail/log_message__functions.h\n'}
[0.384689] (px4_msgs) StdoutLine: {'line': b'-- Up-to-date symlink: /home/lee/workspace/ros2_ex_mav/install/px4_msgs/include/px4_msgs/px4_msgs/msg/detail/log_message__struct.h\n'}
[0.384720] (px4_msgs) StdoutLine: {'line': b'-- Up-to-date symlink: /home/lee/workspace/ros2_ex_mav/install/px4_msgs/include/px4_msgs/px4_msgs/msg/detail/log_message__type_support.h\n'}
[0.384751] (px4_msgs) StdoutLine: {'line': b'-- Up-to-date symlink: /home/lee/workspace/ros2_ex_mav/install/px4_msgs/include/px4_msgs/px4_msgs/msg/detail/logger_status__functions.h\n'}
[0.384782] (px4_msgs) StdoutLine: {'line': b'-- Up-to-date symlink: /home/lee/workspace/ros2_ex_mav/install/px4_msgs/include/px4_msgs/px4_msgs/msg/detail/logger_status__struct.h\n'}
[0.384813] (px4_msgs) StdoutLine: {'line': b'-- Up-to-date symlink: /home/lee/workspace/ros2_ex_mav/install/px4_msgs/include/px4_msgs/px4_msgs/msg/detail/logger_status__type_support.h\n'}
[0.384845] (px4_msgs) StdoutLine: {'line': b'-- Up-to-date symlink: /home/lee/workspace/ros2_ex_mav/install/px4_msgs/include/px4_msgs/px4_msgs/msg/detail/mag_worker_data__functions.h\n'}
[0.384875] (px4_msgs) StdoutLine: {'line': b'-- Up-to-date symlink: /home/lee/workspace/ros2_ex_mav/install/px4_msgs/include/px4_msgs/px4_msgs/msg/detail/mag_worker_data__struct.h\n'}
[0.384907] (px4_msgs) StdoutLine: {'line': b'-- Up-to-date symlink: /home/lee/workspace/ros2_ex_mav/install/px4_msgs/include/px4_msgs/px4_msgs/msg/detail/mag_worker_data__type_support.h\n'}
[0.384938] (px4_msgs) StdoutLine: {'line': b'-- Up-to-date symlink: /home/lee/workspace/ros2_ex_mav/install/px4_msgs/include/px4_msgs/px4_msgs/msg/detail/magnetometer_bias_estimate__functions.h\n'}
[0.384970] (px4_msgs) StdoutLine: {'line': b'-- Up-to-date symlink: /home/lee/workspace/ros2_ex_mav/install/px4_msgs/include/px4_msgs/px4_msgs/msg/detail/magnetometer_bias_estimate__struct.h\n'}
[0.385002] (px4_msgs) StdoutLine: {'line': b'-- Up-to-date symlink: /home/lee/workspace/ros2_ex_mav/install/px4_msgs/include/px4_msgs/px4_msgs/msg/detail/magnetometer_bias_estimate__type_support.h\n'}
[0.385033] (px4_msgs) StdoutLine: {'line': b'-- Up-to-date symlink: /home/lee/workspace/ros2_ex_mav/install/px4_msgs/include/px4_msgs/px4_msgs/msg/detail/manual_control_setpoint__functions.h\n'}
[0.385066] (px4_msgs) StdoutLine: {'line': b'-- Up-to-date symlink: /home/lee/workspace/ros2_ex_mav/install/px4_msgs/include/px4_msgs/px4_msgs/msg/detail/manual_control_setpoint__struct.h\n'}
[0.385097] (px4_msgs) StdoutLine: {'line': b'-- Up-to-date symlink: /home/lee/workspace/ros2_ex_mav/install/px4_msgs/include/px4_msgs/px4_msgs/msg/detail/manual_control_setpoint__type_support.h\n'}
[0.385129] (px4_msgs) StdoutLine: {'line': b'-- Up-to-date symlink: /home/lee/workspace/ros2_ex_mav/install/px4_msgs/include/px4_msgs/px4_msgs/msg/detail/manual_control_switches__functions.h\n'}
[0.385161] (px4_msgs) StdoutLine: {'line': b'-- Up-to-date symlink: /home/lee/workspace/ros2_ex_mav/install/px4_msgs/include/px4_msgs/px4_msgs/msg/detail/manual_control_switches__struct.h\n'}
[0.385193] (px4_msgs) StdoutLine: {'line': b'-- Up-to-date symlink: /home/lee/workspace/ros2_ex_mav/install/px4_msgs/include/px4_msgs/px4_msgs/msg/detail/manual_control_switches__type_support.h\n'}
[0.385225] (px4_msgs) StdoutLine: {'line': b'-- Up-to-date symlink: /home/lee/workspace/ros2_ex_mav/install/px4_msgs/include/px4_msgs/px4_msgs/msg/detail/mavlink_log__functions.h\n'}
[0.385257] (px4_msgs) StdoutLine: {'line': b'-- Up-to-date symlink: /home/lee/workspace/ros2_ex_mav/install/px4_msgs/include/px4_msgs/px4_msgs/msg/detail/mavlink_log__struct.h\n'}
[0.385289] (px4_msgs) StdoutLine: {'line': b'-- Up-to-date symlink: /home/lee/workspace/ros2_ex_mav/install/px4_msgs/include/px4_msgs/px4_msgs/msg/detail/mavlink_log__type_support.h\n'}
[0.385320] (px4_msgs) StdoutLine: {'line': b'-- Up-to-date symlink: /home/lee/workspace/ros2_ex_mav/install/px4_msgs/include/px4_msgs/px4_msgs/msg/detail/mavlink_tunnel__functions.h\n'}
[0.385354] (px4_msgs) StdoutLine: {'line': b'-- Up-to-date symlink: /home/lee/workspace/ros2_ex_mav/install/px4_msgs/include/px4_msgs/px4_msgs/msg/detail/mavlink_tunnel__struct.h\n'}
[0.385385] (px4_msgs) StdoutLine: {'line': b'-- Up-to-date symlink: /home/lee/workspace/ros2_ex_mav/install/px4_msgs/include/px4_msgs/px4_msgs/msg/detail/mavlink_tunnel__type_support.h\n'}
[0.385416] (px4_msgs) StdoutLine: {'line': b'-- Up-to-date symlink: /home/lee/workspace/ros2_ex_mav/install/px4_msgs/include/px4_msgs/px4_msgs/msg/detail/mission__functions.h\n'}
[0.385448] (px4_msgs) StdoutLine: {'line': b'-- Up-to-date symlink: /home/lee/workspace/ros2_ex_mav/install/px4_msgs/include/px4_msgs/px4_msgs/msg/detail/mission__struct.h\n'}
[0.385480] (px4_msgs) StdoutLine: {'line': b'-- Up-to-date symlink: /home/lee/workspace/ros2_ex_mav/install/px4_msgs/include/px4_msgs/px4_msgs/msg/detail/mission__type_support.h\n'}
[0.385511] (px4_msgs) StdoutLine: {'line': b'-- Up-to-date symlink: /home/lee/workspace/ros2_ex_mav/install/px4_msgs/include/px4_msgs/px4_msgs/msg/detail/mission_result__functions.h\n'}
[0.385543] (px4_msgs) StdoutLine: {'line': b'-- Up-to-date symlink: /home/lee/workspace/ros2_ex_mav/install/px4_msgs/include/px4_msgs/px4_msgs/msg/detail/mission_result__struct.h\n'}
[0.385574] (px4_msgs) StdoutLine: {'line': b'-- Up-to-date symlink: /home/lee/workspace/ros2_ex_mav/install/px4_msgs/include/px4_msgs/px4_msgs/msg/detail/mission_result__type_support.h\n'}
[0.385605] (px4_msgs) StdoutLine: {'line': b'-- Up-to-date symlink: /home/lee/workspace/ros2_ex_mav/install/px4_msgs/include/px4_msgs/px4_msgs/msg/detail/mode_completed__functions.h\n'}
[0.385636] (px4_msgs) StdoutLine: {'line': b'-- Up-to-date symlink: /home/lee/workspace/ros2_ex_mav/install/px4_msgs/include/px4_msgs/px4_msgs/msg/detail/mode_completed__struct.h\n'}
[0.385668] (px4_msgs) StdoutLine: {'line': b'-- Up-to-date symlink: /home/lee/workspace/ros2_ex_mav/install/px4_msgs/include/px4_msgs/px4_msgs/msg/detail/mode_completed__type_support.h\n'}
[0.385699] (px4_msgs) StdoutLine: {'line': b'-- Up-to-date symlink: /home/lee/workspace/ros2_ex_mav/install/px4_msgs/include/px4_msgs/px4_msgs/msg/detail/mount_orientation__functions.h\n'}
[0.385730] (px4_msgs) StdoutLine: {'line': b'-- Up-to-date symlink: /home/lee/workspace/ros2_ex_mav/install/px4_msgs/include/px4_msgs/px4_msgs/msg/detail/mount_orientation__struct.h\n'}
[0.385762] (px4_msgs) StdoutLine: {'line': b'-- Up-to-date symlink: /home/lee/workspace/ros2_ex_mav/install/px4_msgs/include/px4_msgs/px4_msgs/msg/detail/mount_orientation__type_support.h\n'}
[0.385794] (px4_msgs) StdoutLine: {'line': b'-- Up-to-date symlink: /home/lee/workspace/ros2_ex_mav/install/px4_msgs/include/px4_msgs/px4_msgs/msg/detail/navigator_mission_item__functions.h\n'}
[0.385827] (px4_msgs) StdoutLine: {'line': b'-- Up-to-date symlink: /home/lee/workspace/ros2_ex_mav/install/px4_msgs/include/px4_msgs/px4_msgs/msg/detail/navigator_mission_item__struct.h\n'}
[0.385860] (px4_msgs) StdoutLine: {'line': b'-- Up-to-date symlink: /home/lee/workspace/ros2_ex_mav/install/px4_msgs/include/px4_msgs/px4_msgs/msg/detail/navigator_mission_item__type_support.h\n'}
[0.385892] (px4_msgs) StdoutLine: {'line': b'-- Up-to-date symlink: /home/lee/workspace/ros2_ex_mav/install/px4_msgs/include/px4_msgs/px4_msgs/msg/detail/normalized_unsigned_setpoint__functions.h\n'}
[0.385924] (px4_msgs) StdoutLine: {'line': b'-- Up-to-date symlink: /home/lee/workspace/ros2_ex_mav/install/px4_msgs/include/px4_msgs/px4_msgs/msg/detail/normalized_unsigned_setpoint__struct.h\n'}
[0.385956] (px4_msgs) StdoutLine: {'line': b'-- Up-to-date symlink: /home/lee/workspace/ros2_ex_mav/install/px4_msgs/include/px4_msgs/px4_msgs/msg/detail/normalized_unsigned_setpoint__type_support.h\n'}
[0.385988] (px4_msgs) StdoutLine: {'line': b'-- Up-to-date symlink: /home/lee/workspace/ros2_ex_mav/install/px4_msgs/include/px4_msgs/px4_msgs/msg/detail/npfg_status__functions.h\n'}
[0.386021] (px4_msgs) StdoutLine: {'line': b'-- Up-to-date symlink: /home/lee/workspace/ros2_ex_mav/install/px4_msgs/include/px4_msgs/px4_msgs/msg/detail/npfg_status__struct.h\n'}
[0.386052] (px4_msgs) StdoutLine: {'line': b'-- Up-to-date symlink: /home/lee/workspace/ros2_ex_mav/install/px4_msgs/include/px4_msgs/px4_msgs/msg/detail/npfg_status__type_support.h\n'}
[0.386084] (px4_msgs) StdoutLine: {'line': b'-- Up-to-date symlink: /home/lee/workspace/ros2_ex_mav/install/px4_msgs/include/px4_msgs/px4_msgs/msg/detail/obstacle_distance__functions.h\n'}
[0.386115] (px4_msgs) StdoutLine: {'line': b'-- Up-to-date symlink: /home/lee/workspace/ros2_ex_mav/install/px4_msgs/include/px4_msgs/px4_msgs/msg/detail/obstacle_distance__struct.h\n'}
[0.386147] (px4_msgs) StdoutLine: {'line': b'-- Up-to-date symlink: /home/lee/workspace/ros2_ex_mav/install/px4_msgs/include/px4_msgs/px4_msgs/msg/detail/obstacle_distance__type_support.h\n'}
[0.386178] (px4_msgs) StdoutLine: {'line': b'-- Up-to-date symlink: /home/lee/workspace/ros2_ex_mav/install/px4_msgs/include/px4_msgs/px4_msgs/msg/detail/offboard_control_mode__functions.h\n'}
[0.386211] (px4_msgs) StdoutLine: {'line': b'-- Up-to-date symlink: /home/lee/workspace/ros2_ex_mav/install/px4_msgs/include/px4_msgs/px4_msgs/msg/detail/offboard_control_mode__struct.h\n'}
[0.386242] (px4_msgs) StdoutLine: {'line': b'-- Up-to-date symlink: /home/lee/workspace/ros2_ex_mav/install/px4_msgs/include/px4_msgs/px4_msgs/msg/detail/offboard_control_mode__type_support.h\n'}
[0.386274] (px4_msgs) StdoutLine: {'line': b'-- Up-to-date symlink: /home/lee/workspace/ros2_ex_mav/install/px4_msgs/include/px4_msgs/px4_msgs/msg/detail/onboard_computer_status__functions.h\n'}
[0.386307] (px4_msgs) StdoutLine: {'line': b'-- Up-to-date symlink: /home/lee/workspace/ros2_ex_mav/install/px4_msgs/include/px4_msgs/px4_msgs/msg/detail/onboard_computer_status__struct.h\n'}
[0.386338] (px4_msgs) StdoutLine: {'line': b'-- Up-to-date symlink: /home/lee/workspace/ros2_ex_mav/install/px4_msgs/include/px4_msgs/px4_msgs/msg/detail/onboard_computer_status__type_support.h\n'}
[0.386374] (px4_msgs) StdoutLine: {'line': b'-- Up-to-date symlink: /home/lee/workspace/ros2_ex_mav/install/px4_msgs/include/px4_msgs/px4_msgs/msg/detail/orb_test__functions.h\n'}
[0.386404] (px4_msgs) StdoutLine: {'line': b'-- Up-to-date symlink: /home/lee/workspace/ros2_ex_mav/install/px4_msgs/include/px4_msgs/px4_msgs/msg/detail/orb_test__struct.h\n'}
[0.386435] (px4_msgs) StdoutLine: {'line': b'-- Up-to-date symlink: /home/lee/workspace/ros2_ex_mav/install/px4_msgs/include/px4_msgs/px4_msgs/msg/detail/orb_test__type_support.h\n'}
[0.386467] (px4_msgs) StdoutLine: {'line': b'-- Up-to-date symlink: /home/lee/workspace/ros2_ex_mav/install/px4_msgs/include/px4_msgs/px4_msgs/msg/detail/orb_test_large__functions.h\n'}
[0.386497] (px4_msgs) StdoutLine: {'line': b'-- Up-to-date symlink: /home/lee/workspace/ros2_ex_mav/install/px4_msgs/include/px4_msgs/px4_msgs/msg/detail/orb_test_large__struct.h\n'}
[0.386529] (px4_msgs) StdoutLine: {'line': b'-- Up-to-date symlink: /home/lee/workspace/ros2_ex_mav/install/px4_msgs/include/px4_msgs/px4_msgs/msg/detail/orb_test_large__type_support.h\n'}
[0.386560] (px4_msgs) StdoutLine: {'line': b'-- Up-to-date symlink: /home/lee/workspace/ros2_ex_mav/install/px4_msgs/include/px4_msgs/px4_msgs/msg/detail/orb_test_medium__functions.h\n'}
[0.386590] (px4_msgs) StdoutLine: {'line': b'-- Up-to-date symlink: /home/lee/workspace/ros2_ex_mav/install/px4_msgs/include/px4_msgs/px4_msgs/msg/detail/orb_test_medium__struct.h\n'}
[0.386622] (px4_msgs) StdoutLine: {'line': b'-- Up-to-date symlink: /home/lee/workspace/ros2_ex_mav/install/px4_msgs/include/px4_msgs/px4_msgs/msg/detail/orb_test_medium__type_support.h\n'}
[0.386652] (px4_msgs) StdoutLine: {'line': b'-- Up-to-date symlink: /home/lee/workspace/ros2_ex_mav/install/px4_msgs/include/px4_msgs/px4_msgs/msg/detail/orbit_status__functions.h\n'}
[0.386683] (px4_msgs) StdoutLine: {'line': b'-- Up-to-date symlink: /home/lee/workspace/ros2_ex_mav/install/px4_msgs/include/px4_msgs/px4_msgs/msg/detail/orbit_status__struct.h\n'}
[0.386714] (px4_msgs) StdoutLine: {'line': b'-- Up-to-date symlink: /home/lee/workspace/ros2_ex_mav/install/px4_msgs/include/px4_msgs/px4_msgs/msg/detail/orbit_status__type_support.h\n'}
[0.386745] (px4_msgs) StdoutLine: {'line': b'-- Up-to-date symlink: /home/lee/workspace/ros2_ex_mav/install/px4_msgs/include/px4_msgs/px4_msgs/msg/detail/parameter_update__functions.h\n'}
[0.386775] (px4_msgs) StdoutLine: {'line': b'-- Up-to-date symlink: /home/lee/workspace/ros2_ex_mav/install/px4_msgs/include/px4_msgs/px4_msgs/msg/detail/parameter_update__struct.h\n'}
[0.386806] (px4_msgs) StdoutLine: {'line': b'-- Up-to-date symlink: /home/lee/workspace/ros2_ex_mav/install/px4_msgs/include/px4_msgs/px4_msgs/msg/detail/parameter_update__type_support.h\n'}
[0.386839] (px4_msgs) StdoutLine: {'line': b'-- Up-to-date symlink: /home/lee/workspace/ros2_ex_mav/install/px4_msgs/include/px4_msgs/px4_msgs/msg/detail/ping__functions.h\n'}
[0.386871] (px4_msgs) StdoutLine: {'line': b'-- Up-to-date symlink: /home/lee/workspace/ros2_ex_mav/install/px4_msgs/include/px4_msgs/px4_msgs/msg/detail/ping__struct.h\n'}
[0.386903] (px4_msgs) StdoutLine: {'line': b'-- Up-to-date symlink: /home/lee/workspace/ros2_ex_mav/install/px4_msgs/include/px4_msgs/px4_msgs/msg/detail/ping__type_support.h\n'}
[0.386937] (px4_msgs) StdoutLine: {'line': b'-- Up-to-date symlink: /home/lee/workspace/ros2_ex_mav/install/px4_msgs/include/px4_msgs/px4_msgs/msg/detail/position_controller_landing_status__functions.h\n'}
[0.386969] (px4_msgs) StdoutLine: {'line': b'-- Up-to-date symlink: /home/lee/workspace/ros2_ex_mav/install/px4_msgs/include/px4_msgs/px4_msgs/msg/detail/position_controller_landing_status__struct.h\n'}
[0.387002] (px4_msgs) StdoutLine: {'line': b'-- Up-to-date symlink: /home/lee/workspace/ros2_ex_mav/install/px4_msgs/include/px4_msgs/px4_msgs/msg/detail/position_controller_landing_status__type_support.h\n'}
[0.387035] (px4_msgs) StdoutLine: {'line': b'-- Up-to-date symlink: /home/lee/workspace/ros2_ex_mav/install/px4_msgs/include/px4_msgs/px4_msgs/msg/detail/position_controller_status__functions.h\n'}
[0.387067] (px4_msgs) StdoutLine: {'line': b'-- Up-to-date symlink: /home/lee/workspace/ros2_ex_mav/install/px4_msgs/include/px4_msgs/px4_msgs/msg/detail/position_controller_status__struct.h\n'}
[0.387100] (px4_msgs) StdoutLine: {'line': b'-- Up-to-date symlink: /home/lee/workspace/ros2_ex_mav/install/px4_msgs/include/px4_msgs/px4_msgs/msg/detail/position_controller_status__type_support.h\n'}
[0.387135] (px4_msgs) StdoutLine: {'line': b'-- Up-to-date symlink: /home/lee/workspace/ros2_ex_mav/install/px4_msgs/include/px4_msgs/px4_msgs/msg/detail/position_setpoint__functions.h\n'}
[0.387168] (px4_msgs) StdoutLine: {'line': b'-- Up-to-date symlink: /home/lee/workspace/ros2_ex_mav/install/px4_msgs/include/px4_msgs/px4_msgs/msg/detail/position_setpoint__struct.h\n'}
[0.387201] (px4_msgs) StdoutLine: {'line': b'-- Up-to-date symlink: /home/lee/workspace/ros2_ex_mav/install/px4_msgs/include/px4_msgs/px4_msgs/msg/detail/position_setpoint__type_support.h\n'}
[0.387252] (px4_msgs) StdoutLine: {'line': b'-- Up-to-date symlink: /home/lee/workspace/ros2_ex_mav/install/px4_msgs/include/px4_msgs/px4_msgs/msg/detail/position_setpoint_triplet__functions.h\n'}
[0.387358] (px4_msgs) StdoutLine: {'line': b'-- Up-to-date symlink: /home/lee/workspace/ros2_ex_mav/install/px4_msgs/include/px4_msgs/px4_msgs/msg/detail/position_setpoint_triplet__struct.h\n'}
[0.387430] (px4_msgs) StdoutLine: {'line': b'-- Up-to-date symlink: /home/lee/workspace/ros2_ex_mav/install/px4_msgs/include/px4_msgs/px4_msgs/msg/detail/position_setpoint_triplet__type_support.h\n'}
[0.387500] (px4_msgs) StdoutLine: {'line': b'-- Up-to-date symlink: /home/lee/workspace/ros2_ex_mav/install/px4_msgs/include/px4_msgs/px4_msgs/msg/detail/power_button_state__functions.h\n'}
[0.387570] (px4_msgs) StdoutLine: {'line': b'-- Up-to-date symlink: /home/lee/workspace/ros2_ex_mav/install/px4_msgs/include/px4_msgs/px4_msgs/msg/detail/power_button_state__struct.h\n'}
[0.387629] (px4_msgs) StdoutLine: {'line': b'-- Up-to-date symlink: /home/lee/workspace/ros2_ex_mav/install/px4_msgs/include/px4_msgs/px4_msgs/msg/detail/power_button_state__type_support.h\n'}
[0.387690] (px4_msgs) StdoutLine: {'line': b'-- Up-to-date symlink: /home/lee/workspace/ros2_ex_mav/install/px4_msgs/include/px4_msgs/px4_msgs/msg/detail/power_monitor__functions.h\n'}
[0.387837] (px4_msgs) StdoutLine: {'line': b'-- Up-to-date symlink: /home/lee/workspace/ros2_ex_mav/install/px4_msgs/include/px4_msgs/px4_msgs/msg/detail/power_monitor__struct.h\n'}
[0.387904] (px4_msgs) StdoutLine: {'line': b'-- Up-to-date symlink: /home/lee/workspace/ros2_ex_mav/install/px4_msgs/include/px4_msgs/px4_msgs/msg/detail/power_monitor__type_support.h\n'}
[0.387968] (px4_msgs) StdoutLine: {'line': b'-- Up-to-date symlink: /home/lee/workspace/ros2_ex_mav/install/px4_msgs/include/px4_msgs/px4_msgs/msg/detail/pps_capture__functions.h\n'}
[0.388031] (px4_msgs) StdoutLine: {'line': b'-- Up-to-date symlink: /home/lee/workspace/ros2_ex_mav/install/px4_msgs/include/px4_msgs/px4_msgs/msg/detail/pps_capture__struct.h\n'}
[0.388093] (px4_msgs) StdoutLine: {'line': b'-- Up-to-date symlink: /home/lee/workspace/ros2_ex_mav/install/px4_msgs/include/px4_msgs/px4_msgs/msg/detail/pps_capture__type_support.h\n'}
[0.388156] (px4_msgs) StdoutLine: {'line': b'-- Up-to-date symlink: /home/lee/workspace/ros2_ex_mav/install/px4_msgs/include/px4_msgs/px4_msgs/msg/detail/pwm_input__functions.h\n'}
[0.388215] (px4_msgs) StdoutLine: {'line': b'-- Up-to-date symlink: /home/lee/workspace/ros2_ex_mav/install/px4_msgs/include/px4_msgs/px4_msgs/msg/detail/pwm_input__struct.h\n'}
[0.388277] (px4_msgs) StdoutLine: {'line': b'-- Up-to-date symlink: /home/lee/workspace/ros2_ex_mav/install/px4_msgs/include/px4_msgs/px4_msgs/msg/detail/pwm_input__type_support.h\n'}
[0.388339] (px4_msgs) StdoutLine: {'line': b'-- Up-to-date symlink: /home/lee/workspace/ros2_ex_mav/install/px4_msgs/include/px4_msgs/px4_msgs/msg/detail/px4io_status__functions.h\n'}
[0.388406] (px4_msgs) StdoutLine: {'line': b'-- Up-to-date symlink: /home/lee/workspace/ros2_ex_mav/install/px4_msgs/include/px4_msgs/px4_msgs/msg/detail/px4io_status__struct.h\n'}
[0.388468] (px4_msgs) StdoutLine: {'line': b'-- Up-to-date symlink: /home/lee/workspace/ros2_ex_mav/install/px4_msgs/include/px4_msgs/px4_msgs/msg/detail/px4io_status__type_support.h\n'}
[0.388529] (px4_msgs) StdoutLine: {'line': b'-- Up-to-date symlink: /home/lee/workspace/ros2_ex_mav/install/px4_msgs/include/px4_msgs/px4_msgs/msg/detail/qshell_req__functions.h\n'}
[0.388589] (px4_msgs) StdoutLine: {'line': b'-- Up-to-date symlink: /home/lee/workspace/ros2_ex_mav/install/px4_msgs/include/px4_msgs/px4_msgs/msg/detail/qshell_req__struct.h\n'}
[0.388648] (px4_msgs) StdoutLine: {'line': b'-- Up-to-date symlink: /home/lee/workspace/ros2_ex_mav/install/px4_msgs/include/px4_msgs/px4_msgs/msg/detail/qshell_req__type_support.h\n'}
[0.388708] (px4_msgs) StdoutLine: {'line': b'-- Up-to-date symlink: /home/lee/workspace/ros2_ex_mav/install/px4_msgs/include/px4_msgs/px4_msgs/msg/detail/qshell_retval__functions.h\n'}
[0.388767] (px4_msgs) StdoutLine: {'line': b'-- Up-to-date symlink: /home/lee/workspace/ros2_ex_mav/install/px4_msgs/include/px4_msgs/px4_msgs/msg/detail/qshell_retval__struct.h\n'}
[0.388821] (px4_msgs) StdoutLine: {'line': b'-- Up-to-date symlink: /home/lee/workspace/ros2_ex_mav/install/px4_msgs/include/px4_msgs/px4_msgs/msg/detail/qshell_retval__type_support.h\n'}
[0.388881] (px4_msgs) StdoutLine: {'line': b'-- Up-to-date symlink: /home/lee/workspace/ros2_ex_mav/install/px4_msgs/include/px4_msgs/px4_msgs/msg/detail/radio_status__functions.h\n'}
[0.388941] (px4_msgs) StdoutLine: {'line': b'-- Up-to-date symlink: /home/lee/workspace/ros2_ex_mav/install/px4_msgs/include/px4_msgs/px4_msgs/msg/detail/radio_status__struct.h\n'}
[0.389002] (px4_msgs) StdoutLine: {'line': b'-- Up-to-date symlink: /home/lee/workspace/ros2_ex_mav/install/px4_msgs/include/px4_msgs/px4_msgs/msg/detail/radio_status__type_support.h\n'}
[0.389062] (px4_msgs) StdoutLine: {'line': b'-- Up-to-date symlink: /home/lee/workspace/ros2_ex_mav/install/px4_msgs/include/px4_msgs/px4_msgs/msg/detail/rate_ctrl_status__functions.h\n'}
[0.389120] (px4_msgs) StdoutLine: {'line': b'-- Up-to-date symlink: /home/lee/workspace/ros2_ex_mav/install/px4_msgs/include/px4_msgs/px4_msgs/msg/detail/rate_ctrl_status__struct.h\n'}
[0.389181] (px4_msgs) StdoutLine: {'line': b'-- Up-to-date symlink: /home/lee/workspace/ros2_ex_mav/install/px4_msgs/include/px4_msgs/px4_msgs/msg/detail/rate_ctrl_status__type_support.h\n'}
[0.389241] (px4_msgs) StdoutLine: {'line': b'-- Up-to-date symlink: /home/lee/workspace/ros2_ex_mav/install/px4_msgs/include/px4_msgs/px4_msgs/msg/detail/rc_channels__functions.h\n'}
[0.389301] (px4_msgs) StdoutLine: {'line': b'-- Up-to-date symlink: /home/lee/workspace/ros2_ex_mav/install/px4_msgs/include/px4_msgs/px4_msgs/msg/detail/rc_channels__struct.h\n'}
[0.389364] (px4_msgs) StdoutLine: {'line': b'-- Up-to-date symlink: /home/lee/workspace/ros2_ex_mav/install/px4_msgs/include/px4_msgs/px4_msgs/msg/detail/rc_channels__type_support.h\n'}
[0.389426] (px4_msgs) StdoutLine: {'line': b'-- Up-to-date symlink: /home/lee/workspace/ros2_ex_mav/install/px4_msgs/include/px4_msgs/px4_msgs/msg/detail/rc_parameter_map__functions.h\n'}
[0.389486] (px4_msgs) StdoutLine: {'line': b'-- Up-to-date symlink: /home/lee/workspace/ros2_ex_mav/install/px4_msgs/include/px4_msgs/px4_msgs/msg/detail/rc_parameter_map__struct.h\n'}
[0.389541] (px4_msgs) StdoutLine: {'line': b'-- Up-to-date symlink: /home/lee/workspace/ros2_ex_mav/install/px4_msgs/include/px4_msgs/px4_msgs/msg/detail/rc_parameter_map__type_support.h\n'}
[0.389601] (px4_msgs) StdoutLine: {'line': b'-- Up-to-date symlink: /home/lee/workspace/ros2_ex_mav/install/px4_msgs/include/px4_msgs/px4_msgs/msg/detail/rpm__functions.h\n'}
[0.389661] (px4_msgs) StdoutLine: {'line': b'-- Up-to-date symlink: /home/lee/workspace/ros2_ex_mav/install/px4_msgs/include/px4_msgs/px4_msgs/msg/detail/rpm__struct.h\n'}
[0.389722] (px4_msgs) StdoutLine: {'line': b'-- Up-to-date symlink: /home/lee/workspace/ros2_ex_mav/install/px4_msgs/include/px4_msgs/px4_msgs/msg/detail/rpm__type_support.h\n'}
[0.389783] (px4_msgs) StdoutLine: {'line': b'-- Up-to-date symlink: /home/lee/workspace/ros2_ex_mav/install/px4_msgs/include/px4_msgs/px4_msgs/msg/detail/rtl_time_estimate__functions.h\n'}
[0.389842] (px4_msgs) StdoutLine: {'line': b'-- Up-to-date symlink: /home/lee/workspace/ros2_ex_mav/install/px4_msgs/include/px4_msgs/px4_msgs/msg/detail/rtl_time_estimate__struct.h\n'}
[0.389903] (px4_msgs) StdoutLine: {'line': b'-- Up-to-date symlink: /home/lee/workspace/ros2_ex_mav/install/px4_msgs/include/px4_msgs/px4_msgs/msg/detail/rtl_time_estimate__type_support.h\n'}
[0.389963] (px4_msgs) StdoutLine: {'line': b'-- Up-to-date symlink: /home/lee/workspace/ros2_ex_mav/install/px4_msgs/include/px4_msgs/px4_msgs/msg/detail/satellite_info__functions.h\n'}
[0.390024] (px4_msgs) StdoutLine: {'line': b'-- Up-to-date symlink: /home/lee/workspace/ros2_ex_mav/install/px4_msgs/include/px4_msgs/px4_msgs/msg/detail/satellite_info__struct.h\n'}
[0.390084] (px4_msgs) StdoutLine: {'line': b'-- Up-to-date symlink: /home/lee/workspace/ros2_ex_mav/install/px4_msgs/include/px4_msgs/px4_msgs/msg/detail/satellite_info__type_support.h\n'}
[0.390145] (px4_msgs) StdoutLine: {'line': b'-- Up-to-date symlink: /home/lee/workspace/ros2_ex_mav/install/px4_msgs/include/px4_msgs/px4_msgs/msg/detail/sensor_accel__functions.h\n'}
[0.390204] (px4_msgs) StdoutLine: {'line': b'-- Up-to-date symlink: /home/lee/workspace/ros2_ex_mav/install/px4_msgs/include/px4_msgs/px4_msgs/msg/detail/sensor_accel__struct.h\n'}
[0.390259] (px4_msgs) StdoutLine: {'line': b'-- Up-to-date symlink: /home/lee/workspace/ros2_ex_mav/install/px4_msgs/include/px4_msgs/px4_msgs/msg/detail/sensor_accel__type_support.h\n'}
[0.390319] (px4_msgs) StdoutLine: {'line': b'-- Up-to-date symlink: /home/lee/workspace/ros2_ex_mav/install/px4_msgs/include/px4_msgs/px4_msgs/msg/detail/sensor_accel_fifo__functions.h\n'}
[0.390406] (px4_msgs) StdoutLine: {'line': b'-- Up-to-date symlink: /home/lee/workspace/ros2_ex_mav/install/px4_msgs/include/px4_msgs/px4_msgs/msg/detail/sensor_accel_fifo__struct.h\n'}
[0.390440] (px4_msgs) StdoutLine: {'line': b'-- Up-to-date symlink: /home/lee/workspace/ros2_ex_mav/install/px4_msgs/include/px4_msgs/px4_msgs/msg/detail/sensor_accel_fifo__type_support.h\n'}
[0.390471] (px4_msgs) StdoutLine: {'line': b'-- Up-to-date symlink: /home/lee/workspace/ros2_ex_mav/install/px4_msgs/include/px4_msgs/px4_msgs/msg/detail/sensor_baro__functions.h\n'}
[0.390498] (px4_msgs) StdoutLine: {'line': b'-- Up-to-date symlink: /home/lee/workspace/ros2_ex_mav/install/px4_msgs/include/px4_msgs/px4_msgs/msg/detail/sensor_baro__struct.h\n'}
[0.390523] (px4_msgs) StdoutLine: {'line': b'-- Up-to-date symlink: /home/lee/workspace/ros2_ex_mav/install/px4_msgs/include/px4_msgs/px4_msgs/msg/detail/sensor_baro__type_support.h\n'}
[0.390548] (px4_msgs) StdoutLine: {'line': b'-- Up-to-date symlink: /home/lee/workspace/ros2_ex_mav/install/px4_msgs/include/px4_msgs/px4_msgs/msg/detail/sensor_combined__functions.h\n'}
[0.390573] (px4_msgs) StdoutLine: {'line': b'-- Up-to-date symlink: /home/lee/workspace/ros2_ex_mav/install/px4_msgs/include/px4_msgs/px4_msgs/msg/detail/sensor_combined__struct.h\n'}
[0.390598] (px4_msgs) StdoutLine: {'line': b'-- Up-to-date symlink: /home/lee/workspace/ros2_ex_mav/install/px4_msgs/include/px4_msgs/px4_msgs/msg/detail/sensor_combined__type_support.h\n'}
[0.390622] (px4_msgs) StdoutLine: {'line': b'-- Up-to-date symlink: /home/lee/workspace/ros2_ex_mav/install/px4_msgs/include/px4_msgs/px4_msgs/msg/detail/sensor_correction__functions.h\n'}
[0.390647] (px4_msgs) StdoutLine: {'line': b'-- Up-to-date symlink: /home/lee/workspace/ros2_ex_mav/install/px4_msgs/include/px4_msgs/px4_msgs/msg/detail/sensor_correction__struct.h\n'}
[0.390672] (px4_msgs) StdoutLine: {'line': b'-- Up-to-date symlink: /home/lee/workspace/ros2_ex_mav/install/px4_msgs/include/px4_msgs/px4_msgs/msg/detail/sensor_correction__type_support.h\n'}
[0.390697] (px4_msgs) StdoutLine: {'line': b'-- Up-to-date symlink: /home/lee/workspace/ros2_ex_mav/install/px4_msgs/include/px4_msgs/px4_msgs/msg/detail/sensor_gnss_relative__functions.h\n'}
[0.390740] (px4_msgs) StdoutLine: {'line': b'-- Up-to-date symlink: /home/lee/workspace/ros2_ex_mav/install/px4_msgs/include/px4_msgs/px4_msgs/msg/detail/sensor_gnss_relative__struct.h\n'}
[0.390766] (px4_msgs) StdoutLine: {'line': b'-- Up-to-date symlink: /home/lee/workspace/ros2_ex_mav/install/px4_msgs/include/px4_msgs/px4_msgs/msg/detail/sensor_gnss_relative__type_support.h\n'}
[0.390799] (px4_msgs) StdoutLine: {'line': b'-- Up-to-date symlink: /home/lee/workspace/ros2_ex_mav/install/px4_msgs/include/px4_msgs/px4_msgs/msg/detail/sensor_gps__functions.h\n'}
[0.390822] (px4_msgs) StdoutLine: {'line': b'-- Up-to-date symlink: /home/lee/workspace/ros2_ex_mav/install/px4_msgs/include/px4_msgs/px4_msgs/msg/detail/sensor_gps__struct.h\n'}
[0.390847] (px4_msgs) StdoutLine: {'line': b'-- Up-to-date symlink: /home/lee/workspace/ros2_ex_mav/install/px4_msgs/include/px4_msgs/px4_msgs/msg/detail/sensor_gps__type_support.h\n'}
[0.390872] (px4_msgs) StdoutLine: {'line': b'-- Up-to-date symlink: /home/lee/workspace/ros2_ex_mav/install/px4_msgs/include/px4_msgs/px4_msgs/msg/detail/sensor_gyro__functions.h\n'}
[0.390896] (px4_msgs) StdoutLine: {'line': b'-- Up-to-date symlink: /home/lee/workspace/ros2_ex_mav/install/px4_msgs/include/px4_msgs/px4_msgs/msg/detail/sensor_gyro__struct.h\n'}
[0.390920] (px4_msgs) StdoutLine: {'line': b'-- Up-to-date symlink: /home/lee/workspace/ros2_ex_mav/install/px4_msgs/include/px4_msgs/px4_msgs/msg/detail/sensor_gyro__type_support.h\n'}
[0.390944] (px4_msgs) StdoutLine: {'line': b'-- Up-to-date symlink: /home/lee/workspace/ros2_ex_mav/install/px4_msgs/include/px4_msgs/px4_msgs/msg/detail/sensor_gyro_fft__functions.h\n'}
[0.390968] (px4_msgs) StdoutLine: {'line': b'-- Up-to-date symlink: /home/lee/workspace/ros2_ex_mav/install/px4_msgs/include/px4_msgs/px4_msgs/msg/detail/sensor_gyro_fft__struct.h\n'}
[0.390993] (px4_msgs) StdoutLine: {'line': b'-- Up-to-date symlink: /home/lee/workspace/ros2_ex_mav/install/px4_msgs/include/px4_msgs/px4_msgs/msg/detail/sensor_gyro_fft__type_support.h\n'}
[0.391016] (px4_msgs) StdoutLine: {'line': b'-- Up-to-date symlink: /home/lee/workspace/ros2_ex_mav/install/px4_msgs/include/px4_msgs/px4_msgs/msg/detail/sensor_gyro_fifo__functions.h\n'}
[0.391049] (px4_msgs) StdoutLine: {'line': b'-- Up-to-date symlink: /home/lee/workspace/ros2_ex_mav/install/px4_msgs/include/px4_msgs/px4_msgs/msg/detail/sensor_gyro_fifo__struct.h\n'}
[0.391074] (px4_msgs) StdoutLine: {'line': b'-- Up-to-date symlink: /home/lee/workspace/ros2_ex_mav/install/px4_msgs/include/px4_msgs/px4_msgs/msg/detail/sensor_gyro_fifo__type_support.h\n'}
[0.391099] (px4_msgs) StdoutLine: {'line': b'-- Up-to-date symlink: /home/lee/workspace/ros2_ex_mav/install/px4_msgs/include/px4_msgs/px4_msgs/msg/detail/sensor_hygrometer__functions.h\n'}
[0.391123] (px4_msgs) StdoutLine: {'line': b'-- Up-to-date symlink: /home/lee/workspace/ros2_ex_mav/install/px4_msgs/include/px4_msgs/px4_msgs/msg/detail/sensor_hygrometer__struct.h\n'}
[0.391147] (px4_msgs) StdoutLine: {'line': b'-- Up-to-date symlink: /home/lee/workspace/ros2_ex_mav/install/px4_msgs/include/px4_msgs/px4_msgs/msg/detail/sensor_hygrometer__type_support.h\n'}
[0.391171] (px4_msgs) StdoutLine: {'line': b'-- Up-to-date symlink: /home/lee/workspace/ros2_ex_mav/install/px4_msgs/include/px4_msgs/px4_msgs/msg/detail/sensor_mag__functions.h\n'}
[0.391195] (px4_msgs) StdoutLine: {'line': b'-- Up-to-date symlink: /home/lee/workspace/ros2_ex_mav/install/px4_msgs/include/px4_msgs/px4_msgs/msg/detail/sensor_mag__struct.h\n'}
[0.391218] (px4_msgs) StdoutLine: {'line': b'-- Up-to-date symlink: /home/lee/workspace/ros2_ex_mav/install/px4_msgs/include/px4_msgs/px4_msgs/msg/detail/sensor_mag__type_support.h\n'}
[0.391242] (px4_msgs) StdoutLine: {'line': b'-- Up-to-date symlink: /home/lee/workspace/ros2_ex_mav/install/px4_msgs/include/px4_msgs/px4_msgs/msg/detail/sensor_optical_flow__functions.h\n'}
[0.391266] (px4_msgs) StdoutLine: {'line': b'-- Up-to-date symlink: /home/lee/workspace/ros2_ex_mav/install/px4_msgs/include/px4_msgs/px4_msgs/msg/detail/sensor_optical_flow__struct.h\n'}
[0.391291] (px4_msgs) StdoutLine: {'line': b'-- Up-to-date symlink: /home/lee/workspace/ros2_ex_mav/install/px4_msgs/include/px4_msgs/px4_msgs/msg/detail/sensor_optical_flow__type_support.h\n'}
[0.391315] (px4_msgs) StdoutLine: {'line': b'-- Up-to-date symlink: /home/lee/workspace/ros2_ex_mav/install/px4_msgs/include/px4_msgs/px4_msgs/msg/detail/sensor_preflight_mag__functions.h\n'}
[0.391340] (px4_msgs) StdoutLine: {'line': b'-- Up-to-date symlink: /home/lee/workspace/ros2_ex_mav/install/px4_msgs/include/px4_msgs/px4_msgs/msg/detail/sensor_preflight_mag__struct.h\n'}
[0.391397] (px4_msgs) StdoutLine: {'line': b'-- Up-to-date symlink: /home/lee/workspace/ros2_ex_mav/install/px4_msgs/include/px4_msgs/px4_msgs/msg/detail/sensor_preflight_mag__type_support.h\n'}
[0.391424] (px4_msgs) StdoutLine: {'line': b'-- Up-to-date symlink: /home/lee/workspace/ros2_ex_mav/install/px4_msgs/include/px4_msgs/px4_msgs/msg/detail/sensor_selection__functions.h\n'}
[0.391462] (px4_msgs) StdoutLine: {'line': b'-- Up-to-date symlink: /home/lee/workspace/ros2_ex_mav/install/px4_msgs/include/px4_msgs/px4_msgs/msg/detail/sensor_selection__struct.h\n'}
[0.391484] (px4_msgs) StdoutLine: {'line': b'-- Up-to-date symlink: /home/lee/workspace/ros2_ex_mav/install/px4_msgs/include/px4_msgs/px4_msgs/msg/detail/sensor_selection__type_support.h\n'}
[0.391510] (px4_msgs) StdoutLine: {'line': b'-- Up-to-date symlink: /home/lee/workspace/ros2_ex_mav/install/px4_msgs/include/px4_msgs/px4_msgs/msg/detail/sensor_uwb__functions.h\n'}
[0.391536] (px4_msgs) StdoutLine: {'line': b'-- Up-to-date symlink: /home/lee/workspace/ros2_ex_mav/install/px4_msgs/include/px4_msgs/px4_msgs/msg/detail/sensor_uwb__struct.h\n'}
[0.391562] (px4_msgs) StdoutLine: {'line': b'-- Up-to-date symlink: /home/lee/workspace/ros2_ex_mav/install/px4_msgs/include/px4_msgs/px4_msgs/msg/detail/sensor_uwb__type_support.h\n'}
[0.391599] (px4_msgs) StdoutLine: {'line': b'-- Up-to-date symlink: /home/lee/workspace/ros2_ex_mav/install/px4_msgs/include/px4_msgs/px4_msgs/msg/detail/sensors_status__functions.h\n'}
[0.391624] (px4_msgs) StdoutLine: {'line': b'-- Up-to-date symlink: /home/lee/workspace/ros2_ex_mav/install/px4_msgs/include/px4_msgs/px4_msgs/msg/detail/sensors_status__struct.h\n'}
[0.391650] (px4_msgs) StdoutLine: {'line': b'-- Up-to-date symlink: /home/lee/workspace/ros2_ex_mav/install/px4_msgs/include/px4_msgs/px4_msgs/msg/detail/sensors_status__type_support.h\n'}
[0.391675] (px4_msgs) StdoutLine: {'line': b'-- Up-to-date symlink: /home/lee/workspace/ros2_ex_mav/install/px4_msgs/include/px4_msgs/px4_msgs/msg/detail/sensors_status_imu__functions.h\n'}
[0.391700] (px4_msgs) StdoutLine: {'line': b'-- Up-to-date symlink: /home/lee/workspace/ros2_ex_mav/install/px4_msgs/include/px4_msgs/px4_msgs/msg/detail/sensors_status_imu__struct.h\n'}
[0.391726] (px4_msgs) StdoutLine: {'line': b'-- Up-to-date symlink: /home/lee/workspace/ros2_ex_mav/install/px4_msgs/include/px4_msgs/px4_msgs/msg/detail/sensors_status_imu__type_support.h\n'}
[0.391752] (px4_msgs) StdoutLine: {'line': b'-- Up-to-date symlink: /home/lee/workspace/ros2_ex_mav/install/px4_msgs/include/px4_msgs/px4_msgs/msg/detail/system_power__functions.h\n'}
[0.391776] (px4_msgs) StdoutLine: {'line': b'-- Up-to-date symlink: /home/lee/workspace/ros2_ex_mav/install/px4_msgs/include/px4_msgs/px4_msgs/msg/detail/system_power__struct.h\n'}
[0.391800] (px4_msgs) StdoutLine: {'line': b'-- Up-to-date symlink: /home/lee/workspace/ros2_ex_mav/install/px4_msgs/include/px4_msgs/px4_msgs/msg/detail/system_power__type_support.h\n'}
[0.391824] (px4_msgs) StdoutLine: {'line': b'-- Up-to-date symlink: /home/lee/workspace/ros2_ex_mav/install/px4_msgs/include/px4_msgs/px4_msgs/msg/detail/takeoff_status__functions.h\n'}
[0.391848] (px4_msgs) StdoutLine: {'line': b'-- Up-to-date symlink: /home/lee/workspace/ros2_ex_mav/install/px4_msgs/include/px4_msgs/px4_msgs/msg/detail/takeoff_status__struct.h\n'}
[0.391872] (px4_msgs) StdoutLine: {'line': b'-- Up-to-date symlink: /home/lee/workspace/ros2_ex_mav/install/px4_msgs/include/px4_msgs/px4_msgs/msg/detail/takeoff_status__type_support.h\n'}
[0.391896] (px4_msgs) StdoutLine: {'line': b'-- Up-to-date symlink: /home/lee/workspace/ros2_ex_mav/install/px4_msgs/include/px4_msgs/px4_msgs/msg/detail/task_stack_info__functions.h\n'}
[0.391920] (px4_msgs) StdoutLine: {'line': b'-- Up-to-date symlink: /home/lee/workspace/ros2_ex_mav/install/px4_msgs/include/px4_msgs/px4_msgs/msg/detail/task_stack_info__struct.h\n'}
[0.391944] (px4_msgs) StdoutLine: {'line': b'-- Up-to-date symlink: /home/lee/workspace/ros2_ex_mav/install/px4_msgs/include/px4_msgs/px4_msgs/msg/detail/task_stack_info__type_support.h\n'}
[0.391968] (px4_msgs) StdoutLine: {'line': b'-- Up-to-date symlink: /home/lee/workspace/ros2_ex_mav/install/px4_msgs/include/px4_msgs/px4_msgs/msg/detail/tecs_status__functions.h\n'}
[0.391992] (px4_msgs) StdoutLine: {'line': b'-- Up-to-date symlink: /home/lee/workspace/ros2_ex_mav/install/px4_msgs/include/px4_msgs/px4_msgs/msg/detail/tecs_status__struct.h\n'}
[0.392015] (px4_msgs) StdoutLine: {'line': b'-- Up-to-date symlink: /home/lee/workspace/ros2_ex_mav/install/px4_msgs/include/px4_msgs/px4_msgs/msg/detail/tecs_status__type_support.h\n'}
[0.392039] (px4_msgs) StdoutLine: {'line': b'-- Up-to-date symlink: /home/lee/workspace/ros2_ex_mav/install/px4_msgs/include/px4_msgs/px4_msgs/msg/detail/telemetry_status__functions.h\n'}
[0.392063] (px4_msgs) StdoutLine: {'line': b'-- Up-to-date symlink: /home/lee/workspace/ros2_ex_mav/install/px4_msgs/include/px4_msgs/px4_msgs/msg/detail/telemetry_status__struct.h\n'}
[0.392086] (px4_msgs) StdoutLine: {'line': b'-- Up-to-date symlink: /home/lee/workspace/ros2_ex_mav/install/px4_msgs/include/px4_msgs/px4_msgs/msg/detail/telemetry_status__type_support.h\n'}
[0.392110] (px4_msgs) StdoutLine: {'line': b'-- Up-to-date symlink: /home/lee/workspace/ros2_ex_mav/install/px4_msgs/include/px4_msgs/px4_msgs/msg/detail/tiltrotor_extra_controls__functions.h\n'}
[0.392133] (px4_msgs) StdoutLine: {'line': b'-- Up-to-date symlink: /home/lee/workspace/ros2_ex_mav/install/px4_msgs/include/px4_msgs/px4_msgs/msg/detail/tiltrotor_extra_controls__struct.h\n'}
[0.392187] (px4_msgs) StdoutLine: {'line': b'-- Up-to-date symlink: /home/lee/workspace/ros2_ex_mav/install/px4_msgs/include/px4_msgs/px4_msgs/msg/detail/tiltrotor_extra_controls__type_support.h\n'}
[0.392214] (px4_msgs) StdoutLine: {'line': b'-- Up-to-date symlink: /home/lee/workspace/ros2_ex_mav/install/px4_msgs/include/px4_msgs/px4_msgs/msg/detail/timesync_status__functions.h\n'}
[0.392240] (px4_msgs) StdoutLine: {'line': b'-- Up-to-date symlink: /home/lee/workspace/ros2_ex_mav/install/px4_msgs/include/px4_msgs/px4_msgs/msg/detail/timesync_status__struct.h\n'}
[0.392265] (px4_msgs) StdoutLine: {'line': b'-- Up-to-date symlink: /home/lee/workspace/ros2_ex_mav/install/px4_msgs/include/px4_msgs/px4_msgs/msg/detail/timesync_status__type_support.h\n'}
[0.392289] (px4_msgs) StdoutLine: {'line': b'-- Up-to-date symlink: /home/lee/workspace/ros2_ex_mav/install/px4_msgs/include/px4_msgs/px4_msgs/msg/detail/trajectory_bezier__functions.h\n'}
[0.392325] (px4_msgs) StdoutLine: {'line': b'-- Up-to-date symlink: /home/lee/workspace/ros2_ex_mav/install/px4_msgs/include/px4_msgs/px4_msgs/msg/detail/trajectory_bezier__struct.h\n'}
[0.392359] (px4_msgs) StdoutLine: {'line': b'-- Up-to-date symlink: /home/lee/workspace/ros2_ex_mav/install/px4_msgs/include/px4_msgs/px4_msgs/msg/detail/trajectory_bezier__type_support.h\n'}
[0.392392] (px4_msgs) StdoutLine: {'line': b'-- Up-to-date symlink: /home/lee/workspace/ros2_ex_mav/install/px4_msgs/include/px4_msgs/px4_msgs/msg/detail/trajectory_setpoint__functions.h\n'}
[0.392417] (px4_msgs) StdoutLine: {'line': b'-- Up-to-date symlink: /home/lee/workspace/ros2_ex_mav/install/px4_msgs/include/px4_msgs/px4_msgs/msg/detail/trajectory_setpoint__struct.h\n'}
[0.392442] (px4_msgs) StdoutLine: {'line': b'-- Up-to-date symlink: /home/lee/workspace/ros2_ex_mav/install/px4_msgs/include/px4_msgs/px4_msgs/msg/detail/trajectory_setpoint__type_support.h\n'}
[0.392466] (px4_msgs) StdoutLine: {'line': b'-- Up-to-date symlink: /home/lee/workspace/ros2_ex_mav/install/px4_msgs/include/px4_msgs/px4_msgs/msg/detail/trajectory_waypoint__functions.h\n'}
[0.392491] (px4_msgs) StdoutLine: {'line': b'-- Up-to-date symlink: /home/lee/workspace/ros2_ex_mav/install/px4_msgs/include/px4_msgs/px4_msgs/msg/detail/trajectory_waypoint__struct.h\n'}
[0.392516] (px4_msgs) StdoutLine: {'line': b'-- Up-to-date symlink: /home/lee/workspace/ros2_ex_mav/install/px4_msgs/include/px4_msgs/px4_msgs/msg/detail/trajectory_waypoint__type_support.h\n'}
[0.392542] (px4_msgs) StdoutLine: {'line': b'-- Up-to-date symlink: /home/lee/workspace/ros2_ex_mav/install/px4_msgs/include/px4_msgs/px4_msgs/msg/detail/transponder_report__functions.h\n'}
[0.392566] (px4_msgs) StdoutLine: {'line': b'-- Up-to-date symlink: /home/lee/workspace/ros2_ex_mav/install/px4_msgs/include/px4_msgs/px4_msgs/msg/detail/transponder_report__struct.h\n'}
[0.392590] (px4_msgs) StdoutLine: {'line': b'-- Up-to-date symlink: /home/lee/workspace/ros2_ex_mav/install/px4_msgs/include/px4_msgs/px4_msgs/msg/detail/transponder_report__type_support.h\n'}
[0.392614] (px4_msgs) StdoutLine: {'line': b'-- Up-to-date symlink: /home/lee/workspace/ros2_ex_mav/install/px4_msgs/include/px4_msgs/px4_msgs/msg/detail/tune_control__functions.h\n'}
[0.392639] (px4_msgs) StdoutLine: {'line': b'-- Up-to-date symlink: /home/lee/workspace/ros2_ex_mav/install/px4_msgs/include/px4_msgs/px4_msgs/msg/detail/tune_control__struct.h\n'}
[0.392663] (px4_msgs) StdoutLine: {'line': b'-- Up-to-date symlink: /home/lee/workspace/ros2_ex_mav/install/px4_msgs/include/px4_msgs/px4_msgs/msg/detail/tune_control__type_support.h\n'}
[0.392687] (px4_msgs) StdoutLine: {'line': b'-- Up-to-date symlink: /home/lee/workspace/ros2_ex_mav/install/px4_msgs/include/px4_msgs/px4_msgs/msg/detail/uavcan_parameter_request__functions.h\n'}
[0.392711] (px4_msgs) StdoutLine: {'line': b'-- Up-to-date symlink: /home/lee/workspace/ros2_ex_mav/install/px4_msgs/include/px4_msgs/px4_msgs/msg/detail/uavcan_parameter_request__struct.h\n'}
[0.392742] (px4_msgs) StdoutLine: {'line': b'-- Up-to-date symlink: /home/lee/workspace/ros2_ex_mav/install/px4_msgs/include/px4_msgs/px4_msgs/msg/detail/uavcan_parameter_request__type_support.h\n'}
[0.392784] (px4_msgs) StdoutLine: {'line': b'-- Up-to-date symlink: /home/lee/workspace/ros2_ex_mav/install/px4_msgs/include/px4_msgs/px4_msgs/msg/detail/uavcan_parameter_value__functions.h\n'}
[0.392811] (px4_msgs) StdoutLine: {'line': b'-- Up-to-date symlink: /home/lee/workspace/ros2_ex_mav/install/px4_msgs/include/px4_msgs/px4_msgs/msg/detail/uavcan_parameter_value__struct.h\n'}
[0.392836] (px4_msgs) StdoutLine: {'line': b'-- Up-to-date symlink: /home/lee/workspace/ros2_ex_mav/install/px4_msgs/include/px4_msgs/px4_msgs/msg/detail/uavcan_parameter_value__type_support.h\n'}
[0.392861] (px4_msgs) StdoutLine: {'line': b'-- Up-to-date symlink: /home/lee/workspace/ros2_ex_mav/install/px4_msgs/include/px4_msgs/px4_msgs/msg/detail/ulog_stream__functions.h\n'}
[0.392886] (px4_msgs) StdoutLine: {'line': b'-- Up-to-date symlink: /home/lee/workspace/ros2_ex_mav/install/px4_msgs/include/px4_msgs/px4_msgs/msg/detail/ulog_stream__struct.h\n'}
[0.392910] (px4_msgs) StdoutLine: {'line': b'-- Up-to-date symlink: /home/lee/workspace/ros2_ex_mav/install/px4_msgs/include/px4_msgs/px4_msgs/msg/detail/ulog_stream__type_support.h\n'}
[0.392942] (px4_msgs) StdoutLine: {'line': b'-- Up-to-date symlink: /home/lee/workspace/ros2_ex_mav/install/px4_msgs/include/px4_msgs/px4_msgs/msg/detail/ulog_stream_ack__functions.h\n'}
[0.392967] (px4_msgs) StdoutLine: {'line': b'-- Up-to-date symlink: /home/lee/workspace/ros2_ex_mav/install/px4_msgs/include/px4_msgs/px4_msgs/msg/detail/ulog_stream_ack__struct.h\n'}
[0.392992] (px4_msgs) StdoutLine: {'line': b'-- Up-to-date symlink: /home/lee/workspace/ros2_ex_mav/install/px4_msgs/include/px4_msgs/px4_msgs/msg/detail/ulog_stream_ack__type_support.h\n'}
[0.393016] (px4_msgs) StdoutLine: {'line': b'-- Up-to-date symlink: /home/lee/workspace/ros2_ex_mav/install/px4_msgs/include/px4_msgs/px4_msgs/msg/detail/vehicle_acceleration__functions.h\n'}
[0.393041] (px4_msgs) StdoutLine: {'line': b'-- Up-to-date symlink: /home/lee/workspace/ros2_ex_mav/install/px4_msgs/include/px4_msgs/px4_msgs/msg/detail/vehicle_acceleration__struct.h\n'}
[0.393066] (px4_msgs) StdoutLine: {'line': b'-- Up-to-date symlink: /home/lee/workspace/ros2_ex_mav/install/px4_msgs/include/px4_msgs/px4_msgs/msg/detail/vehicle_acceleration__type_support.h\n'}
[0.393091] (px4_msgs) StdoutLine: {'line': b'-- Up-to-date symlink: /home/lee/workspace/ros2_ex_mav/install/px4_msgs/include/px4_msgs/px4_msgs/msg/detail/vehicle_air_data__functions.h\n'}
[0.393115] (px4_msgs) StdoutLine: {'line': b'-- Up-to-date symlink: /home/lee/workspace/ros2_ex_mav/install/px4_msgs/include/px4_msgs/px4_msgs/msg/detail/vehicle_air_data__struct.h\n'}
[0.393161] (px4_msgs) StdoutLine: {'line': b'-- Up-to-date symlink: /home/lee/workspace/ros2_ex_mav/install/px4_msgs/include/px4_msgs/px4_msgs/msg/detail/vehicle_air_data__type_support.h\n'}
[0.393189] (px4_msgs) StdoutLine: {'line': b'-- Up-to-date symlink: /home/lee/workspace/ros2_ex_mav/install/px4_msgs/include/px4_msgs/px4_msgs/msg/detail/vehicle_angular_acceleration_setpoint__functions.h\n'}
[0.393215] (px4_msgs) StdoutLine: {'line': b'-- Up-to-date symlink: /home/lee/workspace/ros2_ex_mav/install/px4_msgs/include/px4_msgs/px4_msgs/msg/detail/vehicle_angular_acceleration_setpoint__struct.h\n'}
[0.393241] (px4_msgs) StdoutLine: {'line': b'-- Up-to-date symlink: /home/lee/workspace/ros2_ex_mav/install/px4_msgs/include/px4_msgs/px4_msgs/msg/detail/vehicle_angular_acceleration_setpoint__type_support.h\n'}
[0.393266] (px4_msgs) StdoutLine: {'line': b'-- Up-to-date symlink: /home/lee/workspace/ros2_ex_mav/install/px4_msgs/include/px4_msgs/px4_msgs/msg/detail/vehicle_angular_velocity__functions.h\n'}
[0.393290] (px4_msgs) StdoutLine: {'line': b'-- Up-to-date symlink: /home/lee/workspace/ros2_ex_mav/install/px4_msgs/include/px4_msgs/px4_msgs/msg/detail/vehicle_angular_velocity__struct.h\n'}
[0.393314] (px4_msgs) StdoutLine: {'line': b'-- Up-to-date symlink: /home/lee/workspace/ros2_ex_mav/install/px4_msgs/include/px4_msgs/px4_msgs/msg/detail/vehicle_angular_velocity__type_support.h\n'}
[0.393349] (px4_msgs) StdoutLine: {'line': b'-- Up-to-date symlink: /home/lee/workspace/ros2_ex_mav/install/px4_msgs/include/px4_msgs/px4_msgs/msg/detail/vehicle_attitude__functions.h\n'}
[0.393376] (px4_msgs) StdoutLine: {'line': b'-- Up-to-date symlink: /home/lee/workspace/ros2_ex_mav/install/px4_msgs/include/px4_msgs/px4_msgs/msg/detail/vehicle_attitude__struct.h\n'}
[0.393400] (px4_msgs) StdoutLine: {'line': b'-- Up-to-date symlink: /home/lee/workspace/ros2_ex_mav/install/px4_msgs/include/px4_msgs/px4_msgs/msg/detail/vehicle_attitude__type_support.h\n'}
[0.393425] (px4_msgs) StdoutLine: {'line': b'-- Up-to-date symlink: /home/lee/workspace/ros2_ex_mav/install/px4_msgs/include/px4_msgs/px4_msgs/msg/detail/vehicle_attitude_setpoint__functions.h\n'}
[0.393449] (px4_msgs) StdoutLine: {'line': b'-- Up-to-date symlink: /home/lee/workspace/ros2_ex_mav/install/px4_msgs/include/px4_msgs/px4_msgs/msg/detail/vehicle_attitude_setpoint__struct.h\n'}
[0.393473] (px4_msgs) StdoutLine: {'line': b'-- Up-to-date symlink: /home/lee/workspace/ros2_ex_mav/install/px4_msgs/include/px4_msgs/px4_msgs/msg/detail/vehicle_attitude_setpoint__type_support.h\n'}
[0.393496] (px4_msgs) StdoutLine: {'line': b'-- Up-to-date symlink: /home/lee/workspace/ros2_ex_mav/install/px4_msgs/include/px4_msgs/px4_msgs/msg/detail/vehicle_command__functions.h\n'}
[0.393521] (px4_msgs) StdoutLine: {'line': b'-- Up-to-date symlink: /home/lee/workspace/ros2_ex_mav/install/px4_msgs/include/px4_msgs/px4_msgs/msg/detail/vehicle_command__struct.h\n'}
[0.393547] (px4_msgs) StdoutLine: {'line': b'-- Up-to-date symlink: /home/lee/workspace/ros2_ex_mav/install/px4_msgs/include/px4_msgs/px4_msgs/msg/detail/vehicle_command__type_support.h\n'}
[0.393571] (px4_msgs) StdoutLine: {'line': b'-- Up-to-date symlink: /home/lee/workspace/ros2_ex_mav/install/px4_msgs/include/px4_msgs/px4_msgs/msg/detail/vehicle_command_ack__functions.h\n'}
[0.393606] (px4_msgs) StdoutLine: {'line': b'-- Up-to-date symlink: /home/lee/workspace/ros2_ex_mav/install/px4_msgs/include/px4_msgs/px4_msgs/msg/detail/vehicle_command_ack__struct.h\n'}
[0.393633] (px4_msgs) StdoutLine: {'line': b'-- Up-to-date symlink: /home/lee/workspace/ros2_ex_mav/install/px4_msgs/include/px4_msgs/px4_msgs/msg/detail/vehicle_command_ack__type_support.h\n'}
[0.393670] (px4_msgs) StdoutLine: {'line': b'-- Up-to-date symlink: /home/lee/workspace/ros2_ex_mav/install/px4_msgs/include/px4_msgs/px4_msgs/msg/detail/vehicle_constraints__functions.h\n'}
[0.393697] (px4_msgs) StdoutLine: {'line': b'-- Up-to-date symlink: /home/lee/workspace/ros2_ex_mav/install/px4_msgs/include/px4_msgs/px4_msgs/msg/detail/vehicle_constraints__struct.h\n'}
[0.393722] (px4_msgs) StdoutLine: {'line': b'-- Up-to-date symlink: /home/lee/workspace/ros2_ex_mav/install/px4_msgs/include/px4_msgs/px4_msgs/msg/detail/vehicle_constraints__type_support.h\n'}
[0.393747] (px4_msgs) StdoutLine: {'line': b'-- Up-to-date symlink: /home/lee/workspace/ros2_ex_mav/install/px4_msgs/include/px4_msgs/px4_msgs/msg/detail/vehicle_control_mode__functions.h\n'}
[0.393771] (px4_msgs) StdoutLine: {'line': b'-- Up-to-date symlink: /home/lee/workspace/ros2_ex_mav/install/px4_msgs/include/px4_msgs/px4_msgs/msg/detail/vehicle_control_mode__struct.h\n'}
[0.393795] (px4_msgs) StdoutLine: {'line': b'-- Up-to-date symlink: /home/lee/workspace/ros2_ex_mav/install/px4_msgs/include/px4_msgs/px4_msgs/msg/detail/vehicle_control_mode__type_support.h\n'}
[0.393819] (px4_msgs) StdoutLine: {'line': b'-- Up-to-date symlink: /home/lee/workspace/ros2_ex_mav/install/px4_msgs/include/px4_msgs/px4_msgs/msg/detail/vehicle_global_position__functions.h\n'}
[0.393844] (px4_msgs) StdoutLine: {'line': b'-- Up-to-date symlink: /home/lee/workspace/ros2_ex_mav/install/px4_msgs/include/px4_msgs/px4_msgs/msg/detail/vehicle_global_position__struct.h\n'}
[0.393868] (px4_msgs) StdoutLine: {'line': b'-- Up-to-date symlink: /home/lee/workspace/ros2_ex_mav/install/px4_msgs/include/px4_msgs/px4_msgs/msg/detail/vehicle_global_position__type_support.h\n'}
[0.393911] (px4_msgs) StdoutLine: {'line': b'-- Up-to-date symlink: /home/lee/workspace/ros2_ex_mav/install/px4_msgs/include/px4_msgs/px4_msgs/msg/detail/vehicle_imu__functions.h\n'}
[0.393939] (px4_msgs) StdoutLine: {'line': b'-- Up-to-date symlink: /home/lee/workspace/ros2_ex_mav/install/px4_msgs/include/px4_msgs/px4_msgs/msg/detail/vehicle_imu__struct.h\n'}
[0.393959] (px4_msgs) StdoutLine: {'line': b'-- Up-to-date symlink: /home/lee/workspace/ros2_ex_mav/install/px4_msgs/include/px4_msgs/px4_msgs/msg/detail/vehicle_imu__type_support.h\n'}
[0.393985] (px4_msgs) StdoutLine: {'line': b'-- Up-to-date symlink: /home/lee/workspace/ros2_ex_mav/install/px4_msgs/include/px4_msgs/px4_msgs/msg/detail/vehicle_imu_status__functions.h\n'}
[0.394009] (px4_msgs) StdoutLine: {'line': b'-- Up-to-date symlink: /home/lee/workspace/ros2_ex_mav/install/px4_msgs/include/px4_msgs/px4_msgs/msg/detail/vehicle_imu_status__struct.h\n'}
[0.394042] (px4_msgs) StdoutLine: {'line': b'-- Up-to-date symlink: /home/lee/workspace/ros2_ex_mav/install/px4_msgs/include/px4_msgs/px4_msgs/msg/detail/vehicle_imu_status__type_support.h\n'}
[0.394066] (px4_msgs) StdoutLine: {'line': b'-- Up-to-date symlink: /home/lee/workspace/ros2_ex_mav/install/px4_msgs/include/px4_msgs/px4_msgs/msg/detail/vehicle_land_detected__functions.h\n'}
[0.394091] (px4_msgs) StdoutLine: {'line': b'-- Up-to-date symlink: /home/lee/workspace/ros2_ex_mav/install/px4_msgs/include/px4_msgs/px4_msgs/msg/detail/vehicle_land_detected__struct.h\n'}
[0.394115] (px4_msgs) StdoutLine: {'line': b'-- Up-to-date symlink: /home/lee/workspace/ros2_ex_mav/install/px4_msgs/include/px4_msgs/px4_msgs/msg/detail/vehicle_land_detected__type_support.h\n'}
[0.394139] (px4_msgs) StdoutLine: {'line': b'-- Up-to-date symlink: /home/lee/workspace/ros2_ex_mav/install/px4_msgs/include/px4_msgs/px4_msgs/msg/detail/vehicle_local_position__functions.h\n'}
[0.394164] (px4_msgs) StdoutLine: {'line': b'-- Up-to-date symlink: /home/lee/workspace/ros2_ex_mav/install/px4_msgs/include/px4_msgs/px4_msgs/msg/detail/vehicle_local_position__struct.h\n'}
[0.394188] (px4_msgs) StdoutLine: {'line': b'-- Up-to-date symlink: /home/lee/workspace/ros2_ex_mav/install/px4_msgs/include/px4_msgs/px4_msgs/msg/detail/vehicle_local_position__type_support.h\n'}
[0.394212] (px4_msgs) StdoutLine: {'line': b'-- Up-to-date symlink: /home/lee/workspace/ros2_ex_mav/install/px4_msgs/include/px4_msgs/px4_msgs/msg/detail/vehicle_local_position_setpoint__functions.h\n'}
[0.394236] (px4_msgs) StdoutLine: {'line': b'-- Up-to-date symlink: /home/lee/workspace/ros2_ex_mav/install/px4_msgs/include/px4_msgs/px4_msgs/msg/detail/vehicle_local_position_setpoint__struct.h\n'}
[0.394260] (px4_msgs) StdoutLine: {'line': b'-- Up-to-date symlink: /home/lee/workspace/ros2_ex_mav/install/px4_msgs/include/px4_msgs/px4_msgs/msg/detail/vehicle_local_position_setpoint__type_support.h\n'}
[0.394284] (px4_msgs) StdoutLine: {'line': b'-- Up-to-date symlink: /home/lee/workspace/ros2_ex_mav/install/px4_msgs/include/px4_msgs/px4_msgs/msg/detail/vehicle_magnetometer__functions.h\n'}
[0.394308] (px4_msgs) StdoutLine: {'line': b'-- Up-to-date symlink: /home/lee/workspace/ros2_ex_mav/install/px4_msgs/include/px4_msgs/px4_msgs/msg/detail/vehicle_magnetometer__struct.h\n'}
[0.394338] (px4_msgs) StdoutLine: {'line': b'-- Up-to-date symlink: /home/lee/workspace/ros2_ex_mav/install/px4_msgs/include/px4_msgs/px4_msgs/msg/detail/vehicle_magnetometer__type_support.h\n'}
[0.394381] (px4_msgs) StdoutLine: {'line': b'-- Up-to-date symlink: /home/lee/workspace/ros2_ex_mav/install/px4_msgs/include/px4_msgs/px4_msgs/msg/detail/vehicle_odometry__functions.h\n'}
[0.394407] (px4_msgs) StdoutLine: {'line': b'-- Up-to-date symlink: /home/lee/workspace/ros2_ex_mav/install/px4_msgs/include/px4_msgs/px4_msgs/msg/detail/vehicle_odometry__struct.h\n'}
[0.394432] (px4_msgs) StdoutLine: {'line': b'-- Up-to-date symlink: /home/lee/workspace/ros2_ex_mav/install/px4_msgs/include/px4_msgs/px4_msgs/msg/detail/vehicle_odometry__type_support.h\n'}
[0.394465] (px4_msgs) StdoutLine: {'line': b'-- Up-to-date symlink: /home/lee/workspace/ros2_ex_mav/install/px4_msgs/include/px4_msgs/px4_msgs/msg/detail/vehicle_optical_flow__functions.h\n'}
[0.394492] (px4_msgs) StdoutLine: {'line': b'-- Up-to-date symlink: /home/lee/workspace/ros2_ex_mav/install/px4_msgs/include/px4_msgs/px4_msgs/msg/detail/vehicle_optical_flow__struct.h\n'}
[0.394521] (px4_msgs) StdoutLine: {'line': b'-- Up-to-date symlink: /home/lee/workspace/ros2_ex_mav/install/px4_msgs/include/px4_msgs/px4_msgs/msg/detail/vehicle_optical_flow__type_support.h\n'}
[0.394545] (px4_msgs) StdoutLine: {'line': b'-- Up-to-date symlink: /home/lee/workspace/ros2_ex_mav/install/px4_msgs/include/px4_msgs/px4_msgs/msg/detail/vehicle_optical_flow_vel__functions.h\n'}
[0.394570] (px4_msgs) StdoutLine: {'line': b'-- Up-to-date symlink: /home/lee/workspace/ros2_ex_mav/install/px4_msgs/include/px4_msgs/px4_msgs/msg/detail/vehicle_optical_flow_vel__struct.h\n'}
[0.394594] (px4_msgs) StdoutLine: {'line': b'-- Up-to-date symlink: /home/lee/workspace/ros2_ex_mav/install/px4_msgs/include/px4_msgs/px4_msgs/msg/detail/vehicle_optical_flow_vel__type_support.h\n'}
[0.394619] (px4_msgs) StdoutLine: {'line': b'-- Up-to-date symlink: /home/lee/workspace/ros2_ex_mav/install/px4_msgs/include/px4_msgs/px4_msgs/msg/detail/vehicle_rates_setpoint__functions.h\n'}
[0.394643] (px4_msgs) StdoutLine: {'line': b'-- Up-to-date symlink: /home/lee/workspace/ros2_ex_mav/install/px4_msgs/include/px4_msgs/px4_msgs/msg/detail/vehicle_rates_setpoint__struct.h\n'}
[0.394684] (px4_msgs) StdoutLine: {'line': b'-- Up-to-date symlink: /home/lee/workspace/ros2_ex_mav/install/px4_msgs/include/px4_msgs/px4_msgs/msg/detail/vehicle_rates_setpoint__type_support.h\n'}
[0.394713] (px4_msgs) StdoutLine: {'line': b'-- Up-to-date symlink: /home/lee/workspace/ros2_ex_mav/install/px4_msgs/include/px4_msgs/px4_msgs/msg/detail/vehicle_roi__functions.h\n'}
[0.394738] (px4_msgs) StdoutLine: {'line': b'-- Up-to-date symlink: /home/lee/workspace/ros2_ex_mav/install/px4_msgs/include/px4_msgs/px4_msgs/msg/detail/vehicle_roi__struct.h\n'}
[0.394763] (px4_msgs) StdoutLine: {'line': b'-- Up-to-date symlink: /home/lee/workspace/ros2_ex_mav/install/px4_msgs/include/px4_msgs/px4_msgs/msg/detail/vehicle_roi__type_support.h\n'}
[0.394788] (px4_msgs) StdoutLine: {'line': b'-- Up-to-date symlink: /home/lee/workspace/ros2_ex_mav/install/px4_msgs/include/px4_msgs/px4_msgs/msg/detail/vehicle_status__functions.h\n'}
[0.394812] (px4_msgs) StdoutLine: {'line': b'-- Up-to-date symlink: /home/lee/workspace/ros2_ex_mav/install/px4_msgs/include/px4_msgs/px4_msgs/msg/detail/vehicle_status__struct.h\n'}
[0.394836] (px4_msgs) StdoutLine: {'line': b'-- Up-to-date symlink: /home/lee/workspace/ros2_ex_mav/install/px4_msgs/include/px4_msgs/px4_msgs/msg/detail/vehicle_status__type_support.h\n'}
[0.394860] (px4_msgs) StdoutLine: {'line': b'-- Up-to-date symlink: /home/lee/workspace/ros2_ex_mav/install/px4_msgs/include/px4_msgs/px4_msgs/msg/detail/vehicle_thrust_setpoint__functions.h\n'}
[0.394886] (px4_msgs) StdoutLine: {'line': b'-- Up-to-date symlink: /home/lee/workspace/ros2_ex_mav/install/px4_msgs/include/px4_msgs/px4_msgs/msg/detail/vehicle_thrust_setpoint__struct.h\n'}
[0.394911] (px4_msgs) StdoutLine: {'line': b'-- Up-to-date symlink: /home/lee/workspace/ros2_ex_mav/install/px4_msgs/include/px4_msgs/px4_msgs/msg/detail/vehicle_thrust_setpoint__type_support.h\n'}
[0.394936] (px4_msgs) StdoutLine: {'line': b'-- Up-to-date symlink: /home/lee/workspace/ros2_ex_mav/install/px4_msgs/include/px4_msgs/px4_msgs/msg/detail/vehicle_torque_setpoint__functions.h\n'}
[0.394962] (px4_msgs) StdoutLine: {'line': b'-- Up-to-date symlink: /home/lee/workspace/ros2_ex_mav/install/px4_msgs/include/px4_msgs/px4_msgs/msg/detail/vehicle_torque_setpoint__struct.h\n'}
[0.394986] (px4_msgs) StdoutLine: {'line': b'-- Up-to-date symlink: /home/lee/workspace/ros2_ex_mav/install/px4_msgs/include/px4_msgs/px4_msgs/msg/detail/vehicle_torque_setpoint__type_support.h\n'}
[0.395011] (px4_msgs) StdoutLine: {'line': b'-- Up-to-date symlink: /home/lee/workspace/ros2_ex_mav/install/px4_msgs/include/px4_msgs/px4_msgs/msg/detail/vehicle_trajectory_bezier__functions.h\n'}
[0.395044] (px4_msgs) StdoutLine: {'line': b'-- Up-to-date symlink: /home/lee/workspace/ros2_ex_mav/install/px4_msgs/include/px4_msgs/px4_msgs/msg/detail/vehicle_trajectory_bezier__struct.h\n'}
[0.395091] (px4_msgs) StdoutLine: {'line': b'-- Up-to-date symlink: /home/lee/workspace/ros2_ex_mav/install/px4_msgs/include/px4_msgs/px4_msgs/msg/detail/vehicle_trajectory_bezier__type_support.h\n'}
[0.395119] (px4_msgs) StdoutLine: {'line': b'-- Up-to-date symlink: /home/lee/workspace/ros2_ex_mav/install/px4_msgs/include/px4_msgs/px4_msgs/msg/detail/vehicle_trajectory_waypoint__functions.h\n'}
[0.395146] (px4_msgs) StdoutLine: {'line': b'-- Up-to-date symlink: /home/lee/workspace/ros2_ex_mav/install/px4_msgs/include/px4_msgs/px4_msgs/msg/detail/vehicle_trajectory_waypoint__struct.h\n'}
[0.395171] (px4_msgs) StdoutLine: {'line': b'-- Up-to-date symlink: /home/lee/workspace/ros2_ex_mav/install/px4_msgs/include/px4_msgs/px4_msgs/msg/detail/vehicle_trajectory_waypoint__type_support.h\n'}
[0.395196] (px4_msgs) StdoutLine: {'line': b'-- Up-to-date symlink: /home/lee/workspace/ros2_ex_mav/install/px4_msgs/include/px4_msgs/px4_msgs/msg/detail/vtol_vehicle_status__functions.h\n'}
[0.395222] (px4_msgs) StdoutLine: {'line': b'-- Up-to-date symlink: /home/lee/workspace/ros2_ex_mav/install/px4_msgs/include/px4_msgs/px4_msgs/msg/detail/vtol_vehicle_status__struct.h\n'}
[0.395246] (px4_msgs) StdoutLine: {'line': b'-- Up-to-date symlink: /home/lee/workspace/ros2_ex_mav/install/px4_msgs/include/px4_msgs/px4_msgs/msg/detail/vtol_vehicle_status__type_support.h\n'}
[0.395271] (px4_msgs) StdoutLine: {'line': b'-- Up-to-date symlink: /home/lee/workspace/ros2_ex_mav/install/px4_msgs/include/px4_msgs/px4_msgs/msg/detail/wind__functions.h\n'}
[0.395295] (px4_msgs) StdoutLine: {'line': b'-- Up-to-date symlink: /home/lee/workspace/ros2_ex_mav/install/px4_msgs/include/px4_msgs/px4_msgs/msg/detail/wind__struct.h\n'}
[0.395320] (px4_msgs) StdoutLine: {'line': b'-- Up-to-date symlink: /home/lee/workspace/ros2_ex_mav/install/px4_msgs/include/px4_msgs/px4_msgs/msg/detail/wind__type_support.h\n'}
[0.395349] (px4_msgs) StdoutLine: {'line': b'-- Up-to-date symlink: /home/lee/workspace/ros2_ex_mav/install/px4_msgs/include/px4_msgs/px4_msgs/msg/detail/yaw_estimator_status__functions.h\n'}
[0.395375] (px4_msgs) StdoutLine: {'line': b'-- Up-to-date symlink: /home/lee/workspace/ros2_ex_mav/install/px4_msgs/include/px4_msgs/px4_msgs/msg/detail/yaw_estimator_status__struct.h\n'}
[0.395400] (px4_msgs) StdoutLine: {'line': b'-- Up-to-date symlink: /home/lee/workspace/ros2_ex_mav/install/px4_msgs/include/px4_msgs/px4_msgs/msg/detail/yaw_estimator_status__type_support.h\n'}
[0.395425] (px4_msgs) StdoutLine: {'line': b'-- Up-to-date symlink: /home/lee/workspace/ros2_ex_mav/install/px4_msgs/include/px4_msgs/px4_msgs/msg/differential_pressure.h\n'}
[0.395469] (px4_msgs) StdoutLine: {'line': b'-- Up-to-date symlink: /home/lee/workspace/ros2_ex_mav/install/px4_msgs/include/px4_msgs/px4_msgs/msg/distance_sensor.h\n'}
[0.395494] (px4_msgs) StdoutLine: {'line': b'-- Up-to-date symlink: /home/lee/workspace/ros2_ex_mav/install/px4_msgs/include/px4_msgs/px4_msgs/msg/ekf2_timestamps.h\n'}
[0.395520] (px4_msgs) StdoutLine: {'line': b'-- Up-to-date symlink: /home/lee/workspace/ros2_ex_mav/install/px4_msgs/include/px4_msgs/px4_msgs/msg/esc_report.h\n'}
[0.395545] (px4_msgs) StdoutLine: {'line': b'-- Up-to-date symlink: /home/lee/workspace/ros2_ex_mav/install/px4_msgs/include/px4_msgs/px4_msgs/msg/esc_status.h\n'}
[0.395569] (px4_msgs) StdoutLine: {'line': b'-- Up-to-date symlink: /home/lee/workspace/ros2_ex_mav/install/px4_msgs/include/px4_msgs/px4_msgs/msg/estimator_aid_source1d.h\n'}
[0.395593] (px4_msgs) StdoutLine: {'line': b'-- Up-to-date symlink: /home/lee/workspace/ros2_ex_mav/install/px4_msgs/include/px4_msgs/px4_msgs/msg/estimator_aid_source2d.h\n'}
[0.395617] (px4_msgs) StdoutLine: {'line': b'-- Up-to-date symlink: /home/lee/workspace/ros2_ex_mav/install/px4_msgs/include/px4_msgs/px4_msgs/msg/estimator_aid_source3d.h\n'}
[0.395642] (px4_msgs) StdoutLine: {'line': b'-- Up-to-date symlink: /home/lee/workspace/ros2_ex_mav/install/px4_msgs/include/px4_msgs/px4_msgs/msg/estimator_bias.h\n'}
[0.395680] (px4_msgs) StdoutLine: {'line': b'-- Up-to-date symlink: /home/lee/workspace/ros2_ex_mav/install/px4_msgs/include/px4_msgs/px4_msgs/msg/estimator_bias3d.h\n'}
[0.395706] (px4_msgs) StdoutLine: {'line': b'-- Up-to-date symlink: /home/lee/workspace/ros2_ex_mav/install/px4_msgs/include/px4_msgs/px4_msgs/msg/estimator_event_flags.h\n'}
[0.395731] (px4_msgs) StdoutLine: {'line': b'-- Up-to-date symlink: /home/lee/workspace/ros2_ex_mav/install/px4_msgs/include/px4_msgs/px4_msgs/msg/estimator_gps_status.h\n'}
[0.395756] (px4_msgs) StdoutLine: {'line': b'-- Up-to-date symlink: /home/lee/workspace/ros2_ex_mav/install/px4_msgs/include/px4_msgs/px4_msgs/msg/estimator_innovations.h\n'}
[0.395781] (px4_msgs) StdoutLine: {'line': b'-- Up-to-date symlink: /home/lee/workspace/ros2_ex_mav/install/px4_msgs/include/px4_msgs/px4_msgs/msg/estimator_selector_status.h\n'}
[0.395805] (px4_msgs) StdoutLine: {'line': b'-- Up-to-date symlink: /home/lee/workspace/ros2_ex_mav/install/px4_msgs/include/px4_msgs/px4_msgs/msg/estimator_sensor_bias.h\n'}
[0.395830] (px4_msgs) StdoutLine: {'line': b'-- Up-to-date symlink: /home/lee/workspace/ros2_ex_mav/install/px4_msgs/include/px4_msgs/px4_msgs/msg/estimator_states.h\n'}
[0.395855] (px4_msgs) StdoutLine: {'line': b'-- Up-to-date symlink: /home/lee/workspace/ros2_ex_mav/install/px4_msgs/include/px4_msgs/px4_msgs/msg/estimator_status.h\n'}
[0.395886] (px4_msgs) StdoutLine: {'line': b'-- Up-to-date symlink: /home/lee/workspace/ros2_ex_mav/install/px4_msgs/include/px4_msgs/px4_msgs/msg/estimator_status_flags.h\n'}
[0.395911] (px4_msgs) StdoutLine: {'line': b'-- Up-to-date symlink: /home/lee/workspace/ros2_ex_mav/install/px4_msgs/include/px4_msgs/px4_msgs/msg/event.h\n'}
[0.395935] (px4_msgs) StdoutLine: {'line': b'-- Up-to-date symlink: /home/lee/workspace/ros2_ex_mav/install/px4_msgs/include/px4_msgs/px4_msgs/msg/failsafe_flags.h\n'}
[0.395959] (px4_msgs) StdoutLine: {'line': b'-- Up-to-date symlink: /home/lee/workspace/ros2_ex_mav/install/px4_msgs/include/px4_msgs/px4_msgs/msg/failure_detector_status.h\n'}
[0.395984] (px4_msgs) StdoutLine: {'line': b'-- Up-to-date symlink: /home/lee/workspace/ros2_ex_mav/install/px4_msgs/include/px4_msgs/px4_msgs/msg/follow_target.h\n'}
[0.396008] (px4_msgs) StdoutLine: {'line': b'-- Up-to-date symlink: /home/lee/workspace/ros2_ex_mav/install/px4_msgs/include/px4_msgs/px4_msgs/msg/follow_target_estimator.h\n'}
[0.396031] (px4_msgs) StdoutLine: {'line': b'-- Up-to-date symlink: /home/lee/workspace/ros2_ex_mav/install/px4_msgs/include/px4_msgs/px4_msgs/msg/follow_target_status.h\n'}
[0.396055] (px4_msgs) StdoutLine: {'line': b'-- Up-to-date symlink: /home/lee/workspace/ros2_ex_mav/install/px4_msgs/include/px4_msgs/px4_msgs/msg/generator_status.h\n'}
[0.396080] (px4_msgs) StdoutLine: {'line': b'-- Up-to-date symlink: /home/lee/workspace/ros2_ex_mav/install/px4_msgs/include/px4_msgs/px4_msgs/msg/geofence_result.h\n'}
[0.396104] (px4_msgs) StdoutLine: {'line': b'-- Up-to-date symlink: /home/lee/workspace/ros2_ex_mav/install/px4_msgs/include/px4_msgs/px4_msgs/msg/gimbal_controls.h\n'}
[0.396128] (px4_msgs) StdoutLine: {'line': b'-- Up-to-date symlink: /home/lee/workspace/ros2_ex_mav/install/px4_msgs/include/px4_msgs/px4_msgs/msg/gimbal_device_attitude_status.h\n'}
[0.396152] (px4_msgs) StdoutLine: {'line': b'-- Up-to-date symlink: /home/lee/workspace/ros2_ex_mav/install/px4_msgs/include/px4_msgs/px4_msgs/msg/gimbal_device_information.h\n'}
[0.396176] (px4_msgs) StdoutLine: {'line': b'-- Up-to-date symlink: /home/lee/workspace/ros2_ex_mav/install/px4_msgs/include/px4_msgs/px4_msgs/msg/gimbal_device_set_attitude.h\n'}
[0.396200] (px4_msgs) StdoutLine: {'line': b'-- Up-to-date symlink: /home/lee/workspace/ros2_ex_mav/install/px4_msgs/include/px4_msgs/px4_msgs/msg/gimbal_manager_information.h\n'}
[0.396241] (px4_msgs) StdoutLine: {'line': b'-- Up-to-date symlink: /home/lee/workspace/ros2_ex_mav/install/px4_msgs/include/px4_msgs/px4_msgs/msg/gimbal_manager_set_attitude.h\n'}
[0.396283] (px4_msgs) StdoutLine: {'line': b'-- Up-to-date symlink: /home/lee/workspace/ros2_ex_mav/install/px4_msgs/include/px4_msgs/px4_msgs/msg/gimbal_manager_set_manual_control.h\n'}
[0.396310] (px4_msgs) StdoutLine: {'line': b'-- Up-to-date symlink: /home/lee/workspace/ros2_ex_mav/install/px4_msgs/include/px4_msgs/px4_msgs/msg/gimbal_manager_status.h\n'}
[0.396347] (px4_msgs) StdoutLine: {'line': b'-- Up-to-date symlink: /home/lee/workspace/ros2_ex_mav/install/px4_msgs/include/px4_msgs/px4_msgs/msg/gps_dump.h\n'}
[0.396375] (px4_msgs) StdoutLine: {'line': b'-- Up-to-date symlink: /home/lee/workspace/ros2_ex_mav/install/px4_msgs/include/px4_msgs/px4_msgs/msg/gps_inject_data.h\n'}
[0.396400] (px4_msgs) StdoutLine: {'line': b'-- Up-to-date symlink: /home/lee/workspace/ros2_ex_mav/install/px4_msgs/include/px4_msgs/px4_msgs/msg/gripper.h\n'}
[0.396433] (px4_msgs) StdoutLine: {'line': b'-- Up-to-date symlink: /home/lee/workspace/ros2_ex_mav/install/px4_msgs/include/px4_msgs/px4_msgs/msg/health_report.h\n'}
[0.396460] (px4_msgs) StdoutLine: {'line': b'-- Up-to-date symlink: /home/lee/workspace/ros2_ex_mav/install/px4_msgs/include/px4_msgs/px4_msgs/msg/heater_status.h\n'}
[0.396485] (px4_msgs) StdoutLine: {'line': b'-- Up-to-date symlink: /home/lee/workspace/ros2_ex_mav/install/px4_msgs/include/px4_msgs/px4_msgs/msg/home_position.h\n'}
[0.396511] (px4_msgs) StdoutLine: {'line': b'-- Up-to-date symlink: /home/lee/workspace/ros2_ex_mav/install/px4_msgs/include/px4_msgs/px4_msgs/msg/hover_thrust_estimate.h\n'}
[0.396536] (px4_msgs) StdoutLine: {'line': b'-- Up-to-date symlink: /home/lee/workspace/ros2_ex_mav/install/px4_msgs/include/px4_msgs/px4_msgs/msg/input_rc.h\n'}
[0.396561] (px4_msgs) StdoutLine: {'line': b'-- Up-to-date symlink: /home/lee/workspace/ros2_ex_mav/install/px4_msgs/include/px4_msgs/px4_msgs/msg/internal_combustion_engine_status.h\n'}
[0.396586] (px4_msgs) StdoutLine: {'line': b'-- Up-to-date symlink: /home/lee/workspace/ros2_ex_mav/install/px4_msgs/include/px4_msgs/px4_msgs/msg/iridiumsbd_status.h\n'}
[0.396610] (px4_msgs) StdoutLine: {'line': b'-- Up-to-date symlink: /home/lee/workspace/ros2_ex_mav/install/px4_msgs/include/px4_msgs/px4_msgs/msg/irlock_report.h\n'}
[0.396634] (px4_msgs) StdoutLine: {'line': b'-- Up-to-date symlink: /home/lee/workspace/ros2_ex_mav/install/px4_msgs/include/px4_msgs/px4_msgs/msg/landing_gear.h\n'}
[0.396658] (px4_msgs) StdoutLine: {'line': b'-- Up-to-date symlink: /home/lee/workspace/ros2_ex_mav/install/px4_msgs/include/px4_msgs/px4_msgs/msg/landing_gear_wheel.h\n'}
[0.396682] (px4_msgs) StdoutLine: {'line': b'-- Up-to-date symlink: /home/lee/workspace/ros2_ex_mav/install/px4_msgs/include/px4_msgs/px4_msgs/msg/landing_target_innovations.h\n'}
[0.396713] (px4_msgs) StdoutLine: {'line': b'-- Up-to-date symlink: /home/lee/workspace/ros2_ex_mav/install/px4_msgs/include/px4_msgs/px4_msgs/msg/landing_target_pose.h\n'}
[0.396738] (px4_msgs) StdoutLine: {'line': b'-- Up-to-date symlink: /home/lee/workspace/ros2_ex_mav/install/px4_msgs/include/px4_msgs/px4_msgs/msg/launch_detection_status.h\n'}
[0.396763] (px4_msgs) StdoutLine: {'line': b'-- Up-to-date symlink: /home/lee/workspace/ros2_ex_mav/install/px4_msgs/include/px4_msgs/px4_msgs/msg/led_control.h\n'}
[0.396787] (px4_msgs) StdoutLine: {'line': b'-- Up-to-date symlink: /home/lee/workspace/ros2_ex_mav/install/px4_msgs/include/px4_msgs/px4_msgs/msg/log_message.h\n'}
[0.396811] (px4_msgs) StdoutLine: {'line': b'-- Up-to-date symlink: /home/lee/workspace/ros2_ex_mav/install/px4_msgs/include/px4_msgs/px4_msgs/msg/logger_status.h\n'}
[0.396857] (px4_msgs) StdoutLine: {'line': b'-- Up-to-date symlink: /home/lee/workspace/ros2_ex_mav/install/px4_msgs/include/px4_msgs/px4_msgs/msg/mag_worker_data.h\n'}
[0.396881] (px4_msgs) StdoutLine: {'line': b'-- Up-to-date symlink: /home/lee/workspace/ros2_ex_mav/install/px4_msgs/include/px4_msgs/px4_msgs/msg/magnetometer_bias_estimate.h\n'}
[0.396907] (px4_msgs) StdoutLine: {'line': b'-- Up-to-date symlink: /home/lee/workspace/ros2_ex_mav/install/px4_msgs/include/px4_msgs/px4_msgs/msg/manual_control_setpoint.h\n'}
[0.396941] (px4_msgs) StdoutLine: {'line': b'-- Up-to-date symlink: /home/lee/workspace/ros2_ex_mav/install/px4_msgs/include/px4_msgs/px4_msgs/msg/manual_control_switches.h\n'}
[0.396967] (px4_msgs) StdoutLine: {'line': b'-- Up-to-date symlink: /home/lee/workspace/ros2_ex_mav/install/px4_msgs/include/px4_msgs/px4_msgs/msg/mavlink_log.h\n'}
[0.396992] (px4_msgs) StdoutLine: {'line': b'-- Up-to-date symlink: /home/lee/workspace/ros2_ex_mav/install/px4_msgs/include/px4_msgs/px4_msgs/msg/mavlink_tunnel.h\n'}
[0.397017] (px4_msgs) StdoutLine: {'line': b'-- Up-to-date symlink: /home/lee/workspace/ros2_ex_mav/install/px4_msgs/include/px4_msgs/px4_msgs/msg/mission.h\n'}
[0.397043] (px4_msgs) StdoutLine: {'line': b'-- Up-to-date symlink: /home/lee/workspace/ros2_ex_mav/install/px4_msgs/include/px4_msgs/px4_msgs/msg/mission_result.h\n'}
[0.397068] (px4_msgs) StdoutLine: {'line': b'-- Up-to-date symlink: /home/lee/workspace/ros2_ex_mav/install/px4_msgs/include/px4_msgs/px4_msgs/msg/mode_completed.h\n'}
[0.397093] (px4_msgs) StdoutLine: {'line': b'-- Up-to-date symlink: /home/lee/workspace/ros2_ex_mav/install/px4_msgs/include/px4_msgs/px4_msgs/msg/mount_orientation.h\n'}
[0.397117] (px4_msgs) StdoutLine: {'line': b'-- Up-to-date symlink: /home/lee/workspace/ros2_ex_mav/install/px4_msgs/include/px4_msgs/px4_msgs/msg/navigator_mission_item.h\n'}
[0.397142] (px4_msgs) StdoutLine: {'line': b'-- Up-to-date symlink: /home/lee/workspace/ros2_ex_mav/install/px4_msgs/include/px4_msgs/px4_msgs/msg/normalized_unsigned_setpoint.h\n'}
[0.397167] (px4_msgs) StdoutLine: {'line': b'-- Up-to-date symlink: /home/lee/workspace/ros2_ex_mav/install/px4_msgs/include/px4_msgs/px4_msgs/msg/npfg_status.h\n'}
[0.397191] (px4_msgs) StdoutLine: {'line': b'-- Up-to-date symlink: /home/lee/workspace/ros2_ex_mav/install/px4_msgs/include/px4_msgs/px4_msgs/msg/obstacle_distance.h\n'}
[0.397236] (px4_msgs) StdoutLine: {'line': b'-- Up-to-date symlink: /home/lee/workspace/ros2_ex_mav/install/px4_msgs/include/px4_msgs/px4_msgs/msg/offboard_control_mode.h\n'}
[0.397263] (px4_msgs) StdoutLine: {'line': b'-- Up-to-date symlink: /home/lee/workspace/ros2_ex_mav/install/px4_msgs/include/px4_msgs/px4_msgs/msg/onboard_computer_status.h\n'}
[0.397294] (px4_msgs) StdoutLine: {'line': b'-- Up-to-date symlink: /home/lee/workspace/ros2_ex_mav/install/px4_msgs/include/px4_msgs/px4_msgs/msg/orb_test.h\n'}
[0.397316] (px4_msgs) StdoutLine: {'line': b'-- Up-to-date symlink: /home/lee/workspace/ros2_ex_mav/install/px4_msgs/include/px4_msgs/px4_msgs/msg/orb_test_large.h\n'}
[0.397344] (px4_msgs) StdoutLine: {'line': b'-- Up-to-date symlink: /home/lee/workspace/ros2_ex_mav/install/px4_msgs/include/px4_msgs/px4_msgs/msg/orb_test_medium.h\n'}
[0.397371] (px4_msgs) StdoutLine: {'line': b'-- Up-to-date symlink: /home/lee/workspace/ros2_ex_mav/install/px4_msgs/include/px4_msgs/px4_msgs/msg/orbit_status.h\n'}
[0.397395] (px4_msgs) StdoutLine: {'line': b'-- Up-to-date symlink: /home/lee/workspace/ros2_ex_mav/install/px4_msgs/include/px4_msgs/px4_msgs/msg/parameter_update.h\n'}
[0.397419] (px4_msgs) StdoutLine: {'line': b'-- Up-to-date symlink: /home/lee/workspace/ros2_ex_mav/install/px4_msgs/include/px4_msgs/px4_msgs/msg/ping.h\n'}
[0.397443] (px4_msgs) StdoutLine: {'line': b'-- Up-to-date symlink: /home/lee/workspace/ros2_ex_mav/install/px4_msgs/include/px4_msgs/px4_msgs/msg/position_controller_landing_status.h\n'}
[0.397466] (px4_msgs) StdoutLine: {'line': b'-- Up-to-date symlink: /home/lee/workspace/ros2_ex_mav/install/px4_msgs/include/px4_msgs/px4_msgs/msg/position_controller_status.h\n'}
[0.397490] (px4_msgs) StdoutLine: {'line': b'-- Up-to-date symlink: /home/lee/workspace/ros2_ex_mav/install/px4_msgs/include/px4_msgs/px4_msgs/msg/position_setpoint.h\n'}
[0.397514] (px4_msgs) StdoutLine: {'line': b'-- Up-to-date symlink: /home/lee/workspace/ros2_ex_mav/install/px4_msgs/include/px4_msgs/px4_msgs/msg/position_setpoint_triplet.h\n'}
[0.397544] (px4_msgs) StdoutLine: {'line': b'-- Up-to-date symlink: /home/lee/workspace/ros2_ex_mav/install/px4_msgs/include/px4_msgs/px4_msgs/msg/power_button_state.h\n'}
[0.397580] (px4_msgs) StdoutLine: {'line': b'-- Up-to-date symlink: /home/lee/workspace/ros2_ex_mav/install/px4_msgs/include/px4_msgs/px4_msgs/msg/power_monitor.h\n'}
[0.397607] (px4_msgs) StdoutLine: {'line': b'-- Up-to-date symlink: /home/lee/workspace/ros2_ex_mav/install/px4_msgs/include/px4_msgs/px4_msgs/msg/pps_capture.h\n'}
[0.397632] (px4_msgs) StdoutLine: {'line': b'-- Up-to-date symlink: /home/lee/workspace/ros2_ex_mav/install/px4_msgs/include/px4_msgs/px4_msgs/msg/pwm_input.h\n'}
[0.397657] (px4_msgs) StdoutLine: {'line': b'-- Up-to-date symlink: /home/lee/workspace/ros2_ex_mav/install/px4_msgs/include/px4_msgs/px4_msgs/msg/px4io_status.h\n'}
[0.397681] (px4_msgs) StdoutLine: {'line': b'-- Up-to-date symlink: /home/lee/workspace/ros2_ex_mav/install/px4_msgs/include/px4_msgs/px4_msgs/msg/qshell_req.h\n'}
[0.397717] (px4_msgs) StdoutLine: {'line': b'-- Up-to-date symlink: /home/lee/workspace/ros2_ex_mav/install/px4_msgs/include/px4_msgs/px4_msgs/msg/qshell_retval.h\n'}
[0.397743] (px4_msgs) StdoutLine: {'line': b'-- Up-to-date symlink: /home/lee/workspace/ros2_ex_mav/install/px4_msgs/include/px4_msgs/px4_msgs/msg/radio_status.h\n'}
[0.397769] (px4_msgs) StdoutLine: {'line': b'-- Up-to-date symlink: /home/lee/workspace/ros2_ex_mav/install/px4_msgs/include/px4_msgs/px4_msgs/msg/rate_ctrl_status.h\n'}
[0.397793] (px4_msgs) StdoutLine: {'line': b'-- Up-to-date symlink: /home/lee/workspace/ros2_ex_mav/install/px4_msgs/include/px4_msgs/px4_msgs/msg/rc_channels.h\n'}
[0.397818] (px4_msgs) StdoutLine: {'line': b'-- Up-to-date symlink: /home/lee/workspace/ros2_ex_mav/install/px4_msgs/include/px4_msgs/px4_msgs/msg/rc_parameter_map.h\n'}
[0.397841] (px4_msgs) StdoutLine: {'line': b'-- Up-to-date symlink: /home/lee/workspace/ros2_ex_mav/install/px4_msgs/include/px4_msgs/px4_msgs/msg/rosidl_generator_c__visibility_control.h\n'}
[0.397865] (px4_msgs) StdoutLine: {'line': b'-- Up-to-date symlink: /home/lee/workspace/ros2_ex_mav/install/px4_msgs/include/px4_msgs/px4_msgs/msg/rpm.h\n'}
[0.397889] (px4_msgs) StdoutLine: {'line': b'-- Up-to-date symlink: /home/lee/workspace/ros2_ex_mav/install/px4_msgs/include/px4_msgs/px4_msgs/msg/rtl_time_estimate.h\n'}
[0.397912] (px4_msgs) StdoutLine: {'line': b'-- Up-to-date symlink: /home/lee/workspace/ros2_ex_mav/install/px4_msgs/include/px4_msgs/px4_msgs/msg/satellite_info.h\n'}
[0.397936] (px4_msgs) StdoutLine: {'line': b'-- Up-to-date symlink: /home/lee/workspace/ros2_ex_mav/install/px4_msgs/include/px4_msgs/px4_msgs/msg/sensor_accel.h\n'}
[0.397960] (px4_msgs) StdoutLine: {'line': b'-- Up-to-date symlink: /home/lee/workspace/ros2_ex_mav/install/px4_msgs/include/px4_msgs/px4_msgs/msg/sensor_accel_fifo.h\n'}
[0.397994] (px4_msgs) StdoutLine: {'line': b'-- Up-to-date symlink: /home/lee/workspace/ros2_ex_mav/install/px4_msgs/include/px4_msgs/px4_msgs/msg/sensor_baro.h\n'}
[0.398042] (px4_msgs) StdoutLine: {'line': b'-- Up-to-date symlink: /home/lee/workspace/ros2_ex_mav/install/px4_msgs/include/px4_msgs/px4_msgs/msg/sensor_combined.h\n'}
[0.398064] (px4_msgs) StdoutLine: {'line': b'-- Up-to-date symlink: /home/lee/workspace/ros2_ex_mav/install/px4_msgs/include/px4_msgs/px4_msgs/msg/sensor_correction.h\n'}
[0.398090] (px4_msgs) StdoutLine: {'line': b'-- Up-to-date symlink: /home/lee/workspace/ros2_ex_mav/install/px4_msgs/include/px4_msgs/px4_msgs/msg/sensor_gnss_relative.h\n'}
[0.398115] (px4_msgs) StdoutLine: {'line': b'-- Up-to-date symlink: /home/lee/workspace/ros2_ex_mav/install/px4_msgs/include/px4_msgs/px4_msgs/msg/sensor_gps.h\n'}
[0.398151] (px4_msgs) StdoutLine: {'line': b'-- Up-to-date symlink: /home/lee/workspace/ros2_ex_mav/install/px4_msgs/include/px4_msgs/px4_msgs/msg/sensor_gyro.h\n'}
[0.398178] (px4_msgs) StdoutLine: {'line': b'-- Up-to-date symlink: /home/lee/workspace/ros2_ex_mav/install/px4_msgs/include/px4_msgs/px4_msgs/msg/sensor_gyro_fft.h\n'}
[0.398203] (px4_msgs) StdoutLine: {'line': b'-- Up-to-date symlink: /home/lee/workspace/ros2_ex_mav/install/px4_msgs/include/px4_msgs/px4_msgs/msg/sensor_gyro_fifo.h\n'}
[0.398234] (px4_msgs) StdoutLine: {'line': b'-- Up-to-date symlink: /home/lee/workspace/ros2_ex_mav/install/px4_msgs/include/px4_msgs/px4_msgs/msg/sensor_hygrometer.h\n'}
[0.398260] (px4_msgs) StdoutLine: {'line': b'-- Up-to-date symlink: /home/lee/workspace/ros2_ex_mav/install/px4_msgs/include/px4_msgs/px4_msgs/msg/sensor_mag.h\n'}
[0.398284] (px4_msgs) StdoutLine: {'line': b'-- Up-to-date symlink: /home/lee/workspace/ros2_ex_mav/install/px4_msgs/include/px4_msgs/px4_msgs/msg/sensor_optical_flow.h\n'}
[0.398308] (px4_msgs) StdoutLine: {'line': b'-- Up-to-date symlink: /home/lee/workspace/ros2_ex_mav/install/px4_msgs/include/px4_msgs/px4_msgs/msg/sensor_preflight_mag.h\n'}
[0.398332] (px4_msgs) StdoutLine: {'line': b'-- Up-to-date symlink: /home/lee/workspace/ros2_ex_mav/install/px4_msgs/include/px4_msgs/px4_msgs/msg/sensor_selection.h\n'}
[0.398359] (px4_msgs) StdoutLine: {'line': b'-- Up-to-date symlink: /home/lee/workspace/ros2_ex_mav/install/px4_msgs/include/px4_msgs/px4_msgs/msg/sensor_uwb.h\n'}
[0.398385] (px4_msgs) StdoutLine: {'line': b'-- Up-to-date symlink: /home/lee/workspace/ros2_ex_mav/install/px4_msgs/include/px4_msgs/px4_msgs/msg/sensors_status.h\n'}
[0.398425] (px4_msgs) StdoutLine: {'line': b'-- Up-to-date symlink: /home/lee/workspace/ros2_ex_mav/install/px4_msgs/include/px4_msgs/px4_msgs/msg/sensors_status_imu.h\n'}
[0.398452] (px4_msgs) StdoutLine: {'line': b'-- Up-to-date symlink: /home/lee/workspace/ros2_ex_mav/install/px4_msgs/include/px4_msgs/px4_msgs/msg/system_power.h\n'}
[0.398478] (px4_msgs) StdoutLine: {'line': b'-- Up-to-date symlink: /home/lee/workspace/ros2_ex_mav/install/px4_msgs/include/px4_msgs/px4_msgs/msg/takeoff_status.h\n'}
[0.398502] (px4_msgs) StdoutLine: {'line': b'-- Up-to-date symlink: /home/lee/workspace/ros2_ex_mav/install/px4_msgs/include/px4_msgs/px4_msgs/msg/task_stack_info.h\n'}
[0.398526] (px4_msgs) StdoutLine: {'line': b'-- Up-to-date symlink: /home/lee/workspace/ros2_ex_mav/install/px4_msgs/include/px4_msgs/px4_msgs/msg/tecs_status.h\n'}
[0.398550] (px4_msgs) StdoutLine: {'line': b'-- Up-to-date symlink: /home/lee/workspace/ros2_ex_mav/install/px4_msgs/include/px4_msgs/px4_msgs/msg/telemetry_status.h\n'}
[0.398588] (px4_msgs) StdoutLine: {'line': b'-- Up-to-date symlink: /home/lee/workspace/ros2_ex_mav/install/px4_msgs/include/px4_msgs/px4_msgs/msg/tiltrotor_extra_controls.h\n'}
[0.398616] (px4_msgs) StdoutLine: {'line': b'-- Up-to-date symlink: /home/lee/workspace/ros2_ex_mav/install/px4_msgs/include/px4_msgs/px4_msgs/msg/timesync_status.h\n'}
[0.398641] (px4_msgs) StdoutLine: {'line': b'-- Up-to-date symlink: /home/lee/workspace/ros2_ex_mav/install/px4_msgs/include/px4_msgs/px4_msgs/msg/trajectory_bezier.h\n'}
[0.398665] (px4_msgs) StdoutLine: {'line': b'-- Up-to-date symlink: /home/lee/workspace/ros2_ex_mav/install/px4_msgs/include/px4_msgs/px4_msgs/msg/trajectory_setpoint.h\n'}
[0.398690] (px4_msgs) StdoutLine: {'line': b'-- Up-to-date symlink: /home/lee/workspace/ros2_ex_mav/install/px4_msgs/include/px4_msgs/px4_msgs/msg/trajectory_waypoint.h\n'}
[0.398715] (px4_msgs) StdoutLine: {'line': b'-- Up-to-date symlink: /home/lee/workspace/ros2_ex_mav/install/px4_msgs/include/px4_msgs/px4_msgs/msg/transponder_report.h\n'}
[0.398739] (px4_msgs) StdoutLine: {'line': b'-- Up-to-date symlink: /home/lee/workspace/ros2_ex_mav/install/px4_msgs/include/px4_msgs/px4_msgs/msg/tune_control.h\n'}
[0.398763] (px4_msgs) StdoutLine: {'line': b'-- Up-to-date symlink: /home/lee/workspace/ros2_ex_mav/install/px4_msgs/include/px4_msgs/px4_msgs/msg/uavcan_parameter_request.h\n'}
[0.398796] (px4_msgs) StdoutLine: {'line': b'-- Up-to-date symlink: /home/lee/workspace/ros2_ex_mav/install/px4_msgs/include/px4_msgs/px4_msgs/msg/uavcan_parameter_value.h\n'}
[0.398842] (px4_msgs) StdoutLine: {'line': b'-- Up-to-date symlink: /home/lee/workspace/ros2_ex_mav/install/px4_msgs/include/px4_msgs/px4_msgs/msg/ulog_stream.h\n'}
[0.398870] (px4_msgs) StdoutLine: {'line': b'-- Up-to-date symlink: /home/lee/workspace/ros2_ex_mav/install/px4_msgs/include/px4_msgs/px4_msgs/msg/ulog_stream_ack.h\n'}
[0.398901] (px4_msgs) StdoutLine: {'line': b'-- Up-to-date symlink: /home/lee/workspace/ros2_ex_mav/install/px4_msgs/include/px4_msgs/px4_msgs/msg/vehicle_acceleration.h\n'}
[0.398926] (px4_msgs) StdoutLine: {'line': b'-- Up-to-date symlink: /home/lee/workspace/ros2_ex_mav/install/px4_msgs/include/px4_msgs/px4_msgs/msg/vehicle_air_data.h\n'}
[0.398952] (px4_msgs) StdoutLine: {'line': b'-- Up-to-date symlink: /home/lee/workspace/ros2_ex_mav/install/px4_msgs/include/px4_msgs/px4_msgs/msg/vehicle_angular_acceleration_setpoint.h\n'}
[0.398976] (px4_msgs) StdoutLine: {'line': b'-- Up-to-date symlink: /home/lee/workspace/ros2_ex_mav/install/px4_msgs/include/px4_msgs/px4_msgs/msg/vehicle_angular_velocity.h\n'}
[0.399001] (px4_msgs) StdoutLine: {'line': b'-- Up-to-date symlink: /home/lee/workspace/ros2_ex_mav/install/px4_msgs/include/px4_msgs/px4_msgs/msg/vehicle_attitude.h\n'}
[0.399037] (px4_msgs) StdoutLine: {'line': b'-- Up-to-date symlink: /home/lee/workspace/ros2_ex_mav/install/px4_msgs/include/px4_msgs/px4_msgs/msg/vehicle_attitude_setpoint.h\n'}
[0.399064] (px4_msgs) StdoutLine: {'line': b'-- Up-to-date symlink: /home/lee/workspace/ros2_ex_mav/install/px4_msgs/include/px4_msgs/px4_msgs/msg/vehicle_command.h\n'}
[0.399100] (px4_msgs) StdoutLine: {'line': b'-- Up-to-date symlink: /home/lee/workspace/ros2_ex_mav/install/px4_msgs/include/px4_msgs/px4_msgs/msg/vehicle_command_ack.h\n'}
[0.399122] (px4_msgs) StdoutLine: {'line': b'-- Up-to-date symlink: /home/lee/workspace/ros2_ex_mav/install/px4_msgs/include/px4_msgs/px4_msgs/msg/vehicle_constraints.h\n'}
[0.399147] (px4_msgs) StdoutLine: {'line': b'-- Up-to-date symlink: /home/lee/workspace/ros2_ex_mav/install/px4_msgs/include/px4_msgs/px4_msgs/msg/vehicle_control_mode.h\n'}
[0.399172] (px4_msgs) StdoutLine: {'line': b'-- Up-to-date symlink: /home/lee/workspace/ros2_ex_mav/install/px4_msgs/include/px4_msgs/px4_msgs/msg/vehicle_global_position.h\n'}
[0.399197] (px4_msgs) StdoutLine: {'line': b'-- Up-to-date symlink: /home/lee/workspace/ros2_ex_mav/install/px4_msgs/include/px4_msgs/px4_msgs/msg/vehicle_imu.h\n'}
[0.399221] (px4_msgs) StdoutLine: {'line': b'-- Up-to-date symlink: /home/lee/workspace/ros2_ex_mav/install/px4_msgs/include/px4_msgs/px4_msgs/msg/vehicle_imu_status.h\n'}
[0.399245] (px4_msgs) StdoutLine: {'line': b'-- Up-to-date symlink: /home/lee/workspace/ros2_ex_mav/install/px4_msgs/include/px4_msgs/px4_msgs/msg/vehicle_land_detected.h\n'}
[0.399285] (px4_msgs) StdoutLine: {'line': b'-- Up-to-date symlink: /home/lee/workspace/ros2_ex_mav/install/px4_msgs/include/px4_msgs/px4_msgs/msg/vehicle_local_position.h\n'}
[0.399310] (px4_msgs) StdoutLine: {'line': b'-- Up-to-date symlink: /home/lee/workspace/ros2_ex_mav/install/px4_msgs/include/px4_msgs/px4_msgs/msg/vehicle_local_position_setpoint.h\n'}
[0.399335] (px4_msgs) StdoutLine: {'line': b'-- Up-to-date symlink: /home/lee/workspace/ros2_ex_mav/install/px4_msgs/include/px4_msgs/px4_msgs/msg/vehicle_magnetometer.h\n'}
[0.399364] (px4_msgs) StdoutLine: {'line': b'-- Up-to-date symlink: /home/lee/workspace/ros2_ex_mav/install/px4_msgs/include/px4_msgs/px4_msgs/msg/vehicle_odometry.h\n'}
[0.399389] (px4_msgs) StdoutLine: {'line': b'-- Up-to-date symlink: /home/lee/workspace/ros2_ex_mav/install/px4_msgs/include/px4_msgs/px4_msgs/msg/vehicle_optical_flow.h\n'}
[0.399413] (px4_msgs) StdoutLine: {'line': b'-- Up-to-date symlink: /home/lee/workspace/ros2_ex_mav/install/px4_msgs/include/px4_msgs/px4_msgs/msg/vehicle_optical_flow_vel.h\n'}
[0.399437] (px4_msgs) StdoutLine: {'line': b'-- Up-to-date symlink: /home/lee/workspace/ros2_ex_mav/install/px4_msgs/include/px4_msgs/px4_msgs/msg/vehicle_rates_setpoint.h\n'}
[0.399473] (px4_msgs) StdoutLine: {'line': b'-- Up-to-date symlink: /home/lee/workspace/ros2_ex_mav/install/px4_msgs/include/px4_msgs/px4_msgs/msg/vehicle_roi.h\n'}
[0.399499] (px4_msgs) StdoutLine: {'line': b'-- Up-to-date symlink: /home/lee/workspace/ros2_ex_mav/install/px4_msgs/include/px4_msgs/px4_msgs/msg/vehicle_status.h\n'}
[0.399524] (px4_msgs) StdoutLine: {'line': b'-- Up-to-date symlink: /home/lee/workspace/ros2_ex_mav/install/px4_msgs/include/px4_msgs/px4_msgs/msg/vehicle_thrust_setpoint.h\n'}
[0.399561] (px4_msgs) StdoutLine: {'line': b'-- Up-to-date symlink: /home/lee/workspace/ros2_ex_mav/install/px4_msgs/include/px4_msgs/px4_msgs/msg/vehicle_torque_setpoint.h\n'}
[0.399587] (px4_msgs) StdoutLine: {'line': b'-- Up-to-date symlink: /home/lee/workspace/ros2_ex_mav/install/px4_msgs/include/px4_msgs/px4_msgs/msg/vehicle_trajectory_bezier.h\n'}
[0.399612] (px4_msgs) StdoutLine: {'line': b'-- Up-to-date symlink: /home/lee/workspace/ros2_ex_mav/install/px4_msgs/include/px4_msgs/px4_msgs/msg/vehicle_trajectory_waypoint.h\n'}
[0.399636] (px4_msgs) StdoutLine: {'line': b'-- Up-to-date symlink: /home/lee/workspace/ros2_ex_mav/install/px4_msgs/include/px4_msgs/px4_msgs/msg/vtol_vehicle_status.h\n'}
[0.399660] (px4_msgs) StdoutLine: {'line': b'-- Up-to-date symlink: /home/lee/workspace/ros2_ex_mav/install/px4_msgs/include/px4_msgs/px4_msgs/msg/wind.h\n'}
[0.399694] (px4_msgs) StdoutLine: {'line': b'-- Up-to-date symlink: /home/lee/workspace/ros2_ex_mav/install/px4_msgs/include/px4_msgs/px4_msgs/msg/yaw_estimator_status.h\n'}
[0.399733] (px4_msgs) StdoutLine: {'line': b'-- Up-to-date symlink: /home/lee/workspace/ros2_ex_mav/install/px4_msgs/share/px4_msgs/environment/library_path.sh\n'}
[0.399755] (px4_msgs) StdoutLine: {'line': b'-- Up-to-date symlink: /home/lee/workspace/ros2_ex_mav/install/px4_msgs/share/px4_msgs/environment/library_path.dsv\n'}
[0.399918] (-) TimerEvent: {}
[0.401693] (px4_msgs) StdoutLine: {'line': b'-- Up-to-date symlink: /home/lee/workspace/ros2_ex_mav/install/px4_msgs/include/px4_msgs/px4_msgs/msg/detail/action_request__rosidl_typesupport_fastrtps_c.h\n'}
[0.401739] (px4_msgs) StdoutLine: {'line': b'-- Up-to-date symlink: /home/lee/workspace/ros2_ex_mav/install/px4_msgs/include/px4_msgs/px4_msgs/msg/detail/actuator_armed__rosidl_typesupport_fastrtps_c.h\n'}
[0.401777] (px4_msgs) StdoutLine: {'line': b'-- Up-to-date symlink: /home/lee/workspace/ros2_ex_mav/install/px4_msgs/include/px4_msgs/px4_msgs/msg/detail/actuator_controls_status__rosidl_typesupport_fastrtps_c.h\n'}
[0.401812] (px4_msgs) StdoutLine: {'line': b'-- Up-to-date symlink: /home/lee/workspace/ros2_ex_mav/install/px4_msgs/include/px4_msgs/px4_msgs/msg/detail/actuator_motors__rosidl_typesupport_fastrtps_c.h\n'}
[0.401848] (px4_msgs) StdoutLine: {'line': b'-- Up-to-date symlink: /home/lee/workspace/ros2_ex_mav/install/px4_msgs/include/px4_msgs/px4_msgs/msg/detail/actuator_outputs__rosidl_typesupport_fastrtps_c.h\n'}
[0.401876] (px4_msgs) StdoutLine: {'line': b'-- Up-to-date symlink: /home/lee/workspace/ros2_ex_mav/install/px4_msgs/include/px4_msgs/px4_msgs/msg/detail/actuator_servos__rosidl_typesupport_fastrtps_c.h\n'}
[0.401907] (px4_msgs) StdoutLine: {'line': b'-- Up-to-date symlink: /home/lee/workspace/ros2_ex_mav/install/px4_msgs/include/px4_msgs/px4_msgs/msg/detail/actuator_servos_trim__rosidl_typesupport_fastrtps_c.h\n'}
[0.401941] (px4_msgs) StdoutLine: {'line': b'-- Up-to-date symlink: /home/lee/workspace/ros2_ex_mav/install/px4_msgs/include/px4_msgs/px4_msgs/msg/detail/actuator_test__rosidl_typesupport_fastrtps_c.h\n'}
[0.401976] (px4_msgs) StdoutLine: {'line': b'-- Up-to-date symlink: /home/lee/workspace/ros2_ex_mav/install/px4_msgs/include/px4_msgs/px4_msgs/msg/detail/adc_report__rosidl_typesupport_fastrtps_c.h\n'}
[0.402012] (px4_msgs) StdoutLine: {'line': b'-- Up-to-date symlink: /home/lee/workspace/ros2_ex_mav/install/px4_msgs/include/px4_msgs/px4_msgs/msg/detail/airspeed__rosidl_typesupport_fastrtps_c.h\n'}
[0.402045] (px4_msgs) StdoutLine: {'line': b'-- Up-to-date symlink: /home/lee/workspace/ros2_ex_mav/install/px4_msgs/include/px4_msgs/px4_msgs/msg/detail/airspeed_validated__rosidl_typesupport_fastrtps_c.h\n'}
[0.402080] (px4_msgs) StdoutLine: {'line': b'-- Up-to-date symlink: /home/lee/workspace/ros2_ex_mav/install/px4_msgs/include/px4_msgs/px4_msgs/msg/detail/airspeed_wind__rosidl_typesupport_fastrtps_c.h\n'}
[0.402124] (px4_msgs) StdoutLine: {'line': b'-- Up-to-date symlink: /home/lee/workspace/ros2_ex_mav/install/px4_msgs/include/px4_msgs/px4_msgs/msg/detail/autotune_attitude_control_status__rosidl_typesupport_fastrtps_c.h\n'}
[0.402152] (px4_msgs) StdoutLine: {'line': b'-- Up-to-date symlink: /home/lee/workspace/ros2_ex_mav/install/px4_msgs/include/px4_msgs/px4_msgs/msg/detail/battery_status__rosidl_typesupport_fastrtps_c.h\n'}
[0.402187] (px4_msgs) StdoutLine: {'line': b'-- Up-to-date symlink: /home/lee/workspace/ros2_ex_mav/install/px4_msgs/include/px4_msgs/px4_msgs/msg/detail/button_event__rosidl_typesupport_fastrtps_c.h\n'}
[0.402222] (px4_msgs) StdoutLine: {'line': b'-- Up-to-date symlink: /home/lee/workspace/ros2_ex_mav/install/px4_msgs/include/px4_msgs/px4_msgs/msg/detail/camera_capture__rosidl_typesupport_fastrtps_c.h\n'}
[0.402257] (px4_msgs) StdoutLine: {'line': b'-- Up-to-date symlink: /home/lee/workspace/ros2_ex_mav/install/px4_msgs/include/px4_msgs/px4_msgs/msg/detail/camera_status__rosidl_typesupport_fastrtps_c.h\n'}
[0.402291] (px4_msgs) StdoutLine: {'line': b'-- Up-to-date symlink: /home/lee/workspace/ros2_ex_mav/install/px4_msgs/include/px4_msgs/px4_msgs/msg/detail/camera_trigger__rosidl_typesupport_fastrtps_c.h\n'}
[0.402325] (px4_msgs) StdoutLine: {'line': b'-- Up-to-date symlink: /home/lee/workspace/ros2_ex_mav/install/px4_msgs/include/px4_msgs/px4_msgs/msg/detail/cellular_status__rosidl_typesupport_fastrtps_c.h\n'}
[0.402362] (px4_msgs) StdoutLine: {'line': b'-- Up-to-date symlink: /home/lee/workspace/ros2_ex_mav/install/px4_msgs/include/px4_msgs/px4_msgs/msg/detail/collision_constraints__rosidl_typesupport_fastrtps_c.h\n'}
[0.402396] (px4_msgs) StdoutLine: {'line': b'-- Up-to-date symlink: /home/lee/workspace/ros2_ex_mav/install/px4_msgs/include/px4_msgs/px4_msgs/msg/detail/collision_report__rosidl_typesupport_fastrtps_c.h\n'}
[0.402427] (px4_msgs) StdoutLine: {'line': b'-- Up-to-date symlink: /home/lee/workspace/ros2_ex_mav/install/px4_msgs/include/px4_msgs/px4_msgs/msg/detail/control_allocator_status__rosidl_typesupport_fastrtps_c.h\n'}
[0.402454] (px4_msgs) StdoutLine: {'line': b'-- Up-to-date symlink: /home/lee/workspace/ros2_ex_mav/install/px4_msgs/include/px4_msgs/px4_msgs/msg/detail/cpuload__rosidl_typesupport_fastrtps_c.h\n'}
[0.402489] (px4_msgs) StdoutLine: {'line': b'-- Up-to-date symlink: /home/lee/workspace/ros2_ex_mav/install/px4_msgs/include/px4_msgs/px4_msgs/msg/detail/debug_array__rosidl_typesupport_fastrtps_c.h\n'}
[0.402522] (px4_msgs) StdoutLine: {'line': b'-- Up-to-date symlink: /home/lee/workspace/ros2_ex_mav/install/px4_msgs/include/px4_msgs/px4_msgs/msg/detail/debug_key_value__rosidl_typesupport_fastrtps_c.h\n'}
[0.402556] (px4_msgs) StdoutLine: {'line': b'-- Up-to-date symlink: /home/lee/workspace/ros2_ex_mav/install/px4_msgs/include/px4_msgs/px4_msgs/msg/detail/debug_value__rosidl_typesupport_fastrtps_c.h\n'}
[0.402590] (px4_msgs) StdoutLine: {'line': b'-- Up-to-date symlink: /home/lee/workspace/ros2_ex_mav/install/px4_msgs/include/px4_msgs/px4_msgs/msg/detail/debug_vect__rosidl_typesupport_fastrtps_c.h\n'}
[0.402624] (px4_msgs) StdoutLine: {'line': b'-- Up-to-date symlink: /home/lee/workspace/ros2_ex_mav/install/px4_msgs/include/px4_msgs/px4_msgs/msg/detail/differential_pressure__rosidl_typesupport_fastrtps_c.h\n'}
[0.402663] (px4_msgs) StdoutLine: {'line': b'-- Up-to-date symlink: /home/lee/workspace/ros2_ex_mav/install/px4_msgs/include/px4_msgs/px4_msgs/msg/detail/distance_sensor__rosidl_typesupport_fastrtps_c.h\n'}
[0.402686] (px4_msgs) StdoutLine: {'line': b'-- Up-to-date symlink: /home/lee/workspace/ros2_ex_mav/install/px4_msgs/include/px4_msgs/px4_msgs/msg/detail/ekf2_timestamps__rosidl_typesupport_fastrtps_c.h\n'}
[0.402712] (px4_msgs) StdoutLine: {'line': b'-- Up-to-date symlink: /home/lee/workspace/ros2_ex_mav/install/px4_msgs/include/px4_msgs/px4_msgs/msg/detail/esc_report__rosidl_typesupport_fastrtps_c.h\n'}
[0.402745] (px4_msgs) StdoutLine: {'line': b'-- Up-to-date symlink: /home/lee/workspace/ros2_ex_mav/install/px4_msgs/include/px4_msgs/px4_msgs/msg/detail/esc_status__rosidl_typesupport_fastrtps_c.h\n'}
[0.402782] (px4_msgs) StdoutLine: {'line': b'-- Up-to-date symlink: /home/lee/workspace/ros2_ex_mav/install/px4_msgs/include/px4_msgs/px4_msgs/msg/detail/estimator_aid_source1d__rosidl_typesupport_fastrtps_c.h\n'}
[0.402809] (px4_msgs) StdoutLine: {'line': b'-- Up-to-date symlink: /home/lee/workspace/ros2_ex_mav/install/px4_msgs/include/px4_msgs/px4_msgs/msg/detail/estimator_aid_source2d__rosidl_typesupport_fastrtps_c.h\n'}
[0.402841] (px4_msgs) StdoutLine: {'line': b'-- Up-to-date symlink: /home/lee/workspace/ros2_ex_mav/install/px4_msgs/include/px4_msgs/px4_msgs/msg/detail/estimator_aid_source3d__rosidl_typesupport_fastrtps_c.h\n'}
[0.402866] (px4_msgs) StdoutLine: {'line': b'-- Up-to-date symlink: /home/lee/workspace/ros2_ex_mav/install/px4_msgs/include/px4_msgs/px4_msgs/msg/detail/estimator_bias3d__rosidl_typesupport_fastrtps_c.h\n'}
[0.402900] (px4_msgs) StdoutLine: {'line': b'-- Up-to-date symlink: /home/lee/workspace/ros2_ex_mav/install/px4_msgs/include/px4_msgs/px4_msgs/msg/detail/estimator_bias__rosidl_typesupport_fastrtps_c.h\n'}
[0.402932] (px4_msgs) StdoutLine: {'line': b'-- Up-to-date symlink: /home/lee/workspace/ros2_ex_mav/install/px4_msgs/include/px4_msgs/px4_msgs/msg/detail/estimator_event_flags__rosidl_typesupport_fastrtps_c.h\n'}
[0.402958] (px4_msgs) StdoutLine: {'line': b'-- Up-to-date symlink: /home/lee/workspace/ros2_ex_mav/install/px4_msgs/include/px4_msgs/px4_msgs/msg/detail/estimator_gps_status__rosidl_typesupport_fastrtps_c.h\n'}
[0.402991] (px4_msgs) StdoutLine: {'line': b'-- Up-to-date symlink: /home/lee/workspace/ros2_ex_mav/install/px4_msgs/include/px4_msgs/px4_msgs/msg/detail/estimator_innovations__rosidl_typesupport_fastrtps_c.h\n'}
[0.403025] (px4_msgs) StdoutLine: {'line': b'-- Up-to-date symlink: /home/lee/workspace/ros2_ex_mav/install/px4_msgs/include/px4_msgs/px4_msgs/msg/detail/estimator_selector_status__rosidl_typesupport_fastrtps_c.h\n'}
[0.403059] (px4_msgs) StdoutLine: {'line': b'-- Up-to-date symlink: /home/lee/workspace/ros2_ex_mav/install/px4_msgs/include/px4_msgs/px4_msgs/msg/detail/estimator_sensor_bias__rosidl_typesupport_fastrtps_c.h\n'}
[0.403093] (px4_msgs) StdoutLine: {'line': b'-- Up-to-date symlink: /home/lee/workspace/ros2_ex_mav/install/px4_msgs/include/px4_msgs/px4_msgs/msg/detail/estimator_states__rosidl_typesupport_fastrtps_c.h\n'}
[0.403133] (px4_msgs) StdoutLine: {'line': b'-- Up-to-date symlink: /home/lee/workspace/ros2_ex_mav/install/px4_msgs/include/px4_msgs/px4_msgs/msg/detail/estimator_status__rosidl_typesupport_fastrtps_c.h\n'}
[0.403155] (px4_msgs) StdoutLine: {'line': b'-- Up-to-date symlink: /home/lee/workspace/ros2_ex_mav/install/px4_msgs/include/px4_msgs/px4_msgs/msg/detail/estimator_status_flags__rosidl_typesupport_fastrtps_c.h\n'}
[0.403181] (px4_msgs) StdoutLine: {'line': b'-- Up-to-date symlink: /home/lee/workspace/ros2_ex_mav/install/px4_msgs/include/px4_msgs/px4_msgs/msg/detail/event__rosidl_typesupport_fastrtps_c.h\n'}
[0.403214] (px4_msgs) StdoutLine: {'line': b'-- Up-to-date symlink: /home/lee/workspace/ros2_ex_mav/install/px4_msgs/include/px4_msgs/px4_msgs/msg/detail/failsafe_flags__rosidl_typesupport_fastrtps_c.h\n'}
[0.403248] (px4_msgs) StdoutLine: {'line': b'-- Up-to-date symlink: /home/lee/workspace/ros2_ex_mav/install/px4_msgs/include/px4_msgs/px4_msgs/msg/detail/failure_detector_status__rosidl_typesupport_fastrtps_c.h\n'}
[0.403283] (px4_msgs) StdoutLine: {'line': b'-- Up-to-date symlink: /home/lee/workspace/ros2_ex_mav/install/px4_msgs/include/px4_msgs/px4_msgs/msg/detail/follow_target__rosidl_typesupport_fastrtps_c.h\n'}
[0.403317] (px4_msgs) StdoutLine: {'line': b'-- Up-to-date symlink: /home/lee/workspace/ros2_ex_mav/install/px4_msgs/include/px4_msgs/px4_msgs/msg/detail/follow_target_estimator__rosidl_typesupport_fastrtps_c.h\n'}
[0.403360] (px4_msgs) StdoutLine: {'line': b'-- Up-to-date symlink: /home/lee/workspace/ros2_ex_mav/install/px4_msgs/include/px4_msgs/px4_msgs/msg/detail/follow_target_status__rosidl_typesupport_fastrtps_c.h\n'}
[0.403384] (px4_msgs) StdoutLine: {'line': b'-- Up-to-date symlink: /home/lee/workspace/ros2_ex_mav/install/px4_msgs/include/px4_msgs/px4_msgs/msg/detail/generator_status__rosidl_typesupport_fastrtps_c.h\n'}
[0.403411] (px4_msgs) StdoutLine: {'line': b'-- Up-to-date symlink: /home/lee/workspace/ros2_ex_mav/install/px4_msgs/include/px4_msgs/px4_msgs/msg/detail/geofence_result__rosidl_typesupport_fastrtps_c.h\n'}
[0.403438] (px4_msgs) StdoutLine: {'line': b'-- Up-to-date symlink: /home/lee/workspace/ros2_ex_mav/install/px4_msgs/include/px4_msgs/px4_msgs/msg/detail/gimbal_controls__rosidl_typesupport_fastrtps_c.h\n'}
[0.403472] (px4_msgs) StdoutLine: {'line': b'-- Up-to-date symlink: /home/lee/workspace/ros2_ex_mav/install/px4_msgs/include/px4_msgs/px4_msgs/msg/detail/gimbal_device_attitude_status__rosidl_typesupport_fastrtps_c.h\n'}
[0.403506] (px4_msgs) StdoutLine: {'line': b'-- Up-to-date symlink: /home/lee/workspace/ros2_ex_mav/install/px4_msgs/include/px4_msgs/px4_msgs/msg/detail/gimbal_device_information__rosidl_typesupport_fastrtps_c.h\n'}
[0.403539] (px4_msgs) StdoutLine: {'line': b'-- Up-to-date symlink: /home/lee/workspace/ros2_ex_mav/install/px4_msgs/include/px4_msgs/px4_msgs/msg/detail/gimbal_device_set_attitude__rosidl_typesupport_fastrtps_c.h\n'}
[0.403573] (px4_msgs) StdoutLine: {'line': b'-- Up-to-date symlink: /home/lee/workspace/ros2_ex_mav/install/px4_msgs/include/px4_msgs/px4_msgs/msg/detail/gimbal_manager_information__rosidl_typesupport_fastrtps_c.h\n'}
[0.403610] (px4_msgs) StdoutLine: {'line': b'-- Up-to-date symlink: /home/lee/workspace/ros2_ex_mav/install/px4_msgs/include/px4_msgs/px4_msgs/msg/detail/gimbal_manager_set_attitude__rosidl_typesupport_fastrtps_c.h\n'}
[0.403636] (px4_msgs) StdoutLine: {'line': b'-- Up-to-date symlink: /home/lee/workspace/ros2_ex_mav/install/px4_msgs/include/px4_msgs/px4_msgs/msg/detail/gimbal_manager_set_manual_control__rosidl_typesupport_fastrtps_c.h\n'}
[0.403669] (px4_msgs) StdoutLine: {'line': b'-- Up-to-date symlink: /home/lee/workspace/ros2_ex_mav/install/px4_msgs/include/px4_msgs/px4_msgs/msg/detail/gimbal_manager_status__rosidl_typesupport_fastrtps_c.h\n'}
[0.403704] (px4_msgs) StdoutLine: {'line': b'-- Up-to-date symlink: /home/lee/workspace/ros2_ex_mav/install/px4_msgs/include/px4_msgs/px4_msgs/msg/detail/gps_dump__rosidl_typesupport_fastrtps_c.h\n'}
[0.403745] (px4_msgs) StdoutLine: {'line': b'-- Up-to-date symlink: /home/lee/workspace/ros2_ex_mav/install/px4_msgs/include/px4_msgs/px4_msgs/msg/detail/gps_inject_data__rosidl_typesupport_fastrtps_c.h\n'}
[0.403768] (px4_msgs) StdoutLine: {'line': b'-- Up-to-date symlink: /home/lee/workspace/ros2_ex_mav/install/px4_msgs/include/px4_msgs/px4_msgs/msg/detail/gripper__rosidl_typesupport_fastrtps_c.h\n'}
[0.403795] (px4_msgs) StdoutLine: {'line': b'-- Up-to-date symlink: /home/lee/workspace/ros2_ex_mav/install/px4_msgs/include/px4_msgs/px4_msgs/msg/detail/health_report__rosidl_typesupport_fastrtps_c.h\n'}
[0.403829] (px4_msgs) StdoutLine: {'line': b'-- Up-to-date symlink: /home/lee/workspace/ros2_ex_mav/install/px4_msgs/include/px4_msgs/px4_msgs/msg/detail/heater_status__rosidl_typesupport_fastrtps_c.h\n'}
[0.403870] (px4_msgs) StdoutLine: {'line': b'-- Up-to-date symlink: /home/lee/workspace/ros2_ex_mav/install/px4_msgs/include/px4_msgs/px4_msgs/msg/detail/home_position__rosidl_typesupport_fastrtps_c.h\n'}
[0.403891] (px4_msgs) StdoutLine: {'line': b'-- Up-to-date symlink: /home/lee/workspace/ros2_ex_mav/install/px4_msgs/include/px4_msgs/px4_msgs/msg/detail/hover_thrust_estimate__rosidl_typesupport_fastrtps_c.h\n'}
[0.403917] (px4_msgs) StdoutLine: {'line': b'-- Up-to-date symlink: /home/lee/workspace/ros2_ex_mav/install/px4_msgs/include/px4_msgs/px4_msgs/msg/detail/input_rc__rosidl_typesupport_fastrtps_c.h\n'}
[0.403950] (px4_msgs) StdoutLine: {'line': b'-- Up-to-date symlink: /home/lee/workspace/ros2_ex_mav/install/px4_msgs/include/px4_msgs/px4_msgs/msg/detail/internal_combustion_engine_status__rosidl_typesupport_fastrtps_c.h\n'}
[0.403984] (px4_msgs) StdoutLine: {'line': b'-- Up-to-date symlink: /home/lee/workspace/ros2_ex_mav/install/px4_msgs/include/px4_msgs/px4_msgs/msg/detail/iridiumsbd_status__rosidl_typesupport_fastrtps_c.h\n'}
[0.404017] (px4_msgs) StdoutLine: {'line': b'-- Up-to-date symlink: /home/lee/workspace/ros2_ex_mav/install/px4_msgs/include/px4_msgs/px4_msgs/msg/detail/irlock_report__rosidl_typesupport_fastrtps_c.h\n'}
[0.404046] (px4_msgs) StdoutLine: {'line': b'-- Up-to-date symlink: /home/lee/workspace/ros2_ex_mav/install/px4_msgs/include/px4_msgs/px4_msgs/msg/detail/landing_gear__rosidl_typesupport_fastrtps_c.h\n'}
[0.404072] (px4_msgs) StdoutLine: {'line': b'-- Up-to-date symlink: /home/lee/workspace/ros2_ex_mav/install/px4_msgs/include/px4_msgs/px4_msgs/msg/detail/landing_gear_wheel__rosidl_typesupport_fastrtps_c.h\n'}
[0.404104] (px4_msgs) StdoutLine: {'line': b'-- Up-to-date symlink: /home/lee/workspace/ros2_ex_mav/install/px4_msgs/include/px4_msgs/px4_msgs/msg/detail/landing_target_innovations__rosidl_typesupport_fastrtps_c.h\n'}
[0.404138] (px4_msgs) StdoutLine: {'line': b'-- Up-to-date symlink: /home/lee/workspace/ros2_ex_mav/install/px4_msgs/include/px4_msgs/px4_msgs/msg/detail/landing_target_pose__rosidl_typesupport_fastrtps_c.h\n'}
[0.404172] (px4_msgs) StdoutLine: {'line': b'-- Up-to-date symlink: /home/lee/workspace/ros2_ex_mav/install/px4_msgs/include/px4_msgs/px4_msgs/msg/detail/launch_detection_status__rosidl_typesupport_fastrtps_c.h\n'}
[0.404205] (px4_msgs) StdoutLine: {'line': b'-- Up-to-date symlink: /home/lee/workspace/ros2_ex_mav/install/px4_msgs/include/px4_msgs/px4_msgs/msg/detail/led_control__rosidl_typesupport_fastrtps_c.h\n'}
[0.404246] (px4_msgs) StdoutLine: {'line': b'-- Up-to-date symlink: /home/lee/workspace/ros2_ex_mav/install/px4_msgs/include/px4_msgs/px4_msgs/msg/detail/log_message__rosidl_typesupport_fastrtps_c.h\n'}
[0.404269] (px4_msgs) StdoutLine: {'line': b'-- Up-to-date symlink: /home/lee/workspace/ros2_ex_mav/install/px4_msgs/include/px4_msgs/px4_msgs/msg/detail/logger_status__rosidl_typesupport_fastrtps_c.h\n'}
[0.404295] (px4_msgs) StdoutLine: {'line': b'-- Up-to-date symlink: /home/lee/workspace/ros2_ex_mav/install/px4_msgs/include/px4_msgs/px4_msgs/msg/detail/mag_worker_data__rosidl_typesupport_fastrtps_c.h\n'}
[0.404328] (px4_msgs) StdoutLine: {'line': b'-- Up-to-date symlink: /home/lee/workspace/ros2_ex_mav/install/px4_msgs/include/px4_msgs/px4_msgs/msg/detail/magnetometer_bias_estimate__rosidl_typesupport_fastrtps_c.h\n'}
[0.404368] (px4_msgs) StdoutLine: {'line': b'-- Up-to-date symlink: /home/lee/workspace/ros2_ex_mav/install/px4_msgs/include/px4_msgs/px4_msgs/msg/detail/manual_control_setpoint__rosidl_typesupport_fastrtps_c.h\n'}
[0.404402] (px4_msgs) StdoutLine: {'line': b'-- Up-to-date symlink: /home/lee/workspace/ros2_ex_mav/install/px4_msgs/include/px4_msgs/px4_msgs/msg/detail/manual_control_switches__rosidl_typesupport_fastrtps_c.h\n'}
[0.404429] (px4_msgs) StdoutLine: {'line': b'-- Up-to-date symlink: /home/lee/workspace/ros2_ex_mav/install/px4_msgs/include/px4_msgs/px4_msgs/msg/detail/mavlink_log__rosidl_typesupport_fastrtps_c.h\n'}
[0.404463] (px4_msgs) StdoutLine: {'line': b'-- Up-to-date symlink: /home/lee/workspace/ros2_ex_mav/install/px4_msgs/include/px4_msgs/px4_msgs/msg/detail/mavlink_tunnel__rosidl_typesupport_fastrtps_c.h\n'}
[0.404504] (px4_msgs) StdoutLine: {'line': b'-- Up-to-date symlink: /home/lee/workspace/ros2_ex_mav/install/px4_msgs/include/px4_msgs/px4_msgs/msg/detail/mission__rosidl_typesupport_fastrtps_c.h\n'}
[0.404528] (px4_msgs) StdoutLine: {'line': b'-- Up-to-date symlink: /home/lee/workspace/ros2_ex_mav/install/px4_msgs/include/px4_msgs/px4_msgs/msg/detail/mission_result__rosidl_typesupport_fastrtps_c.h\n'}
[0.404555] (px4_msgs) StdoutLine: {'line': b'-- Up-to-date symlink: /home/lee/workspace/ros2_ex_mav/install/px4_msgs/include/px4_msgs/px4_msgs/msg/detail/mode_completed__rosidl_typesupport_fastrtps_c.h\n'}
[0.404588] (px4_msgs) StdoutLine: {'line': b'-- Up-to-date symlink: /home/lee/workspace/ros2_ex_mav/install/px4_msgs/include/px4_msgs/px4_msgs/msg/detail/mount_orientation__rosidl_typesupport_fastrtps_c.h\n'}
[0.404629] (px4_msgs) StdoutLine: {'line': b'-- Up-to-date symlink: /home/lee/workspace/ros2_ex_mav/install/px4_msgs/include/px4_msgs/px4_msgs/msg/detail/navigator_mission_item__rosidl_typesupport_fastrtps_c.h\n'}
[0.404653] (px4_msgs) StdoutLine: {'line': b'-- Up-to-date symlink: /home/lee/workspace/ros2_ex_mav/install/px4_msgs/include/px4_msgs/px4_msgs/msg/detail/normalized_unsigned_setpoint__rosidl_typesupport_fastrtps_c.h\n'}
[0.404679] (px4_msgs) StdoutLine: {'line': b'-- Up-to-date symlink: /home/lee/workspace/ros2_ex_mav/install/px4_msgs/include/px4_msgs/px4_msgs/msg/detail/npfg_status__rosidl_typesupport_fastrtps_c.h\n'}
[0.404712] (px4_msgs) StdoutLine: {'line': b'-- Up-to-date symlink: /home/lee/workspace/ros2_ex_mav/install/px4_msgs/include/px4_msgs/px4_msgs/msg/detail/obstacle_distance__rosidl_typesupport_fastrtps_c.h\n'}
[0.404753] (px4_msgs) StdoutLine: {'line': b'-- Up-to-date symlink: /home/lee/workspace/ros2_ex_mav/install/px4_msgs/include/px4_msgs/px4_msgs/msg/detail/offboard_control_mode__rosidl_typesupport_fastrtps_c.h\n'}
[0.404775] (px4_msgs) StdoutLine: {'line': b'-- Up-to-date symlink: /home/lee/workspace/ros2_ex_mav/install/px4_msgs/include/px4_msgs/px4_msgs/msg/detail/onboard_computer_status__rosidl_typesupport_fastrtps_c.h\n'}
[0.404802] (px4_msgs) StdoutLine: {'line': b'-- Up-to-date symlink: /home/lee/workspace/ros2_ex_mav/install/px4_msgs/include/px4_msgs/px4_msgs/msg/detail/orb_test__rosidl_typesupport_fastrtps_c.h\n'}
[0.404835] (px4_msgs) StdoutLine: {'line': b'-- Up-to-date symlink: /home/lee/workspace/ros2_ex_mav/install/px4_msgs/include/px4_msgs/px4_msgs/msg/detail/orb_test_large__rosidl_typesupport_fastrtps_c.h\n'}
[0.404870] (px4_msgs) StdoutLine: {'line': b'-- Up-to-date symlink: /home/lee/workspace/ros2_ex_mav/install/px4_msgs/include/px4_msgs/px4_msgs/msg/detail/orb_test_medium__rosidl_typesupport_fastrtps_c.h\n'}
[0.404910] (px4_msgs) StdoutLine: {'line': b'-- Up-to-date symlink: /home/lee/workspace/ros2_ex_mav/install/px4_msgs/include/px4_msgs/px4_msgs/msg/detail/orbit_status__rosidl_typesupport_fastrtps_c.h\n'}
[0.404931] (px4_msgs) StdoutLine: {'line': b'-- Up-to-date symlink: /home/lee/workspace/ros2_ex_mav/install/px4_msgs/include/px4_msgs/px4_msgs/msg/detail/parameter_update__rosidl_typesupport_fastrtps_c.h\n'}
[0.404957] (px4_msgs) StdoutLine: {'line': b'-- Up-to-date symlink: /home/lee/workspace/ros2_ex_mav/install/px4_msgs/include/px4_msgs/px4_msgs/msg/detail/ping__rosidl_typesupport_fastrtps_c.h\n'}
[0.404990] (px4_msgs) StdoutLine: {'line': b'-- Up-to-date symlink: /home/lee/workspace/ros2_ex_mav/install/px4_msgs/include/px4_msgs/px4_msgs/msg/detail/position_controller_landing_status__rosidl_typesupport_fastrtps_c.h\n'}
[0.405025] (px4_msgs) StdoutLine: {'line': b'-- Up-to-date symlink: /home/lee/workspace/ros2_ex_mav/install/px4_msgs/include/px4_msgs/px4_msgs/msg/detail/position_controller_status__rosidl_typesupport_fastrtps_c.h\n'}
[0.405059] (px4_msgs) StdoutLine: {'line': b'-- Up-to-date symlink: /home/lee/workspace/ros2_ex_mav/install/px4_msgs/include/px4_msgs/px4_msgs/msg/detail/position_setpoint__rosidl_typesupport_fastrtps_c.h\n'}
[0.405093] (px4_msgs) StdoutLine: {'line': b'-- Up-to-date symlink: /home/lee/workspace/ros2_ex_mav/install/px4_msgs/include/px4_msgs/px4_msgs/msg/detail/position_setpoint_triplet__rosidl_typesupport_fastrtps_c.h\n'}
[0.405170] (px4_msgs) StdoutLine: {'line': b'-- Up-to-date symlink: /home/lee/workspace/ros2_ex_mav/install/px4_msgs/include/px4_msgs/px4_msgs/msg/detail/power_button_state__rosidl_typesupport_fastrtps_c.h\n'}
[0.405222] (px4_msgs) StdoutLine: {'line': b'-- Up-to-date symlink: /home/lee/workspace/ros2_ex_mav/install/px4_msgs/include/px4_msgs/px4_msgs/msg/detail/power_monitor__rosidl_typesupport_fastrtps_c.h\n'}
[0.405269] (px4_msgs) StdoutLine: {'line': b'-- Up-to-date symlink: /home/lee/workspace/ros2_ex_mav/install/px4_msgs/include/px4_msgs/px4_msgs/msg/detail/pps_capture__rosidl_typesupport_fastrtps_c.h\n'}
[0.405292] (px4_msgs) StdoutLine: {'line': b'-- Up-to-date symlink: /home/lee/workspace/ros2_ex_mav/install/px4_msgs/include/px4_msgs/px4_msgs/msg/detail/pwm_input__rosidl_typesupport_fastrtps_c.h\n'}
[0.405311] (px4_msgs) StdoutLine: {'line': b'-- Up-to-date symlink: /home/lee/workspace/ros2_ex_mav/install/px4_msgs/include/px4_msgs/px4_msgs/msg/detail/px4io_status__rosidl_typesupport_fastrtps_c.h\n'}
[0.405331] (px4_msgs) StdoutLine: {'line': b'-- Up-to-date symlink: /home/lee/workspace/ros2_ex_mav/install/px4_msgs/include/px4_msgs/px4_msgs/msg/detail/qshell_req__rosidl_typesupport_fastrtps_c.h\n'}
[0.405380] (px4_msgs) StdoutLine: {'line': b'-- Up-to-date symlink: /home/lee/workspace/ros2_ex_mav/install/px4_msgs/include/px4_msgs/px4_msgs/msg/detail/qshell_retval__rosidl_typesupport_fastrtps_c.h\n'}
[0.405403] (px4_msgs) StdoutLine: {'line': b'-- Up-to-date symlink: /home/lee/workspace/ros2_ex_mav/install/px4_msgs/include/px4_msgs/px4_msgs/msg/detail/radio_status__rosidl_typesupport_fastrtps_c.h\n'}
[0.405423] (px4_msgs) StdoutLine: {'line': b'-- Up-to-date symlink: /home/lee/workspace/ros2_ex_mav/install/px4_msgs/include/px4_msgs/px4_msgs/msg/detail/rate_ctrl_status__rosidl_typesupport_fastrtps_c.h\n'}
[0.405489] (px4_msgs) StdoutLine: {'line': b'-- Up-to-date symlink: /home/lee/workspace/ros2_ex_mav/install/px4_msgs/include/px4_msgs/px4_msgs/msg/detail/rc_channels__rosidl_typesupport_fastrtps_c.h\n'}
[0.405593] (px4_msgs) StdoutLine: {'line': b'-- Up-to-date symlink: /home/lee/workspace/ros2_ex_mav/install/px4_msgs/include/px4_msgs/px4_msgs/msg/detail/rc_parameter_map__rosidl_typesupport_fastrtps_c.h\n'}
[0.405615] (px4_msgs) StdoutLine: {'line': b'-- Up-to-date symlink: /home/lee/workspace/ros2_ex_mav/install/px4_msgs/include/px4_msgs/px4_msgs/msg/detail/rpm__rosidl_typesupport_fastrtps_c.h\n'}
[0.405634] (px4_msgs) StdoutLine: {'line': b'-- Up-to-date symlink: /home/lee/workspace/ros2_ex_mav/install/px4_msgs/include/px4_msgs/px4_msgs/msg/detail/rtl_time_estimate__rosidl_typesupport_fastrtps_c.h\n'}
[0.405704] (px4_msgs) StdoutLine: {'line': b'-- Up-to-date symlink: /home/lee/workspace/ros2_ex_mav/install/px4_msgs/include/px4_msgs/px4_msgs/msg/detail/satellite_info__rosidl_typesupport_fastrtps_c.h\n'}
[0.405744] (px4_msgs) StdoutLine: {'line': b'-- Up-to-date symlink: /home/lee/workspace/ros2_ex_mav/install/px4_msgs/include/px4_msgs/px4_msgs/msg/detail/sensor_accel__rosidl_typesupport_fastrtps_c.h\n'}
[0.405765] (px4_msgs) StdoutLine: {'line': b'-- Up-to-date symlink: /home/lee/workspace/ros2_ex_mav/install/px4_msgs/include/px4_msgs/px4_msgs/msg/detail/sensor_accel_fifo__rosidl_typesupport_fastrtps_c.h\n'}
[0.405785] (px4_msgs) StdoutLine: {'line': b'-- Up-to-date symlink: /home/lee/workspace/ros2_ex_mav/install/px4_msgs/include/px4_msgs/px4_msgs/msg/detail/sensor_baro__rosidl_typesupport_fastrtps_c.h\n'}
[0.405806] (px4_msgs) StdoutLine: {'line': b'-- Up-to-date symlink: /home/lee/workspace/ros2_ex_mav/install/px4_msgs/include/px4_msgs/px4_msgs/msg/detail/sensor_combined__rosidl_typesupport_fastrtps_c.h\n'}
[0.405826] (px4_msgs) StdoutLine: {'line': b'-- Up-to-date symlink: /home/lee/workspace/ros2_ex_mav/install/px4_msgs/include/px4_msgs/px4_msgs/msg/detail/sensor_correction__rosidl_typesupport_fastrtps_c.h\n'}
[0.405846] (px4_msgs) StdoutLine: {'line': b'-- Up-to-date symlink: /home/lee/workspace/ros2_ex_mav/install/px4_msgs/include/px4_msgs/px4_msgs/msg/detail/sensor_gnss_relative__rosidl_typesupport_fastrtps_c.h\n'}
[0.405880] (px4_msgs) StdoutLine: {'line': b'-- Up-to-date symlink: /home/lee/workspace/ros2_ex_mav/install/px4_msgs/include/px4_msgs/px4_msgs/msg/detail/sensor_gps__rosidl_typesupport_fastrtps_c.h\n'}
[0.405920] (px4_msgs) StdoutLine: {'line': b'-- Up-to-date symlink: /home/lee/workspace/ros2_ex_mav/install/px4_msgs/include/px4_msgs/px4_msgs/msg/detail/sensor_gyro__rosidl_typesupport_fastrtps_c.h\n'}
[0.405942] (px4_msgs) StdoutLine: {'line': b'-- Up-to-date symlink: /home/lee/workspace/ros2_ex_mav/install/px4_msgs/include/px4_msgs/px4_msgs/msg/detail/sensor_gyro_fft__rosidl_typesupport_fastrtps_c.h\n'}
[0.405963] (px4_msgs) StdoutLine: {'line': b'-- Up-to-date symlink: /home/lee/workspace/ros2_ex_mav/install/px4_msgs/include/px4_msgs/px4_msgs/msg/detail/sensor_gyro_fifo__rosidl_typesupport_fastrtps_c.h\n'}
[0.405994] (px4_msgs) StdoutLine: {'line': b'-- Up-to-date symlink: /home/lee/workspace/ros2_ex_mav/install/px4_msgs/include/px4_msgs/px4_msgs/msg/detail/sensor_hygrometer__rosidl_typesupport_fastrtps_c.h\n'}
[0.406015] (px4_msgs) StdoutLine: {'line': b'-- Up-to-date symlink: /home/lee/workspace/ros2_ex_mav/install/px4_msgs/include/px4_msgs/px4_msgs/msg/detail/sensor_mag__rosidl_typesupport_fastrtps_c.h\n'}
[0.406037] (px4_msgs) StdoutLine: {'line': b'-- Up-to-date symlink: /home/lee/workspace/ros2_ex_mav/install/px4_msgs/include/px4_msgs/px4_msgs/msg/detail/sensor_optical_flow__rosidl_typesupport_fastrtps_c.h\n'}
[0.406072] (px4_msgs) StdoutLine: {'line': b'-- Up-to-date symlink: /home/lee/workspace/ros2_ex_mav/install/px4_msgs/include/px4_msgs/px4_msgs/msg/detail/sensor_preflight_mag__rosidl_typesupport_fastrtps_c.h\n'}
[0.406094] (px4_msgs) StdoutLine: {'line': b'-- Up-to-date symlink: /home/lee/workspace/ros2_ex_mav/install/px4_msgs/include/px4_msgs/px4_msgs/msg/detail/sensor_selection__rosidl_typesupport_fastrtps_c.h\n'}
[0.406132] (px4_msgs) StdoutLine: {'line': b'-- Up-to-date symlink: /home/lee/workspace/ros2_ex_mav/install/px4_msgs/include/px4_msgs/px4_msgs/msg/detail/sensor_uwb__rosidl_typesupport_fastrtps_c.h\n'}
[0.406154] (px4_msgs) StdoutLine: {'line': b'-- Up-to-date symlink: /home/lee/workspace/ros2_ex_mav/install/px4_msgs/include/px4_msgs/px4_msgs/msg/detail/sensors_status__rosidl_typesupport_fastrtps_c.h\n'}
[0.406192] (px4_msgs) StdoutLine: {'line': b'-- Up-to-date symlink: /home/lee/workspace/ros2_ex_mav/install/px4_msgs/include/px4_msgs/px4_msgs/msg/detail/sensors_status_imu__rosidl_typesupport_fastrtps_c.h\n'}
[0.406215] (px4_msgs) StdoutLine: {'line': b'-- Up-to-date symlink: /home/lee/workspace/ros2_ex_mav/install/px4_msgs/include/px4_msgs/px4_msgs/msg/detail/system_power__rosidl_typesupport_fastrtps_c.h\n'}
[0.406252] (px4_msgs) StdoutLine: {'line': b'-- Up-to-date symlink: /home/lee/workspace/ros2_ex_mav/install/px4_msgs/include/px4_msgs/px4_msgs/msg/detail/takeoff_status__rosidl_typesupport_fastrtps_c.h\n'}
[0.406274] (px4_msgs) StdoutLine: {'line': b'-- Up-to-date symlink: /home/lee/workspace/ros2_ex_mav/install/px4_msgs/include/px4_msgs/px4_msgs/msg/detail/task_stack_info__rosidl_typesupport_fastrtps_c.h\n'}
[0.406317] (px4_msgs) StdoutLine: {'line': b'-- Up-to-date symlink: /home/lee/workspace/ros2_ex_mav/install/px4_msgs/include/px4_msgs/px4_msgs/msg/detail/tecs_status__rosidl_typesupport_fastrtps_c.h\n'}
[0.406352] (px4_msgs) StdoutLine: {'line': b'-- Up-to-date symlink: /home/lee/workspace/ros2_ex_mav/install/px4_msgs/include/px4_msgs/px4_msgs/msg/detail/telemetry_status__rosidl_typesupport_fastrtps_c.h\n'}
[0.406376] (px4_msgs) StdoutLine: {'line': b'-- Up-to-date symlink: /home/lee/workspace/ros2_ex_mav/install/px4_msgs/include/px4_msgs/px4_msgs/msg/detail/tiltrotor_extra_controls__rosidl_typesupport_fastrtps_c.h\n'}
[0.406397] (px4_msgs) StdoutLine: {'line': b'-- Up-to-date symlink: /home/lee/workspace/ros2_ex_mav/install/px4_msgs/include/px4_msgs/px4_msgs/msg/detail/timesync_status__rosidl_typesupport_fastrtps_c.h\n'}
[0.406433] (px4_msgs) StdoutLine: {'line': b'-- Up-to-date symlink: /home/lee/workspace/ros2_ex_mav/install/px4_msgs/include/px4_msgs/px4_msgs/msg/detail/trajectory_bezier__rosidl_typesupport_fastrtps_c.h\n'}
[0.406472] (px4_msgs) StdoutLine: {'line': b'-- Up-to-date symlink: /home/lee/workspace/ros2_ex_mav/install/px4_msgs/include/px4_msgs/px4_msgs/msg/detail/trajectory_setpoint__rosidl_typesupport_fastrtps_c.h\n'}
[0.406495] (px4_msgs) StdoutLine: {'line': b'-- Up-to-date symlink: /home/lee/workspace/ros2_ex_mav/install/px4_msgs/include/px4_msgs/px4_msgs/msg/detail/trajectory_waypoint__rosidl_typesupport_fastrtps_c.h\n'}
[0.406517] (px4_msgs) StdoutLine: {'line': b'-- Up-to-date symlink: /home/lee/workspace/ros2_ex_mav/install/px4_msgs/include/px4_msgs/px4_msgs/msg/detail/transponder_report__rosidl_typesupport_fastrtps_c.h\n'}
[0.406551] (px4_msgs) StdoutLine: {'line': b'-- Up-to-date symlink: /home/lee/workspace/ros2_ex_mav/install/px4_msgs/include/px4_msgs/px4_msgs/msg/detail/tune_control__rosidl_typesupport_fastrtps_c.h\n'}
[0.406588] (px4_msgs) StdoutLine: {'line': b'-- Up-to-date symlink: /home/lee/workspace/ros2_ex_mav/install/px4_msgs/include/px4_msgs/px4_msgs/msg/detail/uavcan_parameter_request__rosidl_typesupport_fastrtps_c.h\n'}
[0.406611] (px4_msgs) StdoutLine: {'line': b'-- Up-to-date symlink: /home/lee/workspace/ros2_ex_mav/install/px4_msgs/include/px4_msgs/px4_msgs/msg/detail/uavcan_parameter_value__rosidl_typesupport_fastrtps_c.h\n'}
[0.406657] (px4_msgs) StdoutLine: {'line': b'-- Up-to-date symlink: /home/lee/workspace/ros2_ex_mav/install/px4_msgs/include/px4_msgs/px4_msgs/msg/detail/ulog_stream__rosidl_typesupport_fastrtps_c.h\n'}
[0.406677] (px4_msgs) StdoutLine: {'line': b'-- Up-to-date symlink: /home/lee/workspace/ros2_ex_mav/install/px4_msgs/include/px4_msgs/px4_msgs/msg/detail/ulog_stream_ack__rosidl_typesupport_fastrtps_c.h\n'}
[0.406698] (px4_msgs) StdoutLine: {'line': b'-- Up-to-date symlink: /home/lee/workspace/ros2_ex_mav/install/px4_msgs/include/px4_msgs/px4_msgs/msg/detail/vehicle_acceleration__rosidl_typesupport_fastrtps_c.h\n'}
[0.406720] (px4_msgs) StdoutLine: {'line': b'-- Up-to-date symlink: /home/lee/workspace/ros2_ex_mav/install/px4_msgs/include/px4_msgs/px4_msgs/msg/detail/vehicle_air_data__rosidl_typesupport_fastrtps_c.h\n'}
[0.406755] (px4_msgs) StdoutLine: {'line': b'-- Up-to-date symlink: /home/lee/workspace/ros2_ex_mav/install/px4_msgs/include/px4_msgs/px4_msgs/msg/detail/vehicle_angular_acceleration_setpoint__rosidl_typesupport_fastrtps_c.h\n'}
[0.406797] (px4_msgs) StdoutLine: {'line': b'-- Up-to-date symlink: /home/lee/workspace/ros2_ex_mav/install/px4_msgs/include/px4_msgs/px4_msgs/msg/detail/vehicle_angular_velocity__rosidl_typesupport_fastrtps_c.h\n'}
[0.406817] (px4_msgs) StdoutLine: {'line': b'-- Up-to-date symlink: /home/lee/workspace/ros2_ex_mav/install/px4_msgs/include/px4_msgs/px4_msgs/msg/detail/vehicle_attitude__rosidl_typesupport_fastrtps_c.h\n'}
[0.406838] (px4_msgs) StdoutLine: {'line': b'-- Up-to-date symlink: /home/lee/workspace/ros2_ex_mav/install/px4_msgs/include/px4_msgs/px4_msgs/msg/detail/vehicle_attitude_setpoint__rosidl_typesupport_fastrtps_c.h\n'}
[0.406883] (px4_msgs) StdoutLine: {'line': b'-- Up-to-date symlink: /home/lee/workspace/ros2_ex_mav/install/px4_msgs/include/px4_msgs/px4_msgs/msg/detail/vehicle_command__rosidl_typesupport_fastrtps_c.h\n'}
[0.406903] (px4_msgs) StdoutLine: {'line': b'-- Up-to-date symlink: /home/lee/workspace/ros2_ex_mav/install/px4_msgs/include/px4_msgs/px4_msgs/msg/detail/vehicle_command_ack__rosidl_typesupport_fastrtps_c.h\n'}
[0.406923] (px4_msgs) StdoutLine: {'line': b'-- Up-to-date symlink: /home/lee/workspace/ros2_ex_mav/install/px4_msgs/include/px4_msgs/px4_msgs/msg/detail/vehicle_constraints__rosidl_typesupport_fastrtps_c.h\n'}
[0.406955] (px4_msgs) StdoutLine: {'line': b'-- Up-to-date symlink: /home/lee/workspace/ros2_ex_mav/install/px4_msgs/include/px4_msgs/px4_msgs/msg/detail/vehicle_control_mode__rosidl_typesupport_fastrtps_c.h\n'}
[0.406996] (px4_msgs) StdoutLine: {'line': b'-- Up-to-date symlink: /home/lee/workspace/ros2_ex_mav/install/px4_msgs/include/px4_msgs/px4_msgs/msg/detail/vehicle_global_position__rosidl_typesupport_fastrtps_c.h\n'}
[0.407017] (px4_msgs) StdoutLine: {'line': b'-- Up-to-date symlink: /home/lee/workspace/ros2_ex_mav/install/px4_msgs/include/px4_msgs/px4_msgs/msg/detail/vehicle_imu__rosidl_typesupport_fastrtps_c.h\n'}
[0.407056] (px4_msgs) StdoutLine: {'line': b'-- Up-to-date symlink: /home/lee/workspace/ros2_ex_mav/install/px4_msgs/include/px4_msgs/px4_msgs/msg/detail/vehicle_imu_status__rosidl_typesupport_fastrtps_c.h\n'}
[0.407077] (px4_msgs) StdoutLine: {'line': b'-- Up-to-date symlink: /home/lee/workspace/ros2_ex_mav/install/px4_msgs/include/px4_msgs/px4_msgs/msg/detail/vehicle_land_detected__rosidl_typesupport_fastrtps_c.h\n'}
[0.407116] (px4_msgs) StdoutLine: {'line': b'-- Up-to-date symlink: /home/lee/workspace/ros2_ex_mav/install/px4_msgs/include/px4_msgs/px4_msgs/msg/detail/vehicle_local_position__rosidl_typesupport_fastrtps_c.h\n'}
[0.407136] (px4_msgs) StdoutLine: {'line': b'-- Up-to-date symlink: /home/lee/workspace/ros2_ex_mav/install/px4_msgs/include/px4_msgs/px4_msgs/msg/detail/vehicle_local_position_setpoint__rosidl_typesupport_fastrtps_c.h\n'}
[0.407175] (px4_msgs) StdoutLine: {'line': b'-- Up-to-date symlink: /home/lee/workspace/ros2_ex_mav/install/px4_msgs/include/px4_msgs/px4_msgs/msg/detail/vehicle_magnetometer__rosidl_typesupport_fastrtps_c.h\n'}
[0.407203] (px4_msgs) StdoutLine: {'line': b'-- Up-to-date symlink: /home/lee/workspace/ros2_ex_mav/install/px4_msgs/include/px4_msgs/px4_msgs/msg/detail/vehicle_odometry__rosidl_typesupport_fastrtps_c.h\n'}
[0.407222] (px4_msgs) StdoutLine: {'line': b'-- Up-to-date symlink: /home/lee/workspace/ros2_ex_mav/install/px4_msgs/include/px4_msgs/px4_msgs/msg/detail/vehicle_optical_flow__rosidl_typesupport_fastrtps_c.h\n'}
[0.407260] (px4_msgs) StdoutLine: {'line': b'-- Up-to-date symlink: /home/lee/workspace/ros2_ex_mav/install/px4_msgs/include/px4_msgs/px4_msgs/msg/detail/vehicle_optical_flow_vel__rosidl_typesupport_fastrtps_c.h\n'}
[0.407280] (px4_msgs) StdoutLine: {'line': b'-- Up-to-date symlink: /home/lee/workspace/ros2_ex_mav/install/px4_msgs/include/px4_msgs/px4_msgs/msg/detail/vehicle_rates_setpoint__rosidl_typesupport_fastrtps_c.h\n'}
[0.407313] (px4_msgs) StdoutLine: {'line': b'-- Up-to-date symlink: /home/lee/workspace/ros2_ex_mav/install/px4_msgs/include/px4_msgs/px4_msgs/msg/detail/vehicle_roi__rosidl_typesupport_fastrtps_c.h\n'}
[0.407350] (px4_msgs) StdoutLine: {'line': b'-- Up-to-date symlink: /home/lee/workspace/ros2_ex_mav/install/px4_msgs/include/px4_msgs/px4_msgs/msg/detail/vehicle_status__rosidl_typesupport_fastrtps_c.h\n'}
[0.407391] (px4_msgs) StdoutLine: {'line': b'-- Up-to-date symlink: /home/lee/workspace/ros2_ex_mav/install/px4_msgs/include/px4_msgs/px4_msgs/msg/detail/vehicle_thrust_setpoint__rosidl_typesupport_fastrtps_c.h\n'}
[0.407411] (px4_msgs) StdoutLine: {'line': b'-- Up-to-date symlink: /home/lee/workspace/ros2_ex_mav/install/px4_msgs/include/px4_msgs/px4_msgs/msg/detail/vehicle_torque_setpoint__rosidl_typesupport_fastrtps_c.h\n'}
[0.407445] (px4_msgs) StdoutLine: {'line': b'-- Up-to-date symlink: /home/lee/workspace/ros2_ex_mav/install/px4_msgs/include/px4_msgs/px4_msgs/msg/detail/vehicle_trajectory_bezier__rosidl_typesupport_fastrtps_c.h\n'}
[0.407486] (px4_msgs) StdoutLine: {'line': b'-- Up-to-date symlink: /home/lee/workspace/ros2_ex_mav/install/px4_msgs/include/px4_msgs/px4_msgs/msg/detail/vehicle_trajectory_waypoint__rosidl_typesupport_fastrtps_c.h\n'}
[0.407506] (px4_msgs) StdoutLine: {'line': b'-- Up-to-date symlink: /home/lee/workspace/ros2_ex_mav/install/px4_msgs/include/px4_msgs/px4_msgs/msg/detail/vtol_vehicle_status__rosidl_typesupport_fastrtps_c.h\n'}
[0.407535] (px4_msgs) StdoutLine: {'line': b'-- Up-to-date symlink: /home/lee/workspace/ros2_ex_mav/install/px4_msgs/include/px4_msgs/px4_msgs/msg/detail/wind__rosidl_typesupport_fastrtps_c.h\n'}
[0.407563] (px4_msgs) StdoutLine: {'line': b'-- Up-to-date symlink: /home/lee/workspace/ros2_ex_mav/install/px4_msgs/include/px4_msgs/px4_msgs/msg/detail/yaw_estimator_status__rosidl_typesupport_fastrtps_c.h\n'}
[0.407595] (px4_msgs) StdoutLine: {'line': b'-- Up-to-date symlink: /home/lee/workspace/ros2_ex_mav/install/px4_msgs/include/px4_msgs/px4_msgs/msg/rosidl_typesupport_fastrtps_c__visibility_control.h\n'}
[0.410460] (px4_msgs) StdoutLine: {'line': b'-- Up-to-date symlink: /home/lee/workspace/ros2_ex_mav/install/px4_msgs/include/px4_msgs/px4_msgs/msg/action_request.hpp\n'}
[0.410493] (px4_msgs) StdoutLine: {'line': b'-- Up-to-date symlink: /home/lee/workspace/ros2_ex_mav/install/px4_msgs/include/px4_msgs/px4_msgs/msg/actuator_armed.hpp\n'}
[0.410530] (px4_msgs) StdoutLine: {'line': b'-- Up-to-date symlink: /home/lee/workspace/ros2_ex_mav/install/px4_msgs/include/px4_msgs/px4_msgs/msg/actuator_controls_status.hpp\n'}
[0.410563] (px4_msgs) StdoutLine: {'line': b'-- Up-to-date symlink: /home/lee/workspace/ros2_ex_mav/install/px4_msgs/include/px4_msgs/px4_msgs/msg/actuator_motors.hpp\n'}
[0.410595] (px4_msgs) StdoutLine: {'line': b'-- Up-to-date symlink: /home/lee/workspace/ros2_ex_mav/install/px4_msgs/include/px4_msgs/px4_msgs/msg/actuator_outputs.hpp\n'}
[0.410625] (px4_msgs) StdoutLine: {'line': b'-- Up-to-date symlink: /home/lee/workspace/ros2_ex_mav/install/px4_msgs/include/px4_msgs/px4_msgs/msg/actuator_servos.hpp\n'}
[0.410656] (px4_msgs) StdoutLine: {'line': b'-- Up-to-date symlink: /home/lee/workspace/ros2_ex_mav/install/px4_msgs/include/px4_msgs/px4_msgs/msg/actuator_servos_trim.hpp\n'}
[0.410689] (px4_msgs) StdoutLine: {'line': b'-- Up-to-date symlink: /home/lee/workspace/ros2_ex_mav/install/px4_msgs/include/px4_msgs/px4_msgs/msg/actuator_test.hpp\n'}
[0.410720] (px4_msgs) StdoutLine: {'line': b'-- Up-to-date symlink: /home/lee/workspace/ros2_ex_mav/install/px4_msgs/include/px4_msgs/px4_msgs/msg/adc_report.hpp\n'}
[0.410753] (px4_msgs) StdoutLine: {'line': b'-- Up-to-date symlink: /home/lee/workspace/ros2_ex_mav/install/px4_msgs/include/px4_msgs/px4_msgs/msg/airspeed.hpp\n'}
[0.410785] (px4_msgs) StdoutLine: {'line': b'-- Up-to-date symlink: /home/lee/workspace/ros2_ex_mav/install/px4_msgs/include/px4_msgs/px4_msgs/msg/airspeed_validated.hpp\n'}
[0.410820] (px4_msgs) StdoutLine: {'line': b'-- Up-to-date symlink: /home/lee/workspace/ros2_ex_mav/install/px4_msgs/include/px4_msgs/px4_msgs/msg/airspeed_wind.hpp\n'}
[0.410853] (px4_msgs) StdoutLine: {'line': b'-- Up-to-date symlink: /home/lee/workspace/ros2_ex_mav/install/px4_msgs/include/px4_msgs/px4_msgs/msg/autotune_attitude_control_status.hpp\n'}
[0.410885] (px4_msgs) StdoutLine: {'line': b'-- Up-to-date symlink: /home/lee/workspace/ros2_ex_mav/install/px4_msgs/include/px4_msgs/px4_msgs/msg/battery_status.hpp\n'}
[0.410918] (px4_msgs) StdoutLine: {'line': b'-- Up-to-date symlink: /home/lee/workspace/ros2_ex_mav/install/px4_msgs/include/px4_msgs/px4_msgs/msg/button_event.hpp\n'}
[0.410952] (px4_msgs) StdoutLine: {'line': b'-- Up-to-date symlink: /home/lee/workspace/ros2_ex_mav/install/px4_msgs/include/px4_msgs/px4_msgs/msg/camera_capture.hpp\n'}
[0.410990] (px4_msgs) StdoutLine: {'line': b'-- Up-to-date symlink: /home/lee/workspace/ros2_ex_mav/install/px4_msgs/include/px4_msgs/px4_msgs/msg/camera_status.hpp\n'}
[0.411011] (px4_msgs) StdoutLine: {'line': b'-- Up-to-date symlink: /home/lee/workspace/ros2_ex_mav/install/px4_msgs/include/px4_msgs/px4_msgs/msg/camera_trigger.hpp\n'}
[0.411044] (px4_msgs) StdoutLine: {'line': b'-- Up-to-date symlink: /home/lee/workspace/ros2_ex_mav/install/px4_msgs/include/px4_msgs/px4_msgs/msg/cellular_status.hpp\n'}
[0.411073] (px4_msgs) StdoutLine: {'line': b'-- Up-to-date symlink: /home/lee/workspace/ros2_ex_mav/install/px4_msgs/include/px4_msgs/px4_msgs/msg/collision_constraints.hpp\n'}
[0.411107] (px4_msgs) StdoutLine: {'line': b'-- Up-to-date symlink: /home/lee/workspace/ros2_ex_mav/install/px4_msgs/include/px4_msgs/px4_msgs/msg/collision_report.hpp\n'}
[0.411146] (px4_msgs) StdoutLine: {'line': b'-- Up-to-date symlink: /home/lee/workspace/ros2_ex_mav/install/px4_msgs/include/px4_msgs/px4_msgs/msg/control_allocator_status.hpp\n'}
[0.411166] (px4_msgs) StdoutLine: {'line': b'-- Up-to-date symlink: /home/lee/workspace/ros2_ex_mav/install/px4_msgs/include/px4_msgs/px4_msgs/msg/cpuload.hpp\n'}
[0.411199] (px4_msgs) StdoutLine: {'line': b'-- Up-to-date symlink: /home/lee/workspace/ros2_ex_mav/install/px4_msgs/include/px4_msgs/px4_msgs/msg/debug_array.hpp\n'}
[0.411229] (px4_msgs) StdoutLine: {'line': b'-- Up-to-date symlink: /home/lee/workspace/ros2_ex_mav/install/px4_msgs/include/px4_msgs/px4_msgs/msg/debug_key_value.hpp\n'}
[0.411257] (px4_msgs) StdoutLine: {'line': b'-- Up-to-date symlink: /home/lee/workspace/ros2_ex_mav/install/px4_msgs/include/px4_msgs/px4_msgs/msg/debug_value.hpp\n'}
[0.411290] (px4_msgs) StdoutLine: {'line': b'-- Up-to-date symlink: /home/lee/workspace/ros2_ex_mav/install/px4_msgs/include/px4_msgs/px4_msgs/msg/debug_vect.hpp\n'}
[0.411324] (px4_msgs) StdoutLine: {'line': b'-- Up-to-date symlink: /home/lee/workspace/ros2_ex_mav/install/px4_msgs/include/px4_msgs/px4_msgs/msg/detail/action_request__builder.hpp\n'}
[0.411360] (px4_msgs) StdoutLine: {'line': b'-- Up-to-date symlink: /home/lee/workspace/ros2_ex_mav/install/px4_msgs/include/px4_msgs/px4_msgs/msg/detail/action_request__struct.hpp\n'}
[0.411389] (px4_msgs) StdoutLine: {'line': b'-- Up-to-date symlink: /home/lee/workspace/ros2_ex_mav/install/px4_msgs/include/px4_msgs/px4_msgs/msg/detail/action_request__traits.hpp\n'}
[0.411423] (px4_msgs) StdoutLine: {'line': b'-- Up-to-date symlink: /home/lee/workspace/ros2_ex_mav/install/px4_msgs/include/px4_msgs/px4_msgs/msg/detail/action_request__type_support.hpp\n'}
[0.411457] (px4_msgs) StdoutLine: {'line': b'-- Up-to-date symlink: /home/lee/workspace/ros2_ex_mav/install/px4_msgs/include/px4_msgs/px4_msgs/msg/detail/actuator_armed__builder.hpp\n'}
[0.411486] (px4_msgs) StdoutLine: {'line': b'-- Up-to-date symlink: /home/lee/workspace/ros2_ex_mav/install/px4_msgs/include/px4_msgs/px4_msgs/msg/detail/actuator_armed__struct.hpp\n'}
[0.411522] (px4_msgs) StdoutLine: {'line': b'-- Up-to-date symlink: /home/lee/workspace/ros2_ex_mav/install/px4_msgs/include/px4_msgs/px4_msgs/msg/detail/actuator_armed__traits.hpp\n'}
[0.411558] (px4_msgs) StdoutLine: {'line': b'-- Up-to-date symlink: /home/lee/workspace/ros2_ex_mav/install/px4_msgs/include/px4_msgs/px4_msgs/msg/detail/actuator_armed__type_support.hpp\n'}
[0.411597] (px4_msgs) StdoutLine: {'line': b'-- Up-to-date symlink: /home/lee/workspace/ros2_ex_mav/install/px4_msgs/include/px4_msgs/px4_msgs/msg/detail/actuator_controls_status__builder.hpp\n'}
[0.411617] (px4_msgs) StdoutLine: {'line': b'-- Up-to-date symlink: /home/lee/workspace/ros2_ex_mav/install/px4_msgs/include/px4_msgs/px4_msgs/msg/detail/actuator_controls_status__struct.hpp\n'}
[0.411644] (px4_msgs) StdoutLine: {'line': b'-- Up-to-date symlink: /home/lee/workspace/ros2_ex_mav/install/px4_msgs/include/px4_msgs/px4_msgs/msg/detail/actuator_controls_status__traits.hpp\n'}
[0.411676] (px4_msgs) StdoutLine: {'line': b'-- Up-to-date symlink: /home/lee/workspace/ros2_ex_mav/install/px4_msgs/include/px4_msgs/px4_msgs/msg/detail/actuator_controls_status__type_support.hpp\n'}
[0.411711] (px4_msgs) StdoutLine: {'line': b'-- Up-to-date symlink: /home/lee/workspace/ros2_ex_mav/install/px4_msgs/include/px4_msgs/px4_msgs/msg/detail/actuator_motors__builder.hpp\n'}
[0.411744] (px4_msgs) StdoutLine: {'line': b'-- Up-to-date symlink: /home/lee/workspace/ros2_ex_mav/install/px4_msgs/include/px4_msgs/px4_msgs/msg/detail/actuator_motors__struct.hpp\n'}
[0.411778] (px4_msgs) StdoutLine: {'line': b'-- Up-to-date symlink: /home/lee/workspace/ros2_ex_mav/install/px4_msgs/include/px4_msgs/px4_msgs/msg/detail/actuator_motors__traits.hpp\n'}
[0.411811] (px4_msgs) StdoutLine: {'line': b'-- Up-to-date symlink: /home/lee/workspace/ros2_ex_mav/install/px4_msgs/include/px4_msgs/px4_msgs/msg/detail/actuator_motors__type_support.hpp\n'}
[0.411839] (px4_msgs) StdoutLine: {'line': b'-- Up-to-date symlink: /home/lee/workspace/ros2_ex_mav/install/px4_msgs/include/px4_msgs/px4_msgs/msg/detail/actuator_outputs__builder.hpp\n'}
[0.411871] (px4_msgs) StdoutLine: {'line': b'-- Up-to-date symlink: /home/lee/workspace/ros2_ex_mav/install/px4_msgs/include/px4_msgs/px4_msgs/msg/detail/actuator_outputs__struct.hpp\n'}
[0.411905] (px4_msgs) StdoutLine: {'line': b'-- Up-to-date symlink: /home/lee/workspace/ros2_ex_mav/install/px4_msgs/include/px4_msgs/px4_msgs/msg/detail/actuator_outputs__traits.hpp\n'}
[0.411937] (px4_msgs) StdoutLine: {'line': b'-- Up-to-date symlink: /home/lee/workspace/ros2_ex_mav/install/px4_msgs/include/px4_msgs/px4_msgs/msg/detail/actuator_outputs__type_support.hpp\n'}
[0.411970] (px4_msgs) StdoutLine: {'line': b'-- Up-to-date symlink: /home/lee/workspace/ros2_ex_mav/install/px4_msgs/include/px4_msgs/px4_msgs/msg/detail/actuator_servos__builder.hpp\n'}
[0.412009] (px4_msgs) StdoutLine: {'line': b'-- Up-to-date symlink: /home/lee/workspace/ros2_ex_mav/install/px4_msgs/include/px4_msgs/px4_msgs/msg/detail/actuator_servos__struct.hpp\n'}
[0.412029] (px4_msgs) StdoutLine: {'line': b'-- Up-to-date symlink: /home/lee/workspace/ros2_ex_mav/install/px4_msgs/include/px4_msgs/px4_msgs/msg/detail/actuator_servos__traits.hpp\n'}
[0.412057] (px4_msgs) StdoutLine: {'line': b'-- Up-to-date symlink: /home/lee/workspace/ros2_ex_mav/install/px4_msgs/include/px4_msgs/px4_msgs/msg/detail/actuator_servos__type_support.hpp\n'}
[0.412091] (px4_msgs) StdoutLine: {'line': b'-- Up-to-date symlink: /home/lee/workspace/ros2_ex_mav/install/px4_msgs/include/px4_msgs/px4_msgs/msg/detail/actuator_servos_trim__builder.hpp\n'}
[0.412126] (px4_msgs) StdoutLine: {'line': b'-- Up-to-date symlink: /home/lee/workspace/ros2_ex_mav/install/px4_msgs/include/px4_msgs/px4_msgs/msg/detail/actuator_servos_trim__struct.hpp\n'}
[0.412165] (px4_msgs) StdoutLine: {'line': b'-- Up-to-date symlink: /home/lee/workspace/ros2_ex_mav/install/px4_msgs/include/px4_msgs/px4_msgs/msg/detail/actuator_servos_trim__traits.hpp\n'}
[0.412186] (px4_msgs) StdoutLine: {'line': b'-- Up-to-date symlink: /home/lee/workspace/ros2_ex_mav/install/px4_msgs/include/px4_msgs/px4_msgs/msg/detail/actuator_servos_trim__type_support.hpp\n'}
[0.412220] (px4_msgs) StdoutLine: {'line': b'-- Up-to-date symlink: /home/lee/workspace/ros2_ex_mav/install/px4_msgs/include/px4_msgs/px4_msgs/msg/detail/actuator_test__builder.hpp\n'}
[0.412255] (px4_msgs) StdoutLine: {'line': b'-- Up-to-date symlink: /home/lee/workspace/ros2_ex_mav/install/px4_msgs/include/px4_msgs/px4_msgs/msg/detail/actuator_test__struct.hpp\n'}
[0.412295] (px4_msgs) StdoutLine: {'line': b'-- Up-to-date symlink: /home/lee/workspace/ros2_ex_mav/install/px4_msgs/include/px4_msgs/px4_msgs/msg/detail/actuator_test__traits.hpp\n'}
[0.412316] (px4_msgs) StdoutLine: {'line': b'-- Up-to-date symlink: /home/lee/workspace/ros2_ex_mav/install/px4_msgs/include/px4_msgs/px4_msgs/msg/detail/actuator_test__type_support.hpp\n'}
[0.412354] (px4_msgs) StdoutLine: {'line': b'-- Up-to-date symlink: /home/lee/workspace/ros2_ex_mav/install/px4_msgs/include/px4_msgs/px4_msgs/msg/detail/adc_report__builder.hpp\n'}
[0.412399] (px4_msgs) StdoutLine: {'line': b'-- Up-to-date symlink: /home/lee/workspace/ros2_ex_mav/install/px4_msgs/include/px4_msgs/px4_msgs/msg/detail/adc_report__struct.hpp\n'}
[0.412441] (px4_msgs) StdoutLine: {'line': b'-- Up-to-date symlink: /home/lee/workspace/ros2_ex_mav/install/px4_msgs/include/px4_msgs/px4_msgs/msg/detail/adc_report__traits.hpp\n'}
[0.412464] (px4_msgs) StdoutLine: {'line': b'-- Up-to-date symlink: /home/lee/workspace/ros2_ex_mav/install/px4_msgs/include/px4_msgs/px4_msgs/msg/detail/adc_report__type_support.hpp\n'}
[0.412500] (px4_msgs) StdoutLine: {'line': b'-- Up-to-date symlink: /home/lee/workspace/ros2_ex_mav/install/px4_msgs/include/px4_msgs/px4_msgs/msg/detail/airspeed__builder.hpp\n'}
[0.412541] (px4_msgs) StdoutLine: {'line': b'-- Up-to-date symlink: /home/lee/workspace/ros2_ex_mav/install/px4_msgs/include/px4_msgs/px4_msgs/msg/detail/airspeed__struct.hpp\n'}
[0.412563] (px4_msgs) StdoutLine: {'line': b'-- Up-to-date symlink: /home/lee/workspace/ros2_ex_mav/install/px4_msgs/include/px4_msgs/px4_msgs/msg/detail/airspeed__traits.hpp\n'}
[0.412602] (px4_msgs) StdoutLine: {'line': b'-- Up-to-date symlink: /home/lee/workspace/ros2_ex_mav/install/px4_msgs/include/px4_msgs/px4_msgs/msg/detail/airspeed__type_support.hpp\n'}
[0.412630] (px4_msgs) StdoutLine: {'line': b'-- Up-to-date symlink: /home/lee/workspace/ros2_ex_mav/install/px4_msgs/include/px4_msgs/px4_msgs/msg/detail/airspeed_validated__builder.hpp\n'}
[0.412651] (px4_msgs) StdoutLine: {'line': b'-- Up-to-date symlink: /home/lee/workspace/ros2_ex_mav/install/px4_msgs/include/px4_msgs/px4_msgs/msg/detail/airspeed_validated__struct.hpp\n'}
[0.412686] (px4_msgs) StdoutLine: {'line': b'-- Up-to-date symlink: /home/lee/workspace/ros2_ex_mav/install/px4_msgs/include/px4_msgs/px4_msgs/msg/detail/airspeed_validated__traits.hpp\n'}
[0.412721] (px4_msgs) StdoutLine: {'line': b'-- Up-to-date symlink: /home/lee/workspace/ros2_ex_mav/install/px4_msgs/include/px4_msgs/px4_msgs/msg/detail/airspeed_validated__type_support.hpp\n'}
[0.412761] (px4_msgs) StdoutLine: {'line': b'-- Up-to-date symlink: /home/lee/workspace/ros2_ex_mav/install/px4_msgs/include/px4_msgs/px4_msgs/msg/detail/airspeed_wind__builder.hpp\n'}
[0.412783] (px4_msgs) StdoutLine: {'line': b'-- Up-to-date symlink: /home/lee/workspace/ros2_ex_mav/install/px4_msgs/include/px4_msgs/px4_msgs/msg/detail/airspeed_wind__struct.hpp\n'}
[0.412824] (px4_msgs) StdoutLine: {'line': b'-- Up-to-date symlink: /home/lee/workspace/ros2_ex_mav/install/px4_msgs/include/px4_msgs/px4_msgs/msg/detail/airspeed_wind__traits.hpp\n'}
[0.412852] (px4_msgs) StdoutLine: {'line': b'-- Up-to-date symlink: /home/lee/workspace/ros2_ex_mav/install/px4_msgs/include/px4_msgs/px4_msgs/msg/detail/airspeed_wind__type_support.hpp\n'}
[0.412872] (px4_msgs) StdoutLine: {'line': b'-- Up-to-date symlink: /home/lee/workspace/ros2_ex_mav/install/px4_msgs/include/px4_msgs/px4_msgs/msg/detail/autotune_attitude_control_status__builder.hpp\n'}
[0.412911] (px4_msgs) StdoutLine: {'line': b'-- Up-to-date symlink: /home/lee/workspace/ros2_ex_mav/install/px4_msgs/include/px4_msgs/px4_msgs/msg/detail/autotune_attitude_control_status__struct.hpp\n'}
[0.412932] (px4_msgs) StdoutLine: {'line': b'-- Up-to-date symlink: /home/lee/workspace/ros2_ex_mav/install/px4_msgs/include/px4_msgs/px4_msgs/msg/detail/autotune_attitude_control_status__traits.hpp\n'}
[0.412970] (px4_msgs) StdoutLine: {'line': b'-- Up-to-date symlink: /home/lee/workspace/ros2_ex_mav/install/px4_msgs/include/px4_msgs/px4_msgs/msg/detail/autotune_attitude_control_status__type_support.hpp\n'}
[0.412990] (px4_msgs) StdoutLine: {'line': b'-- Up-to-date symlink: /home/lee/workspace/ros2_ex_mav/install/px4_msgs/include/px4_msgs/px4_msgs/msg/detail/battery_status__builder.hpp\n'}
[0.413023] (px4_msgs) StdoutLine: {'line': b'-- Up-to-date symlink: /home/lee/workspace/ros2_ex_mav/install/px4_msgs/include/px4_msgs/px4_msgs/msg/detail/battery_status__struct.hpp\n'}
[0.413071] (px4_msgs) StdoutLine: {'line': b'-- Up-to-date symlink: /home/lee/workspace/ros2_ex_mav/install/px4_msgs/include/px4_msgs/px4_msgs/msg/detail/battery_status__traits.hpp\n'}
[0.413090] (px4_msgs) StdoutLine: {'line': b'-- Up-to-date symlink: /home/lee/workspace/ros2_ex_mav/install/px4_msgs/include/px4_msgs/px4_msgs/msg/detail/battery_status__type_support.hpp\n'}
[0.413129] (px4_msgs) StdoutLine: {'line': b'-- Up-to-date symlink: /home/lee/workspace/ros2_ex_mav/install/px4_msgs/include/px4_msgs/px4_msgs/msg/detail/button_event__builder.hpp\n'}
[0.413149] (px4_msgs) StdoutLine: {'line': b'-- Up-to-date symlink: /home/lee/workspace/ros2_ex_mav/install/px4_msgs/include/px4_msgs/px4_msgs/msg/detail/button_event__struct.hpp\n'}
[0.413186] (px4_msgs) StdoutLine: {'line': b'-- Up-to-date symlink: /home/lee/workspace/ros2_ex_mav/install/px4_msgs/include/px4_msgs/px4_msgs/msg/detail/button_event__traits.hpp\n'}
[0.413205] (px4_msgs) StdoutLine: {'line': b'-- Up-to-date symlink: /home/lee/workspace/ros2_ex_mav/install/px4_msgs/include/px4_msgs/px4_msgs/msg/detail/button_event__type_support.hpp\n'}
[0.413238] (px4_msgs) StdoutLine: {'line': b'-- Up-to-date symlink: /home/lee/workspace/ros2_ex_mav/install/px4_msgs/include/px4_msgs/px4_msgs/msg/detail/camera_capture__builder.hpp\n'}
[0.413265] (px4_msgs) StdoutLine: {'line': b'-- Up-to-date symlink: /home/lee/workspace/ros2_ex_mav/install/px4_msgs/include/px4_msgs/px4_msgs/msg/detail/camera_capture__struct.hpp\n'}
[0.413299] (px4_msgs) StdoutLine: {'line': b'-- Up-to-date symlink: /home/lee/workspace/ros2_ex_mav/install/px4_msgs/include/px4_msgs/px4_msgs/msg/detail/camera_capture__traits.hpp\n'}
[0.413332] (px4_msgs) StdoutLine: {'line': b'-- Up-to-date symlink: /home/lee/workspace/ros2_ex_mav/install/px4_msgs/include/px4_msgs/px4_msgs/msg/detail/camera_capture__type_support.hpp\n'}
[0.413371] (px4_msgs) StdoutLine: {'line': b'-- Up-to-date symlink: /home/lee/workspace/ros2_ex_mav/install/px4_msgs/include/px4_msgs/px4_msgs/msg/detail/camera_status__builder.hpp\n'}
[0.413412] (px4_msgs) StdoutLine: {'line': b'-- Up-to-date symlink: /home/lee/workspace/ros2_ex_mav/install/px4_msgs/include/px4_msgs/px4_msgs/msg/detail/camera_status__struct.hpp\n'}
[0.413432] (px4_msgs) StdoutLine: {'line': b'-- Up-to-date symlink: /home/lee/workspace/ros2_ex_mav/install/px4_msgs/include/px4_msgs/px4_msgs/msg/detail/camera_status__traits.hpp\n'}
[0.413471] (px4_msgs) StdoutLine: {'line': b'-- Up-to-date symlink: /home/lee/workspace/ros2_ex_mav/install/px4_msgs/include/px4_msgs/px4_msgs/msg/detail/camera_status__type_support.hpp\n'}
[0.413491] (px4_msgs) StdoutLine: {'line': b'-- Up-to-date symlink: /home/lee/workspace/ros2_ex_mav/install/px4_msgs/include/px4_msgs/px4_msgs/msg/detail/camera_trigger__builder.hpp\n'}
[0.413524] (px4_msgs) StdoutLine: {'line': b'-- Up-to-date symlink: /home/lee/workspace/ros2_ex_mav/install/px4_msgs/include/px4_msgs/px4_msgs/msg/detail/camera_trigger__struct.hpp\n'}
[0.413552] (px4_msgs) StdoutLine: {'line': b'-- Up-to-date symlink: /home/lee/workspace/ros2_ex_mav/install/px4_msgs/include/px4_msgs/px4_msgs/msg/detail/camera_trigger__traits.hpp\n'}
[0.413585] (px4_msgs) StdoutLine: {'line': b'-- Up-to-date symlink: /home/lee/workspace/ros2_ex_mav/install/px4_msgs/include/px4_msgs/px4_msgs/msg/detail/camera_trigger__type_support.hpp\n'}
[0.413619] (px4_msgs) StdoutLine: {'line': b'-- Up-to-date symlink: /home/lee/workspace/ros2_ex_mav/install/px4_msgs/include/px4_msgs/px4_msgs/msg/detail/cellular_status__builder.hpp\n'}
[0.413646] (px4_msgs) StdoutLine: {'line': b'-- Up-to-date symlink: /home/lee/workspace/ros2_ex_mav/install/px4_msgs/include/px4_msgs/px4_msgs/msg/detail/cellular_status__struct.hpp\n'}
[0.413679] (px4_msgs) StdoutLine: {'line': b'-- Up-to-date symlink: /home/lee/workspace/ros2_ex_mav/install/px4_msgs/include/px4_msgs/px4_msgs/msg/detail/cellular_status__traits.hpp\n'}
[0.413714] (px4_msgs) StdoutLine: {'line': b'-- Up-to-date symlink: /home/lee/workspace/ros2_ex_mav/install/px4_msgs/include/px4_msgs/px4_msgs/msg/detail/cellular_status__type_support.hpp\n'}
[0.413748] (px4_msgs) StdoutLine: {'line': b'-- Up-to-date symlink: /home/lee/workspace/ros2_ex_mav/install/px4_msgs/include/px4_msgs/px4_msgs/msg/detail/collision_constraints__builder.hpp\n'}
[0.413783] (px4_msgs) StdoutLine: {'line': b'-- Up-to-date symlink: /home/lee/workspace/ros2_ex_mav/install/px4_msgs/include/px4_msgs/px4_msgs/msg/detail/collision_constraints__struct.hpp\n'}
[0.413817] (px4_msgs) StdoutLine: {'line': b'-- Up-to-date symlink: /home/lee/workspace/ros2_ex_mav/install/px4_msgs/include/px4_msgs/px4_msgs/msg/detail/collision_constraints__traits.hpp\n'}
[0.413857] (px4_msgs) StdoutLine: {'line': b'-- Up-to-date symlink: /home/lee/workspace/ros2_ex_mav/install/px4_msgs/include/px4_msgs/px4_msgs/msg/detail/collision_constraints__type_support.hpp\n'}
[0.413886] (px4_msgs) StdoutLine: {'line': b'-- Up-to-date symlink: /home/lee/workspace/ros2_ex_mav/install/px4_msgs/include/px4_msgs/px4_msgs/msg/detail/collision_report__builder.hpp\n'}
[0.413904] (px4_msgs) StdoutLine: {'line': b'-- Up-to-date symlink: /home/lee/workspace/ros2_ex_mav/install/px4_msgs/include/px4_msgs/px4_msgs/msg/detail/collision_report__struct.hpp\n'}
[0.413943] (px4_msgs) StdoutLine: {'line': b'-- Up-to-date symlink: /home/lee/workspace/ros2_ex_mav/install/px4_msgs/include/px4_msgs/px4_msgs/msg/detail/collision_report__traits.hpp\n'}
[0.413963] (px4_msgs) StdoutLine: {'line': b'-- Up-to-date symlink: /home/lee/workspace/ros2_ex_mav/install/px4_msgs/include/px4_msgs/px4_msgs/msg/detail/collision_report__type_support.hpp\n'}
[0.413996] (px4_msgs) StdoutLine: {'line': b'-- Up-to-date symlink: /home/lee/workspace/ros2_ex_mav/install/px4_msgs/include/px4_msgs/px4_msgs/msg/detail/control_allocator_status__builder.hpp\n'}
[0.414031] (px4_msgs) StdoutLine: {'line': b'-- Up-to-date symlink: /home/lee/workspace/ros2_ex_mav/install/px4_msgs/include/px4_msgs/px4_msgs/msg/detail/control_allocator_status__struct.hpp\n'}
[0.414065] (px4_msgs) StdoutLine: {'line': b'-- Up-to-date symlink: /home/lee/workspace/ros2_ex_mav/install/px4_msgs/include/px4_msgs/px4_msgs/msg/detail/control_allocator_status__traits.hpp\n'}
[0.414099] (px4_msgs) StdoutLine: {'line': b'-- Up-to-date symlink: /home/lee/workspace/ros2_ex_mav/install/px4_msgs/include/px4_msgs/px4_msgs/msg/detail/control_allocator_status__type_support.hpp\n'}
[0.414132] (px4_msgs) StdoutLine: {'line': b'-- Up-to-date symlink: /home/lee/workspace/ros2_ex_mav/install/px4_msgs/include/px4_msgs/px4_msgs/msg/detail/cpuload__builder.hpp\n'}
[0.414172] (px4_msgs) StdoutLine: {'line': b'-- Up-to-date symlink: /home/lee/workspace/ros2_ex_mav/install/px4_msgs/include/px4_msgs/px4_msgs/msg/detail/cpuload__struct.hpp\n'}
[0.414191] (px4_msgs) StdoutLine: {'line': b'-- Up-to-date symlink: /home/lee/workspace/ros2_ex_mav/install/px4_msgs/include/px4_msgs/px4_msgs/msg/detail/cpuload__traits.hpp\n'}
[0.414230] (px4_msgs) StdoutLine: {'line': b'-- Up-to-date symlink: /home/lee/workspace/ros2_ex_mav/install/px4_msgs/include/px4_msgs/px4_msgs/msg/detail/cpuload__type_support.hpp\n'}
[0.414249] (px4_msgs) StdoutLine: {'line': b'-- Up-to-date symlink: /home/lee/workspace/ros2_ex_mav/install/px4_msgs/include/px4_msgs/px4_msgs/msg/detail/debug_array__builder.hpp\n'}
[0.414282] (px4_msgs) StdoutLine: {'line': b'-- Up-to-date symlink: /home/lee/workspace/ros2_ex_mav/install/px4_msgs/include/px4_msgs/px4_msgs/msg/detail/debug_array__struct.hpp\n'}
[0.414313] (px4_msgs) StdoutLine: {'line': b'-- Up-to-date symlink: /home/lee/workspace/ros2_ex_mav/install/px4_msgs/include/px4_msgs/px4_msgs/msg/detail/debug_array__traits.hpp\n'}
[0.414348] (px4_msgs) StdoutLine: {'line': b'-- Up-to-date symlink: /home/lee/workspace/ros2_ex_mav/install/px4_msgs/include/px4_msgs/px4_msgs/msg/detail/debug_array__type_support.hpp\n'}
[0.414389] (px4_msgs) StdoutLine: {'line': b'-- Up-to-date symlink: /home/lee/workspace/ros2_ex_mav/install/px4_msgs/include/px4_msgs/px4_msgs/msg/detail/debug_key_value__builder.hpp\n'}
[0.414409] (px4_msgs) StdoutLine: {'line': b'-- Up-to-date symlink: /home/lee/workspace/ros2_ex_mav/install/px4_msgs/include/px4_msgs/px4_msgs/msg/detail/debug_key_value__struct.hpp\n'}
[0.414436] (px4_msgs) StdoutLine: {'line': b'-- Up-to-date symlink: /home/lee/workspace/ros2_ex_mav/install/px4_msgs/include/px4_msgs/px4_msgs/msg/detail/debug_key_value__traits.hpp\n'}
[0.414470] (px4_msgs) StdoutLine: {'line': b'-- Up-to-date symlink: /home/lee/workspace/ros2_ex_mav/install/px4_msgs/include/px4_msgs/px4_msgs/msg/detail/debug_key_value__type_support.hpp\n'}
[0.414503] (px4_msgs) StdoutLine: {'line': b'-- Up-to-date symlink: /home/lee/workspace/ros2_ex_mav/install/px4_msgs/include/px4_msgs/px4_msgs/msg/detail/debug_value__builder.hpp\n'}
[0.414537] (px4_msgs) StdoutLine: {'line': b'-- Up-to-date symlink: /home/lee/workspace/ros2_ex_mav/install/px4_msgs/include/px4_msgs/px4_msgs/msg/detail/debug_value__struct.hpp\n'}
[0.414576] (px4_msgs) StdoutLine: {'line': b'-- Up-to-date symlink: /home/lee/workspace/ros2_ex_mav/install/px4_msgs/include/px4_msgs/px4_msgs/msg/detail/debug_value__traits.hpp\n'}
[0.414596] (px4_msgs) StdoutLine: {'line': b'-- Up-to-date symlink: /home/lee/workspace/ros2_ex_mav/install/px4_msgs/include/px4_msgs/px4_msgs/msg/detail/debug_value__type_support.hpp\n'}
[0.414629] (px4_msgs) StdoutLine: {'line': b'-- Up-to-date symlink: /home/lee/workspace/ros2_ex_mav/install/px4_msgs/include/px4_msgs/px4_msgs/msg/detail/debug_vect__builder.hpp\n'}
[0.414657] (px4_msgs) StdoutLine: {'line': b'-- Up-to-date symlink: /home/lee/workspace/ros2_ex_mav/install/px4_msgs/include/px4_msgs/px4_msgs/msg/detail/debug_vect__struct.hpp\n'}
[0.414692] (px4_msgs) StdoutLine: {'line': b'-- Up-to-date symlink: /home/lee/workspace/ros2_ex_mav/install/px4_msgs/include/px4_msgs/px4_msgs/msg/detail/debug_vect__traits.hpp\n'}
[0.414727] (px4_msgs) StdoutLine: {'line': b'-- Up-to-date symlink: /home/lee/workspace/ros2_ex_mav/install/px4_msgs/include/px4_msgs/px4_msgs/msg/detail/debug_vect__type_support.hpp\n'}
[0.414762] (px4_msgs) StdoutLine: {'line': b'-- Up-to-date symlink: /home/lee/workspace/ros2_ex_mav/install/px4_msgs/include/px4_msgs/px4_msgs/msg/detail/differential_pressure__builder.hpp\n'}
[0.414802] (px4_msgs) StdoutLine: {'line': b'-- Up-to-date symlink: /home/lee/workspace/ros2_ex_mav/install/px4_msgs/include/px4_msgs/px4_msgs/msg/detail/differential_pressure__struct.hpp\n'}
[0.414821] (px4_msgs) StdoutLine: {'line': b'-- Up-to-date symlink: /home/lee/workspace/ros2_ex_mav/install/px4_msgs/include/px4_msgs/px4_msgs/msg/detail/differential_pressure__traits.hpp\n'}
[0.414860] (px4_msgs) StdoutLine: {'line': b'-- Up-to-date symlink: /home/lee/workspace/ros2_ex_mav/install/px4_msgs/include/px4_msgs/px4_msgs/msg/detail/differential_pressure__type_support.hpp\n'}
[0.414880] (px4_msgs) StdoutLine: {'line': b'-- Up-to-date symlink: /home/lee/workspace/ros2_ex_mav/install/px4_msgs/include/px4_msgs/px4_msgs/msg/detail/distance_sensor__builder.hpp\n'}
[0.414913] (px4_msgs) StdoutLine: {'line': b'-- Up-to-date symlink: /home/lee/workspace/ros2_ex_mav/install/px4_msgs/include/px4_msgs/px4_msgs/msg/detail/distance_sensor__struct.hpp\n'}
[0.414947] (px4_msgs) StdoutLine: {'line': b'-- Up-to-date symlink: /home/lee/workspace/ros2_ex_mav/install/px4_msgs/include/px4_msgs/px4_msgs/msg/detail/distance_sensor__traits.hpp\n'}
[0.414980] (px4_msgs) StdoutLine: {'line': b'-- Up-to-date symlink: /home/lee/workspace/ros2_ex_mav/install/px4_msgs/include/px4_msgs/px4_msgs/msg/detail/distance_sensor__type_support.hpp\n'}
[0.415007] (px4_msgs) StdoutLine: {'line': b'-- Up-to-date symlink: /home/lee/workspace/ros2_ex_mav/install/px4_msgs/include/px4_msgs/px4_msgs/msg/detail/ekf2_timestamps__builder.hpp\n'}
[0.415040] (px4_msgs) StdoutLine: {'line': b'-- Up-to-date symlink: /home/lee/workspace/ros2_ex_mav/install/px4_msgs/include/px4_msgs/px4_msgs/msg/detail/ekf2_timestamps__struct.hpp\n'}
[0.415075] (px4_msgs) StdoutLine: {'line': b'-- Up-to-date symlink: /home/lee/workspace/ros2_ex_mav/install/px4_msgs/include/px4_msgs/px4_msgs/msg/detail/ekf2_timestamps__traits.hpp\n'}
[0.415103] (px4_msgs) StdoutLine: {'line': b'-- Up-to-date symlink: /home/lee/workspace/ros2_ex_mav/install/px4_msgs/include/px4_msgs/px4_msgs/msg/detail/ekf2_timestamps__type_support.hpp\n'}
[0.415136] (px4_msgs) StdoutLine: {'line': b'-- Up-to-date symlink: /home/lee/workspace/ros2_ex_mav/install/px4_msgs/include/px4_msgs/px4_msgs/msg/detail/esc_report__builder.hpp\n'}
[0.415177] (px4_msgs) StdoutLine: {'line': b'-- Up-to-date symlink: /home/lee/workspace/ros2_ex_mav/install/px4_msgs/include/px4_msgs/px4_msgs/msg/detail/esc_report__struct.hpp\n'}
[0.415197] (px4_msgs) StdoutLine: {'line': b'-- Up-to-date symlink: /home/lee/workspace/ros2_ex_mav/install/px4_msgs/include/px4_msgs/px4_msgs/msg/detail/esc_report__traits.hpp\n'}
[0.415230] (px4_msgs) StdoutLine: {'line': b'-- Up-to-date symlink: /home/lee/workspace/ros2_ex_mav/install/px4_msgs/include/px4_msgs/px4_msgs/msg/detail/esc_report__type_support.hpp\n'}
[0.415273] (px4_msgs) StdoutLine: {'line': b'-- Up-to-date symlink: /home/lee/workspace/ros2_ex_mav/install/px4_msgs/include/px4_msgs/px4_msgs/msg/detail/esc_status__builder.hpp\n'}
[0.415293] (px4_msgs) StdoutLine: {'line': b'-- Up-to-date symlink: /home/lee/workspace/ros2_ex_mav/install/px4_msgs/include/px4_msgs/px4_msgs/msg/detail/esc_status__struct.hpp\n'}
[0.415332] (px4_msgs) StdoutLine: {'line': b'-- Up-to-date symlink: /home/lee/workspace/ros2_ex_mav/install/px4_msgs/include/px4_msgs/px4_msgs/msg/detail/esc_status__traits.hpp\n'}
[0.415356] (px4_msgs) StdoutLine: {'line': b'-- Up-to-date symlink: /home/lee/workspace/ros2_ex_mav/install/px4_msgs/include/px4_msgs/px4_msgs/msg/detail/esc_status__type_support.hpp\n'}
[0.415387] (px4_msgs) StdoutLine: {'line': b'-- Up-to-date symlink: /home/lee/workspace/ros2_ex_mav/install/px4_msgs/include/px4_msgs/px4_msgs/msg/detail/estimator_aid_source1d__builder.hpp\n'}
[0.415426] (px4_msgs) StdoutLine: {'line': b'-- Up-to-date symlink: /home/lee/workspace/ros2_ex_mav/install/px4_msgs/include/px4_msgs/px4_msgs/msg/detail/estimator_aid_source1d__struct.hpp\n'}
[0.415446] (px4_msgs) StdoutLine: {'line': b'-- Up-to-date symlink: /home/lee/workspace/ros2_ex_mav/install/px4_msgs/include/px4_msgs/px4_msgs/msg/detail/estimator_aid_source1d__traits.hpp\n'}
[0.415479] (px4_msgs) StdoutLine: {'line': b'-- Up-to-date symlink: /home/lee/workspace/ros2_ex_mav/install/px4_msgs/include/px4_msgs/px4_msgs/msg/detail/estimator_aid_source1d__type_support.hpp\n'}
[0.415513] (px4_msgs) StdoutLine: {'line': b'-- Up-to-date symlink: /home/lee/workspace/ros2_ex_mav/install/px4_msgs/include/px4_msgs/px4_msgs/msg/detail/estimator_aid_source2d__builder.hpp\n'}
[0.415548] (px4_msgs) StdoutLine: {'line': b'-- Up-to-date symlink: /home/lee/workspace/ros2_ex_mav/install/px4_msgs/include/px4_msgs/px4_msgs/msg/detail/estimator_aid_source2d__struct.hpp\n'}
[0.415583] (px4_msgs) StdoutLine: {'line': b'-- Up-to-date symlink: /home/lee/workspace/ros2_ex_mav/install/px4_msgs/include/px4_msgs/px4_msgs/msg/detail/estimator_aid_source2d__traits.hpp\n'}
[0.415616] (px4_msgs) StdoutLine: {'line': b'-- Up-to-date symlink: /home/lee/workspace/ros2_ex_mav/install/px4_msgs/include/px4_msgs/px4_msgs/msg/detail/estimator_aid_source2d__type_support.hpp\n'}
[0.415656] (px4_msgs) StdoutLine: {'line': b'-- Up-to-date symlink: /home/lee/workspace/ros2_ex_mav/install/px4_msgs/include/px4_msgs/px4_msgs/msg/detail/estimator_aid_source3d__builder.hpp\n'}
[0.415675] (px4_msgs) StdoutLine: {'line': b'-- Up-to-date symlink: /home/lee/workspace/ros2_ex_mav/install/px4_msgs/include/px4_msgs/px4_msgs/msg/detail/estimator_aid_source3d__struct.hpp\n'}
[0.415709] (px4_msgs) StdoutLine: {'line': b'-- Up-to-date symlink: /home/lee/workspace/ros2_ex_mav/install/px4_msgs/include/px4_msgs/px4_msgs/msg/detail/estimator_aid_source3d__traits.hpp\n'}
[0.415748] (px4_msgs) StdoutLine: {'line': b'-- Up-to-date symlink: /home/lee/workspace/ros2_ex_mav/install/px4_msgs/include/px4_msgs/px4_msgs/msg/detail/estimator_aid_source3d__type_support.hpp\n'}
[0.415767] (px4_msgs) StdoutLine: {'line': b'-- Up-to-date symlink: /home/lee/workspace/ros2_ex_mav/install/px4_msgs/include/px4_msgs/px4_msgs/msg/detail/estimator_bias3d__builder.hpp\n'}
[0.415805] (px4_msgs) StdoutLine: {'line': b'-- Up-to-date symlink: /home/lee/workspace/ros2_ex_mav/install/px4_msgs/include/px4_msgs/px4_msgs/msg/detail/estimator_bias3d__struct.hpp\n'}
[0.415824] (px4_msgs) StdoutLine: {'line': b'-- Up-to-date symlink: /home/lee/workspace/ros2_ex_mav/install/px4_msgs/include/px4_msgs/px4_msgs/msg/detail/estimator_bias3d__traits.hpp\n'}
[0.415855] (px4_msgs) StdoutLine: {'line': b'-- Up-to-date symlink: /home/lee/workspace/ros2_ex_mav/install/px4_msgs/include/px4_msgs/px4_msgs/msg/detail/estimator_bias3d__type_support.hpp\n'}
[0.415888] (px4_msgs) StdoutLine: {'line': b'-- Up-to-date symlink: /home/lee/workspace/ros2_ex_mav/install/px4_msgs/include/px4_msgs/px4_msgs/msg/detail/estimator_bias__builder.hpp\n'}
[0.415920] (px4_msgs) StdoutLine: {'line': b'-- Up-to-date symlink: /home/lee/workspace/ros2_ex_mav/install/px4_msgs/include/px4_msgs/px4_msgs/msg/detail/estimator_bias__struct.hpp\n'}
[0.415949] (px4_msgs) StdoutLine: {'line': b'-- Up-to-date symlink: /home/lee/workspace/ros2_ex_mav/install/px4_msgs/include/px4_msgs/px4_msgs/msg/detail/estimator_bias__traits.hpp\n'}
[0.415982] (px4_msgs) StdoutLine: {'line': b'-- Up-to-date symlink: /home/lee/workspace/ros2_ex_mav/install/px4_msgs/include/px4_msgs/px4_msgs/msg/detail/estimator_bias__type_support.hpp\n'}
[0.416015] (px4_msgs) StdoutLine: {'line': b'-- Up-to-date symlink: /home/lee/workspace/ros2_ex_mav/install/px4_msgs/include/px4_msgs/px4_msgs/msg/detail/estimator_event_flags__builder.hpp\n'}
[0.416049] (px4_msgs) StdoutLine: {'line': b'-- Up-to-date symlink: /home/lee/workspace/ros2_ex_mav/install/px4_msgs/include/px4_msgs/px4_msgs/msg/detail/estimator_event_flags__struct.hpp\n'}
[0.416088] (px4_msgs) StdoutLine: {'line': b'-- Up-to-date symlink: /home/lee/workspace/ros2_ex_mav/install/px4_msgs/include/px4_msgs/px4_msgs/msg/detail/estimator_event_flags__traits.hpp\n'}
[0.416107] (px4_msgs) StdoutLine: {'line': b'-- Up-to-date symlink: /home/lee/workspace/ros2_ex_mav/install/px4_msgs/include/px4_msgs/px4_msgs/msg/detail/estimator_event_flags__type_support.hpp\n'}
[0.416145] (px4_msgs) StdoutLine: {'line': b'-- Up-to-date symlink: /home/lee/workspace/ros2_ex_mav/install/px4_msgs/include/px4_msgs/px4_msgs/msg/detail/estimator_gps_status__builder.hpp\n'}
[0.416166] (px4_msgs) StdoutLine: {'line': b'-- Up-to-date symlink: /home/lee/workspace/ros2_ex_mav/install/px4_msgs/include/px4_msgs/px4_msgs/msg/detail/estimator_gps_status__struct.hpp\n'}
[0.416194] (px4_msgs) StdoutLine: {'line': b'-- Up-to-date symlink: /home/lee/workspace/ros2_ex_mav/install/px4_msgs/include/px4_msgs/px4_msgs/msg/detail/estimator_gps_status__traits.hpp\n'}
[0.416227] (px4_msgs) StdoutLine: {'line': b'-- Up-to-date symlink: /home/lee/workspace/ros2_ex_mav/install/px4_msgs/include/px4_msgs/px4_msgs/msg/detail/estimator_gps_status__type_support.hpp\n'}
[0.416261] (px4_msgs) StdoutLine: {'line': b'-- Up-to-date symlink: /home/lee/workspace/ros2_ex_mav/install/px4_msgs/include/px4_msgs/px4_msgs/msg/detail/estimator_innovations__builder.hpp\n'}
[0.416295] (px4_msgs) StdoutLine: {'line': b'-- Up-to-date symlink: /home/lee/workspace/ros2_ex_mav/install/px4_msgs/include/px4_msgs/px4_msgs/msg/detail/estimator_innovations__struct.hpp\n'}
[0.416334] (px4_msgs) StdoutLine: {'line': b'-- Up-to-date symlink: /home/lee/workspace/ros2_ex_mav/install/px4_msgs/include/px4_msgs/px4_msgs/msg/detail/estimator_innovations__traits.hpp\n'}
[0.416357] (px4_msgs) StdoutLine: {'line': b'-- Up-to-date symlink: /home/lee/workspace/ros2_ex_mav/install/px4_msgs/include/px4_msgs/px4_msgs/msg/detail/estimator_innovations__type_support.hpp\n'}
[0.416390] (px4_msgs) StdoutLine: {'line': b'-- Up-to-date symlink: /home/lee/workspace/ros2_ex_mav/install/px4_msgs/include/px4_msgs/px4_msgs/msg/detail/estimator_selector_status__builder.hpp\n'}
[0.416436] (px4_msgs) StdoutLine: {'line': b'-- Up-to-date symlink: /home/lee/workspace/ros2_ex_mav/install/px4_msgs/include/px4_msgs/px4_msgs/msg/detail/estimator_selector_status__struct.hpp\n'}
[0.416456] (px4_msgs) StdoutLine: {'line': b'-- Up-to-date symlink: /home/lee/workspace/ros2_ex_mav/install/px4_msgs/include/px4_msgs/px4_msgs/msg/detail/estimator_selector_status__traits.hpp\n'}
[0.416495] (px4_msgs) StdoutLine: {'line': b'-- Up-to-date symlink: /home/lee/workspace/ros2_ex_mav/install/px4_msgs/include/px4_msgs/px4_msgs/msg/detail/estimator_selector_status__type_support.hpp\n'}
[0.416515] (px4_msgs) StdoutLine: {'line': b'-- Up-to-date symlink: /home/lee/workspace/ros2_ex_mav/install/px4_msgs/include/px4_msgs/px4_msgs/msg/detail/estimator_sensor_bias__builder.hpp\n'}
[0.416548] (px4_msgs) StdoutLine: {'line': b'-- Up-to-date symlink: /home/lee/workspace/ros2_ex_mav/install/px4_msgs/include/px4_msgs/px4_msgs/msg/detail/estimator_sensor_bias__struct.hpp\n'}
[0.416582] (px4_msgs) StdoutLine: {'line': b'-- Up-to-date symlink: /home/lee/workspace/ros2_ex_mav/install/px4_msgs/include/px4_msgs/px4_msgs/msg/detail/estimator_sensor_bias__traits.hpp\n'}
[0.416621] (px4_msgs) StdoutLine: {'line': b'-- Up-to-date symlink: /home/lee/workspace/ros2_ex_mav/install/px4_msgs/include/px4_msgs/px4_msgs/msg/detail/estimator_sensor_bias__type_support.hpp\n'}
[0.416640] (px4_msgs) StdoutLine: {'line': b'-- Up-to-date symlink: /home/lee/workspace/ros2_ex_mav/install/px4_msgs/include/px4_msgs/px4_msgs/msg/detail/estimator_states__builder.hpp\n'}
[0.416674] (px4_msgs) StdoutLine: {'line': b'-- Up-to-date symlink: /home/lee/workspace/ros2_ex_mav/install/px4_msgs/include/px4_msgs/px4_msgs/msg/detail/estimator_states__struct.hpp\n'}
[0.416708] (px4_msgs) StdoutLine: {'line': b'-- Up-to-date symlink: /home/lee/workspace/ros2_ex_mav/install/px4_msgs/include/px4_msgs/px4_msgs/msg/detail/estimator_states__traits.hpp\n'}
[0.416744] (px4_msgs) StdoutLine: {'line': b'-- Up-to-date symlink: /home/lee/workspace/ros2_ex_mav/install/px4_msgs/include/px4_msgs/px4_msgs/msg/detail/estimator_states__type_support.hpp\n'}
[0.416783] (px4_msgs) StdoutLine: {'line': b'-- Up-to-date symlink: /home/lee/workspace/ros2_ex_mav/install/px4_msgs/include/px4_msgs/px4_msgs/msg/detail/estimator_status__builder.hpp\n'}
[0.416803] (px4_msgs) StdoutLine: {'line': b'-- Up-to-date symlink: /home/lee/workspace/ros2_ex_mav/install/px4_msgs/include/px4_msgs/px4_msgs/msg/detail/estimator_status__struct.hpp\n'}
[0.416842] (px4_msgs) StdoutLine: {'line': b'-- Up-to-date symlink: /home/lee/workspace/ros2_ex_mav/install/px4_msgs/include/px4_msgs/px4_msgs/msg/detail/estimator_status__traits.hpp\n'}
[0.416863] (px4_msgs) StdoutLine: {'line': b'-- Up-to-date symlink: /home/lee/workspace/ros2_ex_mav/install/px4_msgs/include/px4_msgs/px4_msgs/msg/detail/estimator_status__type_support.hpp\n'}
[0.416904] (px4_msgs) StdoutLine: {'line': b'-- Up-to-date symlink: /home/lee/workspace/ros2_ex_mav/install/px4_msgs/include/px4_msgs/px4_msgs/msg/detail/estimator_status_flags__builder.hpp\n'}
[0.416924] (px4_msgs) StdoutLine: {'line': b'-- Up-to-date symlink: /home/lee/workspace/ros2_ex_mav/install/px4_msgs/include/px4_msgs/px4_msgs/msg/detail/estimator_status_flags__struct.hpp\n'}
[0.416957] (px4_msgs) StdoutLine: {'line': b'-- Up-to-date symlink: /home/lee/workspace/ros2_ex_mav/install/px4_msgs/include/px4_msgs/px4_msgs/msg/detail/estimator_status_flags__traits.hpp\n'}
[0.416984] (px4_msgs) StdoutLine: {'line': b'-- Up-to-date symlink: /home/lee/workspace/ros2_ex_mav/install/px4_msgs/include/px4_msgs/px4_msgs/msg/detail/estimator_status_flags__type_support.hpp\n'}
[0.417018] (px4_msgs) StdoutLine: {'line': b'-- Up-to-date symlink: /home/lee/workspace/ros2_ex_mav/install/px4_msgs/include/px4_msgs/px4_msgs/msg/detail/event__builder.hpp\n'}
[0.417051] (px4_msgs) StdoutLine: {'line': b'-- Up-to-date symlink: /home/lee/workspace/ros2_ex_mav/install/px4_msgs/include/px4_msgs/px4_msgs/msg/detail/event__struct.hpp\n'}
[0.417086] (px4_msgs) StdoutLine: {'line': b'-- Up-to-date symlink: /home/lee/workspace/ros2_ex_mav/install/px4_msgs/include/px4_msgs/px4_msgs/msg/detail/event__traits.hpp\n'}
[0.417125] (px4_msgs) StdoutLine: {'line': b'-- Up-to-date symlink: /home/lee/workspace/ros2_ex_mav/install/px4_msgs/include/px4_msgs/px4_msgs/msg/detail/event__type_support.hpp\n'}
[0.417145] (px4_msgs) StdoutLine: {'line': b'-- Up-to-date symlink: /home/lee/workspace/ros2_ex_mav/install/px4_msgs/include/px4_msgs/px4_msgs/msg/detail/failsafe_flags__builder.hpp\n'}
[0.417180] (px4_msgs) StdoutLine: {'line': b'-- Up-to-date symlink: /home/lee/workspace/ros2_ex_mav/install/px4_msgs/include/px4_msgs/px4_msgs/msg/detail/failsafe_flags__struct.hpp\n'}
[0.417214] (px4_msgs) StdoutLine: {'line': b'-- Up-to-date symlink: /home/lee/workspace/ros2_ex_mav/install/px4_msgs/include/px4_msgs/px4_msgs/msg/detail/failsafe_flags__traits.hpp\n'}
[0.417252] (px4_msgs) StdoutLine: {'line': b'-- Up-to-date symlink: /home/lee/workspace/ros2_ex_mav/install/px4_msgs/include/px4_msgs/px4_msgs/msg/detail/failsafe_flags__type_support.hpp\n'}
[0.417271] (px4_msgs) StdoutLine: {'line': b'-- Up-to-date symlink: /home/lee/workspace/ros2_ex_mav/install/px4_msgs/include/px4_msgs/px4_msgs/msg/detail/failure_detector_status__builder.hpp\n'}
[0.417305] (px4_msgs) StdoutLine: {'line': b'-- Up-to-date symlink: /home/lee/workspace/ros2_ex_mav/install/px4_msgs/include/px4_msgs/px4_msgs/msg/detail/failure_detector_status__struct.hpp\n'}
[0.417334] (px4_msgs) StdoutLine: {'line': b'-- Up-to-date symlink: /home/lee/workspace/ros2_ex_mav/install/px4_msgs/include/px4_msgs/px4_msgs/msg/detail/failure_detector_status__traits.hpp\n'}
[0.417371] (px4_msgs) StdoutLine: {'line': b'-- Up-to-date symlink: /home/lee/workspace/ros2_ex_mav/install/px4_msgs/include/px4_msgs/px4_msgs/msg/detail/failure_detector_status__type_support.hpp\n'}
[0.417407] (px4_msgs) StdoutLine: {'line': b'-- Up-to-date symlink: /home/lee/workspace/ros2_ex_mav/install/px4_msgs/include/px4_msgs/px4_msgs/msg/detail/follow_target__builder.hpp\n'}
[0.417445] (px4_msgs) StdoutLine: {'line': b'-- Up-to-date symlink: /home/lee/workspace/ros2_ex_mav/install/px4_msgs/include/px4_msgs/px4_msgs/msg/detail/follow_target__struct.hpp\n'}
[0.417465] (px4_msgs) StdoutLine: {'line': b'-- Up-to-date symlink: /home/lee/workspace/ros2_ex_mav/install/px4_msgs/include/px4_msgs/px4_msgs/msg/detail/follow_target__traits.hpp\n'}
[0.417499] (px4_msgs) StdoutLine: {'line': b'-- Up-to-date symlink: /home/lee/workspace/ros2_ex_mav/install/px4_msgs/include/px4_msgs/px4_msgs/msg/detail/follow_target__type_support.hpp\n'}
[0.417538] (px4_msgs) StdoutLine: {'line': b'-- Up-to-date symlink: /home/lee/workspace/ros2_ex_mav/install/px4_msgs/include/px4_msgs/px4_msgs/msg/detail/follow_target_estimator__builder.hpp\n'}
[0.417559] (px4_msgs) StdoutLine: {'line': b'-- Up-to-date symlink: /home/lee/workspace/ros2_ex_mav/install/px4_msgs/include/px4_msgs/px4_msgs/msg/detail/follow_target_estimator__struct.hpp\n'}
[0.417592] (px4_msgs) StdoutLine: {'line': b'-- Up-to-date symlink: /home/lee/workspace/ros2_ex_mav/install/px4_msgs/include/px4_msgs/px4_msgs/msg/detail/follow_target_estimator__traits.hpp\n'}
[0.417626] (px4_msgs) StdoutLine: {'line': b'-- Up-to-date symlink: /home/lee/workspace/ros2_ex_mav/install/px4_msgs/include/px4_msgs/px4_msgs/msg/detail/follow_target_estimator__type_support.hpp\n'}
[0.417661] (px4_msgs) StdoutLine: {'line': b'-- Up-to-date symlink: /home/lee/workspace/ros2_ex_mav/install/px4_msgs/include/px4_msgs/px4_msgs/msg/detail/follow_target_status__builder.hpp\n'}
[0.417700] (px4_msgs) StdoutLine: {'line': b'-- Up-to-date symlink: /home/lee/workspace/ros2_ex_mav/install/px4_msgs/include/px4_msgs/px4_msgs/msg/detail/follow_target_status__struct.hpp\n'}
[0.417720] (px4_msgs) StdoutLine: {'line': b'-- Up-to-date symlink: /home/lee/workspace/ros2_ex_mav/install/px4_msgs/include/px4_msgs/px4_msgs/msg/detail/follow_target_status__traits.hpp\n'}
[0.417759] (px4_msgs) StdoutLine: {'line': b'-- Up-to-date symlink: /home/lee/workspace/ros2_ex_mav/install/px4_msgs/include/px4_msgs/px4_msgs/msg/detail/follow_target_status__type_support.hpp\n'}
[0.417778] (px4_msgs) StdoutLine: {'line': b'-- Up-to-date symlink: /home/lee/workspace/ros2_ex_mav/install/px4_msgs/include/px4_msgs/px4_msgs/msg/detail/generator_status__builder.hpp\n'}
[0.417811] (px4_msgs) StdoutLine: {'line': b'-- Up-to-date symlink: /home/lee/workspace/ros2_ex_mav/install/px4_msgs/include/px4_msgs/px4_msgs/msg/detail/generator_status__struct.hpp\n'}
[0.417845] (px4_msgs) StdoutLine: {'line': b'-- Up-to-date symlink: /home/lee/workspace/ros2_ex_mav/install/px4_msgs/include/px4_msgs/px4_msgs/msg/detail/generator_status__traits.hpp\n'}
[0.417878] (px4_msgs) StdoutLine: {'line': b'-- Up-to-date symlink: /home/lee/workspace/ros2_ex_mav/install/px4_msgs/include/px4_msgs/px4_msgs/msg/detail/generator_status__type_support.hpp\n'}
[0.417912] (px4_msgs) StdoutLine: {'line': b'-- Up-to-date symlink: /home/lee/workspace/ros2_ex_mav/install/px4_msgs/include/px4_msgs/px4_msgs/msg/detail/geofence_result__builder.hpp\n'}
[0.417951] (px4_msgs) StdoutLine: {'line': b'-- Up-to-date symlink: /home/lee/workspace/ros2_ex_mav/install/px4_msgs/include/px4_msgs/px4_msgs/msg/detail/geofence_result__struct.hpp\n'}
[0.417970] (px4_msgs) StdoutLine: {'line': b'-- Up-to-date symlink: /home/lee/workspace/ros2_ex_mav/install/px4_msgs/include/px4_msgs/px4_msgs/msg/detail/geofence_result__traits.hpp\n'}
[0.418005] (px4_msgs) StdoutLine: {'line': b'-- Up-to-date symlink: /home/lee/workspace/ros2_ex_mav/install/px4_msgs/include/px4_msgs/px4_msgs/msg/detail/geofence_result__type_support.hpp\n'}
[0.418031] (px4_msgs) StdoutLine: {'line': b'-- Up-to-date symlink: /home/lee/workspace/ros2_ex_mav/install/px4_msgs/include/px4_msgs/px4_msgs/msg/detail/gimbal_controls__builder.hpp\n'}
[0.418065] (px4_msgs) StdoutLine: {'line': b'-- Up-to-date symlink: /home/lee/workspace/ros2_ex_mav/install/px4_msgs/include/px4_msgs/px4_msgs/msg/detail/gimbal_controls__struct.hpp\n'}
[0.418098] (px4_msgs) StdoutLine: {'line': b'-- Up-to-date symlink: /home/lee/workspace/ros2_ex_mav/install/px4_msgs/include/px4_msgs/px4_msgs/msg/detail/gimbal_controls__traits.hpp\n'}
[0.418126] (px4_msgs) StdoutLine: {'line': b'-- Up-to-date symlink: /home/lee/workspace/ros2_ex_mav/install/px4_msgs/include/px4_msgs/px4_msgs/msg/detail/gimbal_controls__type_support.hpp\n'}
[0.418160] (px4_msgs) StdoutLine: {'line': b'-- Up-to-date symlink: /home/lee/workspace/ros2_ex_mav/install/px4_msgs/include/px4_msgs/px4_msgs/msg/detail/gimbal_device_attitude_status__builder.hpp\n'}
[0.418197] (px4_msgs) StdoutLine: {'line': b'-- Up-to-date symlink: /home/lee/workspace/ros2_ex_mav/install/px4_msgs/include/px4_msgs/px4_msgs/msg/detail/gimbal_device_attitude_status__struct.hpp\n'}
[0.418231] (px4_msgs) StdoutLine: {'line': b'-- Up-to-date symlink: /home/lee/workspace/ros2_ex_mav/install/px4_msgs/include/px4_msgs/px4_msgs/msg/detail/gimbal_device_attitude_status__traits.hpp\n'}
[0.418270] (px4_msgs) StdoutLine: {'line': b'-- Up-to-date symlink: /home/lee/workspace/ros2_ex_mav/install/px4_msgs/include/px4_msgs/px4_msgs/msg/detail/gimbal_device_attitude_status__type_support.hpp\n'}
[0.418290] (px4_msgs) StdoutLine: {'line': b'-- Up-to-date symlink: /home/lee/workspace/ros2_ex_mav/install/px4_msgs/include/px4_msgs/px4_msgs/msg/detail/gimbal_device_information__builder.hpp\n'}
[0.418328] (px4_msgs) StdoutLine: {'line': b'-- Up-to-date symlink: /home/lee/workspace/ros2_ex_mav/install/px4_msgs/include/px4_msgs/px4_msgs/msg/detail/gimbal_device_information__struct.hpp\n'}
[0.418350] (px4_msgs) StdoutLine: {'line': b'-- Up-to-date symlink: /home/lee/workspace/ros2_ex_mav/install/px4_msgs/include/px4_msgs/px4_msgs/msg/detail/gimbal_device_information__traits.hpp\n'}
[0.418379] (px4_msgs) StdoutLine: {'line': b'-- Up-to-date symlink: /home/lee/workspace/ros2_ex_mav/install/px4_msgs/include/px4_msgs/px4_msgs/msg/detail/gimbal_device_information__type_support.hpp\n'}
[0.418407] (px4_msgs) StdoutLine: {'line': b'-- Up-to-date symlink: /home/lee/workspace/ros2_ex_mav/install/px4_msgs/include/px4_msgs/px4_msgs/msg/detail/gimbal_device_set_attitude__builder.hpp\n'}
[0.418434] (px4_msgs) StdoutLine: {'line': b'-- Up-to-date symlink: /home/lee/workspace/ros2_ex_mav/install/px4_msgs/include/px4_msgs/px4_msgs/msg/detail/gimbal_device_set_attitude__struct.hpp\n'}
[0.418466] (px4_msgs) StdoutLine: {'line': b'-- Up-to-date symlink: /home/lee/workspace/ros2_ex_mav/install/px4_msgs/include/px4_msgs/px4_msgs/msg/detail/gimbal_device_set_attitude__traits.hpp\n'}
[0.418498] (px4_msgs) StdoutLine: {'line': b'-- Up-to-date symlink: /home/lee/workspace/ros2_ex_mav/install/px4_msgs/include/px4_msgs/px4_msgs/msg/detail/gimbal_device_set_attitude__type_support.hpp\n'}
[0.418531] (px4_msgs) StdoutLine: {'line': b'-- Up-to-date symlink: /home/lee/workspace/ros2_ex_mav/install/px4_msgs/include/px4_msgs/px4_msgs/msg/detail/gimbal_manager_information__builder.hpp\n'}
[0.418563] (px4_msgs) StdoutLine: {'line': b'-- Up-to-date symlink: /home/lee/workspace/ros2_ex_mav/install/px4_msgs/include/px4_msgs/px4_msgs/msg/detail/gimbal_manager_information__struct.hpp\n'}
[0.418595] (px4_msgs) StdoutLine: {'line': b'-- Up-to-date symlink: /home/lee/workspace/ros2_ex_mav/install/px4_msgs/include/px4_msgs/px4_msgs/msg/detail/gimbal_manager_information__traits.hpp\n'}
[0.418622] (px4_msgs) StdoutLine: {'line': b'-- Up-to-date symlink: /home/lee/workspace/ros2_ex_mav/install/px4_msgs/include/px4_msgs/px4_msgs/msg/detail/gimbal_manager_information__type_support.hpp\n'}
[0.418654] (px4_msgs) StdoutLine: {'line': b'-- Up-to-date symlink: /home/lee/workspace/ros2_ex_mav/install/px4_msgs/include/px4_msgs/px4_msgs/msg/detail/gimbal_manager_set_attitude__builder.hpp\n'}
[0.418688] (px4_msgs) StdoutLine: {'line': b'-- Up-to-date symlink: /home/lee/workspace/ros2_ex_mav/install/px4_msgs/include/px4_msgs/px4_msgs/msg/detail/gimbal_manager_set_attitude__struct.hpp\n'}
[0.418721] (px4_msgs) StdoutLine: {'line': b'-- Up-to-date symlink: /home/lee/workspace/ros2_ex_mav/install/px4_msgs/include/px4_msgs/px4_msgs/msg/detail/gimbal_manager_set_attitude__traits.hpp\n'}
[0.418749] (px4_msgs) StdoutLine: {'line': b'-- Up-to-date symlink: /home/lee/workspace/ros2_ex_mav/install/px4_msgs/include/px4_msgs/px4_msgs/msg/detail/gimbal_manager_set_attitude__type_support.hpp\n'}
[0.418781] (px4_msgs) StdoutLine: {'line': b'-- Up-to-date symlink: /home/lee/workspace/ros2_ex_mav/install/px4_msgs/include/px4_msgs/px4_msgs/msg/detail/gimbal_manager_set_manual_control__builder.hpp\n'}
[0.418813] (px4_msgs) StdoutLine: {'line': b'-- Up-to-date symlink: /home/lee/workspace/ros2_ex_mav/install/px4_msgs/include/px4_msgs/px4_msgs/msg/detail/gimbal_manager_set_manual_control__struct.hpp\n'}
[0.418849] (px4_msgs) StdoutLine: {'line': b'-- Up-to-date symlink: /home/lee/workspace/ros2_ex_mav/install/px4_msgs/include/px4_msgs/px4_msgs/msg/detail/gimbal_manager_set_manual_control__traits.hpp\n'}
[0.418883] (px4_msgs) StdoutLine: {'line': b'-- Up-to-date symlink: /home/lee/workspace/ros2_ex_mav/install/px4_msgs/include/px4_msgs/px4_msgs/msg/detail/gimbal_manager_set_manual_control__type_support.hpp\n'}
[0.418916] (px4_msgs) StdoutLine: {'line': b'-- Up-to-date symlink: /home/lee/workspace/ros2_ex_mav/install/px4_msgs/include/px4_msgs/px4_msgs/msg/detail/gimbal_manager_status__builder.hpp\n'}
[0.418949] (px4_msgs) StdoutLine: {'line': b'-- Up-to-date symlink: /home/lee/workspace/ros2_ex_mav/install/px4_msgs/include/px4_msgs/px4_msgs/msg/detail/gimbal_manager_status__struct.hpp\n'}
[0.418982] (px4_msgs) StdoutLine: {'line': b'-- Up-to-date symlink: /home/lee/workspace/ros2_ex_mav/install/px4_msgs/include/px4_msgs/px4_msgs/msg/detail/gimbal_manager_status__traits.hpp\n'}
[0.419011] (px4_msgs) StdoutLine: {'line': b'-- Up-to-date symlink: /home/lee/workspace/ros2_ex_mav/install/px4_msgs/include/px4_msgs/px4_msgs/msg/detail/gimbal_manager_status__type_support.hpp\n'}
[0.419045] (px4_msgs) StdoutLine: {'line': b'-- Up-to-date symlink: /home/lee/workspace/ros2_ex_mav/install/px4_msgs/include/px4_msgs/px4_msgs/msg/detail/gps_dump__builder.hpp\n'}
[0.419079] (px4_msgs) StdoutLine: {'line': b'-- Up-to-date symlink: /home/lee/workspace/ros2_ex_mav/install/px4_msgs/include/px4_msgs/px4_msgs/msg/detail/gps_dump__struct.hpp\n'}
[0.419112] (px4_msgs) StdoutLine: {'line': b'-- Up-to-date symlink: /home/lee/workspace/ros2_ex_mav/install/px4_msgs/include/px4_msgs/px4_msgs/msg/detail/gps_dump__traits.hpp\n'}
[0.419140] (px4_msgs) StdoutLine: {'line': b'-- Up-to-date symlink: /home/lee/workspace/ros2_ex_mav/install/px4_msgs/include/px4_msgs/px4_msgs/msg/detail/gps_dump__type_support.hpp\n'}
[0.419174] (px4_msgs) StdoutLine: {'line': b'-- Up-to-date symlink: /home/lee/workspace/ros2_ex_mav/install/px4_msgs/include/px4_msgs/px4_msgs/msg/detail/gps_inject_data__builder.hpp\n'}
[0.419202] (px4_msgs) StdoutLine: {'line': b'-- Up-to-date symlink: /home/lee/workspace/ros2_ex_mav/install/px4_msgs/include/px4_msgs/px4_msgs/msg/detail/gps_inject_data__struct.hpp\n'}
[0.419234] (px4_msgs) StdoutLine: {'line': b'-- Up-to-date symlink: /home/lee/workspace/ros2_ex_mav/install/px4_msgs/include/px4_msgs/px4_msgs/msg/detail/gps_inject_data__traits.hpp\n'}
[0.419269] (px4_msgs) StdoutLine: {'line': b'-- Up-to-date symlink: /home/lee/workspace/ros2_ex_mav/install/px4_msgs/include/px4_msgs/px4_msgs/msg/detail/gps_inject_data__type_support.hpp\n'}
[0.419297] (px4_msgs) StdoutLine: {'line': b'-- Up-to-date symlink: /home/lee/workspace/ros2_ex_mav/install/px4_msgs/include/px4_msgs/px4_msgs/msg/detail/gripper__builder.hpp\n'}
[0.419331] (px4_msgs) StdoutLine: {'line': b'-- Up-to-date symlink: /home/lee/workspace/ros2_ex_mav/install/px4_msgs/include/px4_msgs/px4_msgs/msg/detail/gripper__struct.hpp\n'}
[0.419368] (px4_msgs) StdoutLine: {'line': b'-- Up-to-date symlink: /home/lee/workspace/ros2_ex_mav/install/px4_msgs/include/px4_msgs/px4_msgs/msg/detail/gripper__traits.hpp\n'}
[0.419408] (px4_msgs) StdoutLine: {'line': b'-- Up-to-date symlink: /home/lee/workspace/ros2_ex_mav/install/px4_msgs/include/px4_msgs/px4_msgs/msg/detail/gripper__type_support.hpp\n'}
[0.419428] (px4_msgs) StdoutLine: {'line': b'-- Up-to-date symlink: /home/lee/workspace/ros2_ex_mav/install/px4_msgs/include/px4_msgs/px4_msgs/msg/detail/health_report__builder.hpp\n'}
[0.419461] (px4_msgs) StdoutLine: {'line': b'-- Up-to-date symlink: /home/lee/workspace/ros2_ex_mav/install/px4_msgs/include/px4_msgs/px4_msgs/msg/detail/health_report__struct.hpp\n'}
[0.419488] (px4_msgs) StdoutLine: {'line': b'-- Up-to-date symlink: /home/lee/workspace/ros2_ex_mav/install/px4_msgs/include/px4_msgs/px4_msgs/msg/detail/health_report__traits.hpp\n'}
[0.419522] (px4_msgs) StdoutLine: {'line': b'-- Up-to-date symlink: /home/lee/workspace/ros2_ex_mav/install/px4_msgs/include/px4_msgs/px4_msgs/msg/detail/health_report__type_support.hpp\n'}
[0.419561] (px4_msgs) StdoutLine: {'line': b'-- Up-to-date symlink: /home/lee/workspace/ros2_ex_mav/install/px4_msgs/include/px4_msgs/px4_msgs/msg/detail/heater_status__builder.hpp\n'}
[0.419581] (px4_msgs) StdoutLine: {'line': b'-- Up-to-date symlink: /home/lee/workspace/ros2_ex_mav/install/px4_msgs/include/px4_msgs/px4_msgs/msg/detail/heater_status__struct.hpp\n'}
[0.419615] (px4_msgs) StdoutLine: {'line': b'-- Up-to-date symlink: /home/lee/workspace/ros2_ex_mav/install/px4_msgs/include/px4_msgs/px4_msgs/msg/detail/heater_status__traits.hpp\n'}
[0.419649] (px4_msgs) StdoutLine: {'line': b'-- Up-to-date symlink: /home/lee/workspace/ros2_ex_mav/install/px4_msgs/include/px4_msgs/px4_msgs/msg/detail/heater_status__type_support.hpp\n'}
[0.419684] (px4_msgs) StdoutLine: {'line': b'-- Up-to-date symlink: /home/lee/workspace/ros2_ex_mav/install/px4_msgs/include/px4_msgs/px4_msgs/msg/detail/home_position__builder.hpp\n'}
[0.419724] (px4_msgs) StdoutLine: {'line': b'-- Up-to-date symlink: /home/lee/workspace/ros2_ex_mav/install/px4_msgs/include/px4_msgs/px4_msgs/msg/detail/home_position__struct.hpp\n'}
[0.419743] (px4_msgs) StdoutLine: {'line': b'-- Up-to-date symlink: /home/lee/workspace/ros2_ex_mav/install/px4_msgs/include/px4_msgs/px4_msgs/msg/detail/home_position__traits.hpp\n'}
[0.419778] (px4_msgs) StdoutLine: {'line': b'-- Up-to-date symlink: /home/lee/workspace/ros2_ex_mav/install/px4_msgs/include/px4_msgs/px4_msgs/msg/detail/home_position__type_support.hpp\n'}
[0.419818] (px4_msgs) StdoutLine: {'line': b'-- Up-to-date symlink: /home/lee/workspace/ros2_ex_mav/install/px4_msgs/include/px4_msgs/px4_msgs/msg/detail/hover_thrust_estimate__builder.hpp\n'}
[0.419840] (px4_msgs) StdoutLine: {'line': b'-- Up-to-date symlink: /home/lee/workspace/ros2_ex_mav/install/px4_msgs/include/px4_msgs/px4_msgs/msg/detail/hover_thrust_estimate__struct.hpp\n'}
[0.419879] (px4_msgs) StdoutLine: {'line': b'-- Up-to-date symlink: /home/lee/workspace/ros2_ex_mav/install/px4_msgs/include/px4_msgs/px4_msgs/msg/detail/hover_thrust_estimate__traits.hpp\n'}
[0.419900] (px4_msgs) StdoutLine: {'line': b'-- Up-to-date symlink: /home/lee/workspace/ros2_ex_mav/install/px4_msgs/include/px4_msgs/px4_msgs/msg/detail/hover_thrust_estimate__type_support.hpp\n'}
[0.419927] (px4_msgs) StdoutLine: {'line': b'-- Up-to-date symlink: /home/lee/workspace/ros2_ex_mav/install/px4_msgs/include/px4_msgs/px4_msgs/msg/detail/input_rc__builder.hpp\n'}
[0.419961] (px4_msgs) StdoutLine: {'line': b'-- Up-to-date symlink: /home/lee/workspace/ros2_ex_mav/install/px4_msgs/include/px4_msgs/px4_msgs/msg/detail/input_rc__struct.hpp\n'}
[0.419995] (px4_msgs) StdoutLine: {'line': b'-- Up-to-date symlink: /home/lee/workspace/ros2_ex_mav/install/px4_msgs/include/px4_msgs/px4_msgs/msg/detail/input_rc__traits.hpp\n'}
[0.420022] (px4_msgs) StdoutLine: {'line': b'-- Up-to-date symlink: /home/lee/workspace/ros2_ex_mav/install/px4_msgs/include/px4_msgs/px4_msgs/msg/detail/input_rc__type_support.hpp\n'}
[0.420050] (px4_msgs) StdoutLine: {'line': b'-- Up-to-date symlink: /home/lee/workspace/ros2_ex_mav/install/px4_msgs/include/px4_msgs/px4_msgs/msg/detail/internal_combustion_engine_status__builder.hpp\n'}
[0.420084] (px4_msgs) StdoutLine: {'line': b'-- Up-to-date symlink: /home/lee/workspace/ros2_ex_mav/install/px4_msgs/include/px4_msgs/px4_msgs/msg/detail/internal_combustion_engine_status__struct.hpp\n'}
[0.420118] (px4_msgs) StdoutLine: {'line': b'-- Up-to-date symlink: /home/lee/workspace/ros2_ex_mav/install/px4_msgs/include/px4_msgs/px4_msgs/msg/detail/internal_combustion_engine_status__traits.hpp\n'}
[0.420148] (px4_msgs) StdoutLine: {'line': b'-- Up-to-date symlink: /home/lee/workspace/ros2_ex_mav/install/px4_msgs/include/px4_msgs/px4_msgs/msg/detail/internal_combustion_engine_status__type_support.hpp\n'}
[0.420177] (px4_msgs) StdoutLine: {'line': b'-- Up-to-date symlink: /home/lee/workspace/ros2_ex_mav/install/px4_msgs/include/px4_msgs/px4_msgs/msg/detail/iridiumsbd_status__builder.hpp\n'}
[0.420205] (px4_msgs) StdoutLine: {'line': b'-- Up-to-date symlink: /home/lee/workspace/ros2_ex_mav/install/px4_msgs/include/px4_msgs/px4_msgs/msg/detail/iridiumsbd_status__struct.hpp\n'}
[0.420238] (px4_msgs) StdoutLine: {'line': b'-- Up-to-date symlink: /home/lee/workspace/ros2_ex_mav/install/px4_msgs/include/px4_msgs/px4_msgs/msg/detail/iridiumsbd_status__traits.hpp\n'}
[0.420271] (px4_msgs) StdoutLine: {'line': b'-- Up-to-date symlink: /home/lee/workspace/ros2_ex_mav/install/px4_msgs/include/px4_msgs/px4_msgs/msg/detail/iridiumsbd_status__type_support.hpp\n'}
[0.420303] (px4_msgs) StdoutLine: {'line': b'-- Up-to-date symlink: /home/lee/workspace/ros2_ex_mav/install/px4_msgs/include/px4_msgs/px4_msgs/msg/detail/irlock_report__builder.hpp\n'}
[0.420334] (px4_msgs) StdoutLine: {'line': b'-- Up-to-date symlink: /home/lee/workspace/ros2_ex_mav/install/px4_msgs/include/px4_msgs/px4_msgs/msg/detail/irlock_report__struct.hpp\n'}
[0.420371] (px4_msgs) StdoutLine: {'line': b'-- Up-to-date symlink: /home/lee/workspace/ros2_ex_mav/install/px4_msgs/include/px4_msgs/px4_msgs/msg/detail/irlock_report__traits.hpp\n'}
[0.420406] (px4_msgs) StdoutLine: {'line': b'-- Up-to-date symlink: /home/lee/workspace/ros2_ex_mav/install/px4_msgs/include/px4_msgs/px4_msgs/msg/detail/irlock_report__type_support.hpp\n'}
[0.420440] (px4_msgs) StdoutLine: {'line': b'-- Up-to-date symlink: /home/lee/workspace/ros2_ex_mav/install/px4_msgs/include/px4_msgs/px4_msgs/msg/detail/landing_gear__builder.hpp\n'}
[0.420473] (px4_msgs) StdoutLine: {'line': b'-- Up-to-date symlink: /home/lee/workspace/ros2_ex_mav/install/px4_msgs/include/px4_msgs/px4_msgs/msg/detail/landing_gear__struct.hpp\n'}
[0.420507] (px4_msgs) StdoutLine: {'line': b'-- Up-to-date symlink: /home/lee/workspace/ros2_ex_mav/install/px4_msgs/include/px4_msgs/px4_msgs/msg/detail/landing_gear__traits.hpp\n'}
[0.420534] (px4_msgs) StdoutLine: {'line': b'-- Up-to-date symlink: /home/lee/workspace/ros2_ex_mav/install/px4_msgs/include/px4_msgs/px4_msgs/msg/detail/landing_gear__type_support.hpp\n'}
[0.420568] (px4_msgs) StdoutLine: {'line': b'-- Up-to-date symlink: /home/lee/workspace/ros2_ex_mav/install/px4_msgs/include/px4_msgs/px4_msgs/msg/detail/landing_gear_wheel__builder.hpp\n'}
[0.420595] (px4_msgs) StdoutLine: {'line': b'-- Up-to-date symlink: /home/lee/workspace/ros2_ex_mav/install/px4_msgs/include/px4_msgs/px4_msgs/msg/detail/landing_gear_wheel__struct.hpp\n'}
[0.420628] (px4_msgs) StdoutLine: {'line': b'-- Up-to-date symlink: /home/lee/workspace/ros2_ex_mav/install/px4_msgs/include/px4_msgs/px4_msgs/msg/detail/landing_gear_wheel__traits.hpp\n'}
[0.420657] (px4_msgs) StdoutLine: {'line': b'-- Up-to-date symlink: /home/lee/workspace/ros2_ex_mav/install/px4_msgs/include/px4_msgs/px4_msgs/msg/detail/landing_gear_wheel__type_support.hpp\n'}
[0.420691] (px4_msgs) StdoutLine: {'line': b'-- Up-to-date symlink: /home/lee/workspace/ros2_ex_mav/install/px4_msgs/include/px4_msgs/px4_msgs/msg/detail/landing_target_innovations__builder.hpp\n'}
[0.420723] (px4_msgs) StdoutLine: {'line': b'-- Up-to-date symlink: /home/lee/workspace/ros2_ex_mav/install/px4_msgs/include/px4_msgs/px4_msgs/msg/detail/landing_target_innovations__struct.hpp\n'}
[0.420758] (px4_msgs) StdoutLine: {'line': b'-- Up-to-date symlink: /home/lee/workspace/ros2_ex_mav/install/px4_msgs/include/px4_msgs/px4_msgs/msg/detail/landing_target_innovations__traits.hpp\n'}
[0.420798] (px4_msgs) StdoutLine: {'line': b'-- Up-to-date symlink: /home/lee/workspace/ros2_ex_mav/install/px4_msgs/include/px4_msgs/px4_msgs/msg/detail/landing_target_innovations__type_support.hpp\n'}
[0.420817] (px4_msgs) StdoutLine: {'line': b'-- Up-to-date symlink: /home/lee/workspace/ros2_ex_mav/install/px4_msgs/include/px4_msgs/px4_msgs/msg/detail/landing_target_pose__builder.hpp\n'}
[0.420850] (px4_msgs) StdoutLine: {'line': b'-- Up-to-date symlink: /home/lee/workspace/ros2_ex_mav/install/px4_msgs/include/px4_msgs/px4_msgs/msg/detail/landing_target_pose__struct.hpp\n'}
[0.420883] (px4_msgs) StdoutLine: {'line': b'-- Up-to-date symlink: /home/lee/workspace/ros2_ex_mav/install/px4_msgs/include/px4_msgs/px4_msgs/msg/detail/landing_target_pose__traits.hpp\n'}
[0.420916] (px4_msgs) StdoutLine: {'line': b'-- Up-to-date symlink: /home/lee/workspace/ros2_ex_mav/install/px4_msgs/include/px4_msgs/px4_msgs/msg/detail/landing_target_pose__type_support.hpp\n'}
[0.420950] (px4_msgs) StdoutLine: {'line': b'-- Up-to-date symlink: /home/lee/workspace/ros2_ex_mav/install/px4_msgs/include/px4_msgs/px4_msgs/msg/detail/launch_detection_status__builder.hpp\n'}
[0.420977] (px4_msgs) StdoutLine: {'line': b'-- Up-to-date symlink: /home/lee/workspace/ros2_ex_mav/install/px4_msgs/include/px4_msgs/px4_msgs/msg/detail/launch_detection_status__struct.hpp\n'}
[0.421011] (px4_msgs) StdoutLine: {'line': b'-- Up-to-date symlink: /home/lee/workspace/ros2_ex_mav/install/px4_msgs/include/px4_msgs/px4_msgs/msg/detail/launch_detection_status__traits.hpp\n'}
[0.421045] (px4_msgs) StdoutLine: {'line': b'-- Up-to-date symlink: /home/lee/workspace/ros2_ex_mav/install/px4_msgs/include/px4_msgs/px4_msgs/msg/detail/launch_detection_status__type_support.hpp\n'}
[0.421073] (px4_msgs) StdoutLine: {'line': b'-- Up-to-date symlink: /home/lee/workspace/ros2_ex_mav/install/px4_msgs/include/px4_msgs/px4_msgs/msg/detail/led_control__builder.hpp\n'}
[0.421108] (px4_msgs) StdoutLine: {'line': b'-- Up-to-date symlink: /home/lee/workspace/ros2_ex_mav/install/px4_msgs/include/px4_msgs/px4_msgs/msg/detail/led_control__struct.hpp\n'}
[0.421136] (px4_msgs) StdoutLine: {'line': b'-- Up-to-date symlink: /home/lee/workspace/ros2_ex_mav/install/px4_msgs/include/px4_msgs/px4_msgs/msg/detail/led_control__traits.hpp\n'}
[0.421170] (px4_msgs) StdoutLine: {'line': b'-- Up-to-date symlink: /home/lee/workspace/ros2_ex_mav/install/px4_msgs/include/px4_msgs/px4_msgs/msg/detail/led_control__type_support.hpp\n'}
[0.421199] (px4_msgs) StdoutLine: {'line': b'-- Up-to-date symlink: /home/lee/workspace/ros2_ex_mav/install/px4_msgs/include/px4_msgs/px4_msgs/msg/detail/log_message__builder.hpp\n'}
[0.421233] (px4_msgs) StdoutLine: {'line': b'-- Up-to-date symlink: /home/lee/workspace/ros2_ex_mav/install/px4_msgs/include/px4_msgs/px4_msgs/msg/detail/log_message__struct.hpp\n'}
[0.421267] (px4_msgs) StdoutLine: {'line': b'-- Up-to-date symlink: /home/lee/workspace/ros2_ex_mav/install/px4_msgs/include/px4_msgs/px4_msgs/msg/detail/log_message__traits.hpp\n'}
[0.421302] (px4_msgs) StdoutLine: {'line': b'-- Up-to-date symlink: /home/lee/workspace/ros2_ex_mav/install/px4_msgs/include/px4_msgs/px4_msgs/msg/detail/log_message__type_support.hpp\n'}
[0.421342] (px4_msgs) StdoutLine: {'line': b'-- Up-to-date symlink: /home/lee/workspace/ros2_ex_mav/install/px4_msgs/include/px4_msgs/px4_msgs/msg/detail/logger_status__builder.hpp\n'}
[0.421363] (px4_msgs) StdoutLine: {'line': b'-- Up-to-date symlink: /home/lee/workspace/ros2_ex_mav/install/px4_msgs/include/px4_msgs/px4_msgs/msg/detail/logger_status__struct.hpp\n'}
[0.421397] (px4_msgs) StdoutLine: {'line': b'-- Up-to-date symlink: /home/lee/workspace/ros2_ex_mav/install/px4_msgs/include/px4_msgs/px4_msgs/msg/detail/logger_status__traits.hpp\n'}
[0.421437] (px4_msgs) StdoutLine: {'line': b'-- Up-to-date symlink: /home/lee/workspace/ros2_ex_mav/install/px4_msgs/include/px4_msgs/px4_msgs/msg/detail/logger_status__type_support.hpp\n'}
[0.421456] (px4_msgs) StdoutLine: {'line': b'-- Up-to-date symlink: /home/lee/workspace/ros2_ex_mav/install/px4_msgs/include/px4_msgs/px4_msgs/msg/detail/mag_worker_data__builder.hpp\n'}
[0.421494] (px4_msgs) StdoutLine: {'line': b'-- Up-to-date symlink: /home/lee/workspace/ros2_ex_mav/install/px4_msgs/include/px4_msgs/px4_msgs/msg/detail/mag_worker_data__struct.hpp\n'}
[0.421513] (px4_msgs) StdoutLine: {'line': b'-- Up-to-date symlink: /home/lee/workspace/ros2_ex_mav/install/px4_msgs/include/px4_msgs/px4_msgs/msg/detail/mag_worker_data__traits.hpp\n'}
[0.421546] (px4_msgs) StdoutLine: {'line': b'-- Up-to-date symlink: /home/lee/workspace/ros2_ex_mav/install/px4_msgs/include/px4_msgs/px4_msgs/msg/detail/mag_worker_data__type_support.hpp\n'}
[0.421573] (px4_msgs) StdoutLine: {'line': b'-- Up-to-date symlink: /home/lee/workspace/ros2_ex_mav/install/px4_msgs/include/px4_msgs/px4_msgs/msg/detail/magnetometer_bias_estimate__builder.hpp\n'}
[0.421607] (px4_msgs) StdoutLine: {'line': b'-- Up-to-date symlink: /home/lee/workspace/ros2_ex_mav/install/px4_msgs/include/px4_msgs/px4_msgs/msg/detail/magnetometer_bias_estimate__struct.hpp\n'}
[0.421644] (px4_msgs) StdoutLine: {'line': b'-- Up-to-date symlink: /home/lee/workspace/ros2_ex_mav/install/px4_msgs/include/px4_msgs/px4_msgs/msg/detail/magnetometer_bias_estimate__traits.hpp\n'}
[0.421678] (px4_msgs) StdoutLine: {'line': b'-- Up-to-date symlink: /home/lee/workspace/ros2_ex_mav/install/px4_msgs/include/px4_msgs/px4_msgs/msg/detail/magnetometer_bias_estimate__type_support.hpp\n'}
[0.421718] (px4_msgs) StdoutLine: {'line': b'-- Up-to-date symlink: /home/lee/workspace/ros2_ex_mav/install/px4_msgs/include/px4_msgs/px4_msgs/msg/detail/manual_control_setpoint__builder.hpp\n'}
[0.421738] (px4_msgs) StdoutLine: {'line': b'-- Up-to-date symlink: /home/lee/workspace/ros2_ex_mav/install/px4_msgs/include/px4_msgs/px4_msgs/msg/detail/manual_control_setpoint__struct.hpp\n'}
[0.421771] (px4_msgs) StdoutLine: {'line': b'-- Up-to-date symlink: /home/lee/workspace/ros2_ex_mav/install/px4_msgs/include/px4_msgs/px4_msgs/msg/detail/manual_control_setpoint__traits.hpp\n'}
[0.421810] (px4_msgs) StdoutLine: {'line': b'-- Up-to-date symlink: /home/lee/workspace/ros2_ex_mav/install/px4_msgs/include/px4_msgs/px4_msgs/msg/detail/manual_control_setpoint__type_support.hpp\n'}
[0.421830] (px4_msgs) StdoutLine: {'line': b'-- Up-to-date symlink: /home/lee/workspace/ros2_ex_mav/install/px4_msgs/include/px4_msgs/px4_msgs/msg/detail/manual_control_switches__builder.hpp\n'}
[0.421868] (px4_msgs) StdoutLine: {'line': b'-- Up-to-date symlink: /home/lee/workspace/ros2_ex_mav/install/px4_msgs/include/px4_msgs/px4_msgs/msg/detail/manual_control_switches__struct.hpp\n'}
[0.421887] (px4_msgs) StdoutLine: {'line': b'-- Up-to-date symlink: /home/lee/workspace/ros2_ex_mav/install/px4_msgs/include/px4_msgs/px4_msgs/msg/detail/manual_control_switches__traits.hpp\n'}
[0.421921] (px4_msgs) StdoutLine: {'line': b'-- Up-to-date symlink: /home/lee/workspace/ros2_ex_mav/install/px4_msgs/include/px4_msgs/px4_msgs/msg/detail/manual_control_switches__type_support.hpp\n'}
[0.421954] (px4_msgs) StdoutLine: {'line': b'-- Up-to-date symlink: /home/lee/workspace/ros2_ex_mav/install/px4_msgs/include/px4_msgs/px4_msgs/msg/detail/mavlink_log__builder.hpp\n'}
[0.421987] (px4_msgs) StdoutLine: {'line': b'-- Up-to-date symlink: /home/lee/workspace/ros2_ex_mav/install/px4_msgs/include/px4_msgs/px4_msgs/msg/detail/mavlink_log__struct.hpp\n'}
[0.422014] (px4_msgs) StdoutLine: {'line': b'-- Up-to-date symlink: /home/lee/workspace/ros2_ex_mav/install/px4_msgs/include/px4_msgs/px4_msgs/msg/detail/mavlink_log__traits.hpp\n'}
[0.422048] (px4_msgs) StdoutLine: {'line': b'-- Up-to-date symlink: /home/lee/workspace/ros2_ex_mav/install/px4_msgs/include/px4_msgs/px4_msgs/msg/detail/mavlink_log__type_support.hpp\n'}
[0.422076] (px4_msgs) StdoutLine: {'line': b'-- Up-to-date symlink: /home/lee/workspace/ros2_ex_mav/install/px4_msgs/include/px4_msgs/px4_msgs/msg/detail/mavlink_tunnel__builder.hpp\n'}
[0.422110] (px4_msgs) StdoutLine: {'line': b'-- Up-to-date symlink: /home/lee/workspace/ros2_ex_mav/install/px4_msgs/include/px4_msgs/px4_msgs/msg/detail/mavlink_tunnel__struct.hpp\n'}
[0.422139] (px4_msgs) StdoutLine: {'line': b'-- Up-to-date symlink: /home/lee/workspace/ros2_ex_mav/install/px4_msgs/include/px4_msgs/px4_msgs/msg/detail/mavlink_tunnel__traits.hpp\n'}
[0.422172] (px4_msgs) StdoutLine: {'line': b'-- Up-to-date symlink: /home/lee/workspace/ros2_ex_mav/install/px4_msgs/include/px4_msgs/px4_msgs/msg/detail/mavlink_tunnel__type_support.hpp\n'}
[0.422206] (px4_msgs) StdoutLine: {'line': b'-- Up-to-date symlink: /home/lee/workspace/ros2_ex_mav/install/px4_msgs/include/px4_msgs/px4_msgs/msg/detail/mission__builder.hpp\n'}
[0.422234] (px4_msgs) StdoutLine: {'line': b'-- Up-to-date symlink: /home/lee/workspace/ros2_ex_mav/install/px4_msgs/include/px4_msgs/px4_msgs/msg/detail/mission__struct.hpp\n'}
[0.422268] (px4_msgs) StdoutLine: {'line': b'-- Up-to-date symlink: /home/lee/workspace/ros2_ex_mav/install/px4_msgs/include/px4_msgs/px4_msgs/msg/detail/mission__traits.hpp\n'}
[0.422295] (px4_msgs) StdoutLine: {'line': b'-- Up-to-date symlink: /home/lee/workspace/ros2_ex_mav/install/px4_msgs/include/px4_msgs/px4_msgs/msg/detail/mission__type_support.hpp\n'}
[0.422330] (px4_msgs) StdoutLine: {'line': b'-- Up-to-date symlink: /home/lee/workspace/ros2_ex_mav/install/px4_msgs/include/px4_msgs/px4_msgs/msg/detail/mission_result__builder.hpp\n'}
[0.422367] (px4_msgs) StdoutLine: {'line': b'-- Up-to-date symlink: /home/lee/workspace/ros2_ex_mav/install/px4_msgs/include/px4_msgs/px4_msgs/msg/detail/mission_result__struct.hpp\n'}
[0.422402] (px4_msgs) StdoutLine: {'line': b'-- Up-to-date symlink: /home/lee/workspace/ros2_ex_mav/install/px4_msgs/include/px4_msgs/px4_msgs/msg/detail/mission_result__traits.hpp\n'}
[0.422436] (px4_msgs) StdoutLine: {'line': b'-- Up-to-date symlink: /home/lee/workspace/ros2_ex_mav/install/px4_msgs/include/px4_msgs/px4_msgs/msg/detail/mission_result__type_support.hpp\n'}
[0.422469] (px4_msgs) StdoutLine: {'line': b'-- Up-to-date symlink: /home/lee/workspace/ros2_ex_mav/install/px4_msgs/include/px4_msgs/px4_msgs/msg/detail/mode_completed__builder.hpp\n'}
[0.422504] (px4_msgs) StdoutLine: {'line': b'-- Up-to-date symlink: /home/lee/workspace/ros2_ex_mav/install/px4_msgs/include/px4_msgs/px4_msgs/msg/detail/mode_completed__struct.hpp\n'}
[0.422537] (px4_msgs) StdoutLine: {'line': b'-- Up-to-date symlink: /home/lee/workspace/ros2_ex_mav/install/px4_msgs/include/px4_msgs/px4_msgs/msg/detail/mode_completed__traits.hpp\n'}
[0.422578] (px4_msgs) StdoutLine: {'line': b'-- Up-to-date symlink: /home/lee/workspace/ros2_ex_mav/install/px4_msgs/include/px4_msgs/px4_msgs/msg/detail/mode_completed__type_support.hpp\n'}
[0.422599] (px4_msgs) StdoutLine: {'line': b'-- Up-to-date symlink: /home/lee/workspace/ros2_ex_mav/install/px4_msgs/include/px4_msgs/px4_msgs/msg/detail/mount_orientation__builder.hpp\n'}
[0.422637] (px4_msgs) StdoutLine: {'line': b'-- Up-to-date symlink: /home/lee/workspace/ros2_ex_mav/install/px4_msgs/include/px4_msgs/px4_msgs/msg/detail/mount_orientation__struct.hpp\n'}
[0.422665] (px4_msgs) StdoutLine: {'line': b'-- Up-to-date symlink: /home/lee/workspace/ros2_ex_mav/install/px4_msgs/include/px4_msgs/px4_msgs/msg/detail/mount_orientation__traits.hpp\n'}
[0.422683] (px4_msgs) StdoutLine: {'line': b'-- Up-to-date symlink: /home/lee/workspace/ros2_ex_mav/install/px4_msgs/include/px4_msgs/px4_msgs/msg/detail/mount_orientation__type_support.hpp\n'}
[0.422722] (px4_msgs) StdoutLine: {'line': b'-- Up-to-date symlink: /home/lee/workspace/ros2_ex_mav/install/px4_msgs/include/px4_msgs/px4_msgs/msg/detail/navigator_mission_item__builder.hpp\n'}
[0.422742] (px4_msgs) StdoutLine: {'line': b'-- Up-to-date symlink: /home/lee/workspace/ros2_ex_mav/install/px4_msgs/include/px4_msgs/px4_msgs/msg/detail/navigator_mission_item__struct.hpp\n'}
[0.422781] (px4_msgs) StdoutLine: {'line': b'-- Up-to-date symlink: /home/lee/workspace/ros2_ex_mav/install/px4_msgs/include/px4_msgs/px4_msgs/msg/detail/navigator_mission_item__traits.hpp\n'}
[0.422800] (px4_msgs) StdoutLine: {'line': b'-- Up-to-date symlink: /home/lee/workspace/ros2_ex_mav/install/px4_msgs/include/px4_msgs/px4_msgs/msg/detail/navigator_mission_item__type_support.hpp\n'}
[0.422834] (px4_msgs) StdoutLine: {'line': b'-- Up-to-date symlink: /home/lee/workspace/ros2_ex_mav/install/px4_msgs/include/px4_msgs/px4_msgs/msg/detail/normalized_unsigned_setpoint__builder.hpp\n'}
[0.422860] (px4_msgs) StdoutLine: {'line': b'-- Up-to-date symlink: /home/lee/workspace/ros2_ex_mav/install/px4_msgs/include/px4_msgs/px4_msgs/msg/detail/normalized_unsigned_setpoint__struct.hpp\n'}
[0.422894] (px4_msgs) StdoutLine: {'line': b'-- Up-to-date symlink: /home/lee/workspace/ros2_ex_mav/install/px4_msgs/include/px4_msgs/px4_msgs/msg/detail/normalized_unsigned_setpoint__traits.hpp\n'}
[0.422929] (px4_msgs) StdoutLine: {'line': b'-- Up-to-date symlink: /home/lee/workspace/ros2_ex_mav/install/px4_msgs/include/px4_msgs/px4_msgs/msg/detail/normalized_unsigned_setpoint__type_support.hpp\n'}
[0.422963] (px4_msgs) StdoutLine: {'line': b'-- Up-to-date symlink: /home/lee/workspace/ros2_ex_mav/install/px4_msgs/include/px4_msgs/px4_msgs/msg/detail/npfg_status__builder.hpp\n'}
[0.422990] (px4_msgs) StdoutLine: {'line': b'-- Up-to-date symlink: /home/lee/workspace/ros2_ex_mav/install/px4_msgs/include/px4_msgs/px4_msgs/msg/detail/npfg_status__struct.hpp\n'}
[0.423025] (px4_msgs) StdoutLine: {'line': b'-- Up-to-date symlink: /home/lee/workspace/ros2_ex_mav/install/px4_msgs/include/px4_msgs/px4_msgs/msg/detail/npfg_status__traits.hpp\n'}
[0.423064] (px4_msgs) StdoutLine: {'line': b'-- Up-to-date symlink: /home/lee/workspace/ros2_ex_mav/install/px4_msgs/include/px4_msgs/px4_msgs/msg/detail/npfg_status__type_support.hpp\n'}
[0.423083] (px4_msgs) StdoutLine: {'line': b'-- Up-to-date symlink: /home/lee/workspace/ros2_ex_mav/install/px4_msgs/include/px4_msgs/px4_msgs/msg/detail/obstacle_distance__builder.hpp\n'}
[0.423117] (px4_msgs) StdoutLine: {'line': b'-- Up-to-date symlink: /home/lee/workspace/ros2_ex_mav/install/px4_msgs/include/px4_msgs/px4_msgs/msg/detail/obstacle_distance__struct.hpp\n'}
[0.423152] (px4_msgs) StdoutLine: {'line': b'-- Up-to-date symlink: /home/lee/workspace/ros2_ex_mav/install/px4_msgs/include/px4_msgs/px4_msgs/msg/detail/obstacle_distance__traits.hpp\n'}
[0.423185] (px4_msgs) StdoutLine: {'line': b'-- Up-to-date symlink: /home/lee/workspace/ros2_ex_mav/install/px4_msgs/include/px4_msgs/px4_msgs/msg/detail/obstacle_distance__type_support.hpp\n'}
[0.423224] (px4_msgs) StdoutLine: {'line': b'-- Up-to-date symlink: /home/lee/workspace/ros2_ex_mav/install/px4_msgs/include/px4_msgs/px4_msgs/msg/detail/offboard_control_mode__builder.hpp\n'}
[0.423245] (px4_msgs) StdoutLine: {'line': b'-- Up-to-date symlink: /home/lee/workspace/ros2_ex_mav/install/px4_msgs/include/px4_msgs/px4_msgs/msg/detail/offboard_control_mode__struct.hpp\n'}
[0.423278] (px4_msgs) StdoutLine: {'line': b'-- Up-to-date symlink: /home/lee/workspace/ros2_ex_mav/install/px4_msgs/include/px4_msgs/px4_msgs/msg/detail/offboard_control_mode__traits.hpp\n'}
[0.423306] (px4_msgs) StdoutLine: {'line': b'-- Up-to-date symlink: /home/lee/workspace/ros2_ex_mav/install/px4_msgs/include/px4_msgs/px4_msgs/msg/detail/offboard_control_mode__type_support.hpp\n'}
[0.423343] (px4_msgs) StdoutLine: {'line': b'-- Up-to-date symlink: /home/lee/workspace/ros2_ex_mav/install/px4_msgs/include/px4_msgs/px4_msgs/msg/detail/onboard_computer_status__builder.hpp\n'}
[0.423386] (px4_msgs) StdoutLine: {'line': b'-- Up-to-date symlink: /home/lee/workspace/ros2_ex_mav/install/px4_msgs/include/px4_msgs/px4_msgs/msg/detail/onboard_computer_status__struct.hpp\n'}
[0.423406] (px4_msgs) StdoutLine: {'line': b'-- Up-to-date symlink: /home/lee/workspace/ros2_ex_mav/install/px4_msgs/include/px4_msgs/px4_msgs/msg/detail/onboard_computer_status__traits.hpp\n'}
[0.423439] (px4_msgs) StdoutLine: {'line': b'-- Up-to-date symlink: /home/lee/workspace/ros2_ex_mav/install/px4_msgs/include/px4_msgs/px4_msgs/msg/detail/onboard_computer_status__type_support.hpp\n'}
[0.423470] (px4_msgs) StdoutLine: {'line': b'-- Up-to-date symlink: /home/lee/workspace/ros2_ex_mav/install/px4_msgs/include/px4_msgs/px4_msgs/msg/detail/orb_test__builder.hpp\n'}
[0.423498] (px4_msgs) StdoutLine: {'line': b'-- Up-to-date symlink: /home/lee/workspace/ros2_ex_mav/install/px4_msgs/include/px4_msgs/px4_msgs/msg/detail/orb_test__struct.hpp\n'}
[0.423531] (px4_msgs) StdoutLine: {'line': b'-- Up-to-date symlink: /home/lee/workspace/ros2_ex_mav/install/px4_msgs/include/px4_msgs/px4_msgs/msg/detail/orb_test__traits.hpp\n'}
[0.423565] (px4_msgs) StdoutLine: {'line': b'-- Up-to-date symlink: /home/lee/workspace/ros2_ex_mav/install/px4_msgs/include/px4_msgs/px4_msgs/msg/detail/orb_test__type_support.hpp\n'}
[0.423598] (px4_msgs) StdoutLine: {'line': b'-- Up-to-date symlink: /home/lee/workspace/ros2_ex_mav/install/px4_msgs/include/px4_msgs/px4_msgs/msg/detail/orb_test_large__builder.hpp\n'}
[0.423626] (px4_msgs) StdoutLine: {'line': b'-- Up-to-date symlink: /home/lee/workspace/ros2_ex_mav/install/px4_msgs/include/px4_msgs/px4_msgs/msg/detail/orb_test_large__struct.hpp\n'}
[0.423662] (px4_msgs) StdoutLine: {'line': b'-- Up-to-date symlink: /home/lee/workspace/ros2_ex_mav/install/px4_msgs/include/px4_msgs/px4_msgs/msg/detail/orb_test_large__traits.hpp\n'}
[0.423702] (px4_msgs) StdoutLine: {'line': b'-- Up-to-date symlink: /home/lee/workspace/ros2_ex_mav/install/px4_msgs/include/px4_msgs/px4_msgs/msg/detail/orb_test_large__type_support.hpp\n'}
[0.423722] (px4_msgs) StdoutLine: {'line': b'-- Up-to-date symlink: /home/lee/workspace/ros2_ex_mav/install/px4_msgs/include/px4_msgs/px4_msgs/msg/detail/orb_test_medium__builder.hpp\n'}
[0.423751] (px4_msgs) StdoutLine: {'line': b'-- Up-to-date symlink: /home/lee/workspace/ros2_ex_mav/install/px4_msgs/include/px4_msgs/px4_msgs/msg/detail/orb_test_medium__struct.hpp\n'}
[0.423780] (px4_msgs) StdoutLine: {'line': b'-- Up-to-date symlink: /home/lee/workspace/ros2_ex_mav/install/px4_msgs/include/px4_msgs/px4_msgs/msg/detail/orb_test_medium__traits.hpp\n'}
[0.423813] (px4_msgs) StdoutLine: {'line': b'-- Up-to-date symlink: /home/lee/workspace/ros2_ex_mav/install/px4_msgs/include/px4_msgs/px4_msgs/msg/detail/orb_test_medium__type_support.hpp\n'}
[0.423849] (px4_msgs) StdoutLine: {'line': b'-- Up-to-date symlink: /home/lee/workspace/ros2_ex_mav/install/px4_msgs/include/px4_msgs/px4_msgs/msg/detail/orbit_status__builder.hpp\n'}
[0.423877] (px4_msgs) StdoutLine: {'line': b'-- Up-to-date symlink: /home/lee/workspace/ros2_ex_mav/install/px4_msgs/include/px4_msgs/px4_msgs/msg/detail/orbit_status__struct.hpp\n'}
[0.423912] (px4_msgs) StdoutLine: {'line': b'-- Up-to-date symlink: /home/lee/workspace/ros2_ex_mav/install/px4_msgs/include/px4_msgs/px4_msgs/msg/detail/orbit_status__traits.hpp\n'}
[0.423940] (px4_msgs) StdoutLine: {'line': b'-- Up-to-date symlink: /home/lee/workspace/ros2_ex_mav/install/px4_msgs/include/px4_msgs/px4_msgs/msg/detail/orbit_status__type_support.hpp\n'}
[0.423974] (px4_msgs) StdoutLine: {'line': b'-- Up-to-date symlink: /home/lee/workspace/ros2_ex_mav/install/px4_msgs/include/px4_msgs/px4_msgs/msg/detail/parameter_update__builder.hpp\n'}
[0.424001] (px4_msgs) StdoutLine: {'line': b'-- Up-to-date symlink: /home/lee/workspace/ros2_ex_mav/install/px4_msgs/include/px4_msgs/px4_msgs/msg/detail/parameter_update__struct.hpp\n'}
[0.424035] (px4_msgs) StdoutLine: {'line': b'-- Up-to-date symlink: /home/lee/workspace/ros2_ex_mav/install/px4_msgs/include/px4_msgs/px4_msgs/msg/detail/parameter_update__traits.hpp\n'}
[0.424069] (px4_msgs) StdoutLine: {'line': b'-- Up-to-date symlink: /home/lee/workspace/ros2_ex_mav/install/px4_msgs/include/px4_msgs/px4_msgs/msg/detail/parameter_update__type_support.hpp\n'}
[0.424109] (px4_msgs) StdoutLine: {'line': b'-- Up-to-date symlink: /home/lee/workspace/ros2_ex_mav/install/px4_msgs/include/px4_msgs/px4_msgs/msg/detail/ping__builder.hpp\n'}
[0.424128] (px4_msgs) StdoutLine: {'line': b'-- Up-to-date symlink: /home/lee/workspace/ros2_ex_mav/install/px4_msgs/include/px4_msgs/px4_msgs/msg/detail/ping__struct.hpp\n'}
[0.424162] (px4_msgs) StdoutLine: {'line': b'-- Up-to-date symlink: /home/lee/workspace/ros2_ex_mav/install/px4_msgs/include/px4_msgs/px4_msgs/msg/detail/ping__traits.hpp\n'}
[0.424196] (px4_msgs) StdoutLine: {'line': b'-- Up-to-date symlink: /home/lee/workspace/ros2_ex_mav/install/px4_msgs/include/px4_msgs/px4_msgs/msg/detail/ping__type_support.hpp\n'}
[0.424231] (px4_msgs) StdoutLine: {'line': b'-- Up-to-date symlink: /home/lee/workspace/ros2_ex_mav/install/px4_msgs/include/px4_msgs/px4_msgs/msg/detail/position_controller_landing_status__builder.hpp\n'}
[0.424271] (px4_msgs) StdoutLine: {'line': b'-- Up-to-date symlink: /home/lee/workspace/ros2_ex_mav/install/px4_msgs/include/px4_msgs/px4_msgs/msg/detail/position_controller_landing_status__struct.hpp\n'}
[0.424291] (px4_msgs) StdoutLine: {'line': b'-- Up-to-date symlink: /home/lee/workspace/ros2_ex_mav/install/px4_msgs/include/px4_msgs/px4_msgs/msg/detail/position_controller_landing_status__traits.hpp\n'}
[0.424324] (px4_msgs) StdoutLine: {'line': b'-- Up-to-date symlink: /home/lee/workspace/ros2_ex_mav/install/px4_msgs/include/px4_msgs/px4_msgs/msg/detail/position_controller_landing_status__type_support.hpp\n'}
[0.424360] (px4_msgs) StdoutLine: {'line': b'-- Up-to-date symlink: /home/lee/workspace/ros2_ex_mav/install/px4_msgs/include/px4_msgs/px4_msgs/msg/detail/position_controller_status__builder.hpp\n'}
[0.424402] (px4_msgs) StdoutLine: {'line': b'-- Up-to-date symlink: /home/lee/workspace/ros2_ex_mav/install/px4_msgs/include/px4_msgs/px4_msgs/msg/detail/position_controller_status__struct.hpp\n'}
[0.424421] (px4_msgs) StdoutLine: {'line': b'-- Up-to-date symlink: /home/lee/workspace/ros2_ex_mav/install/px4_msgs/include/px4_msgs/px4_msgs/msg/detail/position_controller_status__traits.hpp\n'}
[0.424455] (px4_msgs) StdoutLine: {'line': b'-- Up-to-date symlink: /home/lee/workspace/ros2_ex_mav/install/px4_msgs/include/px4_msgs/px4_msgs/msg/detail/position_controller_status__type_support.hpp\n'}
[0.424488] (px4_msgs) StdoutLine: {'line': b'-- Up-to-date symlink: /home/lee/workspace/ros2_ex_mav/install/px4_msgs/include/px4_msgs/px4_msgs/msg/detail/position_setpoint__builder.hpp\n'}
[0.424522] (px4_msgs) StdoutLine: {'line': b'-- Up-to-date symlink: /home/lee/workspace/ros2_ex_mav/install/px4_msgs/include/px4_msgs/px4_msgs/msg/detail/position_setpoint__struct.hpp\n'}
[0.424555] (px4_msgs) StdoutLine: {'line': b'-- Up-to-date symlink: /home/lee/workspace/ros2_ex_mav/install/px4_msgs/include/px4_msgs/px4_msgs/msg/detail/position_setpoint__traits.hpp\n'}
[0.424594] (px4_msgs) StdoutLine: {'line': b'-- Up-to-date symlink: /home/lee/workspace/ros2_ex_mav/install/px4_msgs/include/px4_msgs/px4_msgs/msg/detail/position_setpoint__type_support.hpp\n'}
[0.424613] (px4_msgs) StdoutLine: {'line': b'-- Up-to-date symlink: /home/lee/workspace/ros2_ex_mav/install/px4_msgs/include/px4_msgs/px4_msgs/msg/detail/position_setpoint_triplet__builder.hpp\n'}
[0.424646] (px4_msgs) StdoutLine: {'line': b'-- Up-to-date symlink: /home/lee/workspace/ros2_ex_mav/install/px4_msgs/include/px4_msgs/px4_msgs/msg/detail/position_setpoint_triplet__struct.hpp\n'}
[0.424679] (px4_msgs) StdoutLine: {'line': b'-- Up-to-date symlink: /home/lee/workspace/ros2_ex_mav/install/px4_msgs/include/px4_msgs/px4_msgs/msg/detail/position_setpoint_triplet__traits.hpp\n'}
[0.424707] (px4_msgs) StdoutLine: {'line': b'-- Up-to-date symlink: /home/lee/workspace/ros2_ex_mav/install/px4_msgs/include/px4_msgs/px4_msgs/msg/detail/position_setpoint_triplet__type_support.hpp\n'}
[0.424743] (px4_msgs) StdoutLine: {'line': b'-- Up-to-date symlink: /home/lee/workspace/ros2_ex_mav/install/px4_msgs/include/px4_msgs/px4_msgs/msg/detail/power_button_state__builder.hpp\n'}
[0.424779] (px4_msgs) StdoutLine: {'line': b'-- Up-to-date symlink: /home/lee/workspace/ros2_ex_mav/install/px4_msgs/include/px4_msgs/px4_msgs/msg/detail/power_button_state__struct.hpp\n'}
[0.424813] (px4_msgs) StdoutLine: {'line': b'-- Up-to-date symlink: /home/lee/workspace/ros2_ex_mav/install/px4_msgs/include/px4_msgs/px4_msgs/msg/detail/power_button_state__traits.hpp\n'}
[0.424853] (px4_msgs) StdoutLine: {'line': b'-- Up-to-date symlink: /home/lee/workspace/ros2_ex_mav/install/px4_msgs/include/px4_msgs/px4_msgs/msg/detail/power_button_state__type_support.hpp\n'}
[0.424872] (px4_msgs) StdoutLine: {'line': b'-- Up-to-date symlink: /home/lee/workspace/ros2_ex_mav/install/px4_msgs/include/px4_msgs/px4_msgs/msg/detail/power_monitor__builder.hpp\n'}
[0.424910] (px4_msgs) StdoutLine: {'line': b'-- Up-to-date symlink: /home/lee/workspace/ros2_ex_mav/install/px4_msgs/include/px4_msgs/px4_msgs/msg/detail/power_monitor__struct.hpp\n'}
[0.424929] (px4_msgs) StdoutLine: {'line': b'-- Up-to-date symlink: /home/lee/workspace/ros2_ex_mav/install/px4_msgs/include/px4_msgs/px4_msgs/msg/detail/power_monitor__traits.hpp\n'}
[0.424957] (px4_msgs) StdoutLine: {'line': b'-- Up-to-date symlink: /home/lee/workspace/ros2_ex_mav/install/px4_msgs/include/px4_msgs/px4_msgs/msg/detail/power_monitor__type_support.hpp\n'}
[0.424991] (px4_msgs) StdoutLine: {'line': b'-- Up-to-date symlink: /home/lee/workspace/ros2_ex_mav/install/px4_msgs/include/px4_msgs/px4_msgs/msg/detail/pps_capture__builder.hpp\n'}
[0.425025] (px4_msgs) StdoutLine: {'line': b'-- Up-to-date symlink: /home/lee/workspace/ros2_ex_mav/install/px4_msgs/include/px4_msgs/px4_msgs/msg/detail/pps_capture__struct.hpp\n'}
[0.425054] (px4_msgs) StdoutLine: {'line': b'-- Up-to-date symlink: /home/lee/workspace/ros2_ex_mav/install/px4_msgs/include/px4_msgs/px4_msgs/msg/detail/pps_capture__traits.hpp\n'}
[0.425089] (px4_msgs) StdoutLine: {'line': b'-- Up-to-date symlink: /home/lee/workspace/ros2_ex_mav/install/px4_msgs/include/px4_msgs/px4_msgs/msg/detail/pps_capture__type_support.hpp\n'}
[0.425129] (px4_msgs) StdoutLine: {'line': b'-- Up-to-date symlink: /home/lee/workspace/ros2_ex_mav/install/px4_msgs/include/px4_msgs/px4_msgs/msg/detail/pwm_input__builder.hpp\n'}
[0.425148] (px4_msgs) StdoutLine: {'line': b'-- Up-to-date symlink: /home/lee/workspace/ros2_ex_mav/install/px4_msgs/include/px4_msgs/px4_msgs/msg/detail/pwm_input__struct.hpp\n'}
[0.425182] (px4_msgs) StdoutLine: {'line': b'-- Up-to-date symlink: /home/lee/workspace/ros2_ex_mav/install/px4_msgs/include/px4_msgs/px4_msgs/msg/detail/pwm_input__traits.hpp\n'}
[0.425210] (px4_msgs) StdoutLine: {'line': b'-- Up-to-date symlink: /home/lee/workspace/ros2_ex_mav/install/px4_msgs/include/px4_msgs/px4_msgs/msg/detail/pwm_input__type_support.hpp\n'}
[0.425239] (px4_msgs) StdoutLine: {'line': b'-- Up-to-date symlink: /home/lee/workspace/ros2_ex_mav/install/px4_msgs/include/px4_msgs/px4_msgs/msg/detail/px4io_status__builder.hpp\n'}
[0.425274] (px4_msgs) StdoutLine: {'line': b'-- Up-to-date symlink: /home/lee/workspace/ros2_ex_mav/install/px4_msgs/include/px4_msgs/px4_msgs/msg/detail/px4io_status__struct.hpp\n'}
[0.425302] (px4_msgs) StdoutLine: {'line': b'-- Up-to-date symlink: /home/lee/workspace/ros2_ex_mav/install/px4_msgs/include/px4_msgs/px4_msgs/msg/detail/px4io_status__traits.hpp\n'}
[0.425338] (px4_msgs) StdoutLine: {'line': b'-- Up-to-date symlink: /home/lee/workspace/ros2_ex_mav/install/px4_msgs/include/px4_msgs/px4_msgs/msg/detail/px4io_status__type_support.hpp\n'}
[0.425376] (px4_msgs) StdoutLine: {'line': b'-- Up-to-date symlink: /home/lee/workspace/ros2_ex_mav/install/px4_msgs/include/px4_msgs/px4_msgs/msg/detail/qshell_req__builder.hpp\n'}
[0.425411] (px4_msgs) StdoutLine: {'line': b'-- Up-to-date symlink: /home/lee/workspace/ros2_ex_mav/install/px4_msgs/include/px4_msgs/px4_msgs/msg/detail/qshell_req__struct.hpp\n'}
[0.425446] (px4_msgs) StdoutLine: {'line': b'-- Up-to-date symlink: /home/lee/workspace/ros2_ex_mav/install/px4_msgs/include/px4_msgs/px4_msgs/msg/detail/qshell_req__traits.hpp\n'}
[0.425485] (px4_msgs) StdoutLine: {'line': b'-- Up-to-date symlink: /home/lee/workspace/ros2_ex_mav/install/px4_msgs/include/px4_msgs/px4_msgs/msg/detail/qshell_req__type_support.hpp\n'}
[0.425505] (px4_msgs) StdoutLine: {'line': b'-- Up-to-date symlink: /home/lee/workspace/ros2_ex_mav/install/px4_msgs/include/px4_msgs/px4_msgs/msg/detail/qshell_retval__builder.hpp\n'}
[0.425538] (px4_msgs) StdoutLine: {'line': b'-- Up-to-date symlink: /home/lee/workspace/ros2_ex_mav/install/px4_msgs/include/px4_msgs/px4_msgs/msg/detail/qshell_retval__struct.hpp\n'}
[0.425578] (px4_msgs) StdoutLine: {'line': b'-- Up-to-date symlink: /home/lee/workspace/ros2_ex_mav/install/px4_msgs/include/px4_msgs/px4_msgs/msg/detail/qshell_retval__traits.hpp\n'}
[0.425598] (px4_msgs) StdoutLine: {'line': b'-- Up-to-date symlink: /home/lee/workspace/ros2_ex_mav/install/px4_msgs/include/px4_msgs/px4_msgs/msg/detail/qshell_retval__type_support.hpp\n'}
[0.425636] (px4_msgs) StdoutLine: {'line': b'-- Up-to-date symlink: /home/lee/workspace/ros2_ex_mav/install/px4_msgs/include/px4_msgs/px4_msgs/msg/detail/radio_status__builder.hpp\n'}
[0.425656] (px4_msgs) StdoutLine: {'line': b'-- Up-to-date symlink: /home/lee/workspace/ros2_ex_mav/install/px4_msgs/include/px4_msgs/px4_msgs/msg/detail/radio_status__struct.hpp\n'}
[0.425693] (px4_msgs) StdoutLine: {'line': b'-- Up-to-date symlink: /home/lee/workspace/ros2_ex_mav/install/px4_msgs/include/px4_msgs/px4_msgs/msg/detail/radio_status__traits.hpp\n'}
[0.425712] (px4_msgs) StdoutLine: {'line': b'-- Up-to-date symlink: /home/lee/workspace/ros2_ex_mav/install/px4_msgs/include/px4_msgs/px4_msgs/msg/detail/radio_status__type_support.hpp\n'}
[0.425751] (px4_msgs) StdoutLine: {'line': b'-- Up-to-date symlink: /home/lee/workspace/ros2_ex_mav/install/px4_msgs/include/px4_msgs/px4_msgs/msg/detail/rate_ctrl_status__builder.hpp\n'}
[0.425770] (px4_msgs) StdoutLine: {'line': b'-- Up-to-date symlink: /home/lee/workspace/ros2_ex_mav/install/px4_msgs/include/px4_msgs/px4_msgs/msg/detail/rate_ctrl_status__struct.hpp\n'}
[0.425797] (px4_msgs) StdoutLine: {'line': b'-- Up-to-date symlink: /home/lee/workspace/ros2_ex_mav/install/px4_msgs/include/px4_msgs/px4_msgs/msg/detail/rate_ctrl_status__traits.hpp\n'}
[0.425831] (px4_msgs) StdoutLine: {'line': b'-- Up-to-date symlink: /home/lee/workspace/ros2_ex_mav/install/px4_msgs/include/px4_msgs/px4_msgs/msg/detail/rate_ctrl_status__type_support.hpp\n'}
[0.425864] (px4_msgs) StdoutLine: {'line': b'-- Up-to-date symlink: /home/lee/workspace/ros2_ex_mav/install/px4_msgs/include/px4_msgs/px4_msgs/msg/detail/rc_channels__builder.hpp\n'}
[0.425891] (px4_msgs) StdoutLine: {'line': b'-- Up-to-date symlink: /home/lee/workspace/ros2_ex_mav/install/px4_msgs/include/px4_msgs/px4_msgs/msg/detail/rc_channels__struct.hpp\n'}
[0.425925] (px4_msgs) StdoutLine: {'line': b'-- Up-to-date symlink: /home/lee/workspace/ros2_ex_mav/install/px4_msgs/include/px4_msgs/px4_msgs/msg/detail/rc_channels__traits.hpp\n'}
[0.425960] (px4_msgs) StdoutLine: {'line': b'-- Up-to-date symlink: /home/lee/workspace/ros2_ex_mav/install/px4_msgs/include/px4_msgs/px4_msgs/msg/detail/rc_channels__type_support.hpp\n'}
[0.425999] (px4_msgs) StdoutLine: {'line': b'-- Up-to-date symlink: /home/lee/workspace/ros2_ex_mav/install/px4_msgs/include/px4_msgs/px4_msgs/msg/detail/rc_parameter_map__builder.hpp\n'}
[0.426018] (px4_msgs) StdoutLine: {'line': b'-- Up-to-date symlink: /home/lee/workspace/ros2_ex_mav/install/px4_msgs/include/px4_msgs/px4_msgs/msg/detail/rc_parameter_map__struct.hpp\n'}
[0.426050] (px4_msgs) StdoutLine: {'line': b'-- Up-to-date symlink: /home/lee/workspace/ros2_ex_mav/install/px4_msgs/include/px4_msgs/px4_msgs/msg/detail/rc_parameter_map__traits.hpp\n'}
[0.426078] (px4_msgs) StdoutLine: {'line': b'-- Up-to-date symlink: /home/lee/workspace/ros2_ex_mav/install/px4_msgs/include/px4_msgs/px4_msgs/msg/detail/rc_parameter_map__type_support.hpp\n'}
[0.426112] (px4_msgs) StdoutLine: {'line': b'-- Up-to-date symlink: /home/lee/workspace/ros2_ex_mav/install/px4_msgs/include/px4_msgs/px4_msgs/msg/detail/rpm__builder.hpp\n'}
[0.426145] (px4_msgs) StdoutLine: {'line': b'-- Up-to-date symlink: /home/lee/workspace/ros2_ex_mav/install/px4_msgs/include/px4_msgs/px4_msgs/msg/detail/rpm__struct.hpp\n'}
[0.426173] (px4_msgs) StdoutLine: {'line': b'-- Up-to-date symlink: /home/lee/workspace/ros2_ex_mav/install/px4_msgs/include/px4_msgs/px4_msgs/msg/detail/rpm__traits.hpp\n'}
[0.426206] (px4_msgs) StdoutLine: {'line': b'-- Up-to-date symlink: /home/lee/workspace/ros2_ex_mav/install/px4_msgs/include/px4_msgs/px4_msgs/msg/detail/rpm__type_support.hpp\n'}
[0.426241] (px4_msgs) StdoutLine: {'line': b'-- Up-to-date symlink: /home/lee/workspace/ros2_ex_mav/install/px4_msgs/include/px4_msgs/px4_msgs/msg/detail/rtl_time_estimate__builder.hpp\n'}
[0.426277] (px4_msgs) StdoutLine: {'line': b'-- Up-to-date symlink: /home/lee/workspace/ros2_ex_mav/install/px4_msgs/include/px4_msgs/px4_msgs/msg/detail/rtl_time_estimate__struct.hpp\n'}
[0.426311] (px4_msgs) StdoutLine: {'line': b'-- Up-to-date symlink: /home/lee/workspace/ros2_ex_mav/install/px4_msgs/include/px4_msgs/px4_msgs/msg/detail/rtl_time_estimate__traits.hpp\n'}
[0.426347] (px4_msgs) StdoutLine: {'line': b'-- Up-to-date symlink: /home/lee/workspace/ros2_ex_mav/install/px4_msgs/include/px4_msgs/px4_msgs/msg/detail/rtl_time_estimate__type_support.hpp\n'}
[0.426388] (px4_msgs) StdoutLine: {'line': b'-- Up-to-date symlink: /home/lee/workspace/ros2_ex_mav/install/px4_msgs/include/px4_msgs/px4_msgs/msg/detail/satellite_info__builder.hpp\n'}
[0.426408] (px4_msgs) StdoutLine: {'line': b'-- Up-to-date symlink: /home/lee/workspace/ros2_ex_mav/install/px4_msgs/include/px4_msgs/px4_msgs/msg/detail/satellite_info__struct.hpp\n'}
[0.426450] (px4_msgs) StdoutLine: {'line': b'-- Up-to-date symlink: /home/lee/workspace/ros2_ex_mav/install/px4_msgs/include/px4_msgs/px4_msgs/msg/detail/satellite_info__traits.hpp\n'}
[0.426489] (px4_msgs) StdoutLine: {'line': b'-- Up-to-date symlink: /home/lee/workspace/ros2_ex_mav/install/px4_msgs/include/px4_msgs/px4_msgs/msg/detail/satellite_info__type_support.hpp\n'}
[0.426520] (px4_msgs) StdoutLine: {'line': b'-- Up-to-date symlink: /home/lee/workspace/ros2_ex_mav/install/px4_msgs/include/px4_msgs/px4_msgs/msg/detail/sensor_accel__builder.hpp\n'}
[0.426555] (px4_msgs) StdoutLine: {'line': b'-- Up-to-date symlink: /home/lee/workspace/ros2_ex_mav/install/px4_msgs/include/px4_msgs/px4_msgs/msg/detail/sensor_accel__struct.hpp\n'}
[0.426597] (px4_msgs) StdoutLine: {'line': b'-- Up-to-date symlink: /home/lee/workspace/ros2_ex_mav/install/px4_msgs/include/px4_msgs/px4_msgs/msg/detail/sensor_accel__traits.hpp\n'}
[0.426616] (px4_msgs) StdoutLine: {'line': b'-- Up-to-date symlink: /home/lee/workspace/ros2_ex_mav/install/px4_msgs/include/px4_msgs/px4_msgs/msg/detail/sensor_accel__type_support.hpp\n'}
[0.426636] (px4_msgs) StdoutLine: {'line': b'-- Up-to-date symlink: /home/lee/workspace/ros2_ex_mav/install/px4_msgs/include/px4_msgs/px4_msgs/msg/detail/sensor_accel_fifo__builder.hpp\n'}
[0.426675] (px4_msgs) StdoutLine: {'line': b'-- Up-to-date symlink: /home/lee/workspace/ros2_ex_mav/install/px4_msgs/include/px4_msgs/px4_msgs/msg/detail/sensor_accel_fifo__struct.hpp\n'}
[0.426697] (px4_msgs) StdoutLine: {'line': b'-- Up-to-date symlink: /home/lee/workspace/ros2_ex_mav/install/px4_msgs/include/px4_msgs/px4_msgs/msg/detail/sensor_accel_fifo__traits.hpp\n'}
[0.426729] (px4_msgs) StdoutLine: {'line': b'-- Up-to-date symlink: /home/lee/workspace/ros2_ex_mav/install/px4_msgs/include/px4_msgs/px4_msgs/msg/detail/sensor_accel_fifo__type_support.hpp\n'}
[0.426769] (px4_msgs) StdoutLine: {'line': b'-- Up-to-date symlink: /home/lee/workspace/ros2_ex_mav/install/px4_msgs/include/px4_msgs/px4_msgs/msg/detail/sensor_baro__builder.hpp\n'}
[0.426790] (px4_msgs) StdoutLine: {'line': b'-- Up-to-date symlink: /home/lee/workspace/ros2_ex_mav/install/px4_msgs/include/px4_msgs/px4_msgs/msg/detail/sensor_baro__struct.hpp\n'}
[0.426824] (px4_msgs) StdoutLine: {'line': b'-- Up-to-date symlink: /home/lee/workspace/ros2_ex_mav/install/px4_msgs/include/px4_msgs/px4_msgs/msg/detail/sensor_baro__traits.hpp\n'}
[0.426864] (px4_msgs) StdoutLine: {'line': b'-- Up-to-date symlink: /home/lee/workspace/ros2_ex_mav/install/px4_msgs/include/px4_msgs/px4_msgs/msg/detail/sensor_baro__type_support.hpp\n'}
[0.426885] (px4_msgs) StdoutLine: {'line': b'-- Up-to-date symlink: /home/lee/workspace/ros2_ex_mav/install/px4_msgs/include/px4_msgs/px4_msgs/msg/detail/sensor_combined__builder.hpp\n'}
[0.426923] (px4_msgs) StdoutLine: {'line': b'-- Up-to-date symlink: /home/lee/workspace/ros2_ex_mav/install/px4_msgs/include/px4_msgs/px4_msgs/msg/detail/sensor_combined__struct.hpp\n'}
[0.426944] (px4_msgs) StdoutLine: {'line': b'-- Up-to-date symlink: /home/lee/workspace/ros2_ex_mav/install/px4_msgs/include/px4_msgs/px4_msgs/msg/detail/sensor_combined__traits.hpp\n'}
[0.426977] (px4_msgs) StdoutLine: {'line': b'-- Up-to-date symlink: /home/lee/workspace/ros2_ex_mav/install/px4_msgs/include/px4_msgs/px4_msgs/msg/detail/sensor_combined__type_support.hpp\n'}
[0.427005] (px4_msgs) StdoutLine: {'line': b'-- Up-to-date symlink: /home/lee/workspace/ros2_ex_mav/install/px4_msgs/include/px4_msgs/px4_msgs/msg/detail/sensor_correction__builder.hpp\n'}
[0.427044] (px4_msgs) StdoutLine: {'line': b'-- Up-to-date symlink: /home/lee/workspace/ros2_ex_mav/install/px4_msgs/include/px4_msgs/px4_msgs/msg/detail/sensor_correction__struct.hpp\n'}
[0.427065] (px4_msgs) StdoutLine: {'line': b'-- Up-to-date symlink: /home/lee/workspace/ros2_ex_mav/install/px4_msgs/include/px4_msgs/px4_msgs/msg/detail/sensor_correction__traits.hpp\n'}
[0.427099] (px4_msgs) StdoutLine: {'line': b'-- Up-to-date symlink: /home/lee/workspace/ros2_ex_mav/install/px4_msgs/include/px4_msgs/px4_msgs/msg/detail/sensor_correction__type_support.hpp\n'}
[0.427139] (px4_msgs) StdoutLine: {'line': b'-- Up-to-date symlink: /home/lee/workspace/ros2_ex_mav/install/px4_msgs/include/px4_msgs/px4_msgs/msg/detail/sensor_gnss_relative__builder.hpp\n'}
[0.427159] (px4_msgs) StdoutLine: {'line': b'-- Up-to-date symlink: /home/lee/workspace/ros2_ex_mav/install/px4_msgs/include/px4_msgs/px4_msgs/msg/detail/sensor_gnss_relative__struct.hpp\n'}
[0.427197] (px4_msgs) StdoutLine: {'line': b'-- Up-to-date symlink: /home/lee/workspace/ros2_ex_mav/install/px4_msgs/include/px4_msgs/px4_msgs/msg/detail/sensor_gnss_relative__traits.hpp\n'}
[0.427226] (px4_msgs) StdoutLine: {'line': b'-- Up-to-date symlink: /home/lee/workspace/ros2_ex_mav/install/px4_msgs/include/px4_msgs/px4_msgs/msg/detail/sensor_gnss_relative__type_support.hpp\n'}
[0.427245] (px4_msgs) StdoutLine: {'line': b'-- Up-to-date symlink: /home/lee/workspace/ros2_ex_mav/install/px4_msgs/include/px4_msgs/px4_msgs/msg/detail/sensor_gps__builder.hpp\n'}
[0.427283] (px4_msgs) StdoutLine: {'line': b'-- Up-to-date symlink: /home/lee/workspace/ros2_ex_mav/install/px4_msgs/include/px4_msgs/px4_msgs/msg/detail/sensor_gps__struct.hpp\n'}
[0.427302] (px4_msgs) StdoutLine: {'line': b'-- Up-to-date symlink: /home/lee/workspace/ros2_ex_mav/install/px4_msgs/include/px4_msgs/px4_msgs/msg/detail/sensor_gps__traits.hpp\n'}
[0.427334] (px4_msgs) StdoutLine: {'line': b'-- Up-to-date symlink: /home/lee/workspace/ros2_ex_mav/install/px4_msgs/include/px4_msgs/px4_msgs/msg/detail/sensor_gps__type_support.hpp\n'}
[0.427372] (px4_msgs) StdoutLine: {'line': b'-- Up-to-date symlink: /home/lee/workspace/ros2_ex_mav/install/px4_msgs/include/px4_msgs/px4_msgs/msg/detail/sensor_gyro__builder.hpp\n'}
[0.427411] (px4_msgs) StdoutLine: {'line': b'-- Up-to-date symlink: /home/lee/workspace/ros2_ex_mav/install/px4_msgs/include/px4_msgs/px4_msgs/msg/detail/sensor_gyro__struct.hpp\n'}
[0.427431] (px4_msgs) StdoutLine: {'line': b'-- Up-to-date symlink: /home/lee/workspace/ros2_ex_mav/install/px4_msgs/include/px4_msgs/px4_msgs/msg/detail/sensor_gyro__traits.hpp\n'}
[0.427464] (px4_msgs) StdoutLine: {'line': b'-- Up-to-date symlink: /home/lee/workspace/ros2_ex_mav/install/px4_msgs/include/px4_msgs/px4_msgs/msg/detail/sensor_gyro__type_support.hpp\n'}
[0.427492] (px4_msgs) StdoutLine: {'line': b'-- Up-to-date symlink: /home/lee/workspace/ros2_ex_mav/install/px4_msgs/include/px4_msgs/px4_msgs/msg/detail/sensor_gyro_fft__builder.hpp\n'}
[0.427526] (px4_msgs) StdoutLine: {'line': b'-- Up-to-date symlink: /home/lee/workspace/ros2_ex_mav/install/px4_msgs/include/px4_msgs/px4_msgs/msg/detail/sensor_gyro_fft__struct.hpp\n'}
[0.427564] (px4_msgs) StdoutLine: {'line': b'-- Up-to-date symlink: /home/lee/workspace/ros2_ex_mav/install/px4_msgs/include/px4_msgs/px4_msgs/msg/detail/sensor_gyro_fft__traits.hpp\n'}
[0.427583] (px4_msgs) StdoutLine: {'line': b'-- Up-to-date symlink: /home/lee/workspace/ros2_ex_mav/install/px4_msgs/include/px4_msgs/px4_msgs/msg/detail/sensor_gyro_fft__type_support.hpp\n'}
[0.427616] (px4_msgs) StdoutLine: {'line': b'-- Up-to-date symlink: /home/lee/workspace/ros2_ex_mav/install/px4_msgs/include/px4_msgs/px4_msgs/msg/detail/sensor_gyro_fifo__builder.hpp\n'}
[0.427649] (px4_msgs) StdoutLine: {'line': b'-- Up-to-date symlink: /home/lee/workspace/ros2_ex_mav/install/px4_msgs/include/px4_msgs/px4_msgs/msg/detail/sensor_gyro_fifo__struct.hpp\n'}
[0.427683] (px4_msgs) StdoutLine: {'line': b'-- Up-to-date symlink: /home/lee/workspace/ros2_ex_mav/install/px4_msgs/include/px4_msgs/px4_msgs/msg/detail/sensor_gyro_fifo__traits.hpp\n'}
[0.427717] (px4_msgs) StdoutLine: {'line': b'-- Up-to-date symlink: /home/lee/workspace/ros2_ex_mav/install/px4_msgs/include/px4_msgs/px4_msgs/msg/detail/sensor_gyro_fifo__type_support.hpp\n'}
[0.427756] (px4_msgs) StdoutLine: {'line': b'-- Up-to-date symlink: /home/lee/workspace/ros2_ex_mav/install/px4_msgs/include/px4_msgs/px4_msgs/msg/detail/sensor_hygrometer__builder.hpp\n'}
[0.427775] (px4_msgs) StdoutLine: {'line': b'-- Up-to-date symlink: /home/lee/workspace/ros2_ex_mav/install/px4_msgs/include/px4_msgs/px4_msgs/msg/detail/sensor_hygrometer__struct.hpp\n'}
[0.427803] (px4_msgs) StdoutLine: {'line': b'-- Up-to-date symlink: /home/lee/workspace/ros2_ex_mav/install/px4_msgs/include/px4_msgs/px4_msgs/msg/detail/sensor_hygrometer__traits.hpp\n'}
[0.427836] (px4_msgs) StdoutLine: {'line': b'-- Up-to-date symlink: /home/lee/workspace/ros2_ex_mav/install/px4_msgs/include/px4_msgs/px4_msgs/msg/detail/sensor_hygrometer__type_support.hpp\n'}
[0.427870] (px4_msgs) StdoutLine: {'line': b'-- Up-to-date symlink: /home/lee/workspace/ros2_ex_mav/install/px4_msgs/include/px4_msgs/px4_msgs/msg/detail/sensor_mag__builder.hpp\n'}
[0.427897] (px4_msgs) StdoutLine: {'line': b'-- Up-to-date symlink: /home/lee/workspace/ros2_ex_mav/install/px4_msgs/include/px4_msgs/px4_msgs/msg/detail/sensor_mag__struct.hpp\n'}
[0.427931] (px4_msgs) StdoutLine: {'line': b'-- Up-to-date symlink: /home/lee/workspace/ros2_ex_mav/install/px4_msgs/include/px4_msgs/px4_msgs/msg/detail/sensor_mag__traits.hpp\n'}
[0.427965] (px4_msgs) StdoutLine: {'line': b'-- Up-to-date symlink: /home/lee/workspace/ros2_ex_mav/install/px4_msgs/include/px4_msgs/px4_msgs/msg/detail/sensor_mag__type_support.hpp\n'}
[0.427999] (px4_msgs) StdoutLine: {'line': b'-- Up-to-date symlink: /home/lee/workspace/ros2_ex_mav/install/px4_msgs/include/px4_msgs/px4_msgs/msg/detail/sensor_optical_flow__builder.hpp\n'}
[0.428037] (px4_msgs) StdoutLine: {'line': b'-- Up-to-date symlink: /home/lee/workspace/ros2_ex_mav/install/px4_msgs/include/px4_msgs/px4_msgs/msg/detail/sensor_optical_flow__struct.hpp\n'}
[0.428056] (px4_msgs) StdoutLine: {'line': b'-- Up-to-date symlink: /home/lee/workspace/ros2_ex_mav/install/px4_msgs/include/px4_msgs/px4_msgs/msg/detail/sensor_optical_flow__traits.hpp\n'}
[0.428088] (px4_msgs) StdoutLine: {'line': b'-- Up-to-date symlink: /home/lee/workspace/ros2_ex_mav/install/px4_msgs/include/px4_msgs/px4_msgs/msg/detail/sensor_optical_flow__type_support.hpp\n'}
[0.428124] (px4_msgs) StdoutLine: {'line': b'-- Up-to-date symlink: /home/lee/workspace/ros2_ex_mav/install/px4_msgs/include/px4_msgs/px4_msgs/msg/detail/sensor_preflight_mag__builder.hpp\n'}
[0.428159] (px4_msgs) StdoutLine: {'line': b'-- Up-to-date symlink: /home/lee/workspace/ros2_ex_mav/install/px4_msgs/include/px4_msgs/px4_msgs/msg/detail/sensor_preflight_mag__struct.hpp\n'}
[0.428198] (px4_msgs) StdoutLine: {'line': b'-- Up-to-date symlink: /home/lee/workspace/ros2_ex_mav/install/px4_msgs/include/px4_msgs/px4_msgs/msg/detail/sensor_preflight_mag__traits.hpp\n'}
[0.428217] (px4_msgs) StdoutLine: {'line': b'-- Up-to-date symlink: /home/lee/workspace/ros2_ex_mav/install/px4_msgs/include/px4_msgs/px4_msgs/msg/detail/sensor_preflight_mag__type_support.hpp\n'}
[0.428255] (px4_msgs) StdoutLine: {'line': b'-- Up-to-date symlink: /home/lee/workspace/ros2_ex_mav/install/px4_msgs/include/px4_msgs/px4_msgs/msg/detail/sensor_selection__builder.hpp\n'}
[0.428275] (px4_msgs) StdoutLine: {'line': b'-- Up-to-date symlink: /home/lee/workspace/ros2_ex_mav/install/px4_msgs/include/px4_msgs/px4_msgs/msg/detail/sensor_selection__struct.hpp\n'}
[0.428309] (px4_msgs) StdoutLine: {'line': b'-- Up-to-date symlink: /home/lee/workspace/ros2_ex_mav/install/px4_msgs/include/px4_msgs/px4_msgs/msg/detail/sensor_selection__traits.hpp\n'}
[0.428337] (px4_msgs) StdoutLine: {'line': b'-- Up-to-date symlink: /home/lee/workspace/ros2_ex_mav/install/px4_msgs/include/px4_msgs/px4_msgs/msg/detail/sensor_selection__type_support.hpp\n'}
[0.428375] (px4_msgs) StdoutLine: {'line': b'-- Up-to-date symlink: /home/lee/workspace/ros2_ex_mav/install/px4_msgs/include/px4_msgs/px4_msgs/msg/detail/sensor_uwb__builder.hpp\n'}
[0.428410] (px4_msgs) StdoutLine: {'line': b'-- Up-to-date symlink: /home/lee/workspace/ros2_ex_mav/install/px4_msgs/include/px4_msgs/px4_msgs/msg/detail/sensor_uwb__struct.hpp\n'}
[0.428445] (px4_msgs) StdoutLine: {'line': b'-- Up-to-date symlink: /home/lee/workspace/ros2_ex_mav/install/px4_msgs/include/px4_msgs/px4_msgs/msg/detail/sensor_uwb__traits.hpp\n'}
[0.428485] (px4_msgs) StdoutLine: {'line': b'-- Up-to-date symlink: /home/lee/workspace/ros2_ex_mav/install/px4_msgs/include/px4_msgs/px4_msgs/msg/detail/sensor_uwb__type_support.hpp\n'}
[0.428504] (px4_msgs) StdoutLine: {'line': b'-- Up-to-date symlink: /home/lee/workspace/ros2_ex_mav/install/px4_msgs/include/px4_msgs/px4_msgs/msg/detail/sensors_status__builder.hpp\n'}
[0.428543] (px4_msgs) StdoutLine: {'line': b'-- Up-to-date symlink: /home/lee/workspace/ros2_ex_mav/install/px4_msgs/include/px4_msgs/px4_msgs/msg/detail/sensors_status__struct.hpp\n'}
[0.428563] (px4_msgs) StdoutLine: {'line': b'-- Up-to-date symlink: /home/lee/workspace/ros2_ex_mav/install/px4_msgs/include/px4_msgs/px4_msgs/msg/detail/sensors_status__traits.hpp\n'}
[0.428593] (px4_msgs) StdoutLine: {'line': b'-- Up-to-date symlink: /home/lee/workspace/ros2_ex_mav/install/px4_msgs/include/px4_msgs/px4_msgs/msg/detail/sensors_status__type_support.hpp\n'}
[0.428627] (px4_msgs) StdoutLine: {'line': b'-- Up-to-date symlink: /home/lee/workspace/ros2_ex_mav/install/px4_msgs/include/px4_msgs/px4_msgs/msg/detail/sensors_status_imu__builder.hpp\n'}
[0.428663] (px4_msgs) StdoutLine: {'line': b'-- Up-to-date symlink: /home/lee/workspace/ros2_ex_mav/install/px4_msgs/include/px4_msgs/px4_msgs/msg/detail/sensors_status_imu__struct.hpp\n'}
[0.428703] (px4_msgs) StdoutLine: {'line': b'-- Up-to-date symlink: /home/lee/workspace/ros2_ex_mav/install/px4_msgs/include/px4_msgs/px4_msgs/msg/detail/sensors_status_imu__traits.hpp\n'}
[0.428724] (px4_msgs) StdoutLine: {'line': b'-- Up-to-date symlink: /home/lee/workspace/ros2_ex_mav/install/px4_msgs/include/px4_msgs/px4_msgs/msg/detail/sensors_status_imu__type_support.hpp\n'}
[0.428763] (px4_msgs) StdoutLine: {'line': b'-- Up-to-date symlink: /home/lee/workspace/ros2_ex_mav/install/px4_msgs/include/px4_msgs/px4_msgs/msg/detail/system_power__builder.hpp\n'}
[0.428782] (px4_msgs) StdoutLine: {'line': b'-- Up-to-date symlink: /home/lee/workspace/ros2_ex_mav/install/px4_msgs/include/px4_msgs/px4_msgs/msg/detail/system_power__struct.hpp\n'}
[0.428810] (px4_msgs) StdoutLine: {'line': b'-- Up-to-date symlink: /home/lee/workspace/ros2_ex_mav/install/px4_msgs/include/px4_msgs/px4_msgs/msg/detail/system_power__traits.hpp\n'}
[0.428844] (px4_msgs) StdoutLine: {'line': b'-- Up-to-date symlink: /home/lee/workspace/ros2_ex_mav/install/px4_msgs/include/px4_msgs/px4_msgs/msg/detail/system_power__type_support.hpp\n'}
[0.428872] (px4_msgs) StdoutLine: {'line': b'-- Up-to-date symlink: /home/lee/workspace/ros2_ex_mav/install/px4_msgs/include/px4_msgs/px4_msgs/msg/detail/takeoff_status__builder.hpp\n'}
[0.428906] (px4_msgs) StdoutLine: {'line': b'-- Up-to-date symlink: /home/lee/workspace/ros2_ex_mav/install/px4_msgs/include/px4_msgs/px4_msgs/msg/detail/takeoff_status__struct.hpp\n'}
[0.428947] (px4_msgs) StdoutLine: {'line': b'-- Up-to-date symlink: /home/lee/workspace/ros2_ex_mav/install/px4_msgs/include/px4_msgs/px4_msgs/msg/detail/takeoff_status__traits.hpp\n'}
[0.428967] (px4_msgs) StdoutLine: {'line': b'-- Up-to-date symlink: /home/lee/workspace/ros2_ex_mav/install/px4_msgs/include/px4_msgs/px4_msgs/msg/detail/takeoff_status__type_support.hpp\n'}
[0.429000] (px4_msgs) StdoutLine: {'line': b'-- Up-to-date symlink: /home/lee/workspace/ros2_ex_mav/install/px4_msgs/include/px4_msgs/px4_msgs/msg/detail/task_stack_info__builder.hpp\n'}
[0.429034] (px4_msgs) StdoutLine: {'line': b'-- Up-to-date symlink: /home/lee/workspace/ros2_ex_mav/install/px4_msgs/include/px4_msgs/px4_msgs/msg/detail/task_stack_info__struct.hpp\n'}
[0.429069] (px4_msgs) StdoutLine: {'line': b'-- Up-to-date symlink: /home/lee/workspace/ros2_ex_mav/install/px4_msgs/include/px4_msgs/px4_msgs/msg/detail/task_stack_info__traits.hpp\n'}
[0.429102] (px4_msgs) StdoutLine: {'line': b'-- Up-to-date symlink: /home/lee/workspace/ros2_ex_mav/install/px4_msgs/include/px4_msgs/px4_msgs/msg/detail/task_stack_info__type_support.hpp\n'}
[0.429136] (px4_msgs) StdoutLine: {'line': b'-- Up-to-date symlink: /home/lee/workspace/ros2_ex_mav/install/px4_msgs/include/px4_msgs/px4_msgs/msg/detail/tecs_status__builder.hpp\n'}
[0.429170] (px4_msgs) StdoutLine: {'line': b'-- Up-to-date symlink: /home/lee/workspace/ros2_ex_mav/install/px4_msgs/include/px4_msgs/px4_msgs/msg/detail/tecs_status__struct.hpp\n'}
[0.429209] (px4_msgs) StdoutLine: {'line': b'-- Up-to-date symlink: /home/lee/workspace/ros2_ex_mav/install/px4_msgs/include/px4_msgs/px4_msgs/msg/detail/tecs_status__traits.hpp\n'}
[0.429230] (px4_msgs) StdoutLine: {'line': b'-- Up-to-date symlink: /home/lee/workspace/ros2_ex_mav/install/px4_msgs/include/px4_msgs/px4_msgs/msg/detail/tecs_status__type_support.hpp\n'}
[0.429268] (px4_msgs) StdoutLine: {'line': b'-- Up-to-date symlink: /home/lee/workspace/ros2_ex_mav/install/px4_msgs/include/px4_msgs/px4_msgs/msg/detail/telemetry_status__builder.hpp\n'}
[0.429295] (px4_msgs) StdoutLine: {'line': b'-- Up-to-date symlink: /home/lee/workspace/ros2_ex_mav/install/px4_msgs/include/px4_msgs/px4_msgs/msg/detail/telemetry_status__struct.hpp\n'}
[0.429313] (px4_msgs) StdoutLine: {'line': b'-- Up-to-date symlink: /home/lee/workspace/ros2_ex_mav/install/px4_msgs/include/px4_msgs/px4_msgs/msg/detail/telemetry_status__traits.hpp\n'}
[0.429349] (px4_msgs) StdoutLine: {'line': b'-- Up-to-date symlink: /home/lee/workspace/ros2_ex_mav/install/px4_msgs/include/px4_msgs/px4_msgs/msg/detail/telemetry_status__type_support.hpp\n'}
[0.429390] (px4_msgs) StdoutLine: {'line': b'-- Up-to-date symlink: /home/lee/workspace/ros2_ex_mav/install/px4_msgs/include/px4_msgs/px4_msgs/msg/detail/tiltrotor_extra_controls__builder.hpp\n'}
[0.429409] (px4_msgs) StdoutLine: {'line': b'-- Up-to-date symlink: /home/lee/workspace/ros2_ex_mav/install/px4_msgs/include/px4_msgs/px4_msgs/msg/detail/tiltrotor_extra_controls__struct.hpp\n'}
[0.429448] (px4_msgs) StdoutLine: {'line': b'-- Up-to-date symlink: /home/lee/workspace/ros2_ex_mav/install/px4_msgs/include/px4_msgs/px4_msgs/msg/detail/tiltrotor_extra_controls__traits.hpp\n'}
[0.429469] (px4_msgs) StdoutLine: {'line': b'-- Up-to-date symlink: /home/lee/workspace/ros2_ex_mav/install/px4_msgs/include/px4_msgs/px4_msgs/msg/detail/tiltrotor_extra_controls__type_support.hpp\n'}
[0.429503] (px4_msgs) StdoutLine: {'line': b'-- Up-to-date symlink: /home/lee/workspace/ros2_ex_mav/install/px4_msgs/include/px4_msgs/px4_msgs/msg/detail/timesync_status__builder.hpp\n'}
[0.429542] (px4_msgs) StdoutLine: {'line': b'-- Up-to-date symlink: /home/lee/workspace/ros2_ex_mav/install/px4_msgs/include/px4_msgs/px4_msgs/msg/detail/timesync_status__struct.hpp\n'}
[0.429561] (px4_msgs) StdoutLine: {'line': b'-- Up-to-date symlink: /home/lee/workspace/ros2_ex_mav/install/px4_msgs/include/px4_msgs/px4_msgs/msg/detail/timesync_status__traits.hpp\n'}
[0.429594] (px4_msgs) StdoutLine: {'line': b'-- Up-to-date symlink: /home/lee/workspace/ros2_ex_mav/install/px4_msgs/include/px4_msgs/px4_msgs/msg/detail/timesync_status__type_support.hpp\n'}
[0.429627] (px4_msgs) StdoutLine: {'line': b'-- Up-to-date symlink: /home/lee/workspace/ros2_ex_mav/install/px4_msgs/include/px4_msgs/px4_msgs/msg/detail/trajectory_bezier__builder.hpp\n'}
[0.429654] (px4_msgs) StdoutLine: {'line': b'-- Up-to-date symlink: /home/lee/workspace/ros2_ex_mav/install/px4_msgs/include/px4_msgs/px4_msgs/msg/detail/trajectory_bezier__struct.hpp\n'}
[0.429689] (px4_msgs) StdoutLine: {'line': b'-- Up-to-date symlink: /home/lee/workspace/ros2_ex_mav/install/px4_msgs/include/px4_msgs/px4_msgs/msg/detail/trajectory_bezier__traits.hpp\n'}
[0.429724] (px4_msgs) StdoutLine: {'line': b'-- Up-to-date symlink: /home/lee/workspace/ros2_ex_mav/install/px4_msgs/include/px4_msgs/px4_msgs/msg/detail/trajectory_bezier__type_support.hpp\n'}
[0.429763] (px4_msgs) StdoutLine: {'line': b'-- Up-to-date symlink: /home/lee/workspace/ros2_ex_mav/install/px4_msgs/include/px4_msgs/px4_msgs/msg/detail/trajectory_setpoint__builder.hpp\n'}
[0.429783] (px4_msgs) StdoutLine: {'line': b'-- Up-to-date symlink: /home/lee/workspace/ros2_ex_mav/install/px4_msgs/include/px4_msgs/px4_msgs/msg/detail/trajectory_setpoint__struct.hpp\n'}
[0.429817] (px4_msgs) StdoutLine: {'line': b'-- Up-to-date symlink: /home/lee/workspace/ros2_ex_mav/install/px4_msgs/include/px4_msgs/px4_msgs/msg/detail/trajectory_setpoint__traits.hpp\n'}
[0.429859] (px4_msgs) StdoutLine: {'line': b'-- Up-to-date symlink: /home/lee/workspace/ros2_ex_mav/install/px4_msgs/include/px4_msgs/px4_msgs/msg/detail/trajectory_setpoint__type_support.hpp\n'}
[0.429878] (px4_msgs) StdoutLine: {'line': b'-- Up-to-date symlink: /home/lee/workspace/ros2_ex_mav/install/px4_msgs/include/px4_msgs/px4_msgs/msg/detail/trajectory_waypoint__builder.hpp\n'}
[0.429916] (px4_msgs) StdoutLine: {'line': b'-- Up-to-date symlink: /home/lee/workspace/ros2_ex_mav/install/px4_msgs/include/px4_msgs/px4_msgs/msg/detail/trajectory_waypoint__struct.hpp\n'}
[0.429936] (px4_msgs) StdoutLine: {'line': b'-- Up-to-date symlink: /home/lee/workspace/ros2_ex_mav/install/px4_msgs/include/px4_msgs/px4_msgs/msg/detail/trajectory_waypoint__traits.hpp\n'}
[0.429967] (px4_msgs) StdoutLine: {'line': b'-- Up-to-date symlink: /home/lee/workspace/ros2_ex_mav/install/px4_msgs/include/px4_msgs/px4_msgs/msg/detail/trajectory_waypoint__type_support.hpp\n'}
[0.430001] (px4_msgs) StdoutLine: {'line': b'-- Up-to-date symlink: /home/lee/workspace/ros2_ex_mav/install/px4_msgs/include/px4_msgs/px4_msgs/msg/detail/transponder_report__builder.hpp\n'}
[0.430028] (px4_msgs) StdoutLine: {'line': b'-- Up-to-date symlink: /home/lee/workspace/ros2_ex_mav/install/px4_msgs/include/px4_msgs/px4_msgs/msg/detail/transponder_report__struct.hpp\n'}
[0.430062] (px4_msgs) StdoutLine: {'line': b'-- Up-to-date symlink: /home/lee/workspace/ros2_ex_mav/install/px4_msgs/include/px4_msgs/px4_msgs/msg/detail/transponder_report__traits.hpp\n'}
[0.430096] (px4_msgs) StdoutLine: {'line': b'-- Up-to-date symlink: /home/lee/workspace/ros2_ex_mav/install/px4_msgs/include/px4_msgs/px4_msgs/msg/detail/transponder_report__type_support.hpp\n'}
[0.430130] (px4_msgs) StdoutLine: {'line': b'-- Up-to-date symlink: /home/lee/workspace/ros2_ex_mav/install/px4_msgs/include/px4_msgs/px4_msgs/msg/detail/tune_control__builder.hpp\n'}
[0.430163] (px4_msgs) StdoutLine: {'line': b'-- Up-to-date symlink: /home/lee/workspace/ros2_ex_mav/install/px4_msgs/include/px4_msgs/px4_msgs/msg/detail/tune_control__struct.hpp\n'}
[0.430202] (px4_msgs) StdoutLine: {'line': b'-- Up-to-date symlink: /home/lee/workspace/ros2_ex_mav/install/px4_msgs/include/px4_msgs/px4_msgs/msg/detail/tune_control__traits.hpp\n'}
[0.430220] (px4_msgs) StdoutLine: {'line': b'-- Up-to-date symlink: /home/lee/workspace/ros2_ex_mav/install/px4_msgs/include/px4_msgs/px4_msgs/msg/detail/tune_control__type_support.hpp\n'}
[0.430259] (px4_msgs) StdoutLine: {'line': b'-- Up-to-date symlink: /home/lee/workspace/ros2_ex_mav/install/px4_msgs/include/px4_msgs/px4_msgs/msg/detail/uavcan_parameter_request__builder.hpp\n'}
[0.430278] (px4_msgs) StdoutLine: {'line': b'-- Up-to-date symlink: /home/lee/workspace/ros2_ex_mav/install/px4_msgs/include/px4_msgs/px4_msgs/msg/detail/uavcan_parameter_request__struct.hpp\n'}
[0.430311] (px4_msgs) StdoutLine: {'line': b'-- Up-to-date symlink: /home/lee/workspace/ros2_ex_mav/install/px4_msgs/include/px4_msgs/px4_msgs/msg/detail/uavcan_parameter_request__traits.hpp\n'}
[0.430346] (px4_msgs) StdoutLine: {'line': b'-- Up-to-date symlink: /home/lee/workspace/ros2_ex_mav/install/px4_msgs/include/px4_msgs/px4_msgs/msg/detail/uavcan_parameter_request__type_support.hpp\n'}
[0.430376] (px4_msgs) StdoutLine: {'line': b'-- Up-to-date symlink: /home/lee/workspace/ros2_ex_mav/install/px4_msgs/include/px4_msgs/px4_msgs/msg/detail/uavcan_parameter_value__builder.hpp\n'}
[0.430410] (px4_msgs) StdoutLine: {'line': b'-- Up-to-date symlink: /home/lee/workspace/ros2_ex_mav/install/px4_msgs/include/px4_msgs/px4_msgs/msg/detail/uavcan_parameter_value__struct.hpp\n'}
[0.430445] (px4_msgs) StdoutLine: {'line': b'-- Up-to-date symlink: /home/lee/workspace/ros2_ex_mav/install/px4_msgs/include/px4_msgs/px4_msgs/msg/detail/uavcan_parameter_value__traits.hpp\n'}
[0.430480] (px4_msgs) StdoutLine: {'line': b'-- Up-to-date symlink: /home/lee/workspace/ros2_ex_mav/install/px4_msgs/include/px4_msgs/px4_msgs/msg/detail/uavcan_parameter_value__type_support.hpp\n'}
[0.430516] (px4_msgs) StdoutLine: {'line': b'-- Up-to-date symlink: /home/lee/workspace/ros2_ex_mav/install/px4_msgs/include/px4_msgs/px4_msgs/msg/detail/ulog_stream__builder.hpp\n'}
[0.430553] (px4_msgs) StdoutLine: {'line': b'-- Up-to-date symlink: /home/lee/workspace/ros2_ex_mav/install/px4_msgs/include/px4_msgs/px4_msgs/msg/detail/ulog_stream__struct.hpp\n'}
[0.430592] (px4_msgs) StdoutLine: {'line': b'-- Up-to-date symlink: /home/lee/workspace/ros2_ex_mav/install/px4_msgs/include/px4_msgs/px4_msgs/msg/detail/ulog_stream__traits.hpp\n'}
[0.430620] (px4_msgs) StdoutLine: {'line': b'-- Up-to-date symlink: /home/lee/workspace/ros2_ex_mav/install/px4_msgs/include/px4_msgs/px4_msgs/msg/detail/ulog_stream__type_support.hpp\n'}
[0.430648] (px4_msgs) StdoutLine: {'line': b'-- Up-to-date symlink: /home/lee/workspace/ros2_ex_mav/install/px4_msgs/include/px4_msgs/px4_msgs/msg/detail/ulog_stream_ack__builder.hpp\n'}
[0.430676] (px4_msgs) StdoutLine: {'line': b'-- Up-to-date symlink: /home/lee/workspace/ros2_ex_mav/install/px4_msgs/include/px4_msgs/px4_msgs/msg/detail/ulog_stream_ack__struct.hpp\n'}
[0.430695] (px4_msgs) StdoutLine: {'line': b'-- Up-to-date symlink: /home/lee/workspace/ros2_ex_mav/install/px4_msgs/include/px4_msgs/px4_msgs/msg/detail/ulog_stream_ack__traits.hpp\n'}
[0.430734] (px4_msgs) StdoutLine: {'line': b'-- Up-to-date symlink: /home/lee/workspace/ros2_ex_mav/install/px4_msgs/include/px4_msgs/px4_msgs/msg/detail/ulog_stream_ack__type_support.hpp\n'}
[0.430754] (px4_msgs) StdoutLine: {'line': b'-- Up-to-date symlink: /home/lee/workspace/ros2_ex_mav/install/px4_msgs/include/px4_msgs/px4_msgs/msg/detail/vehicle_acceleration__builder.hpp\n'}
[0.430787] (px4_msgs) StdoutLine: {'line': b'-- Up-to-date symlink: /home/lee/workspace/ros2_ex_mav/install/px4_msgs/include/px4_msgs/px4_msgs/msg/detail/vehicle_acceleration__struct.hpp\n'}
[0.430827] (px4_msgs) StdoutLine: {'line': b'-- Up-to-date symlink: /home/lee/workspace/ros2_ex_mav/install/px4_msgs/include/px4_msgs/px4_msgs/msg/detail/vehicle_acceleration__traits.hpp\n'}
[0.430848] (px4_msgs) StdoutLine: {'line': b'-- Up-to-date symlink: /home/lee/workspace/ros2_ex_mav/install/px4_msgs/include/px4_msgs/px4_msgs/msg/detail/vehicle_acceleration__type_support.hpp\n'}
[0.430888] (px4_msgs) StdoutLine: {'line': b'-- Up-to-date symlink: /home/lee/workspace/ros2_ex_mav/install/px4_msgs/include/px4_msgs/px4_msgs/msg/detail/vehicle_air_data__builder.hpp\n'}
[0.430907] (px4_msgs) StdoutLine: {'line': b'-- Up-to-date symlink: /home/lee/workspace/ros2_ex_mav/install/px4_msgs/include/px4_msgs/px4_msgs/msg/detail/vehicle_air_data__struct.hpp\n'}
[0.430941] (px4_msgs) StdoutLine: {'line': b'-- Up-to-date symlink: /home/lee/workspace/ros2_ex_mav/install/px4_msgs/include/px4_msgs/px4_msgs/msg/detail/vehicle_air_data__traits.hpp\n'}
[0.430974] (px4_msgs) StdoutLine: {'line': b'-- Up-to-date symlink: /home/lee/workspace/ros2_ex_mav/install/px4_msgs/include/px4_msgs/px4_msgs/msg/detail/vehicle_air_data__type_support.hpp\n'}
[0.431008] (px4_msgs) StdoutLine: {'line': b'-- Up-to-date symlink: /home/lee/workspace/ros2_ex_mav/install/px4_msgs/include/px4_msgs/px4_msgs/msg/detail/vehicle_angular_acceleration_setpoint__builder.hpp\n'}
[0.431041] (px4_msgs) StdoutLine: {'line': b'-- Up-to-date symlink: /home/lee/workspace/ros2_ex_mav/install/px4_msgs/include/px4_msgs/px4_msgs/msg/detail/vehicle_angular_acceleration_setpoint__struct.hpp\n'}
[0.431075] (px4_msgs) StdoutLine: {'line': b'-- Up-to-date symlink: /home/lee/workspace/ros2_ex_mav/install/px4_msgs/include/px4_msgs/px4_msgs/msg/detail/vehicle_angular_acceleration_setpoint__traits.hpp\n'}
[0.431115] (px4_msgs) StdoutLine: {'line': b'-- Up-to-date symlink: /home/lee/workspace/ros2_ex_mav/install/px4_msgs/include/px4_msgs/px4_msgs/msg/detail/vehicle_angular_acceleration_setpoint__type_support.hpp\n'}
[0.431135] (px4_msgs) StdoutLine: {'line': b'-- Up-to-date symlink: /home/lee/workspace/ros2_ex_mav/install/px4_msgs/include/px4_msgs/px4_msgs/msg/detail/vehicle_angular_velocity__builder.hpp\n'}
[0.431169] (px4_msgs) StdoutLine: {'line': b'-- Up-to-date symlink: /home/lee/workspace/ros2_ex_mav/install/px4_msgs/include/px4_msgs/px4_msgs/msg/detail/vehicle_angular_velocity__struct.hpp\n'}
[0.431261] (px4_msgs) StdoutLine: {'line': b'-- Up-to-date symlink: /home/lee/workspace/ros2_ex_mav/install/px4_msgs/include/px4_msgs/px4_msgs/msg/detail/vehicle_angular_velocity__traits.hpp\n'}
[0.431282] (px4_msgs) StdoutLine: {'line': b'-- Up-to-date symlink: /home/lee/workspace/ros2_ex_mav/install/px4_msgs/include/px4_msgs/px4_msgs/msg/detail/vehicle_angular_velocity__type_support.hpp\n'}
[0.431302] (px4_msgs) StdoutLine: {'line': b'-- Up-to-date symlink: /home/lee/workspace/ros2_ex_mav/install/px4_msgs/include/px4_msgs/px4_msgs/msg/detail/vehicle_attitude__builder.hpp\n'}
[0.431368] (px4_msgs) StdoutLine: {'line': b'-- Up-to-date symlink: /home/lee/workspace/ros2_ex_mav/install/px4_msgs/include/px4_msgs/px4_msgs/msg/detail/vehicle_attitude__struct.hpp\n'}
[0.431391] (px4_msgs) StdoutLine: {'line': b'-- Up-to-date symlink: /home/lee/workspace/ros2_ex_mav/install/px4_msgs/include/px4_msgs/px4_msgs/msg/detail/vehicle_attitude__traits.hpp\n'}
[0.431485] (px4_msgs) StdoutLine: {'line': b'-- Up-to-date symlink: /home/lee/workspace/ros2_ex_mav/install/px4_msgs/include/px4_msgs/px4_msgs/msg/detail/vehicle_attitude__type_support.hpp\n'}
[0.431531] (px4_msgs) StdoutLine: {'line': b'-- Up-to-date symlink: /home/lee/workspace/ros2_ex_mav/install/px4_msgs/include/px4_msgs/px4_msgs/msg/detail/vehicle_attitude_setpoint__builder.hpp\n'}
[0.431552] (px4_msgs) StdoutLine: {'line': b'-- Up-to-date symlink: /home/lee/workspace/ros2_ex_mav/install/px4_msgs/include/px4_msgs/px4_msgs/msg/detail/vehicle_attitude_setpoint__struct.hpp\n'}
[0.431571] (px4_msgs) StdoutLine: {'line': b'-- Up-to-date symlink: /home/lee/workspace/ros2_ex_mav/install/px4_msgs/include/px4_msgs/px4_msgs/msg/detail/vehicle_attitude_setpoint__traits.hpp\n'}
[0.431611] (px4_msgs) StdoutLine: {'line': b'-- Up-to-date symlink: /home/lee/workspace/ros2_ex_mav/install/px4_msgs/include/px4_msgs/px4_msgs/msg/detail/vehicle_attitude_setpoint__type_support.hpp\n'}
[0.431632] (px4_msgs) StdoutLine: {'line': b'-- Up-to-date symlink: /home/lee/workspace/ros2_ex_mav/install/px4_msgs/include/px4_msgs/px4_msgs/msg/detail/vehicle_command__builder.hpp\n'}
[0.431652] (px4_msgs) StdoutLine: {'line': b'-- Up-to-date symlink: /home/lee/workspace/ros2_ex_mav/install/px4_msgs/include/px4_msgs/px4_msgs/msg/detail/vehicle_command__struct.hpp\n'}
[0.431687] (px4_msgs) StdoutLine: {'line': b'-- Up-to-date symlink: /home/lee/workspace/ros2_ex_mav/install/px4_msgs/include/px4_msgs/px4_msgs/msg/detail/vehicle_command__traits.hpp\n'}
[0.431718] (px4_msgs) StdoutLine: {'line': b'-- Up-to-date symlink: /home/lee/workspace/ros2_ex_mav/install/px4_msgs/include/px4_msgs/px4_msgs/msg/detail/vehicle_command__type_support.hpp\n'}
[0.431736] (px4_msgs) StdoutLine: {'line': b'-- Up-to-date symlink: /home/lee/workspace/ros2_ex_mav/install/px4_msgs/include/px4_msgs/px4_msgs/msg/detail/vehicle_command_ack__builder.hpp\n'}
[0.431754] (px4_msgs) StdoutLine: {'line': b'-- Up-to-date symlink: /home/lee/workspace/ros2_ex_mav/install/px4_msgs/include/px4_msgs/px4_msgs/msg/detail/vehicle_command_ack__struct.hpp\n'}
[0.431773] (px4_msgs) StdoutLine: {'line': b'-- Up-to-date symlink: /home/lee/workspace/ros2_ex_mav/install/px4_msgs/include/px4_msgs/px4_msgs/msg/detail/vehicle_command_ack__traits.hpp\n'}
[0.431810] (px4_msgs) StdoutLine: {'line': b'-- Up-to-date symlink: /home/lee/workspace/ros2_ex_mav/install/px4_msgs/include/px4_msgs/px4_msgs/msg/detail/vehicle_command_ack__type_support.hpp\n'}
[0.431831] (px4_msgs) StdoutLine: {'line': b'-- Up-to-date symlink: /home/lee/workspace/ros2_ex_mav/install/px4_msgs/include/px4_msgs/px4_msgs/msg/detail/vehicle_constraints__builder.hpp\n'}
[0.431849] (px4_msgs) StdoutLine: {'line': b'-- Up-to-date symlink: /home/lee/workspace/ros2_ex_mav/install/px4_msgs/include/px4_msgs/px4_msgs/msg/detail/vehicle_constraints__struct.hpp\n'}
[0.431884] (px4_msgs) StdoutLine: {'line': b'-- Up-to-date symlink: /home/lee/workspace/ros2_ex_mav/install/px4_msgs/include/px4_msgs/px4_msgs/msg/detail/vehicle_constraints__traits.hpp\n'}
[0.431906] (px4_msgs) StdoutLine: {'line': b'-- Up-to-date symlink: /home/lee/workspace/ros2_ex_mav/install/px4_msgs/include/px4_msgs/px4_msgs/msg/detail/vehicle_constraints__type_support.hpp\n'}
[0.431925] (px4_msgs) StdoutLine: {'line': b'-- Up-to-date symlink: /home/lee/workspace/ros2_ex_mav/install/px4_msgs/include/px4_msgs/px4_msgs/msg/detail/vehicle_control_mode__builder.hpp\n'}
[0.431960] (px4_msgs) StdoutLine: {'line': b'-- Up-to-date symlink: /home/lee/workspace/ros2_ex_mav/install/px4_msgs/include/px4_msgs/px4_msgs/msg/detail/vehicle_control_mode__struct.hpp\n'}
[0.432003] (px4_msgs) StdoutLine: {'line': b'-- Up-to-date symlink: /home/lee/workspace/ros2_ex_mav/install/px4_msgs/include/px4_msgs/px4_msgs/msg/detail/vehicle_control_mode__traits.hpp\n'}
[0.432024] (px4_msgs) StdoutLine: {'line': b'-- Up-to-date symlink: /home/lee/workspace/ros2_ex_mav/install/px4_msgs/include/px4_msgs/px4_msgs/msg/detail/vehicle_control_mode__type_support.hpp\n'}
[0.432043] (px4_msgs) StdoutLine: {'line': b'-- Up-to-date symlink: /home/lee/workspace/ros2_ex_mav/install/px4_msgs/include/px4_msgs/px4_msgs/msg/detail/vehicle_global_position__builder.hpp\n'}
[0.432073] (px4_msgs) StdoutLine: {'line': b'-- Up-to-date symlink: /home/lee/workspace/ros2_ex_mav/install/px4_msgs/include/px4_msgs/px4_msgs/msg/detail/vehicle_global_position__struct.hpp\n'}
[0.432107] (px4_msgs) StdoutLine: {'line': b'-- Up-to-date symlink: /home/lee/workspace/ros2_ex_mav/install/px4_msgs/include/px4_msgs/px4_msgs/msg/detail/vehicle_global_position__traits.hpp\n'}
[0.432147] (px4_msgs) StdoutLine: {'line': b'-- Up-to-date symlink: /home/lee/workspace/ros2_ex_mav/install/px4_msgs/include/px4_msgs/px4_msgs/msg/detail/vehicle_global_position__type_support.hpp\n'}
[0.432169] (px4_msgs) StdoutLine: {'line': b'-- Up-to-date symlink: /home/lee/workspace/ros2_ex_mav/install/px4_msgs/include/px4_msgs/px4_msgs/msg/detail/vehicle_imu__builder.hpp\n'}
[0.432207] (px4_msgs) StdoutLine: {'line': b'-- Up-to-date symlink: /home/lee/workspace/ros2_ex_mav/install/px4_msgs/include/px4_msgs/px4_msgs/msg/detail/vehicle_imu__struct.hpp\n'}
[0.432229] (px4_msgs) StdoutLine: {'line': b'-- Up-to-date symlink: /home/lee/workspace/ros2_ex_mav/install/px4_msgs/include/px4_msgs/px4_msgs/msg/detail/vehicle_imu__traits.hpp\n'}
[0.432267] (px4_msgs) StdoutLine: {'line': b'-- Up-to-date symlink: /home/lee/workspace/ros2_ex_mav/install/px4_msgs/include/px4_msgs/px4_msgs/msg/detail/vehicle_imu__type_support.hpp\n'}
[0.432288] (px4_msgs) StdoutLine: {'line': b'-- Up-to-date symlink: /home/lee/workspace/ros2_ex_mav/install/px4_msgs/include/px4_msgs/px4_msgs/msg/detail/vehicle_imu_status__builder.hpp\n'}
[0.432321] (px4_msgs) StdoutLine: {'line': b'-- Up-to-date symlink: /home/lee/workspace/ros2_ex_mav/install/px4_msgs/include/px4_msgs/px4_msgs/msg/detail/vehicle_imu_status__struct.hpp\n'}
[0.432362] (px4_msgs) StdoutLine: {'line': b'-- Up-to-date symlink: /home/lee/workspace/ros2_ex_mav/install/px4_msgs/include/px4_msgs/px4_msgs/msg/detail/vehicle_imu_status__traits.hpp\n'}
[0.432386] (px4_msgs) StdoutLine: {'line': b'-- Up-to-date symlink: /home/lee/workspace/ros2_ex_mav/install/px4_msgs/include/px4_msgs/px4_msgs/msg/detail/vehicle_imu_status__type_support.hpp\n'}
[0.432424] (px4_msgs) StdoutLine: {'line': b'-- Up-to-date symlink: /home/lee/workspace/ros2_ex_mav/install/px4_msgs/include/px4_msgs/px4_msgs/msg/detail/vehicle_land_detected__builder.hpp\n'}
[0.432446] (px4_msgs) StdoutLine: {'line': b'-- Up-to-date symlink: /home/lee/workspace/ros2_ex_mav/install/px4_msgs/include/px4_msgs/px4_msgs/msg/detail/vehicle_land_detected__struct.hpp\n'}
[0.432484] (px4_msgs) StdoutLine: {'line': b'-- Up-to-date symlink: /home/lee/workspace/ros2_ex_mav/install/px4_msgs/include/px4_msgs/px4_msgs/msg/detail/vehicle_land_detected__traits.hpp\n'}
[0.432512] (px4_msgs) StdoutLine: {'line': b'-- Up-to-date symlink: /home/lee/workspace/ros2_ex_mav/install/px4_msgs/include/px4_msgs/px4_msgs/msg/detail/vehicle_land_detected__type_support.hpp\n'}
[0.432540] (px4_msgs) StdoutLine: {'line': b'-- Up-to-date symlink: /home/lee/workspace/ros2_ex_mav/install/px4_msgs/include/px4_msgs/px4_msgs/msg/detail/vehicle_local_position__builder.hpp\n'}
[0.432558] (px4_msgs) StdoutLine: {'line': b'-- Up-to-date symlink: /home/lee/workspace/ros2_ex_mav/install/px4_msgs/include/px4_msgs/px4_msgs/msg/detail/vehicle_local_position__struct.hpp\n'}
[0.432597] (px4_msgs) StdoutLine: {'line': b'-- Up-to-date symlink: /home/lee/workspace/ros2_ex_mav/install/px4_msgs/include/px4_msgs/px4_msgs/msg/detail/vehicle_local_position__traits.hpp\n'}
[0.432617] (px4_msgs) StdoutLine: {'line': b'-- Up-to-date symlink: /home/lee/workspace/ros2_ex_mav/install/px4_msgs/include/px4_msgs/px4_msgs/msg/detail/vehicle_local_position__type_support.hpp\n'}
[0.432650] (px4_msgs) StdoutLine: {'line': b'-- Up-to-date symlink: /home/lee/workspace/ros2_ex_mav/install/px4_msgs/include/px4_msgs/px4_msgs/msg/detail/vehicle_local_position_setpoint__builder.hpp\n'}
[0.432682] (px4_msgs) StdoutLine: {'line': b'-- Up-to-date symlink: /home/lee/workspace/ros2_ex_mav/install/px4_msgs/include/px4_msgs/px4_msgs/msg/detail/vehicle_local_position_setpoint__struct.hpp\n'}
[0.432723] (px4_msgs) StdoutLine: {'line': b'-- Up-to-date symlink: /home/lee/workspace/ros2_ex_mav/install/px4_msgs/include/px4_msgs/px4_msgs/msg/detail/vehicle_local_position_setpoint__traits.hpp\n'}
[0.432743] (px4_msgs) StdoutLine: {'line': b'-- Up-to-date symlink: /home/lee/workspace/ros2_ex_mav/install/px4_msgs/include/px4_msgs/px4_msgs/msg/detail/vehicle_local_position_setpoint__type_support.hpp\n'}
[0.432776] (px4_msgs) StdoutLine: {'line': b'-- Up-to-date symlink: /home/lee/workspace/ros2_ex_mav/install/px4_msgs/include/px4_msgs/px4_msgs/msg/detail/vehicle_magnetometer__builder.hpp\n'}
[0.432816] (px4_msgs) StdoutLine: {'line': b'-- Up-to-date symlink: /home/lee/workspace/ros2_ex_mav/install/px4_msgs/include/px4_msgs/px4_msgs/msg/detail/vehicle_magnetometer__struct.hpp\n'}
[0.432838] (px4_msgs) StdoutLine: {'line': b'-- Up-to-date symlink: /home/lee/workspace/ros2_ex_mav/install/px4_msgs/include/px4_msgs/px4_msgs/msg/detail/vehicle_magnetometer__traits.hpp\n'}
[0.432867] (px4_msgs) StdoutLine: {'line': b'-- Up-to-date symlink: /home/lee/workspace/ros2_ex_mav/install/px4_msgs/include/px4_msgs/px4_msgs/msg/detail/vehicle_magnetometer__type_support.hpp\n'}
[0.432901] (px4_msgs) StdoutLine: {'line': b'-- Up-to-date symlink: /home/lee/workspace/ros2_ex_mav/install/px4_msgs/include/px4_msgs/px4_msgs/msg/detail/vehicle_odometry__builder.hpp\n'}
[0.432934] (px4_msgs) StdoutLine: {'line': b'-- Up-to-date symlink: /home/lee/workspace/ros2_ex_mav/install/px4_msgs/include/px4_msgs/px4_msgs/msg/detail/vehicle_odometry__struct.hpp\n'}
[0.432971] (px4_msgs) StdoutLine: {'line': b'-- Up-to-date symlink: /home/lee/workspace/ros2_ex_mav/install/px4_msgs/include/px4_msgs/px4_msgs/msg/detail/vehicle_odometry__traits.hpp\n'}
[0.433009] (px4_msgs) StdoutLine: {'line': b'-- Up-to-date symlink: /home/lee/workspace/ros2_ex_mav/install/px4_msgs/include/px4_msgs/px4_msgs/msg/detail/vehicle_odometry__type_support.hpp\n'}
[0.433029] (px4_msgs) StdoutLine: {'line': b'-- Up-to-date symlink: /home/lee/workspace/ros2_ex_mav/install/px4_msgs/include/px4_msgs/px4_msgs/msg/detail/vehicle_optical_flow__builder.hpp\n'}
[0.433062] (px4_msgs) StdoutLine: {'line': b'-- Up-to-date symlink: /home/lee/workspace/ros2_ex_mav/install/px4_msgs/include/px4_msgs/px4_msgs/msg/detail/vehicle_optical_flow__struct.hpp\n'}
[0.433097] (px4_msgs) StdoutLine: {'line': b'-- Up-to-date symlink: /home/lee/workspace/ros2_ex_mav/install/px4_msgs/include/px4_msgs/px4_msgs/msg/detail/vehicle_optical_flow__traits.hpp\n'}
[0.433131] (px4_msgs) StdoutLine: {'line': b'-- Up-to-date symlink: /home/lee/workspace/ros2_ex_mav/install/px4_msgs/include/px4_msgs/px4_msgs/msg/detail/vehicle_optical_flow__type_support.hpp\n'}
[0.433170] (px4_msgs) StdoutLine: {'line': b'-- Up-to-date symlink: /home/lee/workspace/ros2_ex_mav/install/px4_msgs/include/px4_msgs/px4_msgs/msg/detail/vehicle_optical_flow_vel__builder.hpp\n'}
[0.433190] (px4_msgs) StdoutLine: {'line': b'-- Up-to-date symlink: /home/lee/workspace/ros2_ex_mav/install/px4_msgs/include/px4_msgs/px4_msgs/msg/detail/vehicle_optical_flow_vel__struct.hpp\n'}
[0.433229] (px4_msgs) StdoutLine: {'line': b'-- Up-to-date symlink: /home/lee/workspace/ros2_ex_mav/install/px4_msgs/include/px4_msgs/px4_msgs/msg/detail/vehicle_optical_flow_vel__traits.hpp\n'}
[0.433249] (px4_msgs) StdoutLine: {'line': b'-- Up-to-date symlink: /home/lee/workspace/ros2_ex_mav/install/px4_msgs/include/px4_msgs/px4_msgs/msg/detail/vehicle_optical_flow_vel__type_support.hpp\n'}
[0.433287] (px4_msgs) StdoutLine: {'line': b'-- Up-to-date symlink: /home/lee/workspace/ros2_ex_mav/install/px4_msgs/include/px4_msgs/px4_msgs/msg/detail/vehicle_rates_setpoint__builder.hpp\n'}
[0.433306] (px4_msgs) StdoutLine: {'line': b'-- Up-to-date symlink: /home/lee/workspace/ros2_ex_mav/install/px4_msgs/include/px4_msgs/px4_msgs/msg/detail/vehicle_rates_setpoint__struct.hpp\n'}
[0.433338] (px4_msgs) StdoutLine: {'line': b'-- Up-to-date symlink: /home/lee/workspace/ros2_ex_mav/install/px4_msgs/include/px4_msgs/px4_msgs/msg/detail/vehicle_rates_setpoint__traits.hpp\n'}
[0.433370] (px4_msgs) StdoutLine: {'line': b'-- Up-to-date symlink: /home/lee/workspace/ros2_ex_mav/install/px4_msgs/include/px4_msgs/px4_msgs/msg/detail/vehicle_rates_setpoint__type_support.hpp\n'}
[0.433404] (px4_msgs) StdoutLine: {'line': b'-- Up-to-date symlink: /home/lee/workspace/ros2_ex_mav/install/px4_msgs/include/px4_msgs/px4_msgs/msg/detail/vehicle_roi__builder.hpp\n'}
[0.433432] (px4_msgs) StdoutLine: {'line': b'-- Up-to-date symlink: /home/lee/workspace/ros2_ex_mav/install/px4_msgs/include/px4_msgs/px4_msgs/msg/detail/vehicle_roi__struct.hpp\n'}
[0.433465] (px4_msgs) StdoutLine: {'line': b'-- Up-to-date symlink: /home/lee/workspace/ros2_ex_mav/install/px4_msgs/include/px4_msgs/px4_msgs/msg/detail/vehicle_roi__traits.hpp\n'}
[0.433498] (px4_msgs) StdoutLine: {'line': b'-- Up-to-date symlink: /home/lee/workspace/ros2_ex_mav/install/px4_msgs/include/px4_msgs/px4_msgs/msg/detail/vehicle_roi__type_support.hpp\n'}
[0.433532] (px4_msgs) StdoutLine: {'line': b'-- Up-to-date symlink: /home/lee/workspace/ros2_ex_mav/install/px4_msgs/include/px4_msgs/px4_msgs/msg/detail/vehicle_status__builder.hpp\n'}
[0.433573] (px4_msgs) StdoutLine: {'line': b'-- Up-to-date symlink: /home/lee/workspace/ros2_ex_mav/install/px4_msgs/include/px4_msgs/px4_msgs/msg/detail/vehicle_status__struct.hpp\n'}
[0.433592] (px4_msgs) StdoutLine: {'line': b'-- Up-to-date symlink: /home/lee/workspace/ros2_ex_mav/install/px4_msgs/include/px4_msgs/px4_msgs/msg/detail/vehicle_status__traits.hpp\n'}
[0.433630] (px4_msgs) StdoutLine: {'line': b'-- Up-to-date symlink: /home/lee/workspace/ros2_ex_mav/install/px4_msgs/include/px4_msgs/px4_msgs/msg/detail/vehicle_status__type_support.hpp\n'}
[0.433649] (px4_msgs) StdoutLine: {'line': b'-- Up-to-date symlink: /home/lee/workspace/ros2_ex_mav/install/px4_msgs/include/px4_msgs/px4_msgs/msg/detail/vehicle_thrust_setpoint__builder.hpp\n'}
[0.433681] (px4_msgs) StdoutLine: {'line': b'-- Up-to-date symlink: /home/lee/workspace/ros2_ex_mav/install/px4_msgs/include/px4_msgs/px4_msgs/msg/detail/vehicle_thrust_setpoint__struct.hpp\n'}
[0.433715] (px4_msgs) StdoutLine: {'line': b'-- Up-to-date symlink: /home/lee/workspace/ros2_ex_mav/install/px4_msgs/include/px4_msgs/px4_msgs/msg/detail/vehicle_thrust_setpoint__traits.hpp\n'}
[0.433753] (px4_msgs) StdoutLine: {'line': b'-- Up-to-date symlink: /home/lee/workspace/ros2_ex_mav/install/px4_msgs/include/px4_msgs/px4_msgs/msg/detail/vehicle_thrust_setpoint__type_support.hpp\n'}
[0.433772] (px4_msgs) StdoutLine: {'line': b'-- Up-to-date symlink: /home/lee/workspace/ros2_ex_mav/install/px4_msgs/include/px4_msgs/px4_msgs/msg/detail/vehicle_torque_setpoint__builder.hpp\n'}
[0.433805] (px4_msgs) StdoutLine: {'line': b'-- Up-to-date symlink: /home/lee/workspace/ros2_ex_mav/install/px4_msgs/include/px4_msgs/px4_msgs/msg/detail/vehicle_torque_setpoint__struct.hpp\n'}
[0.433839] (px4_msgs) StdoutLine: {'line': b'-- Up-to-date symlink: /home/lee/workspace/ros2_ex_mav/install/px4_msgs/include/px4_msgs/px4_msgs/msg/detail/vehicle_torque_setpoint__traits.hpp\n'}
[0.433872] (px4_msgs) StdoutLine: {'line': b'-- Up-to-date symlink: /home/lee/workspace/ros2_ex_mav/install/px4_msgs/include/px4_msgs/px4_msgs/msg/detail/vehicle_torque_setpoint__type_support.hpp\n'}
[0.433906] (px4_msgs) StdoutLine: {'line': b'-- Up-to-date symlink: /home/lee/workspace/ros2_ex_mav/install/px4_msgs/include/px4_msgs/px4_msgs/msg/detail/vehicle_trajectory_bezier__builder.hpp\n'}
[0.433945] (px4_msgs) StdoutLine: {'line': b'-- Up-to-date symlink: /home/lee/workspace/ros2_ex_mav/install/px4_msgs/include/px4_msgs/px4_msgs/msg/detail/vehicle_trajectory_bezier__struct.hpp\n'}
[0.433964] (px4_msgs) StdoutLine: {'line': b'-- Up-to-date symlink: /home/lee/workspace/ros2_ex_mav/install/px4_msgs/include/px4_msgs/px4_msgs/msg/detail/vehicle_trajectory_bezier__traits.hpp\n'}
[0.433998] (px4_msgs) StdoutLine: {'line': b'-- Up-to-date symlink: /home/lee/workspace/ros2_ex_mav/install/px4_msgs/include/px4_msgs/px4_msgs/msg/detail/vehicle_trajectory_bezier__type_support.hpp\n'}
[0.434032] (px4_msgs) StdoutLine: {'line': b'-- Up-to-date symlink: /home/lee/workspace/ros2_ex_mav/install/px4_msgs/include/px4_msgs/px4_msgs/msg/detail/vehicle_trajectory_waypoint__builder.hpp\n'}
[0.434066] (px4_msgs) StdoutLine: {'line': b'-- Up-to-date symlink: /home/lee/workspace/ros2_ex_mav/install/px4_msgs/include/px4_msgs/px4_msgs/msg/detail/vehicle_trajectory_waypoint__struct.hpp\n'}
[0.434101] (px4_msgs) StdoutLine: {'line': b'-- Up-to-date symlink: /home/lee/workspace/ros2_ex_mav/install/px4_msgs/include/px4_msgs/px4_msgs/msg/detail/vehicle_trajectory_waypoint__traits.hpp\n'}
[0.434140] (px4_msgs) StdoutLine: {'line': b'-- Up-to-date symlink: /home/lee/workspace/ros2_ex_mav/install/px4_msgs/include/px4_msgs/px4_msgs/msg/detail/vehicle_trajectory_waypoint__type_support.hpp\n'}
[0.434159] (px4_msgs) StdoutLine: {'line': b'-- Up-to-date symlink: /home/lee/workspace/ros2_ex_mav/install/px4_msgs/include/px4_msgs/px4_msgs/msg/detail/vtol_vehicle_status__builder.hpp\n'}
[0.434198] (px4_msgs) StdoutLine: {'line': b'-- Up-to-date symlink: /home/lee/workspace/ros2_ex_mav/install/px4_msgs/include/px4_msgs/px4_msgs/msg/detail/vtol_vehicle_status__struct.hpp\n'}
[0.434216] (px4_msgs) StdoutLine: {'line': b'-- Up-to-date symlink: /home/lee/workspace/ros2_ex_mav/install/px4_msgs/include/px4_msgs/px4_msgs/msg/detail/vtol_vehicle_status__traits.hpp\n'}
[0.434249] (px4_msgs) StdoutLine: {'line': b'-- Up-to-date symlink: /home/lee/workspace/ros2_ex_mav/install/px4_msgs/include/px4_msgs/px4_msgs/msg/detail/vtol_vehicle_status__type_support.hpp\n'}
[0.434283] (px4_msgs) StdoutLine: {'line': b'-- Up-to-date symlink: /home/lee/workspace/ros2_ex_mav/install/px4_msgs/include/px4_msgs/px4_msgs/msg/detail/wind__builder.hpp\n'}
[0.434322] (px4_msgs) StdoutLine: {'line': b'-- Up-to-date symlink: /home/lee/workspace/ros2_ex_mav/install/px4_msgs/include/px4_msgs/px4_msgs/msg/detail/wind__struct.hpp\n'}
[0.434343] (px4_msgs) StdoutLine: {'line': b'-- Up-to-date symlink: /home/lee/workspace/ros2_ex_mav/install/px4_msgs/include/px4_msgs/px4_msgs/msg/detail/wind__traits.hpp\n'}
[0.434374] (px4_msgs) StdoutLine: {'line': b'-- Up-to-date symlink: /home/lee/workspace/ros2_ex_mav/install/px4_msgs/include/px4_msgs/px4_msgs/msg/detail/wind__type_support.hpp\n'}
[0.434408] (px4_msgs) StdoutLine: {'line': b'-- Up-to-date symlink: /home/lee/workspace/ros2_ex_mav/install/px4_msgs/include/px4_msgs/px4_msgs/msg/detail/yaw_estimator_status__builder.hpp\n'}
[0.434436] (px4_msgs) StdoutLine: {'line': b'-- Up-to-date symlink: /home/lee/workspace/ros2_ex_mav/install/px4_msgs/include/px4_msgs/px4_msgs/msg/detail/yaw_estimator_status__struct.hpp\n'}
[0.434471] (px4_msgs) StdoutLine: {'line': b'-- Up-to-date symlink: /home/lee/workspace/ros2_ex_mav/install/px4_msgs/include/px4_msgs/px4_msgs/msg/detail/yaw_estimator_status__traits.hpp\n'}
[0.434498] (px4_msgs) StdoutLine: {'line': b'-- Up-to-date symlink: /home/lee/workspace/ros2_ex_mav/install/px4_msgs/include/px4_msgs/px4_msgs/msg/detail/yaw_estimator_status__type_support.hpp\n'}
[0.434534] (px4_msgs) StdoutLine: {'line': b'-- Up-to-date symlink: /home/lee/workspace/ros2_ex_mav/install/px4_msgs/include/px4_msgs/px4_msgs/msg/differential_pressure.hpp\n'}
[0.434562] (px4_msgs) StdoutLine: {'line': b'-- Up-to-date symlink: /home/lee/workspace/ros2_ex_mav/install/px4_msgs/include/px4_msgs/px4_msgs/msg/distance_sensor.hpp\n'}
[0.434597] (px4_msgs) StdoutLine: {'line': b'-- Up-to-date symlink: /home/lee/workspace/ros2_ex_mav/install/px4_msgs/include/px4_msgs/px4_msgs/msg/ekf2_timestamps.hpp\n'}
[0.434631] (px4_msgs) StdoutLine: {'line': b'-- Up-to-date symlink: /home/lee/workspace/ros2_ex_mav/install/px4_msgs/include/px4_msgs/px4_msgs/msg/esc_report.hpp\n'}
[0.434670] (px4_msgs) StdoutLine: {'line': b'-- Up-to-date symlink: /home/lee/workspace/ros2_ex_mav/install/px4_msgs/include/px4_msgs/px4_msgs/msg/esc_status.hpp\n'}
[0.434689] (px4_msgs) StdoutLine: {'line': b'-- Up-to-date symlink: /home/lee/workspace/ros2_ex_mav/install/px4_msgs/include/px4_msgs/px4_msgs/msg/estimator_aid_source1d.hpp\n'}
[0.434728] (px4_msgs) StdoutLine: {'line': b'-- Up-to-date symlink: /home/lee/workspace/ros2_ex_mav/install/px4_msgs/include/px4_msgs/px4_msgs/msg/estimator_aid_source2d.hpp\n'}
[0.434746] (px4_msgs) StdoutLine: {'line': b'-- Up-to-date symlink: /home/lee/workspace/ros2_ex_mav/install/px4_msgs/include/px4_msgs/px4_msgs/msg/estimator_aid_source3d.hpp\n'}
[0.434774] (px4_msgs) StdoutLine: {'line': b'-- Up-to-date symlink: /home/lee/workspace/ros2_ex_mav/install/px4_msgs/include/px4_msgs/px4_msgs/msg/estimator_bias.hpp\n'}
[0.434808] (px4_msgs) StdoutLine: {'line': b'-- Up-to-date symlink: /home/lee/workspace/ros2_ex_mav/install/px4_msgs/include/px4_msgs/px4_msgs/msg/estimator_bias3d.hpp\n'}
[0.434837] (px4_msgs) StdoutLine: {'line': b'-- Up-to-date symlink: /home/lee/workspace/ros2_ex_mav/install/px4_msgs/include/px4_msgs/px4_msgs/msg/estimator_event_flags.hpp\n'}
[0.434877] (px4_msgs) StdoutLine: {'line': b'-- Up-to-date symlink: /home/lee/workspace/ros2_ex_mav/install/px4_msgs/include/px4_msgs/px4_msgs/msg/estimator_gps_status.hpp\n'}
[0.434896] (px4_msgs) StdoutLine: {'line': b'-- Up-to-date symlink: /home/lee/workspace/ros2_ex_mav/install/px4_msgs/include/px4_msgs/px4_msgs/msg/estimator_innovations.hpp\n'}
[0.434923] (px4_msgs) StdoutLine: {'line': b'-- Up-to-date symlink: /home/lee/workspace/ros2_ex_mav/install/px4_msgs/include/px4_msgs/px4_msgs/msg/estimator_selector_status.hpp\n'}
[0.434957] (px4_msgs) StdoutLine: {'line': b'-- Up-to-date symlink: /home/lee/workspace/ros2_ex_mav/install/px4_msgs/include/px4_msgs/px4_msgs/msg/estimator_sensor_bias.hpp\n'}
[0.434985] (px4_msgs) StdoutLine: {'line': b'-- Up-to-date symlink: /home/lee/workspace/ros2_ex_mav/install/px4_msgs/include/px4_msgs/px4_msgs/msg/estimator_states.hpp\n'}
[0.435018] (px4_msgs) StdoutLine: {'line': b'-- Up-to-date symlink: /home/lee/workspace/ros2_ex_mav/install/px4_msgs/include/px4_msgs/px4_msgs/msg/estimator_status.hpp\n'}
[0.435057] (px4_msgs) StdoutLine: {'line': b'-- Up-to-date symlink: /home/lee/workspace/ros2_ex_mav/install/px4_msgs/include/px4_msgs/px4_msgs/msg/estimator_status_flags.hpp\n'}
[0.435076] (px4_msgs) StdoutLine: {'line': b'-- Up-to-date symlink: /home/lee/workspace/ros2_ex_mav/install/px4_msgs/include/px4_msgs/px4_msgs/msg/event.hpp\n'}
[0.435109] (px4_msgs) StdoutLine: {'line': b'-- Up-to-date symlink: /home/lee/workspace/ros2_ex_mav/install/px4_msgs/include/px4_msgs/px4_msgs/msg/failsafe_flags.hpp\n'}
[0.435136] (px4_msgs) StdoutLine: {'line': b'-- Up-to-date symlink: /home/lee/workspace/ros2_ex_mav/install/px4_msgs/include/px4_msgs/px4_msgs/msg/failure_detector_status.hpp\n'}
[0.435170] (px4_msgs) StdoutLine: {'line': b'-- Up-to-date symlink: /home/lee/workspace/ros2_ex_mav/install/px4_msgs/include/px4_msgs/px4_msgs/msg/follow_target.hpp\n'}
[0.435197] (px4_msgs) StdoutLine: {'line': b'-- Up-to-date symlink: /home/lee/workspace/ros2_ex_mav/install/px4_msgs/include/px4_msgs/px4_msgs/msg/follow_target_estimator.hpp\n'}
[0.435231] (px4_msgs) StdoutLine: {'line': b'-- Up-to-date symlink: /home/lee/workspace/ros2_ex_mav/install/px4_msgs/include/px4_msgs/px4_msgs/msg/follow_target_status.hpp\n'}
[0.435258] (px4_msgs) StdoutLine: {'line': b'-- Up-to-date symlink: /home/lee/workspace/ros2_ex_mav/install/px4_msgs/include/px4_msgs/px4_msgs/msg/generator_status.hpp\n'}
[0.435292] (px4_msgs) StdoutLine: {'line': b'-- Up-to-date symlink: /home/lee/workspace/ros2_ex_mav/install/px4_msgs/include/px4_msgs/px4_msgs/msg/geofence_result.hpp\n'}
[0.435326] (px4_msgs) StdoutLine: {'line': b'-- Up-to-date symlink: /home/lee/workspace/ros2_ex_mav/install/px4_msgs/include/px4_msgs/px4_msgs/msg/gimbal_controls.hpp\n'}
[0.435369] (px4_msgs) StdoutLine: {'line': b'-- Up-to-date symlink: /home/lee/workspace/ros2_ex_mav/install/px4_msgs/include/px4_msgs/px4_msgs/msg/gimbal_device_attitude_status.hpp\n'}
[0.435390] (px4_msgs) StdoutLine: {'line': b'-- Up-to-date symlink: /home/lee/workspace/ros2_ex_mav/install/px4_msgs/include/px4_msgs/px4_msgs/msg/gimbal_device_information.hpp\n'}
[0.435429] (px4_msgs) StdoutLine: {'line': b'-- Up-to-date symlink: /home/lee/workspace/ros2_ex_mav/install/px4_msgs/include/px4_msgs/px4_msgs/msg/gimbal_device_set_attitude.hpp\n'}
[0.435459] (px4_msgs) StdoutLine: {'line': b'-- Up-to-date symlink: /home/lee/workspace/ros2_ex_mav/install/px4_msgs/include/px4_msgs/px4_msgs/msg/gimbal_manager_information.hpp\n'}
[0.435478] (px4_msgs) StdoutLine: {'line': b'-- Up-to-date symlink: /home/lee/workspace/ros2_ex_mav/install/px4_msgs/include/px4_msgs/px4_msgs/msg/gimbal_manager_set_attitude.hpp\n'}
[0.435517] (px4_msgs) StdoutLine: {'line': b'-- Up-to-date symlink: /home/lee/workspace/ros2_ex_mav/install/px4_msgs/include/px4_msgs/px4_msgs/msg/gimbal_manager_set_manual_control.hpp\n'}
[0.435537] (px4_msgs) StdoutLine: {'line': b'-- Up-to-date symlink: /home/lee/workspace/ros2_ex_mav/install/px4_msgs/include/px4_msgs/px4_msgs/msg/gimbal_manager_status.hpp\n'}
[0.435575] (px4_msgs) StdoutLine: {'line': b'-- Up-to-date symlink: /home/lee/workspace/ros2_ex_mav/install/px4_msgs/include/px4_msgs/px4_msgs/msg/gps_dump.hpp\n'}
[0.435594] (px4_msgs) StdoutLine: {'line': b'-- Up-to-date symlink: /home/lee/workspace/ros2_ex_mav/install/px4_msgs/include/px4_msgs/px4_msgs/msg/gps_inject_data.hpp\n'}
[0.435627] (px4_msgs) StdoutLine: {'line': b'-- Up-to-date symlink: /home/lee/workspace/ros2_ex_mav/install/px4_msgs/include/px4_msgs/px4_msgs/msg/gripper.hpp\n'}
[0.435657] (px4_msgs) StdoutLine: {'line': b'-- Up-to-date symlink: /home/lee/workspace/ros2_ex_mav/install/px4_msgs/include/px4_msgs/px4_msgs/msg/health_report.hpp\n'}
[0.435683] (px4_msgs) StdoutLine: {'line': b'-- Up-to-date symlink: /home/lee/workspace/ros2_ex_mav/install/px4_msgs/include/px4_msgs/px4_msgs/msg/heater_status.hpp\n'}
[0.435716] (px4_msgs) StdoutLine: {'line': b'-- Up-to-date symlink: /home/lee/workspace/ros2_ex_mav/install/px4_msgs/include/px4_msgs/px4_msgs/msg/home_position.hpp\n'}
[0.435755] (px4_msgs) StdoutLine: {'line': b'-- Up-to-date symlink: /home/lee/workspace/ros2_ex_mav/install/px4_msgs/include/px4_msgs/px4_msgs/msg/hover_thrust_estimate.hpp\n'}
[0.435774] (px4_msgs) StdoutLine: {'line': b'-- Up-to-date symlink: /home/lee/workspace/ros2_ex_mav/install/px4_msgs/include/px4_msgs/px4_msgs/msg/input_rc.hpp\n'}
[0.435806] (px4_msgs) StdoutLine: {'line': b'-- Up-to-date symlink: /home/lee/workspace/ros2_ex_mav/install/px4_msgs/include/px4_msgs/px4_msgs/msg/internal_combustion_engine_status.hpp\n'}
[0.435839] (px4_msgs) StdoutLine: {'line': b'-- Up-to-date symlink: /home/lee/workspace/ros2_ex_mav/install/px4_msgs/include/px4_msgs/px4_msgs/msg/iridiumsbd_status.hpp\n'}
[0.435878] (px4_msgs) StdoutLine: {'line': b'-- Up-to-date symlink: /home/lee/workspace/ros2_ex_mav/install/px4_msgs/include/px4_msgs/px4_msgs/msg/irlock_report.hpp\n'}
[0.435897] (px4_msgs) StdoutLine: {'line': b'-- Up-to-date symlink: /home/lee/workspace/ros2_ex_mav/install/px4_msgs/include/px4_msgs/px4_msgs/msg/landing_gear.hpp\n'}
[0.435929] (px4_msgs) StdoutLine: {'line': b'-- Up-to-date symlink: /home/lee/workspace/ros2_ex_mav/install/px4_msgs/include/px4_msgs/px4_msgs/msg/landing_gear_wheel.hpp\n'}
[0.435960] (px4_msgs) StdoutLine: {'line': b'-- Up-to-date symlink: /home/lee/workspace/ros2_ex_mav/install/px4_msgs/include/px4_msgs/px4_msgs/msg/landing_target_innovations.hpp\n'}
[0.435994] (px4_msgs) StdoutLine: {'line': b'-- Up-to-date symlink: /home/lee/workspace/ros2_ex_mav/install/px4_msgs/include/px4_msgs/px4_msgs/msg/landing_target_pose.hpp\n'}
[0.436027] (px4_msgs) StdoutLine: {'line': b'-- Up-to-date symlink: /home/lee/workspace/ros2_ex_mav/install/px4_msgs/include/px4_msgs/px4_msgs/msg/launch_detection_status.hpp\n'}
[0.436065] (px4_msgs) StdoutLine: {'line': b'-- Up-to-date symlink: /home/lee/workspace/ros2_ex_mav/install/px4_msgs/include/px4_msgs/px4_msgs/msg/led_control.hpp\n'}
[0.436085] (px4_msgs) StdoutLine: {'line': b'-- Up-to-date symlink: /home/lee/workspace/ros2_ex_mav/install/px4_msgs/include/px4_msgs/px4_msgs/msg/log_message.hpp\n'}
[0.436123] (px4_msgs) StdoutLine: {'line': b'-- Up-to-date symlink: /home/lee/workspace/ros2_ex_mav/install/px4_msgs/include/px4_msgs/px4_msgs/msg/logger_status.hpp\n'}
[0.436143] (px4_msgs) StdoutLine: {'line': b'-- Up-to-date symlink: /home/lee/workspace/ros2_ex_mav/install/px4_msgs/include/px4_msgs/px4_msgs/msg/mag_worker_data.hpp\n'}
[0.436181] (px4_msgs) StdoutLine: {'line': b'-- Up-to-date symlink: /home/lee/workspace/ros2_ex_mav/install/px4_msgs/include/px4_msgs/px4_msgs/msg/magnetometer_bias_estimate.hpp\n'}
[0.436200] (px4_msgs) StdoutLine: {'line': b'-- Up-to-date symlink: /home/lee/workspace/ros2_ex_mav/install/px4_msgs/include/px4_msgs/px4_msgs/msg/manual_control_setpoint.hpp\n'}
[0.436238] (px4_msgs) StdoutLine: {'line': b'-- Up-to-date symlink: /home/lee/workspace/ros2_ex_mav/install/px4_msgs/include/px4_msgs/px4_msgs/msg/manual_control_switches.hpp\n'}
[0.436258] (px4_msgs) StdoutLine: {'line': b'-- Up-to-date symlink: /home/lee/workspace/ros2_ex_mav/install/px4_msgs/include/px4_msgs/px4_msgs/msg/mavlink_log.hpp\n'}
[0.436291] (px4_msgs) StdoutLine: {'line': b'-- Up-to-date symlink: /home/lee/workspace/ros2_ex_mav/install/px4_msgs/include/px4_msgs/px4_msgs/msg/mavlink_tunnel.hpp\n'}
[0.436330] (px4_msgs) StdoutLine: {'line': b'-- Up-to-date symlink: /home/lee/workspace/ros2_ex_mav/install/px4_msgs/include/px4_msgs/px4_msgs/msg/mission.hpp\n'}
[0.436352] (px4_msgs) StdoutLine: {'line': b'-- Up-to-date symlink: /home/lee/workspace/ros2_ex_mav/install/px4_msgs/include/px4_msgs/px4_msgs/msg/mission_result.hpp\n'}
[0.436382] (px4_msgs) StdoutLine: {'line': b'-- Up-to-date symlink: /home/lee/workspace/ros2_ex_mav/install/px4_msgs/include/px4_msgs/px4_msgs/msg/mode_completed.hpp\n'}
[0.436409] (px4_msgs) StdoutLine: {'line': b'-- Up-to-date symlink: /home/lee/workspace/ros2_ex_mav/install/px4_msgs/include/px4_msgs/px4_msgs/msg/mount_orientation.hpp\n'}
[0.436444] (px4_msgs) StdoutLine: {'line': b'-- Up-to-date symlink: /home/lee/workspace/ros2_ex_mav/install/px4_msgs/include/px4_msgs/px4_msgs/msg/navigator_mission_item.hpp\n'}
[0.436471] (px4_msgs) StdoutLine: {'line': b'-- Up-to-date symlink: /home/lee/workspace/ros2_ex_mav/install/px4_msgs/include/px4_msgs/px4_msgs/msg/normalized_unsigned_setpoint.hpp\n'}
[0.436505] (px4_msgs) StdoutLine: {'line': b'-- Up-to-date symlink: /home/lee/workspace/ros2_ex_mav/install/px4_msgs/include/px4_msgs/px4_msgs/msg/npfg_status.hpp\n'}
[0.436545] (px4_msgs) StdoutLine: {'line': b'-- Up-to-date symlink: /home/lee/workspace/ros2_ex_mav/install/px4_msgs/include/px4_msgs/px4_msgs/msg/obstacle_distance.hpp\n'}
[0.436564] (px4_msgs) StdoutLine: {'line': b'-- Up-to-date symlink: /home/lee/workspace/ros2_ex_mav/install/px4_msgs/include/px4_msgs/px4_msgs/msg/offboard_control_mode.hpp\n'}
[0.436596] (px4_msgs) StdoutLine: {'line': b'-- Up-to-date symlink: /home/lee/workspace/ros2_ex_mav/install/px4_msgs/include/px4_msgs/px4_msgs/msg/onboard_computer_status.hpp\n'}
[0.436636] (px4_msgs) StdoutLine: {'line': b'-- Up-to-date symlink: /home/lee/workspace/ros2_ex_mav/install/px4_msgs/include/px4_msgs/px4_msgs/msg/orb_test.hpp\n'}
[0.436656] (px4_msgs) StdoutLine: {'line': b'-- Up-to-date symlink: /home/lee/workspace/ros2_ex_mav/install/px4_msgs/include/px4_msgs/px4_msgs/msg/orb_test_large.hpp\n'}
[0.436694] (px4_msgs) StdoutLine: {'line': b'-- Up-to-date symlink: /home/lee/workspace/ros2_ex_mav/install/px4_msgs/include/px4_msgs/px4_msgs/msg/orb_test_medium.hpp\n'}
[0.436714] (px4_msgs) StdoutLine: {'line': b'-- Up-to-date symlink: /home/lee/workspace/ros2_ex_mav/install/px4_msgs/include/px4_msgs/px4_msgs/msg/orbit_status.hpp\n'}
[0.436746] (px4_msgs) StdoutLine: {'line': b'-- Up-to-date symlink: /home/lee/workspace/ros2_ex_mav/install/px4_msgs/include/px4_msgs/px4_msgs/msg/parameter_update.hpp\n'}
[0.436773] (px4_msgs) StdoutLine: {'line': b'-- Up-to-date symlink: /home/lee/workspace/ros2_ex_mav/install/px4_msgs/include/px4_msgs/px4_msgs/msg/ping.hpp\n'}
[0.436808] (px4_msgs) StdoutLine: {'line': b'-- Up-to-date symlink: /home/lee/workspace/ros2_ex_mav/install/px4_msgs/include/px4_msgs/px4_msgs/msg/position_controller_landing_status.hpp\n'}
[0.436848] (px4_msgs) StdoutLine: {'line': b'-- Up-to-date symlink: /home/lee/workspace/ros2_ex_mav/install/px4_msgs/include/px4_msgs/px4_msgs/msg/position_controller_status.hpp\n'}
[0.436868] (px4_msgs) StdoutLine: {'line': b'-- Up-to-date symlink: /home/lee/workspace/ros2_ex_mav/install/px4_msgs/include/px4_msgs/px4_msgs/msg/position_setpoint.hpp\n'}
[0.436895] (px4_msgs) StdoutLine: {'line': b'-- Up-to-date symlink: /home/lee/workspace/ros2_ex_mav/install/px4_msgs/include/px4_msgs/px4_msgs/msg/position_setpoint_triplet.hpp\n'}
[0.436929] (px4_msgs) StdoutLine: {'line': b'-- Up-to-date symlink: /home/lee/workspace/ros2_ex_mav/install/px4_msgs/include/px4_msgs/px4_msgs/msg/power_button_state.hpp\n'}
[0.436969] (px4_msgs) StdoutLine: {'line': b'-- Up-to-date symlink: /home/lee/workspace/ros2_ex_mav/install/px4_msgs/include/px4_msgs/px4_msgs/msg/power_monitor.hpp\n'}
[0.436988] (px4_msgs) StdoutLine: {'line': b'-- Up-to-date symlink: /home/lee/workspace/ros2_ex_mav/install/px4_msgs/include/px4_msgs/px4_msgs/msg/pps_capture.hpp\n'}
[0.437016] (px4_msgs) StdoutLine: {'line': b'-- Up-to-date symlink: /home/lee/workspace/ros2_ex_mav/install/px4_msgs/include/px4_msgs/px4_msgs/msg/pwm_input.hpp\n'}
[0.437054] (px4_msgs) StdoutLine: {'line': b'-- Up-to-date symlink: /home/lee/workspace/ros2_ex_mav/install/px4_msgs/include/px4_msgs/px4_msgs/msg/px4io_status.hpp\n'}
[0.437074] (px4_msgs) StdoutLine: {'line': b'-- Up-to-date symlink: /home/lee/workspace/ros2_ex_mav/install/px4_msgs/include/px4_msgs/px4_msgs/msg/qshell_req.hpp\n'}
[0.437107] (px4_msgs) StdoutLine: {'line': b'-- Up-to-date symlink: /home/lee/workspace/ros2_ex_mav/install/px4_msgs/include/px4_msgs/px4_msgs/msg/qshell_retval.hpp\n'}
[0.437146] (px4_msgs) StdoutLine: {'line': b'-- Up-to-date symlink: /home/lee/workspace/ros2_ex_mav/install/px4_msgs/include/px4_msgs/px4_msgs/msg/radio_status.hpp\n'}
[0.437165] (px4_msgs) StdoutLine: {'line': b'-- Up-to-date symlink: /home/lee/workspace/ros2_ex_mav/install/px4_msgs/include/px4_msgs/px4_msgs/msg/rate_ctrl_status.hpp\n'}
[0.437198] (px4_msgs) StdoutLine: {'line': b'-- Up-to-date symlink: /home/lee/workspace/ros2_ex_mav/install/px4_msgs/include/px4_msgs/px4_msgs/msg/rc_channels.hpp\n'}
[0.437232] (px4_msgs) StdoutLine: {'line': b'-- Up-to-date symlink: /home/lee/workspace/ros2_ex_mav/install/px4_msgs/include/px4_msgs/px4_msgs/msg/rc_parameter_map.hpp\n'}
[0.437272] (px4_msgs) StdoutLine: {'line': b'-- Up-to-date symlink: /home/lee/workspace/ros2_ex_mav/install/px4_msgs/include/px4_msgs/px4_msgs/msg/rosidl_generator_cpp__visibility_control.hpp\n'}
[0.437290] (px4_msgs) StdoutLine: {'line': b'-- Up-to-date symlink: /home/lee/workspace/ros2_ex_mav/install/px4_msgs/include/px4_msgs/px4_msgs/msg/rpm.hpp\n'}
[0.437330] (px4_msgs) StdoutLine: {'line': b'-- Up-to-date symlink: /home/lee/workspace/ros2_ex_mav/install/px4_msgs/include/px4_msgs/px4_msgs/msg/rtl_time_estimate.hpp\n'}
[0.437353] (px4_msgs) StdoutLine: {'line': b'-- Up-to-date symlink: /home/lee/workspace/ros2_ex_mav/install/px4_msgs/include/px4_msgs/px4_msgs/msg/satellite_info.hpp\n'}
[0.437383] (px4_msgs) StdoutLine: {'line': b'-- Up-to-date symlink: /home/lee/workspace/ros2_ex_mav/install/px4_msgs/include/px4_msgs/px4_msgs/msg/sensor_accel.hpp\n'}
[0.437422] (px4_msgs) StdoutLine: {'line': b'-- Up-to-date symlink: /home/lee/workspace/ros2_ex_mav/install/px4_msgs/include/px4_msgs/px4_msgs/msg/sensor_accel_fifo.hpp\n'}
[0.437445] (px4_msgs) StdoutLine: {'line': b'-- Up-to-date symlink: /home/lee/workspace/ros2_ex_mav/install/px4_msgs/include/px4_msgs/px4_msgs/msg/sensor_baro.hpp\n'}
[0.437474] (px4_msgs) StdoutLine: {'line': b'-- Up-to-date symlink: /home/lee/workspace/ros2_ex_mav/install/px4_msgs/include/px4_msgs/px4_msgs/msg/sensor_combined.hpp\n'}
[0.437513] (px4_msgs) StdoutLine: {'line': b'-- Up-to-date symlink: /home/lee/workspace/ros2_ex_mav/install/px4_msgs/include/px4_msgs/px4_msgs/msg/sensor_correction.hpp\n'}
[0.437532] (px4_msgs) StdoutLine: {'line': b'-- Up-to-date symlink: /home/lee/workspace/ros2_ex_mav/install/px4_msgs/include/px4_msgs/px4_msgs/msg/sensor_gnss_relative.hpp\n'}
[0.437571] (px4_msgs) StdoutLine: {'line': b'-- Up-to-date symlink: /home/lee/workspace/ros2_ex_mav/install/px4_msgs/include/px4_msgs/px4_msgs/msg/sensor_gps.hpp\n'}
[0.437591] (px4_msgs) StdoutLine: {'line': b'-- Up-to-date symlink: /home/lee/workspace/ros2_ex_mav/install/px4_msgs/include/px4_msgs/px4_msgs/msg/sensor_gyro.hpp\n'}
[0.437624] (px4_msgs) StdoutLine: {'line': b'-- Up-to-date symlink: /home/lee/workspace/ros2_ex_mav/install/px4_msgs/include/px4_msgs/px4_msgs/msg/sensor_gyro_fft.hpp\n'}
[0.437652] (px4_msgs) StdoutLine: {'line': b'-- Up-to-date symlink: /home/lee/workspace/ros2_ex_mav/install/px4_msgs/include/px4_msgs/px4_msgs/msg/sensor_gyro_fifo.hpp\n'}
[0.437692] (px4_msgs) StdoutLine: {'line': b'-- Up-to-date symlink: /home/lee/workspace/ros2_ex_mav/install/px4_msgs/include/px4_msgs/px4_msgs/msg/sensor_hygrometer.hpp\n'}
[0.437711] (px4_msgs) StdoutLine: {'line': b'-- Up-to-date symlink: /home/lee/workspace/ros2_ex_mav/install/px4_msgs/include/px4_msgs/px4_msgs/msg/sensor_mag.hpp\n'}
[0.437748] (px4_msgs) StdoutLine: {'line': b'-- Up-to-date symlink: /home/lee/workspace/ros2_ex_mav/install/px4_msgs/include/px4_msgs/px4_msgs/msg/sensor_optical_flow.hpp\n'}
[0.437767] (px4_msgs) StdoutLine: {'line': b'-- Up-to-date symlink: /home/lee/workspace/ros2_ex_mav/install/px4_msgs/include/px4_msgs/px4_msgs/msg/sensor_preflight_mag.hpp\n'}
[0.437800] (px4_msgs) StdoutLine: {'line': b'-- Up-to-date symlink: /home/lee/workspace/ros2_ex_mav/install/px4_msgs/include/px4_msgs/px4_msgs/msg/sensor_selection.hpp\n'}
[0.437839] (px4_msgs) StdoutLine: {'line': b'-- Up-to-date symlink: /home/lee/workspace/ros2_ex_mav/install/px4_msgs/include/px4_msgs/px4_msgs/msg/sensor_uwb.hpp\n'}
[0.437859] (px4_msgs) StdoutLine: {'line': b'-- Up-to-date symlink: /home/lee/workspace/ros2_ex_mav/install/px4_msgs/include/px4_msgs/px4_msgs/msg/sensors_status.hpp\n'}
[0.437893] (px4_msgs) StdoutLine: {'line': b'-- Up-to-date symlink: /home/lee/workspace/ros2_ex_mav/install/px4_msgs/include/px4_msgs/px4_msgs/msg/sensors_status_imu.hpp\n'}
[0.437931] (px4_msgs) StdoutLine: {'line': b'-- Up-to-date symlink: /home/lee/workspace/ros2_ex_mav/install/px4_msgs/include/px4_msgs/px4_msgs/msg/system_power.hpp\n'}
[0.437951] (px4_msgs) StdoutLine: {'line': b'-- Up-to-date symlink: /home/lee/workspace/ros2_ex_mav/install/px4_msgs/include/px4_msgs/px4_msgs/msg/takeoff_status.hpp\n'}
[0.437989] (px4_msgs) StdoutLine: {'line': b'-- Up-to-date symlink: /home/lee/workspace/ros2_ex_mav/install/px4_msgs/include/px4_msgs/px4_msgs/msg/task_stack_info.hpp\n'}
[0.438007] (px4_msgs) StdoutLine: {'line': b'-- Up-to-date symlink: /home/lee/workspace/ros2_ex_mav/install/px4_msgs/include/px4_msgs/px4_msgs/msg/tecs_status.hpp\n'}
[0.438040] (px4_msgs) StdoutLine: {'line': b'-- Up-to-date symlink: /home/lee/workspace/ros2_ex_mav/install/px4_msgs/include/px4_msgs/px4_msgs/msg/telemetry_status.hpp\n'}
[0.438079] (px4_msgs) StdoutLine: {'line': b'-- Up-to-date symlink: /home/lee/workspace/ros2_ex_mav/install/px4_msgs/include/px4_msgs/px4_msgs/msg/tiltrotor_extra_controls.hpp\n'}
[0.438099] (px4_msgs) StdoutLine: {'line': b'-- Up-to-date symlink: /home/lee/workspace/ros2_ex_mav/install/px4_msgs/include/px4_msgs/px4_msgs/msg/timesync_status.hpp\n'}
[0.438138] (px4_msgs) StdoutLine: {'line': b'-- Up-to-date symlink: /home/lee/workspace/ros2_ex_mav/install/px4_msgs/include/px4_msgs/px4_msgs/msg/trajectory_bezier.hpp\n'}
[0.438157] (px4_msgs) StdoutLine: {'line': b'-- Up-to-date symlink: /home/lee/workspace/ros2_ex_mav/install/px4_msgs/include/px4_msgs/px4_msgs/msg/trajectory_setpoint.hpp\n'}
[0.438189] (px4_msgs) StdoutLine: {'line': b'-- Up-to-date symlink: /home/lee/workspace/ros2_ex_mav/install/px4_msgs/include/px4_msgs/px4_msgs/msg/trajectory_waypoint.hpp\n'}
[0.438228] (px4_msgs) StdoutLine: {'line': b'-- Up-to-date symlink: /home/lee/workspace/ros2_ex_mav/install/px4_msgs/include/px4_msgs/px4_msgs/msg/transponder_report.hpp\n'}
[0.438248] (px4_msgs) StdoutLine: {'line': b'-- Up-to-date symlink: /home/lee/workspace/ros2_ex_mav/install/px4_msgs/include/px4_msgs/px4_msgs/msg/tune_control.hpp\n'}
[0.438280] (px4_msgs) StdoutLine: {'line': b'-- Up-to-date symlink: /home/lee/workspace/ros2_ex_mav/install/px4_msgs/include/px4_msgs/px4_msgs/msg/uavcan_parameter_request.hpp\n'}
[0.438318] (px4_msgs) StdoutLine: {'line': b'-- Up-to-date symlink: /home/lee/workspace/ros2_ex_mav/install/px4_msgs/include/px4_msgs/px4_msgs/msg/uavcan_parameter_value.hpp\n'}
[0.438338] (px4_msgs) StdoutLine: {'line': b'-- Up-to-date symlink: /home/lee/workspace/ros2_ex_mav/install/px4_msgs/include/px4_msgs/px4_msgs/msg/ulog_stream.hpp\n'}
[0.438374] (px4_msgs) StdoutLine: {'line': b'-- Up-to-date symlink: /home/lee/workspace/ros2_ex_mav/install/px4_msgs/include/px4_msgs/px4_msgs/msg/ulog_stream_ack.hpp\n'}
[0.438413] (px4_msgs) StdoutLine: {'line': b'-- Up-to-date symlink: /home/lee/workspace/ros2_ex_mav/install/px4_msgs/include/px4_msgs/px4_msgs/msg/vehicle_acceleration.hpp\n'}
[0.438434] (px4_msgs) StdoutLine: {'line': b'-- Up-to-date symlink: /home/lee/workspace/ros2_ex_mav/install/px4_msgs/include/px4_msgs/px4_msgs/msg/vehicle_air_data.hpp\n'}
[0.438467] (px4_msgs) StdoutLine: {'line': b'-- Up-to-date symlink: /home/lee/workspace/ros2_ex_mav/install/px4_msgs/include/px4_msgs/px4_msgs/msg/vehicle_angular_acceleration_setpoint.hpp\n'}
[0.438506] (px4_msgs) StdoutLine: {'line': b'-- Up-to-date symlink: /home/lee/workspace/ros2_ex_mav/install/px4_msgs/include/px4_msgs/px4_msgs/msg/vehicle_angular_velocity.hpp\n'}
[0.438526] (px4_msgs) StdoutLine: {'line': b'-- Up-to-date symlink: /home/lee/workspace/ros2_ex_mav/install/px4_msgs/include/px4_msgs/px4_msgs/msg/vehicle_attitude.hpp\n'}
[0.438559] (px4_msgs) StdoutLine: {'line': b'-- Up-to-date symlink: /home/lee/workspace/ros2_ex_mav/install/px4_msgs/include/px4_msgs/px4_msgs/msg/vehicle_attitude_setpoint.hpp\n'}
[0.438597] (px4_msgs) StdoutLine: {'line': b'-- Up-to-date symlink: /home/lee/workspace/ros2_ex_mav/install/px4_msgs/include/px4_msgs/px4_msgs/msg/vehicle_command.hpp\n'}
[0.438616] (px4_msgs) StdoutLine: {'line': b'-- Up-to-date symlink: /home/lee/workspace/ros2_ex_mav/install/px4_msgs/include/px4_msgs/px4_msgs/msg/vehicle_command_ack.hpp\n'}
[0.438653] (px4_msgs) StdoutLine: {'line': b'-- Up-to-date symlink: /home/lee/workspace/ros2_ex_mav/install/px4_msgs/include/px4_msgs/px4_msgs/msg/vehicle_constraints.hpp\n'}
[0.438671] (px4_msgs) StdoutLine: {'line': b'-- Up-to-date symlink: /home/lee/workspace/ros2_ex_mav/install/px4_msgs/include/px4_msgs/px4_msgs/msg/vehicle_control_mode.hpp\n'}
[0.438704] (px4_msgs) StdoutLine: {'line': b'-- Up-to-date symlink: /home/lee/workspace/ros2_ex_mav/install/px4_msgs/include/px4_msgs/px4_msgs/msg/vehicle_global_position.hpp\n'}
[0.438737] (px4_msgs) StdoutLine: {'line': b'-- Up-to-date symlink: /home/lee/workspace/ros2_ex_mav/install/px4_msgs/include/px4_msgs/px4_msgs/msg/vehicle_imu.hpp\n'}
[0.438765] (px4_msgs) StdoutLine: {'line': b'-- Up-to-date symlink: /home/lee/workspace/ros2_ex_mav/install/px4_msgs/include/px4_msgs/px4_msgs/msg/vehicle_imu_status.hpp\n'}
[0.438804] (px4_msgs) StdoutLine: {'line': b'-- Up-to-date symlink: /home/lee/workspace/ros2_ex_mav/install/px4_msgs/include/px4_msgs/px4_msgs/msg/vehicle_land_detected.hpp\n'}
[0.438824] (px4_msgs) StdoutLine: {'line': b'-- Up-to-date symlink: /home/lee/workspace/ros2_ex_mav/install/px4_msgs/include/px4_msgs/px4_msgs/msg/vehicle_local_position.hpp\n'}
[0.438857] (px4_msgs) StdoutLine: {'line': b'-- Up-to-date symlink: /home/lee/workspace/ros2_ex_mav/install/px4_msgs/include/px4_msgs/px4_msgs/msg/vehicle_local_position_setpoint.hpp\n'}
[0.438896] (px4_msgs) StdoutLine: {'line': b'-- Up-to-date symlink: /home/lee/workspace/ros2_ex_mav/install/px4_msgs/include/px4_msgs/px4_msgs/msg/vehicle_magnetometer.hpp\n'}
[0.438915] (px4_msgs) StdoutLine: {'line': b'-- Up-to-date symlink: /home/lee/workspace/ros2_ex_mav/install/px4_msgs/include/px4_msgs/px4_msgs/msg/vehicle_odometry.hpp\n'}
[0.438947] (px4_msgs) StdoutLine: {'line': b'-- Up-to-date symlink: /home/lee/workspace/ros2_ex_mav/install/px4_msgs/include/px4_msgs/px4_msgs/msg/vehicle_optical_flow.hpp\n'}
[0.438975] (px4_msgs) StdoutLine: {'line': b'-- Up-to-date symlink: /home/lee/workspace/ros2_ex_mav/install/px4_msgs/include/px4_msgs/px4_msgs/msg/vehicle_optical_flow_vel.hpp\n'}
[0.439010] (px4_msgs) StdoutLine: {'line': b'-- Up-to-date symlink: /home/lee/workspace/ros2_ex_mav/install/px4_msgs/include/px4_msgs/px4_msgs/msg/vehicle_rates_setpoint.hpp\n'}
[0.439048] (px4_msgs) StdoutLine: {'line': b'-- Up-to-date symlink: /home/lee/workspace/ros2_ex_mav/install/px4_msgs/include/px4_msgs/px4_msgs/msg/vehicle_roi.hpp\n'}
[0.439067] (px4_msgs) StdoutLine: {'line': b'-- Up-to-date symlink: /home/lee/workspace/ros2_ex_mav/install/px4_msgs/include/px4_msgs/px4_msgs/msg/vehicle_status.hpp\n'}
[0.439098] (px4_msgs) StdoutLine: {'line': b'-- Up-to-date symlink: /home/lee/workspace/ros2_ex_mav/install/px4_msgs/include/px4_msgs/px4_msgs/msg/vehicle_thrust_setpoint.hpp\n'}
[0.439126] (px4_msgs) StdoutLine: {'line': b'-- Up-to-date symlink: /home/lee/workspace/ros2_ex_mav/install/px4_msgs/include/px4_msgs/px4_msgs/msg/vehicle_torque_setpoint.hpp\n'}
[0.439160] (px4_msgs) StdoutLine: {'line': b'-- Up-to-date symlink: /home/lee/workspace/ros2_ex_mav/install/px4_msgs/include/px4_msgs/px4_msgs/msg/vehicle_trajectory_bezier.hpp\n'}
[0.439194] (px4_msgs) StdoutLine: {'line': b'-- Up-to-date symlink: /home/lee/workspace/ros2_ex_mav/install/px4_msgs/include/px4_msgs/px4_msgs/msg/vehicle_trajectory_waypoint.hpp\n'}
[0.439234] (px4_msgs) StdoutLine: {'line': b'-- Up-to-date symlink: /home/lee/workspace/ros2_ex_mav/install/px4_msgs/include/px4_msgs/px4_msgs/msg/vtol_vehicle_status.hpp\n'}
[0.439254] (px4_msgs) StdoutLine: {'line': b'-- Up-to-date symlink: /home/lee/workspace/ros2_ex_mav/install/px4_msgs/include/px4_msgs/px4_msgs/msg/wind.hpp\n'}
[0.439287] (px4_msgs) StdoutLine: {'line': b'-- Up-to-date symlink: /home/lee/workspace/ros2_ex_mav/install/px4_msgs/include/px4_msgs/px4_msgs/msg/yaw_estimator_status.hpp\n'}
[0.441310] (px4_msgs) StdoutLine: {'line': b'-- Up-to-date symlink: /home/lee/workspace/ros2_ex_mav/install/px4_msgs/include/px4_msgs/px4_msgs/msg/detail/action_request__rosidl_typesupport_fastrtps_cpp.hpp\n'}
[0.441406] (px4_msgs) StdoutLine: {'line': b'-- Up-to-date symlink: /home/lee/workspace/ros2_ex_mav/install/px4_msgs/include/px4_msgs/px4_msgs/msg/detail/actuator_armed__rosidl_typesupport_fastrtps_cpp.hpp\n'}
[0.441443] (px4_msgs) StdoutLine: {'line': b'-- Up-to-date symlink: /home/lee/workspace/ros2_ex_mav/install/px4_msgs/include/px4_msgs/px4_msgs/msg/detail/actuator_controls_status__rosidl_typesupport_fastrtps_cpp.hpp\n'}
[0.441467] (px4_msgs) StdoutLine: {'line': b'-- Up-to-date symlink: /home/lee/workspace/ros2_ex_mav/install/px4_msgs/include/px4_msgs/px4_msgs/msg/detail/actuator_motors__rosidl_typesupport_fastrtps_cpp.hpp\n'}
[0.441499] (px4_msgs) StdoutLine: {'line': b'-- Up-to-date symlink: /home/lee/workspace/ros2_ex_mav/install/px4_msgs/include/px4_msgs/px4_msgs/msg/detail/actuator_outputs__rosidl_typesupport_fastrtps_cpp.hpp\n'}
[0.441539] (px4_msgs) StdoutLine: {'line': b'-- Up-to-date symlink: /home/lee/workspace/ros2_ex_mav/install/px4_msgs/include/px4_msgs/px4_msgs/msg/detail/actuator_servos__rosidl_typesupport_fastrtps_cpp.hpp\n'}
[0.441560] (px4_msgs) StdoutLine: {'line': b'-- Up-to-date symlink: /home/lee/workspace/ros2_ex_mav/install/px4_msgs/include/px4_msgs/px4_msgs/msg/detail/actuator_servos_trim__rosidl_typesupport_fastrtps_cpp.hpp\n'}
[0.441581] (px4_msgs) StdoutLine: {'line': b'-- Up-to-date symlink: /home/lee/workspace/ros2_ex_mav/install/px4_msgs/include/px4_msgs/px4_msgs/msg/detail/actuator_test__rosidl_typesupport_fastrtps_cpp.hpp\n'}
[0.441615] (px4_msgs) StdoutLine: {'line': b'-- Up-to-date symlink: /home/lee/workspace/ros2_ex_mav/install/px4_msgs/include/px4_msgs/px4_msgs/msg/detail/adc_report__rosidl_typesupport_fastrtps_cpp.hpp\n'}
[0.441656] (px4_msgs) StdoutLine: {'line': b'-- Up-to-date symlink: /home/lee/workspace/ros2_ex_mav/install/px4_msgs/include/px4_msgs/px4_msgs/msg/detail/airspeed__rosidl_typesupport_fastrtps_cpp.hpp\n'}
[0.441676] (px4_msgs) StdoutLine: {'line': b'-- Up-to-date symlink: /home/lee/workspace/ros2_ex_mav/install/px4_msgs/include/px4_msgs/px4_msgs/msg/detail/airspeed_validated__rosidl_typesupport_fastrtps_cpp.hpp\n'}
[0.441696] (px4_msgs) StdoutLine: {'line': b'-- Up-to-date symlink: /home/lee/workspace/ros2_ex_mav/install/px4_msgs/include/px4_msgs/px4_msgs/msg/detail/airspeed_wind__rosidl_typesupport_fastrtps_cpp.hpp\n'}
[0.441728] (px4_msgs) StdoutLine: {'line': b'-- Up-to-date symlink: /home/lee/workspace/ros2_ex_mav/install/px4_msgs/include/px4_msgs/px4_msgs/msg/detail/autotune_attitude_control_status__rosidl_typesupport_fastrtps_cpp.hpp\n'}
[0.441762] (px4_msgs) StdoutLine: {'line': b'-- Up-to-date symlink: /home/lee/workspace/ros2_ex_mav/install/px4_msgs/include/px4_msgs/px4_msgs/msg/detail/battery_status__rosidl_typesupport_fastrtps_cpp.hpp\n'}
[0.441801] (px4_msgs) StdoutLine: {'line': b'-- Up-to-date symlink: /home/lee/workspace/ros2_ex_mav/install/px4_msgs/include/px4_msgs/px4_msgs/msg/detail/button_event__rosidl_typesupport_fastrtps_cpp.hpp\n'}
[0.441822] (px4_msgs) StdoutLine: {'line': b'-- Up-to-date symlink: /home/lee/workspace/ros2_ex_mav/install/px4_msgs/include/px4_msgs/px4_msgs/msg/detail/camera_capture__rosidl_typesupport_fastrtps_cpp.hpp\n'}
[0.441860] (px4_msgs) StdoutLine: {'line': b'-- Up-to-date symlink: /home/lee/workspace/ros2_ex_mav/install/px4_msgs/include/px4_msgs/px4_msgs/msg/detail/camera_status__rosidl_typesupport_fastrtps_cpp.hpp\n'}
[0.441881] (px4_msgs) StdoutLine: {'line': b'-- Up-to-date symlink: /home/lee/workspace/ros2_ex_mav/install/px4_msgs/include/px4_msgs/px4_msgs/msg/detail/camera_trigger__rosidl_typesupport_fastrtps_cpp.hpp\n'}
[0.441918] (px4_msgs) StdoutLine: {'line': b'-- Up-to-date symlink: /home/lee/workspace/ros2_ex_mav/install/px4_msgs/include/px4_msgs/px4_msgs/msg/detail/cellular_status__rosidl_typesupport_fastrtps_cpp.hpp\n'}
[0.441938] (px4_msgs) StdoutLine: {'line': b'-- Up-to-date symlink: /home/lee/workspace/ros2_ex_mav/install/px4_msgs/include/px4_msgs/px4_msgs/msg/detail/collision_constraints__rosidl_typesupport_fastrtps_cpp.hpp\n'}
[0.441977] (px4_msgs) StdoutLine: {'line': b'-- Up-to-date symlink: /home/lee/workspace/ros2_ex_mav/install/px4_msgs/include/px4_msgs/px4_msgs/msg/detail/collision_report__rosidl_typesupport_fastrtps_cpp.hpp\n'}
[0.441997] (px4_msgs) StdoutLine: {'line': b'-- Up-to-date symlink: /home/lee/workspace/ros2_ex_mav/install/px4_msgs/include/px4_msgs/px4_msgs/msg/detail/control_allocator_status__rosidl_typesupport_fastrtps_cpp.hpp\n'}
[0.442025] (px4_msgs) StdoutLine: {'line': b'-- Up-to-date symlink: /home/lee/workspace/ros2_ex_mav/install/px4_msgs/include/px4_msgs/px4_msgs/msg/detail/cpuload__rosidl_typesupport_fastrtps_cpp.hpp\n'}
[0.442059] (px4_msgs) StdoutLine: {'line': b'-- Up-to-date symlink: /home/lee/workspace/ros2_ex_mav/install/px4_msgs/include/px4_msgs/px4_msgs/msg/detail/debug_array__rosidl_typesupport_fastrtps_cpp.hpp\n'}
[0.442092] (px4_msgs) StdoutLine: {'line': b'-- Up-to-date symlink: /home/lee/workspace/ros2_ex_mav/install/px4_msgs/include/px4_msgs/px4_msgs/msg/detail/debug_key_value__rosidl_typesupport_fastrtps_cpp.hpp\n'}
[0.442119] (px4_msgs) StdoutLine: {'line': b'-- Up-to-date symlink: /home/lee/workspace/ros2_ex_mav/install/px4_msgs/include/px4_msgs/px4_msgs/msg/detail/debug_value__rosidl_typesupport_fastrtps_cpp.hpp\n'}
[0.442154] (px4_msgs) StdoutLine: {'line': b'-- Up-to-date symlink: /home/lee/workspace/ros2_ex_mav/install/px4_msgs/include/px4_msgs/px4_msgs/msg/detail/debug_vect__rosidl_typesupport_fastrtps_cpp.hpp\n'}
[0.442188] (px4_msgs) StdoutLine: {'line': b'-- Up-to-date symlink: /home/lee/workspace/ros2_ex_mav/install/px4_msgs/include/px4_msgs/px4_msgs/msg/detail/differential_pressure__rosidl_typesupport_fastrtps_cpp.hpp\n'}
[0.442225] (px4_msgs) StdoutLine: {'line': b'-- Up-to-date symlink: /home/lee/workspace/ros2_ex_mav/install/px4_msgs/include/px4_msgs/px4_msgs/msg/detail/distance_sensor__rosidl_typesupport_fastrtps_cpp.hpp\n'}
[0.442265] (px4_msgs) StdoutLine: {'line': b'-- Up-to-date symlink: /home/lee/workspace/ros2_ex_mav/install/px4_msgs/include/px4_msgs/px4_msgs/msg/detail/ekf2_timestamps__rosidl_typesupport_fastrtps_cpp.hpp\n'}
[0.442285] (px4_msgs) StdoutLine: {'line': b'-- Up-to-date symlink: /home/lee/workspace/ros2_ex_mav/install/px4_msgs/include/px4_msgs/px4_msgs/msg/detail/esc_report__rosidl_typesupport_fastrtps_cpp.hpp\n'}
[0.442318] (px4_msgs) StdoutLine: {'line': b'-- Up-to-date symlink: /home/lee/workspace/ros2_ex_mav/install/px4_msgs/include/px4_msgs/px4_msgs/msg/detail/esc_status__rosidl_typesupport_fastrtps_cpp.hpp\n'}
[0.442360] (px4_msgs) StdoutLine: {'line': b'-- Up-to-date symlink: /home/lee/workspace/ros2_ex_mav/install/px4_msgs/include/px4_msgs/px4_msgs/msg/detail/estimator_aid_source1d__rosidl_typesupport_fastrtps_cpp.hpp\n'}
[0.442382] (px4_msgs) StdoutLine: {'line': b'-- Up-to-date symlink: /home/lee/workspace/ros2_ex_mav/install/px4_msgs/include/px4_msgs/px4_msgs/msg/detail/estimator_aid_source2d__rosidl_typesupport_fastrtps_cpp.hpp\n'}
[0.442420] (px4_msgs) StdoutLine: {'line': b'-- Up-to-date symlink: /home/lee/workspace/ros2_ex_mav/install/px4_msgs/include/px4_msgs/px4_msgs/msg/detail/estimator_aid_source3d__rosidl_typesupport_fastrtps_cpp.hpp\n'}
[0.442440] (px4_msgs) StdoutLine: {'line': b'-- Up-to-date symlink: /home/lee/workspace/ros2_ex_mav/install/px4_msgs/include/px4_msgs/px4_msgs/msg/detail/estimator_bias3d__rosidl_typesupport_fastrtps_cpp.hpp\n'}
[0.442474] (px4_msgs) StdoutLine: {'line': b'-- Up-to-date symlink: /home/lee/workspace/ros2_ex_mav/install/px4_msgs/include/px4_msgs/px4_msgs/msg/detail/estimator_bias__rosidl_typesupport_fastrtps_cpp.hpp\n'}
[0.442514] (px4_msgs) StdoutLine: {'line': b'-- Up-to-date symlink: /home/lee/workspace/ros2_ex_mav/install/px4_msgs/include/px4_msgs/px4_msgs/msg/detail/estimator_event_flags__rosidl_typesupport_fastrtps_cpp.hpp\n'}
[0.442532] (px4_msgs) StdoutLine: {'line': b'-- Up-to-date symlink: /home/lee/workspace/ros2_ex_mav/install/px4_msgs/include/px4_msgs/px4_msgs/msg/detail/estimator_gps_status__rosidl_typesupport_fastrtps_cpp.hpp\n'}
[0.442565] (px4_msgs) StdoutLine: {'line': b'-- Up-to-date symlink: /home/lee/workspace/ros2_ex_mav/install/px4_msgs/include/px4_msgs/px4_msgs/msg/detail/estimator_innovations__rosidl_typesupport_fastrtps_cpp.hpp\n'}
[0.442599] (px4_msgs) StdoutLine: {'line': b'-- Up-to-date symlink: /home/lee/workspace/ros2_ex_mav/install/px4_msgs/include/px4_msgs/px4_msgs/msg/detail/estimator_selector_status__rosidl_typesupport_fastrtps_cpp.hpp\n'}
[0.442634] (px4_msgs) StdoutLine: {'line': b'-- Up-to-date symlink: /home/lee/workspace/ros2_ex_mav/install/px4_msgs/include/px4_msgs/px4_msgs/msg/detail/estimator_sensor_bias__rosidl_typesupport_fastrtps_cpp.hpp\n'}
[0.442667] (px4_msgs) StdoutLine: {'line': b'-- Up-to-date symlink: /home/lee/workspace/ros2_ex_mav/install/px4_msgs/include/px4_msgs/px4_msgs/msg/detail/estimator_states__rosidl_typesupport_fastrtps_cpp.hpp\n'}
[0.442705] (px4_msgs) StdoutLine: {'line': b'-- Up-to-date symlink: /home/lee/workspace/ros2_ex_mav/install/px4_msgs/include/px4_msgs/px4_msgs/msg/detail/estimator_status__rosidl_typesupport_fastrtps_cpp.hpp\n'}
[0.442727] (px4_msgs) StdoutLine: {'line': b'-- Up-to-date symlink: /home/lee/workspace/ros2_ex_mav/install/px4_msgs/include/px4_msgs/px4_msgs/msg/detail/estimator_status_flags__rosidl_typesupport_fastrtps_cpp.hpp\n'}
[0.442765] (px4_msgs) StdoutLine: {'line': b'-- Up-to-date symlink: /home/lee/workspace/ros2_ex_mav/install/px4_msgs/include/px4_msgs/px4_msgs/msg/detail/event__rosidl_typesupport_fastrtps_cpp.hpp\n'}
[0.442785] (px4_msgs) StdoutLine: {'line': b'-- Up-to-date symlink: /home/lee/workspace/ros2_ex_mav/install/px4_msgs/include/px4_msgs/px4_msgs/msg/detail/failsafe_flags__rosidl_typesupport_fastrtps_cpp.hpp\n'}
[0.442818] (px4_msgs) StdoutLine: {'line': b'-- Up-to-date symlink: /home/lee/workspace/ros2_ex_mav/install/px4_msgs/include/px4_msgs/px4_msgs/msg/detail/failure_detector_status__rosidl_typesupport_fastrtps_cpp.hpp\n'}
[0.442846] (px4_msgs) StdoutLine: {'line': b'-- Up-to-date symlink: /home/lee/workspace/ros2_ex_mav/install/px4_msgs/include/px4_msgs/px4_msgs/msg/detail/follow_target__rosidl_typesupport_fastrtps_cpp.hpp\n'}
[0.442874] (px4_msgs) StdoutLine: {'line': b'-- Up-to-date symlink: /home/lee/workspace/ros2_ex_mav/install/px4_msgs/include/px4_msgs/px4_msgs/msg/detail/follow_target_estimator__rosidl_typesupport_fastrtps_cpp.hpp\n'}
[0.442908] (px4_msgs) StdoutLine: {'line': b'-- Up-to-date symlink: /home/lee/workspace/ros2_ex_mav/install/px4_msgs/include/px4_msgs/px4_msgs/msg/detail/follow_target_status__rosidl_typesupport_fastrtps_cpp.hpp\n'}
[0.442942] (px4_msgs) StdoutLine: {'line': b'-- Up-to-date symlink: /home/lee/workspace/ros2_ex_mav/install/px4_msgs/include/px4_msgs/px4_msgs/msg/detail/generator_status__rosidl_typesupport_fastrtps_cpp.hpp\n'}
[0.442975] (px4_msgs) StdoutLine: {'line': b'-- Up-to-date symlink: /home/lee/workspace/ros2_ex_mav/install/px4_msgs/include/px4_msgs/px4_msgs/msg/detail/geofence_result__rosidl_typesupport_fastrtps_cpp.hpp\n'}
[0.443005] (px4_msgs) StdoutLine: {'line': b'-- Up-to-date symlink: /home/lee/workspace/ros2_ex_mav/install/px4_msgs/include/px4_msgs/px4_msgs/msg/detail/gimbal_controls__rosidl_typesupport_fastrtps_cpp.hpp\n'}
[0.443038] (px4_msgs) StdoutLine: {'line': b'-- Up-to-date symlink: /home/lee/workspace/ros2_ex_mav/install/px4_msgs/include/px4_msgs/px4_msgs/msg/detail/gimbal_device_attitude_status__rosidl_typesupport_fastrtps_cpp.hpp\n'}
[0.443073] (px4_msgs) StdoutLine: {'line': b'-- Up-to-date symlink: /home/lee/workspace/ros2_ex_mav/install/px4_msgs/include/px4_msgs/px4_msgs/msg/detail/gimbal_device_information__rosidl_typesupport_fastrtps_cpp.hpp\n'}
[0.443107] (px4_msgs) StdoutLine: {'line': b'-- Up-to-date symlink: /home/lee/workspace/ros2_ex_mav/install/px4_msgs/include/px4_msgs/px4_msgs/msg/detail/gimbal_device_set_attitude__rosidl_typesupport_fastrtps_cpp.hpp\n'}
[0.443142] (px4_msgs) StdoutLine: {'line': b'-- Up-to-date symlink: /home/lee/workspace/ros2_ex_mav/install/px4_msgs/include/px4_msgs/px4_msgs/msg/detail/gimbal_manager_information__rosidl_typesupport_fastrtps_cpp.hpp\n'}
[0.443182] (px4_msgs) StdoutLine: {'line': b'-- Up-to-date symlink: /home/lee/workspace/ros2_ex_mav/install/px4_msgs/include/px4_msgs/px4_msgs/msg/detail/gimbal_manager_set_attitude__rosidl_typesupport_fastrtps_cpp.hpp\n'}
[0.443211] (px4_msgs) StdoutLine: {'line': b'-- Up-to-date symlink: /home/lee/workspace/ros2_ex_mav/install/px4_msgs/include/px4_msgs/px4_msgs/msg/detail/gimbal_manager_set_manual_control__rosidl_typesupport_fastrtps_cpp.hpp\n'}
[0.443229] (px4_msgs) StdoutLine: {'line': b'-- Up-to-date symlink: /home/lee/workspace/ros2_ex_mav/install/px4_msgs/include/px4_msgs/px4_msgs/msg/detail/gimbal_manager_status__rosidl_typesupport_fastrtps_cpp.hpp\n'}
[0.443258] (px4_msgs) StdoutLine: {'line': b'-- Up-to-date symlink: /home/lee/workspace/ros2_ex_mav/install/px4_msgs/include/px4_msgs/px4_msgs/msg/detail/gps_dump__rosidl_typesupport_fastrtps_cpp.hpp\n'}
[0.443291] (px4_msgs) StdoutLine: {'line': b'-- Up-to-date symlink: /home/lee/workspace/ros2_ex_mav/install/px4_msgs/include/px4_msgs/px4_msgs/msg/detail/gps_inject_data__rosidl_typesupport_fastrtps_cpp.hpp\n'}
[0.443319] (px4_msgs) StdoutLine: {'line': b'-- Up-to-date symlink: /home/lee/workspace/ros2_ex_mav/install/px4_msgs/include/px4_msgs/px4_msgs/msg/detail/gripper__rosidl_typesupport_fastrtps_cpp.hpp\n'}
[0.443355] (px4_msgs) StdoutLine: {'line': b'-- Up-to-date symlink: /home/lee/workspace/ros2_ex_mav/install/px4_msgs/include/px4_msgs/px4_msgs/msg/detail/health_report__rosidl_typesupport_fastrtps_cpp.hpp\n'}
[0.443384] (px4_msgs) StdoutLine: {'line': b'-- Up-to-date symlink: /home/lee/workspace/ros2_ex_mav/install/px4_msgs/include/px4_msgs/px4_msgs/msg/detail/heater_status__rosidl_typesupport_fastrtps_cpp.hpp\n'}
[0.443411] (px4_msgs) StdoutLine: {'line': b'-- Up-to-date symlink: /home/lee/workspace/ros2_ex_mav/install/px4_msgs/include/px4_msgs/px4_msgs/msg/detail/home_position__rosidl_typesupport_fastrtps_cpp.hpp\n'}
[0.443444] (px4_msgs) StdoutLine: {'line': b'-- Up-to-date symlink: /home/lee/workspace/ros2_ex_mav/install/px4_msgs/include/px4_msgs/px4_msgs/msg/detail/hover_thrust_estimate__rosidl_typesupport_fastrtps_cpp.hpp\n'}
[0.443472] (px4_msgs) StdoutLine: {'line': b'-- Up-to-date symlink: /home/lee/workspace/ros2_ex_mav/install/px4_msgs/include/px4_msgs/px4_msgs/msg/detail/input_rc__rosidl_typesupport_fastrtps_cpp.hpp\n'}
[0.443504] (px4_msgs) StdoutLine: {'line': b'-- Up-to-date symlink: /home/lee/workspace/ros2_ex_mav/install/px4_msgs/include/px4_msgs/px4_msgs/msg/detail/internal_combustion_engine_status__rosidl_typesupport_fastrtps_cpp.hpp\n'}
[0.443538] (px4_msgs) StdoutLine: {'line': b'-- Up-to-date symlink: /home/lee/workspace/ros2_ex_mav/install/px4_msgs/include/px4_msgs/px4_msgs/msg/detail/iridiumsbd_status__rosidl_typesupport_fastrtps_cpp.hpp\n'}
[0.443571] (px4_msgs) StdoutLine: {'line': b'-- Up-to-date symlink: /home/lee/workspace/ros2_ex_mav/install/px4_msgs/include/px4_msgs/px4_msgs/msg/detail/irlock_report__rosidl_typesupport_fastrtps_cpp.hpp\n'}
[0.443605] (px4_msgs) StdoutLine: {'line': b'-- Up-to-date symlink: /home/lee/workspace/ros2_ex_mav/install/px4_msgs/include/px4_msgs/px4_msgs/msg/detail/landing_gear__rosidl_typesupport_fastrtps_cpp.hpp\n'}
[0.443639] (px4_msgs) StdoutLine: {'line': b'-- Up-to-date symlink: /home/lee/workspace/ros2_ex_mav/install/px4_msgs/include/px4_msgs/px4_msgs/msg/detail/landing_gear_wheel__rosidl_typesupport_fastrtps_cpp.hpp\n'}
[0.443666] (px4_msgs) StdoutLine: {'line': b'-- Up-to-date symlink: /home/lee/workspace/ros2_ex_mav/install/px4_msgs/include/px4_msgs/px4_msgs/msg/detail/landing_target_innovations__rosidl_typesupport_fastrtps_cpp.hpp\n'}
[0.443700] (px4_msgs) StdoutLine: {'line': b'-- Up-to-date symlink: /home/lee/workspace/ros2_ex_mav/install/px4_msgs/include/px4_msgs/px4_msgs/msg/detail/landing_target_pose__rosidl_typesupport_fastrtps_cpp.hpp\n'}
[0.443733] (px4_msgs) StdoutLine: {'line': b'-- Up-to-date symlink: /home/lee/workspace/ros2_ex_mav/install/px4_msgs/include/px4_msgs/px4_msgs/msg/detail/launch_detection_status__rosidl_typesupport_fastrtps_cpp.hpp\n'}
[0.443773] (px4_msgs) StdoutLine: {'line': b'-- Up-to-date symlink: /home/lee/workspace/ros2_ex_mav/install/px4_msgs/include/px4_msgs/px4_msgs/msg/detail/led_control__rosidl_typesupport_fastrtps_cpp.hpp\n'}
[0.443794] (px4_msgs) StdoutLine: {'line': b'-- Up-to-date symlink: /home/lee/workspace/ros2_ex_mav/install/px4_msgs/include/px4_msgs/px4_msgs/msg/detail/log_message__rosidl_typesupport_fastrtps_cpp.hpp\n'}
[0.443820] (px4_msgs) StdoutLine: {'line': b'-- Up-to-date symlink: /home/lee/workspace/ros2_ex_mav/install/px4_msgs/include/px4_msgs/px4_msgs/msg/detail/logger_status__rosidl_typesupport_fastrtps_cpp.hpp\n'}
[0.443855] (px4_msgs) StdoutLine: {'line': b'-- Up-to-date symlink: /home/lee/workspace/ros2_ex_mav/install/px4_msgs/include/px4_msgs/px4_msgs/msg/detail/mag_worker_data__rosidl_typesupport_fastrtps_cpp.hpp\n'}
[0.443888] (px4_msgs) StdoutLine: {'line': b'-- Up-to-date symlink: /home/lee/workspace/ros2_ex_mav/install/px4_msgs/include/px4_msgs/px4_msgs/msg/detail/magnetometer_bias_estimate__rosidl_typesupport_fastrtps_cpp.hpp\n'}
[0.443922] (px4_msgs) StdoutLine: {'line': b'-- Up-to-date symlink: /home/lee/workspace/ros2_ex_mav/install/px4_msgs/include/px4_msgs/px4_msgs/msg/detail/manual_control_setpoint__rosidl_typesupport_fastrtps_cpp.hpp\n'}
[0.443962] (px4_msgs) StdoutLine: {'line': b'-- Up-to-date symlink: /home/lee/workspace/ros2_ex_mav/install/px4_msgs/include/px4_msgs/px4_msgs/msg/detail/manual_control_switches__rosidl_typesupport_fastrtps_cpp.hpp\n'}
[0.443981] (px4_msgs) StdoutLine: {'line': b'-- Up-to-date symlink: /home/lee/workspace/ros2_ex_mav/install/px4_msgs/include/px4_msgs/px4_msgs/msg/detail/mavlink_log__rosidl_typesupport_fastrtps_cpp.hpp\n'}
[0.444014] (px4_msgs) StdoutLine: {'line': b'-- Up-to-date symlink: /home/lee/workspace/ros2_ex_mav/install/px4_msgs/include/px4_msgs/px4_msgs/msg/detail/mavlink_tunnel__rosidl_typesupport_fastrtps_cpp.hpp\n'}
[0.444048] (px4_msgs) StdoutLine: {'line': b'-- Up-to-date symlink: /home/lee/workspace/ros2_ex_mav/install/px4_msgs/include/px4_msgs/px4_msgs/msg/detail/mission__rosidl_typesupport_fastrtps_cpp.hpp\n'}
[0.444086] (px4_msgs) StdoutLine: {'line': b'-- Up-to-date symlink: /home/lee/workspace/ros2_ex_mav/install/px4_msgs/include/px4_msgs/px4_msgs/msg/detail/mission_result__rosidl_typesupport_fastrtps_cpp.hpp\n'}
[0.444106] (px4_msgs) StdoutLine: {'line': b'-- Up-to-date symlink: /home/lee/workspace/ros2_ex_mav/install/px4_msgs/include/px4_msgs/px4_msgs/msg/detail/mode_completed__rosidl_typesupport_fastrtps_cpp.hpp\n'}
[0.444140] (px4_msgs) StdoutLine: {'line': b'-- Up-to-date symlink: /home/lee/workspace/ros2_ex_mav/install/px4_msgs/include/px4_msgs/px4_msgs/msg/detail/mount_orientation__rosidl_typesupport_fastrtps_cpp.hpp\n'}
[0.444167] (px4_msgs) StdoutLine: {'line': b'-- Up-to-date symlink: /home/lee/workspace/ros2_ex_mav/install/px4_msgs/include/px4_msgs/px4_msgs/msg/detail/navigator_mission_item__rosidl_typesupport_fastrtps_cpp.hpp\n'}
[0.444203] (px4_msgs) StdoutLine: {'line': b'-- Up-to-date symlink: /home/lee/workspace/ros2_ex_mav/install/px4_msgs/include/px4_msgs/px4_msgs/msg/detail/normalized_unsigned_setpoint__rosidl_typesupport_fastrtps_cpp.hpp\n'}
[0.444231] (px4_msgs) StdoutLine: {'line': b'-- Up-to-date symlink: /home/lee/workspace/ros2_ex_mav/install/px4_msgs/include/px4_msgs/px4_msgs/msg/detail/npfg_status__rosidl_typesupport_fastrtps_cpp.hpp\n'}
[0.444265] (px4_msgs) StdoutLine: {'line': b'-- Up-to-date symlink: /home/lee/workspace/ros2_ex_mav/install/px4_msgs/include/px4_msgs/px4_msgs/msg/detail/obstacle_distance__rosidl_typesupport_fastrtps_cpp.hpp\n'}
[0.444299] (px4_msgs) StdoutLine: {'line': b'-- Up-to-date symlink: /home/lee/workspace/ros2_ex_mav/install/px4_msgs/include/px4_msgs/px4_msgs/msg/detail/offboard_control_mode__rosidl_typesupport_fastrtps_cpp.hpp\n'}
[0.444342] (px4_msgs) StdoutLine: {'line': b'-- Up-to-date symlink: /home/lee/workspace/ros2_ex_mav/install/px4_msgs/include/px4_msgs/px4_msgs/msg/detail/onboard_computer_status__rosidl_typesupport_fastrtps_cpp.hpp\n'}
[0.444364] (px4_msgs) StdoutLine: {'line': b'-- Up-to-date symlink: /home/lee/workspace/ros2_ex_mav/install/px4_msgs/include/px4_msgs/px4_msgs/msg/detail/orb_test__rosidl_typesupport_fastrtps_cpp.hpp\n'}
[0.444402] (px4_msgs) StdoutLine: {'line': b'-- Up-to-date symlink: /home/lee/workspace/ros2_ex_mav/install/px4_msgs/include/px4_msgs/px4_msgs/msg/detail/orb_test_large__rosidl_typesupport_fastrtps_cpp.hpp\n'}
[0.444422] (px4_msgs) StdoutLine: {'line': b'-- Up-to-date symlink: /home/lee/workspace/ros2_ex_mav/install/px4_msgs/include/px4_msgs/px4_msgs/msg/detail/orb_test_medium__rosidl_typesupport_fastrtps_cpp.hpp\n'}
[0.444456] (px4_msgs) StdoutLine: {'line': b'-- Up-to-date symlink: /home/lee/workspace/ros2_ex_mav/install/px4_msgs/include/px4_msgs/px4_msgs/msg/detail/orbit_status__rosidl_typesupport_fastrtps_cpp.hpp\n'}
[0.444490] (px4_msgs) StdoutLine: {'line': b'-- Up-to-date symlink: /home/lee/workspace/ros2_ex_mav/install/px4_msgs/include/px4_msgs/px4_msgs/msg/detail/parameter_update__rosidl_typesupport_fastrtps_cpp.hpp\n'}
[0.444525] (px4_msgs) StdoutLine: {'line': b'-- Up-to-date symlink: /home/lee/workspace/ros2_ex_mav/install/px4_msgs/include/px4_msgs/px4_msgs/msg/detail/ping__rosidl_typesupport_fastrtps_cpp.hpp\n'}
[0.444566] (px4_msgs) StdoutLine: {'line': b'-- Up-to-date symlink: /home/lee/workspace/ros2_ex_mav/install/px4_msgs/include/px4_msgs/px4_msgs/msg/detail/position_controller_landing_status__rosidl_typesupport_fastrtps_cpp.hpp\n'}
[0.444587] (px4_msgs) StdoutLine: {'line': b'-- Up-to-date symlink: /home/lee/workspace/ros2_ex_mav/install/px4_msgs/include/px4_msgs/px4_msgs/msg/detail/position_controller_status__rosidl_typesupport_fastrtps_cpp.hpp\n'}
[0.444625] (px4_msgs) StdoutLine: {'line': b'-- Up-to-date symlink: /home/lee/workspace/ros2_ex_mav/install/px4_msgs/include/px4_msgs/px4_msgs/msg/detail/position_setpoint__rosidl_typesupport_fastrtps_cpp.hpp\n'}
[0.444645] (px4_msgs) StdoutLine: {'line': b'-- Up-to-date symlink: /home/lee/workspace/ros2_ex_mav/install/px4_msgs/include/px4_msgs/px4_msgs/msg/detail/position_setpoint_triplet__rosidl_typesupport_fastrtps_cpp.hpp\n'}
[0.444679] (px4_msgs) StdoutLine: {'line': b'-- Up-to-date symlink: /home/lee/workspace/ros2_ex_mav/install/px4_msgs/include/px4_msgs/px4_msgs/msg/detail/power_button_state__rosidl_typesupport_fastrtps_cpp.hpp\n'}
[0.444719] (px4_msgs) StdoutLine: {'line': b'-- Up-to-date symlink: /home/lee/workspace/ros2_ex_mav/install/px4_msgs/include/px4_msgs/px4_msgs/msg/detail/power_monitor__rosidl_typesupport_fastrtps_cpp.hpp\n'}
[0.444739] (px4_msgs) StdoutLine: {'line': b'-- Up-to-date symlink: /home/lee/workspace/ros2_ex_mav/install/px4_msgs/include/px4_msgs/px4_msgs/msg/detail/pps_capture__rosidl_typesupport_fastrtps_cpp.hpp\n'}
[0.444773] (px4_msgs) StdoutLine: {'line': b'-- Up-to-date symlink: /home/lee/workspace/ros2_ex_mav/install/px4_msgs/include/px4_msgs/px4_msgs/msg/detail/pwm_input__rosidl_typesupport_fastrtps_cpp.hpp\n'}
[0.444806] (px4_msgs) StdoutLine: {'line': b'-- Up-to-date symlink: /home/lee/workspace/ros2_ex_mav/install/px4_msgs/include/px4_msgs/px4_msgs/msg/detail/px4io_status__rosidl_typesupport_fastrtps_cpp.hpp\n'}
[0.444834] (px4_msgs) StdoutLine: {'line': b'-- Up-to-date symlink: /home/lee/workspace/ros2_ex_mav/install/px4_msgs/include/px4_msgs/px4_msgs/msg/detail/qshell_req__rosidl_typesupport_fastrtps_cpp.hpp\n'}
[0.444869] (px4_msgs) StdoutLine: {'line': b'-- Up-to-date symlink: /home/lee/workspace/ros2_ex_mav/install/px4_msgs/include/px4_msgs/px4_msgs/msg/detail/qshell_retval__rosidl_typesupport_fastrtps_cpp.hpp\n'}
[0.444897] (px4_msgs) StdoutLine: {'line': b'-- Up-to-date symlink: /home/lee/workspace/ros2_ex_mav/install/px4_msgs/include/px4_msgs/px4_msgs/msg/detail/radio_status__rosidl_typesupport_fastrtps_cpp.hpp\n'}
[0.444930] (px4_msgs) StdoutLine: {'line': b'-- Up-to-date symlink: /home/lee/workspace/ros2_ex_mav/install/px4_msgs/include/px4_msgs/px4_msgs/msg/detail/rate_ctrl_status__rosidl_typesupport_fastrtps_cpp.hpp\n'}
[0.444971] (px4_msgs) StdoutLine: {'line': b'-- Up-to-date symlink: /home/lee/workspace/ros2_ex_mav/install/px4_msgs/include/px4_msgs/px4_msgs/msg/detail/rc_channels__rosidl_typesupport_fastrtps_cpp.hpp\n'}
[0.444991] (px4_msgs) StdoutLine: {'line': b'-- Up-to-date symlink: /home/lee/workspace/ros2_ex_mav/install/px4_msgs/include/px4_msgs/px4_msgs/msg/detail/rc_parameter_map__rosidl_typesupport_fastrtps_cpp.hpp\n'}
[0.445023] (px4_msgs) StdoutLine: {'line': b'-- Up-to-date symlink: /home/lee/workspace/ros2_ex_mav/install/px4_msgs/include/px4_msgs/px4_msgs/msg/detail/rpm__rosidl_typesupport_fastrtps_cpp.hpp\n'}
[0.445056] (px4_msgs) StdoutLine: {'line': b'-- Up-to-date symlink: /home/lee/workspace/ros2_ex_mav/install/px4_msgs/include/px4_msgs/px4_msgs/msg/detail/rtl_time_estimate__rosidl_typesupport_fastrtps_cpp.hpp\n'}
[0.445090] (px4_msgs) StdoutLine: {'line': b'-- Up-to-date symlink: /home/lee/workspace/ros2_ex_mav/install/px4_msgs/include/px4_msgs/px4_msgs/msg/detail/satellite_info__rosidl_typesupport_fastrtps_cpp.hpp\n'}
[0.445129] (px4_msgs) StdoutLine: {'line': b'-- Up-to-date symlink: /home/lee/workspace/ros2_ex_mav/install/px4_msgs/include/px4_msgs/px4_msgs/msg/detail/sensor_accel__rosidl_typesupport_fastrtps_cpp.hpp\n'}
[0.445150] (px4_msgs) StdoutLine: {'line': b'-- Up-to-date symlink: /home/lee/workspace/ros2_ex_mav/install/px4_msgs/include/px4_msgs/px4_msgs/msg/detail/sensor_accel_fifo__rosidl_typesupport_fastrtps_cpp.hpp\n'}
[0.445178] (px4_msgs) StdoutLine: {'line': b'-- Up-to-date symlink: /home/lee/workspace/ros2_ex_mav/install/px4_msgs/include/px4_msgs/px4_msgs/msg/detail/sensor_baro__rosidl_typesupport_fastrtps_cpp.hpp\n'}
[0.445211] (px4_msgs) StdoutLine: {'line': b'-- Up-to-date symlink: /home/lee/workspace/ros2_ex_mav/install/px4_msgs/include/px4_msgs/px4_msgs/msg/detail/sensor_combined__rosidl_typesupport_fastrtps_cpp.hpp\n'}
[0.445246] (px4_msgs) StdoutLine: {'line': b'-- Up-to-date symlink: /home/lee/workspace/ros2_ex_mav/install/px4_msgs/include/px4_msgs/px4_msgs/msg/detail/sensor_correction__rosidl_typesupport_fastrtps_cpp.hpp\n'}
[0.445286] (px4_msgs) StdoutLine: {'line': b'-- Up-to-date symlink: /home/lee/workspace/ros2_ex_mav/install/px4_msgs/include/px4_msgs/px4_msgs/msg/detail/sensor_gnss_relative__rosidl_typesupport_fastrtps_cpp.hpp\n'}
[0.445306] (px4_msgs) StdoutLine: {'line': b'-- Up-to-date symlink: /home/lee/workspace/ros2_ex_mav/install/px4_msgs/include/px4_msgs/px4_msgs/msg/detail/sensor_gps__rosidl_typesupport_fastrtps_cpp.hpp\n'}
[0.445340] (px4_msgs) StdoutLine: {'line': b'-- Up-to-date symlink: /home/lee/workspace/ros2_ex_mav/install/px4_msgs/include/px4_msgs/px4_msgs/msg/detail/sensor_gyro__rosidl_typesupport_fastrtps_cpp.hpp\n'}
[0.445375] (px4_msgs) StdoutLine: {'line': b'-- Up-to-date symlink: /home/lee/workspace/ros2_ex_mav/install/px4_msgs/include/px4_msgs/px4_msgs/msg/detail/sensor_gyro_fft__rosidl_typesupport_fastrtps_cpp.hpp\n'}
[0.445414] (px4_msgs) StdoutLine: {'line': b'-- Up-to-date symlink: /home/lee/workspace/ros2_ex_mav/install/px4_msgs/include/px4_msgs/px4_msgs/msg/detail/sensor_gyro_fifo__rosidl_typesupport_fastrtps_cpp.hpp\n'}
[0.445434] (px4_msgs) StdoutLine: {'line': b'-- Up-to-date symlink: /home/lee/workspace/ros2_ex_mav/install/px4_msgs/include/px4_msgs/px4_msgs/msg/detail/sensor_hygrometer__rosidl_typesupport_fastrtps_cpp.hpp\n'}
[0.445461] (px4_msgs) StdoutLine: {'line': b'-- Up-to-date symlink: /home/lee/workspace/ros2_ex_mav/install/px4_msgs/include/px4_msgs/px4_msgs/msg/detail/sensor_mag__rosidl_typesupport_fastrtps_cpp.hpp\n'}
[0.445494] (px4_msgs) StdoutLine: {'line': b'-- Up-to-date symlink: /home/lee/workspace/ros2_ex_mav/install/px4_msgs/include/px4_msgs/px4_msgs/msg/detail/sensor_optical_flow__rosidl_typesupport_fastrtps_cpp.hpp\n'}
[0.445531] (px4_msgs) StdoutLine: {'line': b'-- Up-to-date symlink: /home/lee/workspace/ros2_ex_mav/install/px4_msgs/include/px4_msgs/px4_msgs/msg/detail/sensor_preflight_mag__rosidl_typesupport_fastrtps_cpp.hpp\n'}
[0.445564] (px4_msgs) StdoutLine: {'line': b'-- Up-to-date symlink: /home/lee/workspace/ros2_ex_mav/install/px4_msgs/include/px4_msgs/px4_msgs/msg/detail/sensor_selection__rosidl_typesupport_fastrtps_cpp.hpp\n'}
[0.445603] (px4_msgs) StdoutLine: {'line': b'-- Up-to-date symlink: /home/lee/workspace/ros2_ex_mav/install/px4_msgs/include/px4_msgs/px4_msgs/msg/detail/sensor_uwb__rosidl_typesupport_fastrtps_cpp.hpp\n'}
[0.445623] (px4_msgs) StdoutLine: {'line': b'-- Up-to-date symlink: /home/lee/workspace/ros2_ex_mav/install/px4_msgs/include/px4_msgs/px4_msgs/msg/detail/sensors_status__rosidl_typesupport_fastrtps_cpp.hpp\n'}
[0.445656] (px4_msgs) StdoutLine: {'line': b'-- Up-to-date symlink: /home/lee/workspace/ros2_ex_mav/install/px4_msgs/include/px4_msgs/px4_msgs/msg/detail/sensors_status_imu__rosidl_typesupport_fastrtps_cpp.hpp\n'}
[0.445685] (px4_msgs) StdoutLine: {'line': b'-- Up-to-date symlink: /home/lee/workspace/ros2_ex_mav/install/px4_msgs/include/px4_msgs/px4_msgs/msg/detail/system_power__rosidl_typesupport_fastrtps_cpp.hpp\n'}
[0.445720] (px4_msgs) StdoutLine: {'line': b'-- Up-to-date symlink: /home/lee/workspace/ros2_ex_mav/install/px4_msgs/include/px4_msgs/px4_msgs/msg/detail/takeoff_status__rosidl_typesupport_fastrtps_cpp.hpp\n'}
[0.445755] (px4_msgs) StdoutLine: {'line': b'-- Up-to-date symlink: /home/lee/workspace/ros2_ex_mav/install/px4_msgs/include/px4_msgs/px4_msgs/msg/detail/task_stack_info__rosidl_typesupport_fastrtps_cpp.hpp\n'}
[0.445795] (px4_msgs) StdoutLine: {'line': b'-- Up-to-date symlink: /home/lee/workspace/ros2_ex_mav/install/px4_msgs/include/px4_msgs/px4_msgs/msg/detail/tecs_status__rosidl_typesupport_fastrtps_cpp.hpp\n'}
[0.445815] (px4_msgs) StdoutLine: {'line': b'-- Up-to-date symlink: /home/lee/workspace/ros2_ex_mav/install/px4_msgs/include/px4_msgs/px4_msgs/msg/detail/telemetry_status__rosidl_typesupport_fastrtps_cpp.hpp\n'}
[0.445843] (px4_msgs) StdoutLine: {'line': b'-- Up-to-date symlink: /home/lee/workspace/ros2_ex_mav/install/px4_msgs/include/px4_msgs/px4_msgs/msg/detail/tiltrotor_extra_controls__rosidl_typesupport_fastrtps_cpp.hpp\n'}
[0.445877] (px4_msgs) StdoutLine: {'line': b'-- Up-to-date symlink: /home/lee/workspace/ros2_ex_mav/install/px4_msgs/include/px4_msgs/px4_msgs/msg/detail/timesync_status__rosidl_typesupport_fastrtps_cpp.hpp\n'}
[0.445915] (px4_msgs) StdoutLine: {'line': b'-- Up-to-date symlink: /home/lee/workspace/ros2_ex_mav/install/px4_msgs/include/px4_msgs/px4_msgs/msg/detail/trajectory_bezier__rosidl_typesupport_fastrtps_cpp.hpp\n'}
[0.445935] (px4_msgs) StdoutLine: {'line': b'-- Up-to-date symlink: /home/lee/workspace/ros2_ex_mav/install/px4_msgs/include/px4_msgs/px4_msgs/msg/detail/trajectory_setpoint__rosidl_typesupport_fastrtps_cpp.hpp\n'}
[0.445968] (px4_msgs) StdoutLine: {'line': b'-- Up-to-date symlink: /home/lee/workspace/ros2_ex_mav/install/px4_msgs/include/px4_msgs/px4_msgs/msg/detail/trajectory_waypoint__rosidl_typesupport_fastrtps_cpp.hpp\n'}
[0.445996] (px4_msgs) StdoutLine: {'line': b'-- Up-to-date symlink: /home/lee/workspace/ros2_ex_mav/install/px4_msgs/include/px4_msgs/px4_msgs/msg/detail/transponder_report__rosidl_typesupport_fastrtps_cpp.hpp\n'}
[0.446030] (px4_msgs) StdoutLine: {'line': b'-- Up-to-date symlink: /home/lee/workspace/ros2_ex_mav/install/px4_msgs/include/px4_msgs/px4_msgs/msg/detail/tune_control__rosidl_typesupport_fastrtps_cpp.hpp\n'}
[0.446064] (px4_msgs) StdoutLine: {'line': b'-- Up-to-date symlink: /home/lee/workspace/ros2_ex_mav/install/px4_msgs/include/px4_msgs/px4_msgs/msg/detail/uavcan_parameter_request__rosidl_typesupport_fastrtps_cpp.hpp\n'}
[0.446104] (px4_msgs) StdoutLine: {'line': b'-- Up-to-date symlink: /home/lee/workspace/ros2_ex_mav/install/px4_msgs/include/px4_msgs/px4_msgs/msg/detail/uavcan_parameter_value__rosidl_typesupport_fastrtps_cpp.hpp\n'}
[0.446124] (px4_msgs) StdoutLine: {'line': b'-- Up-to-date symlink: /home/lee/workspace/ros2_ex_mav/install/px4_msgs/include/px4_msgs/px4_msgs/msg/detail/ulog_stream__rosidl_typesupport_fastrtps_cpp.hpp\n'}
[0.446156] (px4_msgs) StdoutLine: {'line': b'-- Up-to-date symlink: /home/lee/workspace/ros2_ex_mav/install/px4_msgs/include/px4_msgs/px4_msgs/msg/detail/ulog_stream_ack__rosidl_typesupport_fastrtps_cpp.hpp\n'}
[0.446184] (px4_msgs) StdoutLine: {'line': b'-- Up-to-date symlink: /home/lee/workspace/ros2_ex_mav/install/px4_msgs/include/px4_msgs/px4_msgs/msg/detail/vehicle_acceleration__rosidl_typesupport_fastrtps_cpp.hpp\n'}
[0.446218] (px4_msgs) StdoutLine: {'line': b'-- Up-to-date symlink: /home/lee/workspace/ros2_ex_mav/install/px4_msgs/include/px4_msgs/px4_msgs/msg/detail/vehicle_air_data__rosidl_typesupport_fastrtps_cpp.hpp\n'}
[0.446252] (px4_msgs) StdoutLine: {'line': b'-- Up-to-date symlink: /home/lee/workspace/ros2_ex_mav/install/px4_msgs/include/px4_msgs/px4_msgs/msg/detail/vehicle_angular_acceleration_setpoint__rosidl_typesupport_fastrtps_cpp.hpp\n'}
[0.446290] (px4_msgs) StdoutLine: {'line': b'-- Up-to-date symlink: /home/lee/workspace/ros2_ex_mav/install/px4_msgs/include/px4_msgs/px4_msgs/msg/detail/vehicle_angular_velocity__rosidl_typesupport_fastrtps_cpp.hpp\n'}
[0.446310] (px4_msgs) StdoutLine: {'line': b'-- Up-to-date symlink: /home/lee/workspace/ros2_ex_mav/install/px4_msgs/include/px4_msgs/px4_msgs/msg/detail/vehicle_attitude__rosidl_typesupport_fastrtps_cpp.hpp\n'}
[0.446345] (px4_msgs) StdoutLine: {'line': b'-- Up-to-date symlink: /home/lee/workspace/ros2_ex_mav/install/px4_msgs/include/px4_msgs/px4_msgs/msg/detail/vehicle_attitude_setpoint__rosidl_typesupport_fastrtps_cpp.hpp\n'}
[0.446374] (px4_msgs) StdoutLine: {'line': b'-- Up-to-date symlink: /home/lee/workspace/ros2_ex_mav/install/px4_msgs/include/px4_msgs/px4_msgs/msg/detail/vehicle_command__rosidl_typesupport_fastrtps_cpp.hpp\n'}
[0.446408] (px4_msgs) StdoutLine: {'line': b'-- Up-to-date symlink: /home/lee/workspace/ros2_ex_mav/install/px4_msgs/include/px4_msgs/px4_msgs/msg/detail/vehicle_command_ack__rosidl_typesupport_fastrtps_cpp.hpp\n'}
[0.446436] (px4_msgs) StdoutLine: {'line': b'-- Up-to-date symlink: /home/lee/workspace/ros2_ex_mav/install/px4_msgs/include/px4_msgs/px4_msgs/msg/detail/vehicle_constraints__rosidl_typesupport_fastrtps_cpp.hpp\n'}
[0.446471] (px4_msgs) StdoutLine: {'line': b'-- Up-to-date symlink: /home/lee/workspace/ros2_ex_mav/install/px4_msgs/include/px4_msgs/px4_msgs/msg/detail/vehicle_control_mode__rosidl_typesupport_fastrtps_cpp.hpp\n'}
[0.446511] (px4_msgs) StdoutLine: {'line': b'-- Up-to-date symlink: /home/lee/workspace/ros2_ex_mav/install/px4_msgs/include/px4_msgs/px4_msgs/msg/detail/vehicle_global_position__rosidl_typesupport_fastrtps_cpp.hpp\n'}
[0.446532] (px4_msgs) StdoutLine: {'line': b'-- Up-to-date symlink: /home/lee/workspace/ros2_ex_mav/install/px4_msgs/include/px4_msgs/px4_msgs/msg/detail/vehicle_imu__rosidl_typesupport_fastrtps_cpp.hpp\n'}
[0.446560] (px4_msgs) StdoutLine: {'line': b'-- Up-to-date symlink: /home/lee/workspace/ros2_ex_mav/install/px4_msgs/include/px4_msgs/px4_msgs/msg/detail/vehicle_imu_status__rosidl_typesupport_fastrtps_cpp.hpp\n'}
[0.446594] (px4_msgs) StdoutLine: {'line': b'-- Up-to-date symlink: /home/lee/workspace/ros2_ex_mav/install/px4_msgs/include/px4_msgs/px4_msgs/msg/detail/vehicle_land_detected__rosidl_typesupport_fastrtps_cpp.hpp\n'}
[0.446629] (px4_msgs) StdoutLine: {'line': b'-- Up-to-date symlink: /home/lee/workspace/ros2_ex_mav/install/px4_msgs/include/px4_msgs/px4_msgs/msg/detail/vehicle_local_position__rosidl_typesupport_fastrtps_cpp.hpp\n'}
[0.446661] (px4_msgs) StdoutLine: {'line': b'-- Up-to-date symlink: /home/lee/workspace/ros2_ex_mav/install/px4_msgs/include/px4_msgs/px4_msgs/msg/detail/vehicle_local_position_setpoint__rosidl_typesupport_fastrtps_cpp.hpp\n'}
[0.446701] (px4_msgs) StdoutLine: {'line': b'-- Up-to-date symlink: /home/lee/workspace/ros2_ex_mav/install/px4_msgs/include/px4_msgs/px4_msgs/msg/detail/vehicle_magnetometer__rosidl_typesupport_fastrtps_cpp.hpp\n'}
[0.446721] (px4_msgs) StdoutLine: {'line': b'-- Up-to-date symlink: /home/lee/workspace/ros2_ex_mav/install/px4_msgs/include/px4_msgs/px4_msgs/msg/detail/vehicle_odometry__rosidl_typesupport_fastrtps_cpp.hpp\n'}
[0.446755] (px4_msgs) StdoutLine: {'line': b'-- Up-to-date symlink: /home/lee/workspace/ros2_ex_mav/install/px4_msgs/include/px4_msgs/px4_msgs/msg/detail/vehicle_optical_flow__rosidl_typesupport_fastrtps_cpp.hpp\n'}
[0.446788] (px4_msgs) StdoutLine: {'line': b'-- Up-to-date symlink: /home/lee/workspace/ros2_ex_mav/install/px4_msgs/include/px4_msgs/px4_msgs/msg/detail/vehicle_optical_flow_vel__rosidl_typesupport_fastrtps_cpp.hpp\n'}
[0.446822] (px4_msgs) StdoutLine: {'line': b'-- Up-to-date symlink: /home/lee/workspace/ros2_ex_mav/install/px4_msgs/include/px4_msgs/px4_msgs/msg/detail/vehicle_rates_setpoint__rosidl_typesupport_fastrtps_cpp.hpp\n'}
[0.446857] (px4_msgs) StdoutLine: {'line': b'-- Up-to-date symlink: /home/lee/workspace/ros2_ex_mav/install/px4_msgs/include/px4_msgs/px4_msgs/msg/detail/vehicle_roi__rosidl_typesupport_fastrtps_cpp.hpp\n'}
[0.446897] (px4_msgs) StdoutLine: {'line': b'-- Up-to-date symlink: /home/lee/workspace/ros2_ex_mav/install/px4_msgs/include/px4_msgs/px4_msgs/msg/detail/vehicle_status__rosidl_typesupport_fastrtps_cpp.hpp\n'}
[0.446916] (px4_msgs) StdoutLine: {'line': b'-- Up-to-date symlink: /home/lee/workspace/ros2_ex_mav/install/px4_msgs/include/px4_msgs/px4_msgs/msg/detail/vehicle_thrust_setpoint__rosidl_typesupport_fastrtps_cpp.hpp\n'}
[0.446956] (px4_msgs) StdoutLine: {'line': b'-- Up-to-date symlink: /home/lee/workspace/ros2_ex_mav/install/px4_msgs/include/px4_msgs/px4_msgs/msg/detail/vehicle_torque_setpoint__rosidl_typesupport_fastrtps_cpp.hpp\n'}
[0.446977] (px4_msgs) StdoutLine: {'line': b'-- Up-to-date symlink: /home/lee/workspace/ros2_ex_mav/install/px4_msgs/include/px4_msgs/px4_msgs/msg/detail/vehicle_trajectory_bezier__rosidl_typesupport_fastrtps_cpp.hpp\n'}
[0.447009] (px4_msgs) StdoutLine: {'line': b'-- Up-to-date symlink: /home/lee/workspace/ros2_ex_mav/install/px4_msgs/include/px4_msgs/px4_msgs/msg/detail/vehicle_trajectory_waypoint__rosidl_typesupport_fastrtps_cpp.hpp\n'}
[0.447048] (px4_msgs) StdoutLine: {'line': b'-- Up-to-date symlink: /home/lee/workspace/ros2_ex_mav/install/px4_msgs/include/px4_msgs/px4_msgs/msg/detail/vtol_vehicle_status__rosidl_typesupport_fastrtps_cpp.hpp\n'}
[0.447068] (px4_msgs) StdoutLine: {'line': b'-- Up-to-date symlink: /home/lee/workspace/ros2_ex_mav/install/px4_msgs/include/px4_msgs/px4_msgs/msg/detail/wind__rosidl_typesupport_fastrtps_cpp.hpp\n'}
[0.447095] (px4_msgs) StdoutLine: {'line': b'-- Up-to-date symlink: /home/lee/workspace/ros2_ex_mav/install/px4_msgs/include/px4_msgs/px4_msgs/msg/detail/yaw_estimator_status__rosidl_typesupport_fastrtps_cpp.hpp\n'}
[0.447123] (px4_msgs) StdoutLine: {'line': b'-- Up-to-date symlink: /home/lee/workspace/ros2_ex_mav/install/px4_msgs/include/px4_msgs/px4_msgs/msg/rosidl_typesupport_fastrtps_cpp__visibility_control.h\n'}
[0.448074] (px4_msgs) StdoutLine: {'line': b'-- Up-to-date symlink: /home/lee/workspace/ros2_ex_mav/install/px4_msgs/include/px4_msgs/px4_msgs/msg/detail/action_request__rosidl_typesupport_introspection_c.h\n'}
[0.448115] (px4_msgs) StdoutLine: {'line': b'-- Up-to-date symlink: /home/lee/workspace/ros2_ex_mav/install/px4_msgs/include/px4_msgs/px4_msgs/msg/detail/actuator_armed__rosidl_typesupport_introspection_c.h\n'}
[0.448150] (px4_msgs) StdoutLine: {'line': b'-- Up-to-date symlink: /home/lee/workspace/ros2_ex_mav/install/px4_msgs/include/px4_msgs/px4_msgs/msg/detail/actuator_controls_status__rosidl_typesupport_introspection_c.h\n'}
[0.448185] (px4_msgs) StdoutLine: {'line': b'-- Up-to-date symlink: /home/lee/workspace/ros2_ex_mav/install/px4_msgs/include/px4_msgs/px4_msgs/msg/detail/actuator_motors__rosidl_typesupport_introspection_c.h\n'}
[0.448224] (px4_msgs) StdoutLine: {'line': b'-- Up-to-date symlink: /home/lee/workspace/ros2_ex_mav/install/px4_msgs/include/px4_msgs/px4_msgs/msg/detail/actuator_outputs__rosidl_typesupport_introspection_c.h\n'}
[0.448243] (px4_msgs) StdoutLine: {'line': b'-- Up-to-date symlink: /home/lee/workspace/ros2_ex_mav/install/px4_msgs/include/px4_msgs/px4_msgs/msg/detail/actuator_servos__rosidl_typesupport_introspection_c.h\n'}
[0.448281] (px4_msgs) StdoutLine: {'line': b'-- Up-to-date symlink: /home/lee/workspace/ros2_ex_mav/install/px4_msgs/include/px4_msgs/px4_msgs/msg/detail/actuator_servos_trim__rosidl_typesupport_introspection_c.h\n'}
[0.448300] (px4_msgs) StdoutLine: {'line': b'-- Up-to-date symlink: /home/lee/workspace/ros2_ex_mav/install/px4_msgs/include/px4_msgs/px4_msgs/msg/detail/actuator_test__rosidl_typesupport_introspection_c.h\n'}
[0.448327] (px4_msgs) StdoutLine: {'line': b'-- Up-to-date symlink: /home/lee/workspace/ros2_ex_mav/install/px4_msgs/include/px4_msgs/px4_msgs/msg/detail/adc_report__rosidl_typesupport_introspection_c.h\n'}
[0.448365] (px4_msgs) StdoutLine: {'line': b'-- Up-to-date symlink: /home/lee/workspace/ros2_ex_mav/install/px4_msgs/include/px4_msgs/px4_msgs/msg/detail/airspeed__rosidl_typesupport_introspection_c.h\n'}
[0.448393] (px4_msgs) StdoutLine: {'line': b'-- Up-to-date symlink: /home/lee/workspace/ros2_ex_mav/install/px4_msgs/include/px4_msgs/px4_msgs/msg/detail/airspeed_validated__rosidl_typesupport_introspection_c.h\n'}
[0.448427] (px4_msgs) StdoutLine: {'line': b'-- Up-to-date symlink: /home/lee/workspace/ros2_ex_mav/install/px4_msgs/include/px4_msgs/px4_msgs/msg/detail/airspeed_wind__rosidl_typesupport_introspection_c.h\n'}
[0.448459] (px4_msgs) StdoutLine: {'line': b'-- Up-to-date symlink: /home/lee/workspace/ros2_ex_mav/install/px4_msgs/include/px4_msgs/px4_msgs/msg/detail/autotune_attitude_control_status__rosidl_typesupport_introspection_c.h\n'}
[0.448493] (px4_msgs) StdoutLine: {'line': b'-- Up-to-date symlink: /home/lee/workspace/ros2_ex_mav/install/px4_msgs/include/px4_msgs/px4_msgs/msg/detail/battery_status__rosidl_typesupport_introspection_c.h\n'}
[0.448526] (px4_msgs) StdoutLine: {'line': b'-- Up-to-date symlink: /home/lee/workspace/ros2_ex_mav/install/px4_msgs/include/px4_msgs/px4_msgs/msg/detail/button_event__rosidl_typesupport_introspection_c.h\n'}
[0.448560] (px4_msgs) StdoutLine: {'line': b'-- Up-to-date symlink: /home/lee/workspace/ros2_ex_mav/install/px4_msgs/include/px4_msgs/px4_msgs/msg/detail/camera_capture__rosidl_typesupport_introspection_c.h\n'}
[0.448598] (px4_msgs) StdoutLine: {'line': b'-- Up-to-date symlink: /home/lee/workspace/ros2_ex_mav/install/px4_msgs/include/px4_msgs/px4_msgs/msg/detail/camera_status__rosidl_typesupport_introspection_c.h\n'}
[0.448617] (px4_msgs) StdoutLine: {'line': b'-- Up-to-date symlink: /home/lee/workspace/ros2_ex_mav/install/px4_msgs/include/px4_msgs/px4_msgs/msg/detail/camera_trigger__rosidl_typesupport_introspection_c.h\n'}
[0.448652] (px4_msgs) StdoutLine: {'line': b'-- Up-to-date symlink: /home/lee/workspace/ros2_ex_mav/install/px4_msgs/include/px4_msgs/px4_msgs/msg/detail/cellular_status__rosidl_typesupport_introspection_c.h\n'}
[0.448691] (px4_msgs) StdoutLine: {'line': b'-- Up-to-date symlink: /home/lee/workspace/ros2_ex_mav/install/px4_msgs/include/px4_msgs/px4_msgs/msg/detail/collision_constraints__rosidl_typesupport_introspection_c.h\n'}
[0.448709] (px4_msgs) StdoutLine: {'line': b'-- Up-to-date symlink: /home/lee/workspace/ros2_ex_mav/install/px4_msgs/include/px4_msgs/px4_msgs/msg/detail/collision_report__rosidl_typesupport_introspection_c.h\n'}
[0.448742] (px4_msgs) StdoutLine: {'line': b'-- Up-to-date symlink: /home/lee/workspace/ros2_ex_mav/install/px4_msgs/include/px4_msgs/px4_msgs/msg/detail/control_allocator_status__rosidl_typesupport_introspection_c.h\n'}
[0.448769] (px4_msgs) StdoutLine: {'line': b'-- Up-to-date symlink: /home/lee/workspace/ros2_ex_mav/install/px4_msgs/include/px4_msgs/px4_msgs/msg/detail/cpuload__rosidl_typesupport_introspection_c.h\n'}
[0.448803] (px4_msgs) StdoutLine: {'line': b'-- Up-to-date symlink: /home/lee/workspace/ros2_ex_mav/install/px4_msgs/include/px4_msgs/px4_msgs/msg/detail/debug_array__rosidl_typesupport_introspection_c.h\n'}
[0.448836] (px4_msgs) StdoutLine: {'line': b'-- Up-to-date symlink: /home/lee/workspace/ros2_ex_mav/install/px4_msgs/include/px4_msgs/px4_msgs/msg/detail/debug_key_value__rosidl_typesupport_introspection_c.h\n'}
[0.448871] (px4_msgs) StdoutLine: {'line': b'-- Up-to-date symlink: /home/lee/workspace/ros2_ex_mav/install/px4_msgs/include/px4_msgs/px4_msgs/msg/detail/debug_value__rosidl_typesupport_introspection_c.h\n'}
[0.448905] (px4_msgs) StdoutLine: {'line': b'-- Up-to-date symlink: /home/lee/workspace/ros2_ex_mav/install/px4_msgs/include/px4_msgs/px4_msgs/msg/detail/debug_vect__rosidl_typesupport_introspection_c.h\n'}
[0.448943] (px4_msgs) StdoutLine: {'line': b'-- Up-to-date symlink: /home/lee/workspace/ros2_ex_mav/install/px4_msgs/include/px4_msgs/px4_msgs/msg/detail/differential_pressure__rosidl_typesupport_introspection_c.h\n'}
[0.448963] (px4_msgs) StdoutLine: {'line': b'-- Up-to-date symlink: /home/lee/workspace/ros2_ex_mav/install/px4_msgs/include/px4_msgs/px4_msgs/msg/detail/distance_sensor__rosidl_typesupport_introspection_c.h\n'}
[0.448990] (px4_msgs) StdoutLine: {'line': b'-- Up-to-date symlink: /home/lee/workspace/ros2_ex_mav/install/px4_msgs/include/px4_msgs/px4_msgs/msg/detail/ekf2_timestamps__rosidl_typesupport_introspection_c.h\n'}
[0.449025] (px4_msgs) StdoutLine: {'line': b'-- Up-to-date symlink: /home/lee/workspace/ros2_ex_mav/install/px4_msgs/include/px4_msgs/px4_msgs/msg/detail/esc_report__rosidl_typesupport_introspection_c.h\n'}
[0.449052] (px4_msgs) StdoutLine: {'line': b'-- Up-to-date symlink: /home/lee/workspace/ros2_ex_mav/install/px4_msgs/include/px4_msgs/px4_msgs/msg/detail/esc_status__rosidl_typesupport_introspection_c.h\n'}
[0.449088] (px4_msgs) StdoutLine: {'line': b'-- Up-to-date symlink: /home/lee/workspace/ros2_ex_mav/install/px4_msgs/include/px4_msgs/px4_msgs/msg/detail/estimator_aid_source1d__rosidl_typesupport_introspection_c.h\n'}
[0.449117] (px4_msgs) StdoutLine: {'line': b'-- Up-to-date symlink: /home/lee/workspace/ros2_ex_mav/install/px4_msgs/include/px4_msgs/px4_msgs/msg/detail/estimator_aid_source2d__rosidl_typesupport_introspection_c.h\n'}
[0.449152] (px4_msgs) StdoutLine: {'line': b'-- Up-to-date symlink: /home/lee/workspace/ros2_ex_mav/install/px4_msgs/include/px4_msgs/px4_msgs/msg/detail/estimator_aid_source3d__rosidl_typesupport_introspection_c.h\n'}
[0.449192] (px4_msgs) StdoutLine: {'line': b'-- Up-to-date symlink: /home/lee/workspace/ros2_ex_mav/install/px4_msgs/include/px4_msgs/px4_msgs/msg/detail/estimator_bias3d__rosidl_typesupport_introspection_c.h\n'}
[0.449213] (px4_msgs) StdoutLine: {'line': b'-- Up-to-date symlink: /home/lee/workspace/ros2_ex_mav/install/px4_msgs/include/px4_msgs/px4_msgs/msg/detail/estimator_bias__rosidl_typesupport_introspection_c.h\n'}
[0.449241] (px4_msgs) StdoutLine: {'line': b'-- Up-to-date symlink: /home/lee/workspace/ros2_ex_mav/install/px4_msgs/include/px4_msgs/px4_msgs/msg/detail/estimator_event_flags__rosidl_typesupport_introspection_c.h\n'}
[0.449276] (px4_msgs) StdoutLine: {'line': b'-- Up-to-date symlink: /home/lee/workspace/ros2_ex_mav/install/px4_msgs/include/px4_msgs/px4_msgs/msg/detail/estimator_gps_status__rosidl_typesupport_introspection_c.h\n'}
[0.449303] (px4_msgs) StdoutLine: {'line': b'-- Up-to-date symlink: /home/lee/workspace/ros2_ex_mav/install/px4_msgs/include/px4_msgs/px4_msgs/msg/detail/estimator_innovations__rosidl_typesupport_introspection_c.h\n'}
[0.449337] (px4_msgs) StdoutLine: {'line': b'-- Up-to-date symlink: /home/lee/workspace/ros2_ex_mav/install/px4_msgs/include/px4_msgs/px4_msgs/msg/detail/estimator_selector_status__rosidl_typesupport_introspection_c.h\n'}
[0.449375] (px4_msgs) StdoutLine: {'line': b'-- Up-to-date symlink: /home/lee/workspace/ros2_ex_mav/install/px4_msgs/include/px4_msgs/px4_msgs/msg/detail/estimator_sensor_bias__rosidl_typesupport_introspection_c.h\n'}
[0.449408] (px4_msgs) StdoutLine: {'line': b'-- Up-to-date symlink: /home/lee/workspace/ros2_ex_mav/install/px4_msgs/include/px4_msgs/px4_msgs/msg/detail/estimator_states__rosidl_typesupport_introspection_c.h\n'}
[0.449445] (px4_msgs) StdoutLine: {'line': b'-- Up-to-date symlink: /home/lee/workspace/ros2_ex_mav/install/px4_msgs/include/px4_msgs/px4_msgs/msg/detail/estimator_status__rosidl_typesupport_introspection_c.h\n'}
[0.449479] (px4_msgs) StdoutLine: {'line': b'-- Up-to-date symlink: /home/lee/workspace/ros2_ex_mav/install/px4_msgs/include/px4_msgs/px4_msgs/msg/detail/estimator_status_flags__rosidl_typesupport_introspection_c.h\n'}
[0.449518] (px4_msgs) StdoutLine: {'line': b'-- Up-to-date symlink: /home/lee/workspace/ros2_ex_mav/install/px4_msgs/include/px4_msgs/px4_msgs/msg/detail/event__rosidl_typesupport_introspection_c.h\n'}
[0.449539] (px4_msgs) StdoutLine: {'line': b'-- Up-to-date symlink: /home/lee/workspace/ros2_ex_mav/install/px4_msgs/include/px4_msgs/px4_msgs/msg/detail/failsafe_flags__rosidl_typesupport_introspection_c.h\n'}
[0.449573] (px4_msgs) StdoutLine: {'line': b'-- Up-to-date symlink: /home/lee/workspace/ros2_ex_mav/install/px4_msgs/include/px4_msgs/px4_msgs/msg/detail/failure_detector_status__rosidl_typesupport_introspection_c.h\n'}
[0.449609] (px4_msgs) StdoutLine: {'line': b'-- Up-to-date symlink: /home/lee/workspace/ros2_ex_mav/install/px4_msgs/include/px4_msgs/px4_msgs/msg/detail/follow_target__rosidl_typesupport_introspection_c.h\n'}
[0.449637] (px4_msgs) StdoutLine: {'line': b'-- Up-to-date symlink: /home/lee/workspace/ros2_ex_mav/install/px4_msgs/include/px4_msgs/px4_msgs/msg/detail/follow_target_estimator__rosidl_typesupport_introspection_c.h\n'}
[0.449655] (px4_msgs) StdoutLine: {'line': b'-- Up-to-date symlink: /home/lee/workspace/ros2_ex_mav/install/px4_msgs/include/px4_msgs/px4_msgs/msg/detail/follow_target_status__rosidl_typesupport_introspection_c.h\n'}
[0.449690] (px4_msgs) StdoutLine: {'line': b'-- Up-to-date symlink: /home/lee/workspace/ros2_ex_mav/install/px4_msgs/include/px4_msgs/px4_msgs/msg/detail/generator_status__rosidl_typesupport_introspection_c.h\n'}
[0.449724] (px4_msgs) StdoutLine: {'line': b'-- Up-to-date symlink: /home/lee/workspace/ros2_ex_mav/install/px4_msgs/include/px4_msgs/px4_msgs/msg/detail/geofence_result__rosidl_typesupport_introspection_c.h\n'}
[0.449764] (px4_msgs) StdoutLine: {'line': b'-- Up-to-date symlink: /home/lee/workspace/ros2_ex_mav/install/px4_msgs/include/px4_msgs/px4_msgs/msg/detail/gimbal_controls__rosidl_typesupport_introspection_c.h\n'}
[0.449783] (px4_msgs) StdoutLine: {'line': b'-- Up-to-date symlink: /home/lee/workspace/ros2_ex_mav/install/px4_msgs/include/px4_msgs/px4_msgs/msg/detail/gimbal_device_attitude_status__rosidl_typesupport_introspection_c.h\n'}
[0.449821] (px4_msgs) StdoutLine: {'line': b'-- Up-to-date symlink: /home/lee/workspace/ros2_ex_mav/install/px4_msgs/include/px4_msgs/px4_msgs/msg/detail/gimbal_device_information__rosidl_typesupport_introspection_c.h\n'}
[0.449841] (px4_msgs) StdoutLine: {'line': b'-- Up-to-date symlink: /home/lee/workspace/ros2_ex_mav/install/px4_msgs/include/px4_msgs/px4_msgs/msg/detail/gimbal_device_set_attitude__rosidl_typesupport_introspection_c.h\n'}
[0.449873] (px4_msgs) StdoutLine: {'line': b'-- Up-to-date symlink: /home/lee/workspace/ros2_ex_mav/install/px4_msgs/include/px4_msgs/px4_msgs/msg/detail/gimbal_manager_information__rosidl_typesupport_introspection_c.h\n'}
[0.449907] (px4_msgs) StdoutLine: {'line': b'-- Up-to-date symlink: /home/lee/workspace/ros2_ex_mav/install/px4_msgs/include/px4_msgs/px4_msgs/msg/detail/gimbal_manager_set_attitude__rosidl_typesupport_introspection_c.h\n'}
[0.449941] (px4_msgs) StdoutLine: {'line': b'-- Up-to-date symlink: /home/lee/workspace/ros2_ex_mav/install/px4_msgs/include/px4_msgs/px4_msgs/msg/detail/gimbal_manager_set_manual_control__rosidl_typesupport_introspection_c.h\n'}
[0.449980] (px4_msgs) StdoutLine: {'line': b'-- Up-to-date symlink: /home/lee/workspace/ros2_ex_mav/install/px4_msgs/include/px4_msgs/px4_msgs/msg/detail/gimbal_manager_status__rosidl_typesupport_introspection_c.h\n'}
[0.450000] (px4_msgs) StdoutLine: {'line': b'-- Up-to-date symlink: /home/lee/workspace/ros2_ex_mav/install/px4_msgs/include/px4_msgs/px4_msgs/msg/detail/gps_dump__rosidl_typesupport_introspection_c.h\n'}
[0.450032] (px4_msgs) StdoutLine: {'line': b'-- Up-to-date symlink: /home/lee/workspace/ros2_ex_mav/install/px4_msgs/include/px4_msgs/px4_msgs/msg/detail/gps_inject_data__rosidl_typesupport_introspection_c.h\n'}
[0.450060] (px4_msgs) StdoutLine: {'line': b'-- Up-to-date symlink: /home/lee/workspace/ros2_ex_mav/install/px4_msgs/include/px4_msgs/px4_msgs/msg/detail/gripper__rosidl_typesupport_introspection_c.h\n'}
[0.450094] (px4_msgs) StdoutLine: {'line': b'-- Up-to-date symlink: /home/lee/workspace/ros2_ex_mav/install/px4_msgs/include/px4_msgs/px4_msgs/msg/detail/health_report__rosidl_typesupport_introspection_c.h\n'}
[0.450135] (px4_msgs) StdoutLine: {'line': b'-- Up-to-date symlink: /home/lee/workspace/ros2_ex_mav/install/px4_msgs/include/px4_msgs/px4_msgs/msg/detail/heater_status__rosidl_typesupport_introspection_c.h\n'}
[0.450154] (px4_msgs) StdoutLine: {'line': b'-- Up-to-date symlink: /home/lee/workspace/ros2_ex_mav/install/px4_msgs/include/px4_msgs/px4_msgs/msg/detail/home_position__rosidl_typesupport_introspection_c.h\n'}
[0.450189] (px4_msgs) StdoutLine: {'line': b'-- Up-to-date symlink: /home/lee/workspace/ros2_ex_mav/install/px4_msgs/include/px4_msgs/px4_msgs/msg/detail/hover_thrust_estimate__rosidl_typesupport_introspection_c.h\n'}
[0.450223] (px4_msgs) StdoutLine: {'line': b'-- Up-to-date symlink: /home/lee/workspace/ros2_ex_mav/install/px4_msgs/include/px4_msgs/px4_msgs/msg/detail/input_rc__rosidl_typesupport_introspection_c.h\n'}
[0.450262] (px4_msgs) StdoutLine: {'line': b'-- Up-to-date symlink: /home/lee/workspace/ros2_ex_mav/install/px4_msgs/include/px4_msgs/px4_msgs/msg/detail/internal_combustion_engine_status__rosidl_typesupport_introspection_c.h\n'}
[0.450282] (px4_msgs) StdoutLine: {'line': b'-- Up-to-date symlink: /home/lee/workspace/ros2_ex_mav/install/px4_msgs/include/px4_msgs/px4_msgs/msg/detail/iridiumsbd_status__rosidl_typesupport_introspection_c.h\n'}
[0.450316] (px4_msgs) StdoutLine: {'line': b'-- Up-to-date symlink: /home/lee/workspace/ros2_ex_mav/install/px4_msgs/include/px4_msgs/px4_msgs/msg/detail/irlock_report__rosidl_typesupport_introspection_c.h\n'}
[0.450357] (px4_msgs) StdoutLine: {'line': b'-- Up-to-date symlink: /home/lee/workspace/ros2_ex_mav/install/px4_msgs/include/px4_msgs/px4_msgs/msg/detail/landing_gear__rosidl_typesupport_introspection_c.h\n'}
[0.450378] (px4_msgs) StdoutLine: {'line': b'-- Up-to-date symlink: /home/lee/workspace/ros2_ex_mav/install/px4_msgs/include/px4_msgs/px4_msgs/msg/detail/landing_gear_wheel__rosidl_typesupport_introspection_c.h\n'}
[0.450411] (px4_msgs) StdoutLine: {'line': b'-- Up-to-date symlink: /home/lee/workspace/ros2_ex_mav/install/px4_msgs/include/px4_msgs/px4_msgs/msg/detail/landing_target_innovations__rosidl_typesupport_introspection_c.h\n'}
[0.450438] (px4_msgs) StdoutLine: {'line': b'-- Up-to-date symlink: /home/lee/workspace/ros2_ex_mav/install/px4_msgs/include/px4_msgs/px4_msgs/msg/detail/landing_target_pose__rosidl_typesupport_introspection_c.h\n'}
[0.450471] (px4_msgs) StdoutLine: {'line': b'-- Up-to-date symlink: /home/lee/workspace/ros2_ex_mav/install/px4_msgs/include/px4_msgs/px4_msgs/msg/detail/launch_detection_status__rosidl_typesupport_introspection_c.h\n'}
[0.450504] (px4_msgs) StdoutLine: {'line': b'-- Up-to-date symlink: /home/lee/workspace/ros2_ex_mav/install/px4_msgs/include/px4_msgs/px4_msgs/msg/detail/led_control__rosidl_typesupport_introspection_c.h\n'}
[0.450537] (px4_msgs) StdoutLine: {'line': b'-- Up-to-date symlink: /home/lee/workspace/ros2_ex_mav/install/px4_msgs/include/px4_msgs/px4_msgs/msg/detail/log_message__rosidl_typesupport_introspection_c.h\n'}
[0.450570] (px4_msgs) StdoutLine: {'line': b'-- Up-to-date symlink: /home/lee/workspace/ros2_ex_mav/install/px4_msgs/include/px4_msgs/px4_msgs/msg/detail/logger_status__rosidl_typesupport_introspection_c.h\n'}
[0.450604] (px4_msgs) StdoutLine: {'line': b'-- Up-to-date symlink: /home/lee/workspace/ros2_ex_mav/install/px4_msgs/include/px4_msgs/px4_msgs/msg/detail/mag_worker_data__rosidl_typesupport_introspection_c.h\n'}
[0.450645] (px4_msgs) StdoutLine: {'line': b'-- Up-to-date symlink: /home/lee/workspace/ros2_ex_mav/install/px4_msgs/include/px4_msgs/px4_msgs/msg/detail/magnetometer_bias_estimate__rosidl_typesupport_introspection_c.h\n'}
[0.450666] (px4_msgs) StdoutLine: {'line': b'-- Up-to-date symlink: /home/lee/workspace/ros2_ex_mav/install/px4_msgs/include/px4_msgs/px4_msgs/msg/detail/manual_control_setpoint__rosidl_typesupport_introspection_c.h\n'}
[0.450705] (px4_msgs) StdoutLine: {'line': b'-- Up-to-date symlink: /home/lee/workspace/ros2_ex_mav/install/px4_msgs/include/px4_msgs/px4_msgs/msg/detail/manual_control_switches__rosidl_typesupport_introspection_c.h\n'}
[0.450724] (px4_msgs) StdoutLine: {'line': b'-- Up-to-date symlink: /home/lee/workspace/ros2_ex_mav/install/px4_msgs/include/px4_msgs/px4_msgs/msg/detail/mavlink_log__rosidl_typesupport_introspection_c.h\n'}
[0.450757] (px4_msgs) StdoutLine: {'line': b'-- Up-to-date symlink: /home/lee/workspace/ros2_ex_mav/install/px4_msgs/include/px4_msgs/px4_msgs/msg/detail/mavlink_tunnel__rosidl_typesupport_introspection_c.h\n'}
[0.450790] (px4_msgs) StdoutLine: {'line': b'-- Up-to-date symlink: /home/lee/workspace/ros2_ex_mav/install/px4_msgs/include/px4_msgs/px4_msgs/msg/detail/mission__rosidl_typesupport_introspection_c.h\n'}
[0.450824] (px4_msgs) StdoutLine: {'line': b'-- Up-to-date symlink: /home/lee/workspace/ros2_ex_mav/install/px4_msgs/include/px4_msgs/px4_msgs/msg/detail/mission_result__rosidl_typesupport_introspection_c.h\n'}
[0.450862] (px4_msgs) StdoutLine: {'line': b'-- Up-to-date symlink: /home/lee/workspace/ros2_ex_mav/install/px4_msgs/include/px4_msgs/px4_msgs/msg/detail/mode_completed__rosidl_typesupport_introspection_c.h\n'}
[0.450881] (px4_msgs) StdoutLine: {'line': b'-- Up-to-date symlink: /home/lee/workspace/ros2_ex_mav/install/px4_msgs/include/px4_msgs/px4_msgs/msg/detail/mount_orientation__rosidl_typesupport_introspection_c.h\n'}
[0.450915] (px4_msgs) StdoutLine: {'line': b'-- Up-to-date symlink: /home/lee/workspace/ros2_ex_mav/install/px4_msgs/include/px4_msgs/px4_msgs/msg/detail/navigator_mission_item__rosidl_typesupport_introspection_c.h\n'}
[0.450943] (px4_msgs) StdoutLine: {'line': b'-- Up-to-date symlink: /home/lee/workspace/ros2_ex_mav/install/px4_msgs/include/px4_msgs/px4_msgs/msg/detail/normalized_unsigned_setpoint__rosidl_typesupport_introspection_c.h\n'}
[0.450979] (px4_msgs) StdoutLine: {'line': b'-- Up-to-date symlink: /home/lee/workspace/ros2_ex_mav/install/px4_msgs/include/px4_msgs/px4_msgs/msg/detail/npfg_status__rosidl_typesupport_introspection_c.h\n'}
[0.451012] (px4_msgs) StdoutLine: {'line': b'-- Up-to-date symlink: /home/lee/workspace/ros2_ex_mav/install/px4_msgs/include/px4_msgs/px4_msgs/msg/detail/obstacle_distance__rosidl_typesupport_introspection_c.h\n'}
[0.451046] (px4_msgs) StdoutLine: {'line': b'-- Up-to-date symlink: /home/lee/workspace/ros2_ex_mav/install/px4_msgs/include/px4_msgs/px4_msgs/msg/detail/offboard_control_mode__rosidl_typesupport_introspection_c.h\n'}
[0.451086] (px4_msgs) StdoutLine: {'line': b'-- Up-to-date symlink: /home/lee/workspace/ros2_ex_mav/install/px4_msgs/include/px4_msgs/px4_msgs/msg/detail/onboard_computer_status__rosidl_typesupport_introspection_c.h\n'}
[0.451106] (px4_msgs) StdoutLine: {'line': b'-- Up-to-date symlink: /home/lee/workspace/ros2_ex_mav/install/px4_msgs/include/px4_msgs/px4_msgs/msg/detail/orb_test__rosidl_typesupport_introspection_c.h\n'}
[0.451139] (px4_msgs) StdoutLine: {'line': b'-- Up-to-date symlink: /home/lee/workspace/ros2_ex_mav/install/px4_msgs/include/px4_msgs/px4_msgs/msg/detail/orb_test_large__rosidl_typesupport_introspection_c.h\n'}
[0.451177] (px4_msgs) StdoutLine: {'line': b'-- Up-to-date symlink: /home/lee/workspace/ros2_ex_mav/install/px4_msgs/include/px4_msgs/px4_msgs/msg/detail/orb_test_medium__rosidl_typesupport_introspection_c.h\n'}
[0.451197] (px4_msgs) StdoutLine: {'line': b'-- Up-to-date symlink: /home/lee/workspace/ros2_ex_mav/install/px4_msgs/include/px4_msgs/px4_msgs/msg/detail/orbit_status__rosidl_typesupport_introspection_c.h\n'}
[0.451232] (px4_msgs) StdoutLine: {'line': b'-- Up-to-date symlink: /home/lee/workspace/ros2_ex_mav/install/px4_msgs/include/px4_msgs/px4_msgs/msg/detail/parameter_update__rosidl_typesupport_introspection_c.h\n'}
[0.451265] (px4_msgs) StdoutLine: {'line': b'-- Up-to-date symlink: /home/lee/workspace/ros2_ex_mav/install/px4_msgs/include/px4_msgs/px4_msgs/msg/detail/ping__rosidl_typesupport_introspection_c.h\n'}
[0.451304] (px4_msgs) StdoutLine: {'line': b'-- Up-to-date symlink: /home/lee/workspace/ros2_ex_mav/install/px4_msgs/include/px4_msgs/px4_msgs/msg/detail/position_controller_landing_status__rosidl_typesupport_introspection_c.h\n'}
[0.451324] (px4_msgs) StdoutLine: {'line': b'-- Up-to-date symlink: /home/lee/workspace/ros2_ex_mav/install/px4_msgs/include/px4_msgs/px4_msgs/msg/detail/position_controller_status__rosidl_typesupport_introspection_c.h\n'}
[0.451360] (px4_msgs) StdoutLine: {'line': b'-- Up-to-date symlink: /home/lee/workspace/ros2_ex_mav/install/px4_msgs/include/px4_msgs/px4_msgs/msg/detail/position_setpoint__rosidl_typesupport_introspection_c.h\n'}
[0.451389] (px4_msgs) StdoutLine: {'line': b'-- Up-to-date symlink: /home/lee/workspace/ros2_ex_mav/install/px4_msgs/include/px4_msgs/px4_msgs/msg/detail/position_setpoint_triplet__rosidl_typesupport_introspection_c.h\n'}
[0.451423] (px4_msgs) StdoutLine: {'line': b'-- Up-to-date symlink: /home/lee/workspace/ros2_ex_mav/install/px4_msgs/include/px4_msgs/px4_msgs/msg/detail/power_button_state__rosidl_typesupport_introspection_c.h\n'}
[0.451458] (px4_msgs) StdoutLine: {'line': b'-- Up-to-date symlink: /home/lee/workspace/ros2_ex_mav/install/px4_msgs/include/px4_msgs/px4_msgs/msg/detail/power_monitor__rosidl_typesupport_introspection_c.h\n'}
[0.451491] (px4_msgs) StdoutLine: {'line': b'-- Up-to-date symlink: /home/lee/workspace/ros2_ex_mav/install/px4_msgs/include/px4_msgs/px4_msgs/msg/detail/pps_capture__rosidl_typesupport_introspection_c.h\n'}
[0.451526] (px4_msgs) StdoutLine: {'line': b'-- Up-to-date symlink: /home/lee/workspace/ros2_ex_mav/install/px4_msgs/include/px4_msgs/px4_msgs/msg/detail/pwm_input__rosidl_typesupport_introspection_c.h\n'}
[0.451560] (px4_msgs) StdoutLine: {'line': b'-- Up-to-date symlink: /home/lee/workspace/ros2_ex_mav/install/px4_msgs/include/px4_msgs/px4_msgs/msg/detail/px4io_status__rosidl_typesupport_introspection_c.h\n'}
[0.451593] (px4_msgs) StdoutLine: {'line': b'-- Up-to-date symlink: /home/lee/workspace/ros2_ex_mav/install/px4_msgs/include/px4_msgs/px4_msgs/msg/detail/qshell_req__rosidl_typesupport_introspection_c.h\n'}
[0.451633] (px4_msgs) StdoutLine: {'line': b'-- Up-to-date symlink: /home/lee/workspace/ros2_ex_mav/install/px4_msgs/include/px4_msgs/px4_msgs/msg/detail/qshell_retval__rosidl_typesupport_introspection_c.h\n'}
[0.451654] (px4_msgs) StdoutLine: {'line': b'-- Up-to-date symlink: /home/lee/workspace/ros2_ex_mav/install/px4_msgs/include/px4_msgs/px4_msgs/msg/detail/radio_status__rosidl_typesupport_introspection_c.h\n'}
[0.451693] (px4_msgs) StdoutLine: {'line': b'-- Up-to-date symlink: /home/lee/workspace/ros2_ex_mav/install/px4_msgs/include/px4_msgs/px4_msgs/msg/detail/rate_ctrl_status__rosidl_typesupport_introspection_c.h\n'}
[0.451713] (px4_msgs) StdoutLine: {'line': b'-- Up-to-date symlink: /home/lee/workspace/ros2_ex_mav/install/px4_msgs/include/px4_msgs/px4_msgs/msg/detail/rc_channels__rosidl_typesupport_introspection_c.h\n'}
[0.451752] (px4_msgs) StdoutLine: {'line': b'-- Up-to-date symlink: /home/lee/workspace/ros2_ex_mav/install/px4_msgs/include/px4_msgs/px4_msgs/msg/detail/rc_parameter_map__rosidl_typesupport_introspection_c.h\n'}
[0.451773] (px4_msgs) StdoutLine: {'line': b'-- Up-to-date symlink: /home/lee/workspace/ros2_ex_mav/install/px4_msgs/include/px4_msgs/px4_msgs/msg/detail/rpm__rosidl_typesupport_introspection_c.h\n'}
[0.451811] (px4_msgs) StdoutLine: {'line': b'-- Up-to-date symlink: /home/lee/workspace/ros2_ex_mav/install/px4_msgs/include/px4_msgs/px4_msgs/msg/detail/rtl_time_estimate__rosidl_typesupport_introspection_c.h\n'}
[0.451831] (px4_msgs) StdoutLine: {'line': b'-- Up-to-date symlink: /home/lee/workspace/ros2_ex_mav/install/px4_msgs/include/px4_msgs/px4_msgs/msg/detail/satellite_info__rosidl_typesupport_introspection_c.h\n'}
[0.451858] (px4_msgs) StdoutLine: {'line': b'-- Up-to-date symlink: /home/lee/workspace/ros2_ex_mav/install/px4_msgs/include/px4_msgs/px4_msgs/msg/detail/sensor_accel__rosidl_typesupport_introspection_c.h\n'}
[0.451892] (px4_msgs) StdoutLine: {'line': b'-- Up-to-date symlink: /home/lee/workspace/ros2_ex_mav/install/px4_msgs/include/px4_msgs/px4_msgs/msg/detail/sensor_accel_fifo__rosidl_typesupport_introspection_c.h\n'}
[0.451925] (px4_msgs) StdoutLine: {'line': b'-- Up-to-date symlink: /home/lee/workspace/ros2_ex_mav/install/px4_msgs/include/px4_msgs/px4_msgs/msg/detail/sensor_baro__rosidl_typesupport_introspection_c.h\n'}
[0.451965] (px4_msgs) StdoutLine: {'line': b'-- Up-to-date symlink: /home/lee/workspace/ros2_ex_mav/install/px4_msgs/include/px4_msgs/px4_msgs/msg/detail/sensor_combined__rosidl_typesupport_introspection_c.h\n'}
[0.451984] (px4_msgs) StdoutLine: {'line': b'-- Up-to-date symlink: /home/lee/workspace/ros2_ex_mav/install/px4_msgs/include/px4_msgs/px4_msgs/msg/detail/sensor_correction__rosidl_typesupport_introspection_c.h\n'}
[0.452018] (px4_msgs) StdoutLine: {'line': b'-- Up-to-date symlink: /home/lee/workspace/ros2_ex_mav/install/px4_msgs/include/px4_msgs/px4_msgs/msg/detail/sensor_gnss_relative__rosidl_typesupport_introspection_c.h\n'}
[0.452046] (px4_msgs) StdoutLine: {'line': b'-- Up-to-date symlink: /home/lee/workspace/ros2_ex_mav/install/px4_msgs/include/px4_msgs/px4_msgs/msg/detail/sensor_gps__rosidl_typesupport_introspection_c.h\n'}
[0.452080] (px4_msgs) StdoutLine: {'line': b'-- Up-to-date symlink: /home/lee/workspace/ros2_ex_mav/install/px4_msgs/include/px4_msgs/px4_msgs/msg/detail/sensor_gyro__rosidl_typesupport_introspection_c.h\n'}
[0.452115] (px4_msgs) StdoutLine: {'line': b'-- Up-to-date symlink: /home/lee/workspace/ros2_ex_mav/install/px4_msgs/include/px4_msgs/px4_msgs/msg/detail/sensor_gyro_fft__rosidl_typesupport_introspection_c.h\n'}
[0.452150] (px4_msgs) StdoutLine: {'line': b'-- Up-to-date symlink: /home/lee/workspace/ros2_ex_mav/install/px4_msgs/include/px4_msgs/px4_msgs/msg/detail/sensor_gyro_fifo__rosidl_typesupport_introspection_c.h\n'}
[0.452189] (px4_msgs) StdoutLine: {'line': b'-- Up-to-date symlink: /home/lee/workspace/ros2_ex_mav/install/px4_msgs/include/px4_msgs/px4_msgs/msg/detail/sensor_hygrometer__rosidl_typesupport_introspection_c.h\n'}
[0.452208] (px4_msgs) StdoutLine: {'line': b'-- Up-to-date symlink: /home/lee/workspace/ros2_ex_mav/install/px4_msgs/include/px4_msgs/px4_msgs/msg/detail/sensor_mag__rosidl_typesupport_introspection_c.h\n'}
[0.452246] (px4_msgs) StdoutLine: {'line': b'-- Up-to-date symlink: /home/lee/workspace/ros2_ex_mav/install/px4_msgs/include/px4_msgs/px4_msgs/msg/detail/sensor_optical_flow__rosidl_typesupport_introspection_c.h\n'}
[0.452265] (px4_msgs) StdoutLine: {'line': b'-- Up-to-date symlink: /home/lee/workspace/ros2_ex_mav/install/px4_msgs/include/px4_msgs/px4_msgs/msg/detail/sensor_preflight_mag__rosidl_typesupport_introspection_c.h\n'}
[0.452297] (px4_msgs) StdoutLine: {'line': b'-- Up-to-date symlink: /home/lee/workspace/ros2_ex_mav/install/px4_msgs/include/px4_msgs/px4_msgs/msg/detail/sensor_selection__rosidl_typesupport_introspection_c.h\n'}
[0.452330] (px4_msgs) StdoutLine: {'line': b'-- Up-to-date symlink: /home/lee/workspace/ros2_ex_mav/install/px4_msgs/include/px4_msgs/px4_msgs/msg/detail/sensor_uwb__rosidl_typesupport_introspection_c.h\n'}
[0.452367] (px4_msgs) StdoutLine: {'line': b'-- Up-to-date symlink: /home/lee/workspace/ros2_ex_mav/install/px4_msgs/include/px4_msgs/px4_msgs/msg/detail/sensors_status__rosidl_typesupport_introspection_c.h\n'}
[0.452408] (px4_msgs) StdoutLine: {'line': b'-- Up-to-date symlink: /home/lee/workspace/ros2_ex_mav/install/px4_msgs/include/px4_msgs/px4_msgs/msg/detail/sensors_status_imu__rosidl_typesupport_introspection_c.h\n'}
[0.452428] (px4_msgs) StdoutLine: {'line': b'-- Up-to-date symlink: /home/lee/workspace/ros2_ex_mav/install/px4_msgs/include/px4_msgs/px4_msgs/msg/detail/system_power__rosidl_typesupport_introspection_c.h\n'}
[0.452462] (px4_msgs) StdoutLine: {'line': b'-- Up-to-date symlink: /home/lee/workspace/ros2_ex_mav/install/px4_msgs/include/px4_msgs/px4_msgs/msg/detail/takeoff_status__rosidl_typesupport_introspection_c.h\n'}
[0.452501] (px4_msgs) StdoutLine: {'line': b'-- Up-to-date symlink: /home/lee/workspace/ros2_ex_mav/install/px4_msgs/include/px4_msgs/px4_msgs/msg/detail/task_stack_info__rosidl_typesupport_introspection_c.h\n'}
[0.452521] (px4_msgs) StdoutLine: {'line': b'-- Up-to-date symlink: /home/lee/workspace/ros2_ex_mav/install/px4_msgs/include/px4_msgs/px4_msgs/msg/detail/tecs_status__rosidl_typesupport_introspection_c.h\n'}
[0.452563] (px4_msgs) StdoutLine: {'line': b'-- Up-to-date symlink: /home/lee/workspace/ros2_ex_mav/install/px4_msgs/include/px4_msgs/px4_msgs/msg/detail/telemetry_status__rosidl_typesupport_introspection_c.h\n'}
[0.452583] (px4_msgs) StdoutLine: {'line': b'-- Up-to-date symlink: /home/lee/workspace/ros2_ex_mav/install/px4_msgs/include/px4_msgs/px4_msgs/msg/detail/tiltrotor_extra_controls__rosidl_typesupport_introspection_c.h\n'}
[0.452610] (px4_msgs) StdoutLine: {'line': b'-- Up-to-date symlink: /home/lee/workspace/ros2_ex_mav/install/px4_msgs/include/px4_msgs/px4_msgs/msg/detail/timesync_status__rosidl_typesupport_introspection_c.h\n'}
[0.452644] (px4_msgs) StdoutLine: {'line': b'-- Up-to-date symlink: /home/lee/workspace/ros2_ex_mav/install/px4_msgs/include/px4_msgs/px4_msgs/msg/detail/trajectory_bezier__rosidl_typesupport_introspection_c.h\n'}
[0.452678] (px4_msgs) StdoutLine: {'line': b'-- Up-to-date symlink: /home/lee/workspace/ros2_ex_mav/install/px4_msgs/include/px4_msgs/px4_msgs/msg/detail/trajectory_setpoint__rosidl_typesupport_introspection_c.h\n'}
[0.452718] (px4_msgs) StdoutLine: {'line': b'-- Up-to-date symlink: /home/lee/workspace/ros2_ex_mav/install/px4_msgs/include/px4_msgs/px4_msgs/msg/detail/trajectory_waypoint__rosidl_typesupport_introspection_c.h\n'}
[0.452736] (px4_msgs) StdoutLine: {'line': b'-- Up-to-date symlink: /home/lee/workspace/ros2_ex_mav/install/px4_msgs/include/px4_msgs/px4_msgs/msg/detail/transponder_report__rosidl_typesupport_introspection_c.h\n'}
[0.452769] (px4_msgs) StdoutLine: {'line': b'-- Up-to-date symlink: /home/lee/workspace/ros2_ex_mav/install/px4_msgs/include/px4_msgs/px4_msgs/msg/detail/tune_control__rosidl_typesupport_introspection_c.h\n'}
[0.452796] (px4_msgs) StdoutLine: {'line': b'-- Up-to-date symlink: /home/lee/workspace/ros2_ex_mav/install/px4_msgs/include/px4_msgs/px4_msgs/msg/detail/uavcan_parameter_request__rosidl_typesupport_introspection_c.h\n'}
[0.452830] (px4_msgs) StdoutLine: {'line': b'-- Up-to-date symlink: /home/lee/workspace/ros2_ex_mav/install/px4_msgs/include/px4_msgs/px4_msgs/msg/detail/uavcan_parameter_value__rosidl_typesupport_introspection_c.h\n'}
[0.452865] (px4_msgs) StdoutLine: {'line': b'-- Up-to-date symlink: /home/lee/workspace/ros2_ex_mav/install/px4_msgs/include/px4_msgs/px4_msgs/msg/detail/ulog_stream__rosidl_typesupport_introspection_c.h\n'}
[0.452899] (px4_msgs) StdoutLine: {'line': b'-- Up-to-date symlink: /home/lee/workspace/ros2_ex_mav/install/px4_msgs/include/px4_msgs/px4_msgs/msg/detail/ulog_stream_ack__rosidl_typesupport_introspection_c.h\n'}
[0.452933] (px4_msgs) StdoutLine: {'line': b'-- Up-to-date symlink: /home/lee/workspace/ros2_ex_mav/install/px4_msgs/include/px4_msgs/px4_msgs/msg/detail/vehicle_acceleration__rosidl_typesupport_introspection_c.h\n'}
[0.452972] (px4_msgs) StdoutLine: {'line': b'-- Up-to-date symlink: /home/lee/workspace/ros2_ex_mav/install/px4_msgs/include/px4_msgs/px4_msgs/msg/detail/vehicle_air_data__rosidl_typesupport_introspection_c.h\n'}
[0.452992] (px4_msgs) StdoutLine: {'line': b'-- Up-to-date symlink: /home/lee/workspace/ros2_ex_mav/install/px4_msgs/include/px4_msgs/px4_msgs/msg/detail/vehicle_angular_acceleration_setpoint__rosidl_typesupport_introspection_c.h\n'}
[0.453030] (px4_msgs) StdoutLine: {'line': b'-- Up-to-date symlink: /home/lee/workspace/ros2_ex_mav/install/px4_msgs/include/px4_msgs/px4_msgs/msg/detail/vehicle_angular_velocity__rosidl_typesupport_introspection_c.h\n'}
[0.453050] (px4_msgs) StdoutLine: {'line': b'-- Up-to-date symlink: /home/lee/workspace/ros2_ex_mav/install/px4_msgs/include/px4_msgs/px4_msgs/msg/detail/vehicle_attitude__rosidl_typesupport_introspection_c.h\n'}
[0.453083] (px4_msgs) StdoutLine: {'line': b'-- Up-to-date symlink: /home/lee/workspace/ros2_ex_mav/install/px4_msgs/include/px4_msgs/px4_msgs/msg/detail/vehicle_attitude_setpoint__rosidl_typesupport_introspection_c.h\n'}
[0.453116] (px4_msgs) StdoutLine: {'line': b'-- Up-to-date symlink: /home/lee/workspace/ros2_ex_mav/install/px4_msgs/include/px4_msgs/px4_msgs/msg/detail/vehicle_command__rosidl_typesupport_introspection_c.h\n'}
[0.453143] (px4_msgs) StdoutLine: {'line': b'-- Up-to-date symlink: /home/lee/workspace/ros2_ex_mav/install/px4_msgs/include/px4_msgs/px4_msgs/msg/detail/vehicle_command_ack__rosidl_typesupport_introspection_c.h\n'}
[0.453176] (px4_msgs) StdoutLine: {'line': b'-- Up-to-date symlink: /home/lee/workspace/ros2_ex_mav/install/px4_msgs/include/px4_msgs/px4_msgs/msg/detail/vehicle_constraints__rosidl_typesupport_introspection_c.h\n'}
[0.453209] (px4_msgs) StdoutLine: {'line': b'-- Up-to-date symlink: /home/lee/workspace/ros2_ex_mav/install/px4_msgs/include/px4_msgs/px4_msgs/msg/detail/vehicle_control_mode__rosidl_typesupport_introspection_c.h\n'}
[0.453249] (px4_msgs) StdoutLine: {'line': b'-- Up-to-date symlink: /home/lee/workspace/ros2_ex_mav/install/px4_msgs/include/px4_msgs/px4_msgs/msg/detail/vehicle_global_position__rosidl_typesupport_introspection_c.h\n'}
[0.453269] (px4_msgs) StdoutLine: {'line': b'-- Up-to-date symlink: /home/lee/workspace/ros2_ex_mav/install/px4_msgs/include/px4_msgs/px4_msgs/msg/detail/vehicle_imu__rosidl_typesupport_introspection_c.h\n'}
[0.453304] (px4_msgs) StdoutLine: {'line': b'-- Up-to-date symlink: /home/lee/workspace/ros2_ex_mav/install/px4_msgs/include/px4_msgs/px4_msgs/msg/detail/vehicle_imu_status__rosidl_typesupport_introspection_c.h\n'}
[0.453343] (px4_msgs) StdoutLine: {'line': b'-- Up-to-date symlink: /home/lee/workspace/ros2_ex_mav/install/px4_msgs/include/px4_msgs/px4_msgs/msg/detail/vehicle_land_detected__rosidl_typesupport_introspection_c.h\n'}
[0.453379] (px4_msgs) StdoutLine: {'line': b'-- Up-to-date symlink: /home/lee/workspace/ros2_ex_mav/install/px4_msgs/include/px4_msgs/px4_msgs/msg/detail/vehicle_local_position__rosidl_typesupport_introspection_c.h\n'}
[0.453413] (px4_msgs) StdoutLine: {'line': b'-- Up-to-date symlink: /home/lee/workspace/ros2_ex_mav/install/px4_msgs/include/px4_msgs/px4_msgs/msg/detail/vehicle_local_position_setpoint__rosidl_typesupport_introspection_c.h\n'}
[0.453452] (px4_msgs) StdoutLine: {'line': b'-- Up-to-date symlink: /home/lee/workspace/ros2_ex_mav/install/px4_msgs/include/px4_msgs/px4_msgs/msg/detail/vehicle_magnetometer__rosidl_typesupport_introspection_c.h\n'}
[0.453471] (px4_msgs) StdoutLine: {'line': b'-- Up-to-date symlink: /home/lee/workspace/ros2_ex_mav/install/px4_msgs/include/px4_msgs/px4_msgs/msg/detail/vehicle_odometry__rosidl_typesupport_introspection_c.h\n'}
[0.453506] (px4_msgs) StdoutLine: {'line': b'-- Up-to-date symlink: /home/lee/workspace/ros2_ex_mav/install/px4_msgs/include/px4_msgs/px4_msgs/msg/detail/vehicle_optical_flow__rosidl_typesupport_introspection_c.h\n'}
[0.453546] (px4_msgs) StdoutLine: {'line': b'-- Up-to-date symlink: /home/lee/workspace/ros2_ex_mav/install/px4_msgs/include/px4_msgs/px4_msgs/msg/detail/vehicle_optical_flow_vel__rosidl_typesupport_introspection_c.h\n'}
[0.453565] (px4_msgs) StdoutLine: {'line': b'-- Up-to-date symlink: /home/lee/workspace/ros2_ex_mav/install/px4_msgs/include/px4_msgs/px4_msgs/msg/detail/vehicle_rates_setpoint__rosidl_typesupport_introspection_c.h\n'}
[0.453603] (px4_msgs) StdoutLine: {'line': b'-- Up-to-date symlink: /home/lee/workspace/ros2_ex_mav/install/px4_msgs/include/px4_msgs/px4_msgs/msg/detail/vehicle_roi__rosidl_typesupport_introspection_c.h\n'}
[0.453623] (px4_msgs) StdoutLine: {'line': b'-- Up-to-date symlink: /home/lee/workspace/ros2_ex_mav/install/px4_msgs/include/px4_msgs/px4_msgs/msg/detail/vehicle_status__rosidl_typesupport_introspection_c.h\n'}
[0.453662] (px4_msgs) StdoutLine: {'line': b'-- Up-to-date symlink: /home/lee/workspace/ros2_ex_mav/install/px4_msgs/include/px4_msgs/px4_msgs/msg/detail/vehicle_thrust_setpoint__rosidl_typesupport_introspection_c.h\n'}
[0.453682] (px4_msgs) StdoutLine: {'line': b'-- Up-to-date symlink: /home/lee/workspace/ros2_ex_mav/install/px4_msgs/include/px4_msgs/px4_msgs/msg/detail/vehicle_torque_setpoint__rosidl_typesupport_introspection_c.h\n'}
[0.453716] (px4_msgs) StdoutLine: {'line': b'-- Up-to-date symlink: /home/lee/workspace/ros2_ex_mav/install/px4_msgs/include/px4_msgs/px4_msgs/msg/detail/vehicle_trajectory_bezier__rosidl_typesupport_introspection_c.h\n'}
[0.453755] (px4_msgs) StdoutLine: {'line': b'-- Up-to-date symlink: /home/lee/workspace/ros2_ex_mav/install/px4_msgs/include/px4_msgs/px4_msgs/msg/detail/vehicle_trajectory_waypoint__rosidl_typesupport_introspection_c.h\n'}
[0.453775] (px4_msgs) StdoutLine: {'line': b'-- Up-to-date symlink: /home/lee/workspace/ros2_ex_mav/install/px4_msgs/include/px4_msgs/px4_msgs/msg/detail/vtol_vehicle_status__rosidl_typesupport_introspection_c.h\n'}
[0.453808] (px4_msgs) StdoutLine: {'line': b'-- Up-to-date symlink: /home/lee/workspace/ros2_ex_mav/install/px4_msgs/include/px4_msgs/px4_msgs/msg/detail/wind__rosidl_typesupport_introspection_c.h\n'}
[0.453842] (px4_msgs) StdoutLine: {'line': b'-- Up-to-date symlink: /home/lee/workspace/ros2_ex_mav/install/px4_msgs/include/px4_msgs/px4_msgs/msg/detail/yaw_estimator_status__rosidl_typesupport_introspection_c.h\n'}
[0.453876] (px4_msgs) StdoutLine: {'line': b'-- Up-to-date symlink: /home/lee/workspace/ros2_ex_mav/install/px4_msgs/include/px4_msgs/px4_msgs/msg/rosidl_typesupport_introspection_c__visibility_control.h\n'}
[0.454828] (px4_msgs) StdoutLine: {'line': b'-- Up-to-date symlink: /home/lee/workspace/ros2_ex_mav/install/px4_msgs/include/px4_msgs/px4_msgs/msg/detail/action_request__rosidl_typesupport_introspection_cpp.hpp\n'}
[0.454875] (px4_msgs) StdoutLine: {'line': b'-- Up-to-date symlink: /home/lee/workspace/ros2_ex_mav/install/px4_msgs/include/px4_msgs/px4_msgs/msg/detail/actuator_armed__rosidl_typesupport_introspection_cpp.hpp\n'}
[0.454903] (px4_msgs) StdoutLine: {'line': b'-- Up-to-date symlink: /home/lee/workspace/ros2_ex_mav/install/px4_msgs/include/px4_msgs/px4_msgs/msg/detail/actuator_controls_status__rosidl_typesupport_introspection_cpp.hpp\n'}
[0.454921] (px4_msgs) StdoutLine: {'line': b'-- Up-to-date symlink: /home/lee/workspace/ros2_ex_mav/install/px4_msgs/include/px4_msgs/px4_msgs/msg/detail/actuator_motors__rosidl_typesupport_introspection_cpp.hpp\n'}
[0.454961] (px4_msgs) StdoutLine: {'line': b'-- Up-to-date symlink: /home/lee/workspace/ros2_ex_mav/install/px4_msgs/include/px4_msgs/px4_msgs/msg/detail/actuator_outputs__rosidl_typesupport_introspection_cpp.hpp\n'}
[0.454981] (px4_msgs) StdoutLine: {'line': b'-- Up-to-date symlink: /home/lee/workspace/ros2_ex_mav/install/px4_msgs/include/px4_msgs/px4_msgs/msg/detail/actuator_servos__rosidl_typesupport_introspection_cpp.hpp\n'}
[0.455021] (px4_msgs) StdoutLine: {'line': b'-- Up-to-date symlink: /home/lee/workspace/ros2_ex_mav/install/px4_msgs/include/px4_msgs/px4_msgs/msg/detail/actuator_servos_trim__rosidl_typesupport_introspection_cpp.hpp\n'}
[0.455040] (px4_msgs) StdoutLine: {'line': b'-- Up-to-date symlink: /home/lee/workspace/ros2_ex_mav/install/px4_msgs/include/px4_msgs/px4_msgs/msg/detail/actuator_test__rosidl_typesupport_introspection_cpp.hpp\n'}
[0.455073] (px4_msgs) StdoutLine: {'line': b'-- Up-to-date symlink: /home/lee/workspace/ros2_ex_mav/install/px4_msgs/include/px4_msgs/px4_msgs/msg/detail/adc_report__rosidl_typesupport_introspection_cpp.hpp\n'}
[0.455108] (px4_msgs) StdoutLine: {'line': b'-- Up-to-date symlink: /home/lee/workspace/ros2_ex_mav/install/px4_msgs/include/px4_msgs/px4_msgs/msg/detail/airspeed__rosidl_typesupport_introspection_cpp.hpp\n'}
[0.455142] (px4_msgs) StdoutLine: {'line': b'-- Up-to-date symlink: /home/lee/workspace/ros2_ex_mav/install/px4_msgs/include/px4_msgs/px4_msgs/msg/detail/airspeed_validated__rosidl_typesupport_introspection_cpp.hpp\n'}
[0.455175] (px4_msgs) StdoutLine: {'line': b'-- Up-to-date symlink: /home/lee/workspace/ros2_ex_mav/install/px4_msgs/include/px4_msgs/px4_msgs/msg/detail/airspeed_wind__rosidl_typesupport_introspection_cpp.hpp\n'}
[0.455212] (px4_msgs) StdoutLine: {'line': b'-- Up-to-date symlink: /home/lee/workspace/ros2_ex_mav/install/px4_msgs/include/px4_msgs/px4_msgs/msg/detail/autotune_attitude_control_status__rosidl_typesupport_introspection_cpp.hpp\n'}
[0.455251] (px4_msgs) StdoutLine: {'line': b'-- Up-to-date symlink: /home/lee/workspace/ros2_ex_mav/install/px4_msgs/include/px4_msgs/px4_msgs/msg/detail/battery_status__rosidl_typesupport_introspection_cpp.hpp\n'}
[0.455271] (px4_msgs) StdoutLine: {'line': b'-- Up-to-date symlink: /home/lee/workspace/ros2_ex_mav/install/px4_msgs/include/px4_msgs/px4_msgs/msg/detail/button_event__rosidl_typesupport_introspection_cpp.hpp\n'}
[0.455310] (px4_msgs) StdoutLine: {'line': b'-- Up-to-date symlink: /home/lee/workspace/ros2_ex_mav/install/px4_msgs/include/px4_msgs/px4_msgs/msg/detail/camera_capture__rosidl_typesupport_introspection_cpp.hpp\n'}
[0.455330] (px4_msgs) StdoutLine: {'line': b'-- Up-to-date symlink: /home/lee/workspace/ros2_ex_mav/install/px4_msgs/include/px4_msgs/px4_msgs/msg/detail/camera_status__rosidl_typesupport_introspection_cpp.hpp\n'}
[0.455365] (px4_msgs) StdoutLine: {'line': b'-- Up-to-date symlink: /home/lee/workspace/ros2_ex_mav/install/px4_msgs/include/px4_msgs/px4_msgs/msg/detail/camera_trigger__rosidl_typesupport_introspection_cpp.hpp\n'}
[0.455404] (px4_msgs) StdoutLine: {'line': b'-- Up-to-date symlink: /home/lee/workspace/ros2_ex_mav/install/px4_msgs/include/px4_msgs/px4_msgs/msg/detail/cellular_status__rosidl_typesupport_introspection_cpp.hpp\n'}
[0.455424] (px4_msgs) StdoutLine: {'line': b'-- Up-to-date symlink: /home/lee/workspace/ros2_ex_mav/install/px4_msgs/include/px4_msgs/px4_msgs/msg/detail/collision_constraints__rosidl_typesupport_introspection_cpp.hpp\n'}
[0.455457] (px4_msgs) StdoutLine: {'line': b'-- Up-to-date symlink: /home/lee/workspace/ros2_ex_mav/install/px4_msgs/include/px4_msgs/px4_msgs/msg/detail/collision_report__rosidl_typesupport_introspection_cpp.hpp\n'}
[0.455492] (px4_msgs) StdoutLine: {'line': b'-- Up-to-date symlink: /home/lee/workspace/ros2_ex_mav/install/px4_msgs/include/px4_msgs/px4_msgs/msg/detail/control_allocator_status__rosidl_typesupport_introspection_cpp.hpp\n'}
[0.455525] (px4_msgs) StdoutLine: {'line': b'-- Up-to-date symlink: /home/lee/workspace/ros2_ex_mav/install/px4_msgs/include/px4_msgs/px4_msgs/msg/detail/cpuload__rosidl_typesupport_introspection_cpp.hpp\n'}
[0.455565] (px4_msgs) StdoutLine: {'line': b'-- Up-to-date symlink: /home/lee/workspace/ros2_ex_mav/install/px4_msgs/include/px4_msgs/px4_msgs/msg/detail/debug_array__rosidl_typesupport_introspection_cpp.hpp\n'}
[0.455584] (px4_msgs) StdoutLine: {'line': b'-- Up-to-date symlink: /home/lee/workspace/ros2_ex_mav/install/px4_msgs/include/px4_msgs/px4_msgs/msg/detail/debug_key_value__rosidl_typesupport_introspection_cpp.hpp\n'}
[0.455616] (px4_msgs) StdoutLine: {'line': b'-- Up-to-date symlink: /home/lee/workspace/ros2_ex_mav/install/px4_msgs/include/px4_msgs/px4_msgs/msg/detail/debug_value__rosidl_typesupport_introspection_cpp.hpp\n'}
[0.455644] (px4_msgs) StdoutLine: {'line': b'-- Up-to-date symlink: /home/lee/workspace/ros2_ex_mav/install/px4_msgs/include/px4_msgs/px4_msgs/msg/detail/debug_vect__rosidl_typesupport_introspection_cpp.hpp\n'}
[0.455673] (px4_msgs) StdoutLine: {'line': b'-- Up-to-date symlink: /home/lee/workspace/ros2_ex_mav/install/px4_msgs/include/px4_msgs/px4_msgs/msg/detail/differential_pressure__rosidl_typesupport_introspection_cpp.hpp\n'}
[0.455706] (px4_msgs) StdoutLine: {'line': b'-- Up-to-date symlink: /home/lee/workspace/ros2_ex_mav/install/px4_msgs/include/px4_msgs/px4_msgs/msg/detail/distance_sensor__rosidl_typesupport_introspection_cpp.hpp\n'}
[0.455739] (px4_msgs) StdoutLine: {'line': b'-- Up-to-date symlink: /home/lee/workspace/ros2_ex_mav/install/px4_msgs/include/px4_msgs/px4_msgs/msg/detail/ekf2_timestamps__rosidl_typesupport_introspection_cpp.hpp\n'}
[0.455771] (px4_msgs) StdoutLine: {'line': b'-- Up-to-date symlink: /home/lee/workspace/ros2_ex_mav/install/px4_msgs/include/px4_msgs/px4_msgs/msg/detail/esc_report__rosidl_typesupport_introspection_cpp.hpp\n'}
[0.455800] (px4_msgs) StdoutLine: {'line': b'-- Up-to-date symlink: /home/lee/workspace/ros2_ex_mav/install/px4_msgs/include/px4_msgs/px4_msgs/msg/detail/esc_status__rosidl_typesupport_introspection_cpp.hpp\n'}
[0.455833] (px4_msgs) StdoutLine: {'line': b'-- Up-to-date symlink: /home/lee/workspace/ros2_ex_mav/install/px4_msgs/include/px4_msgs/px4_msgs/msg/detail/estimator_aid_source1d__rosidl_typesupport_introspection_cpp.hpp\n'}
[0.455868] (px4_msgs) StdoutLine: {'line': b'-- Up-to-date symlink: /home/lee/workspace/ros2_ex_mav/install/px4_msgs/include/px4_msgs/px4_msgs/msg/detail/estimator_aid_source2d__rosidl_typesupport_introspection_cpp.hpp\n'}
[0.455895] (px4_msgs) StdoutLine: {'line': b'-- Up-to-date symlink: /home/lee/workspace/ros2_ex_mav/install/px4_msgs/include/px4_msgs/px4_msgs/msg/detail/estimator_aid_source3d__rosidl_typesupport_introspection_cpp.hpp\n'}
[0.455926] (px4_msgs) StdoutLine: {'line': b'-- Up-to-date symlink: /home/lee/workspace/ros2_ex_mav/install/px4_msgs/include/px4_msgs/px4_msgs/msg/detail/estimator_bias3d__rosidl_typesupport_introspection_cpp.hpp\n'}
[0.455958] (px4_msgs) StdoutLine: {'line': b'-- Up-to-date symlink: /home/lee/workspace/ros2_ex_mav/install/px4_msgs/include/px4_msgs/px4_msgs/msg/detail/estimator_bias__rosidl_typesupport_introspection_cpp.hpp\n'}
[0.455991] (px4_msgs) StdoutLine: {'line': b'-- Up-to-date symlink: /home/lee/workspace/ros2_ex_mav/install/px4_msgs/include/px4_msgs/px4_msgs/msg/detail/estimator_event_flags__rosidl_typesupport_introspection_cpp.hpp\n'}
[0.456023] (px4_msgs) StdoutLine: {'line': b'-- Up-to-date symlink: /home/lee/workspace/ros2_ex_mav/install/px4_msgs/include/px4_msgs/px4_msgs/msg/detail/estimator_gps_status__rosidl_typesupport_introspection_cpp.hpp\n'}
[0.456054] (px4_msgs) StdoutLine: {'line': b'-- Up-to-date symlink: /home/lee/workspace/ros2_ex_mav/install/px4_msgs/include/px4_msgs/px4_msgs/msg/detail/estimator_innovations__rosidl_typesupport_introspection_cpp.hpp\n'}
[0.456086] (px4_msgs) StdoutLine: {'line': b'-- Up-to-date symlink: /home/lee/workspace/ros2_ex_mav/install/px4_msgs/include/px4_msgs/px4_msgs/msg/detail/estimator_selector_status__rosidl_typesupport_introspection_cpp.hpp\n'}
[0.456117] (px4_msgs) StdoutLine: {'line': b'-- Up-to-date symlink: /home/lee/workspace/ros2_ex_mav/install/px4_msgs/include/px4_msgs/px4_msgs/msg/detail/estimator_sensor_bias__rosidl_typesupport_introspection_cpp.hpp\n'}
[0.456148] (px4_msgs) StdoutLine: {'line': b'-- Up-to-date symlink: /home/lee/workspace/ros2_ex_mav/install/px4_msgs/include/px4_msgs/px4_msgs/msg/detail/estimator_states__rosidl_typesupport_introspection_cpp.hpp\n'}
[0.456181] (px4_msgs) StdoutLine: {'line': b'-- Up-to-date symlink: /home/lee/workspace/ros2_ex_mav/install/px4_msgs/include/px4_msgs/px4_msgs/msg/detail/estimator_status__rosidl_typesupport_introspection_cpp.hpp\n'}
[0.456212] (px4_msgs) StdoutLine: {'line': b'-- Up-to-date symlink: /home/lee/workspace/ros2_ex_mav/install/px4_msgs/include/px4_msgs/px4_msgs/msg/detail/estimator_status_flags__rosidl_typesupport_introspection_cpp.hpp\n'}
[0.456244] (px4_msgs) StdoutLine: {'line': b'-- Up-to-date symlink: /home/lee/workspace/ros2_ex_mav/install/px4_msgs/include/px4_msgs/px4_msgs/msg/detail/event__rosidl_typesupport_introspection_cpp.hpp\n'}
[0.456276] (px4_msgs) StdoutLine: {'line': b'-- Up-to-date symlink: /home/lee/workspace/ros2_ex_mav/install/px4_msgs/include/px4_msgs/px4_msgs/msg/detail/failsafe_flags__rosidl_typesupport_introspection_cpp.hpp\n'}
[0.456309] (px4_msgs) StdoutLine: {'line': b'-- Up-to-date symlink: /home/lee/workspace/ros2_ex_mav/install/px4_msgs/include/px4_msgs/px4_msgs/msg/detail/failure_detector_status__rosidl_typesupport_introspection_cpp.hpp\n'}
[0.456340] (px4_msgs) StdoutLine: {'line': b'-- Up-to-date symlink: /home/lee/workspace/ros2_ex_mav/install/px4_msgs/include/px4_msgs/px4_msgs/msg/detail/follow_target__rosidl_typesupport_introspection_cpp.hpp\n'}
[0.456375] (px4_msgs) StdoutLine: {'line': b'-- Up-to-date symlink: /home/lee/workspace/ros2_ex_mav/install/px4_msgs/include/px4_msgs/px4_msgs/msg/detail/follow_target_estimator__rosidl_typesupport_introspection_cpp.hpp\n'}
[0.456407] (px4_msgs) StdoutLine: {'line': b'-- Up-to-date symlink: /home/lee/workspace/ros2_ex_mav/install/px4_msgs/include/px4_msgs/px4_msgs/msg/detail/follow_target_status__rosidl_typesupport_introspection_cpp.hpp\n'}
[0.456439] (px4_msgs) StdoutLine: {'line': b'-- Up-to-date symlink: /home/lee/workspace/ros2_ex_mav/install/px4_msgs/include/px4_msgs/px4_msgs/msg/detail/generator_status__rosidl_typesupport_introspection_cpp.hpp\n'}
[0.456471] (px4_msgs) StdoutLine: {'line': b'-- Up-to-date symlink: /home/lee/workspace/ros2_ex_mav/install/px4_msgs/include/px4_msgs/px4_msgs/msg/detail/geofence_result__rosidl_typesupport_introspection_cpp.hpp\n'}
[0.456503] (px4_msgs) StdoutLine: {'line': b'-- Up-to-date symlink: /home/lee/workspace/ros2_ex_mav/install/px4_msgs/include/px4_msgs/px4_msgs/msg/detail/gimbal_controls__rosidl_typesupport_introspection_cpp.hpp\n'}
[0.456536] (px4_msgs) StdoutLine: {'line': b'-- Up-to-date symlink: /home/lee/workspace/ros2_ex_mav/install/px4_msgs/include/px4_msgs/px4_msgs/msg/detail/gimbal_device_attitude_status__rosidl_typesupport_introspection_cpp.hpp\n'}
[0.456571] (px4_msgs) StdoutLine: {'line': b'-- Up-to-date symlink: /home/lee/workspace/ros2_ex_mav/install/px4_msgs/include/px4_msgs/px4_msgs/msg/detail/gimbal_device_information__rosidl_typesupport_introspection_cpp.hpp\n'}
[0.456604] (px4_msgs) StdoutLine: {'line': b'-- Up-to-date symlink: /home/lee/workspace/ros2_ex_mav/install/px4_msgs/include/px4_msgs/px4_msgs/msg/detail/gimbal_device_set_attitude__rosidl_typesupport_introspection_cpp.hpp\n'}
[0.456637] (px4_msgs) StdoutLine: {'line': b'-- Up-to-date symlink: /home/lee/workspace/ros2_ex_mav/install/px4_msgs/include/px4_msgs/px4_msgs/msg/detail/gimbal_manager_information__rosidl_typesupport_introspection_cpp.hpp\n'}
[0.456670] (px4_msgs) StdoutLine: {'line': b'-- Up-to-date symlink: /home/lee/workspace/ros2_ex_mav/install/px4_msgs/include/px4_msgs/px4_msgs/msg/detail/gimbal_manager_set_attitude__rosidl_typesupport_introspection_cpp.hpp\n'}
[0.456702] (px4_msgs) StdoutLine: {'line': b'-- Up-to-date symlink: /home/lee/workspace/ros2_ex_mav/install/px4_msgs/include/px4_msgs/px4_msgs/msg/detail/gimbal_manager_set_manual_control__rosidl_typesupport_introspection_cpp.hpp\n'}
[0.456734] (px4_msgs) StdoutLine: {'line': b'-- Up-to-date symlink: /home/lee/workspace/ros2_ex_mav/install/px4_msgs/include/px4_msgs/px4_msgs/msg/detail/gimbal_manager_status__rosidl_typesupport_introspection_cpp.hpp\n'}
[0.456767] (px4_msgs) StdoutLine: {'line': b'-- Up-to-date symlink: /home/lee/workspace/ros2_ex_mav/install/px4_msgs/include/px4_msgs/px4_msgs/msg/detail/gps_dump__rosidl_typesupport_introspection_cpp.hpp\n'}
[0.456810] (px4_msgs) StdoutLine: {'line': b'-- Up-to-date symlink: /home/lee/workspace/ros2_ex_mav/install/px4_msgs/include/px4_msgs/px4_msgs/msg/detail/gps_inject_data__rosidl_typesupport_introspection_cpp.hpp\n'}
[0.456842] (px4_msgs) StdoutLine: {'line': b'-- Up-to-date symlink: /home/lee/workspace/ros2_ex_mav/install/px4_msgs/include/px4_msgs/px4_msgs/msg/detail/gripper__rosidl_typesupport_introspection_cpp.hpp\n'}
[0.456877] (px4_msgs) StdoutLine: {'line': b'-- Up-to-date symlink: /home/lee/workspace/ros2_ex_mav/install/px4_msgs/include/px4_msgs/px4_msgs/msg/detail/health_report__rosidl_typesupport_introspection_cpp.hpp\n'}
[0.456912] (px4_msgs) StdoutLine: {'line': b'-- Up-to-date symlink: /home/lee/workspace/ros2_ex_mav/install/px4_msgs/include/px4_msgs/px4_msgs/msg/detail/heater_status__rosidl_typesupport_introspection_cpp.hpp\n'}
[0.456948] (px4_msgs) StdoutLine: {'line': b'-- Up-to-date symlink: /home/lee/workspace/ros2_ex_mav/install/px4_msgs/include/px4_msgs/px4_msgs/msg/detail/home_position__rosidl_typesupport_introspection_cpp.hpp\n'}
[0.456989] (px4_msgs) StdoutLine: {'line': b'-- Up-to-date symlink: /home/lee/workspace/ros2_ex_mav/install/px4_msgs/include/px4_msgs/px4_msgs/msg/detail/hover_thrust_estimate__rosidl_typesupport_introspection_cpp.hpp\n'}
[0.457010] (px4_msgs) StdoutLine: {'line': b'-- Up-to-date symlink: /home/lee/workspace/ros2_ex_mav/install/px4_msgs/include/px4_msgs/px4_msgs/msg/detail/input_rc__rosidl_typesupport_introspection_cpp.hpp\n'}
[0.457044] (px4_msgs) StdoutLine: {'line': b'-- Up-to-date symlink: /home/lee/workspace/ros2_ex_mav/install/px4_msgs/include/px4_msgs/px4_msgs/msg/detail/internal_combustion_engine_status__rosidl_typesupport_introspection_cpp.hpp\n'}
[0.457076] (px4_msgs) StdoutLine: {'line': b'-- Up-to-date symlink: /home/lee/workspace/ros2_ex_mav/install/px4_msgs/include/px4_msgs/px4_msgs/msg/detail/iridiumsbd_status__rosidl_typesupport_introspection_cpp.hpp\n'}
[0.457104] (px4_msgs) StdoutLine: {'line': b'-- Up-to-date symlink: /home/lee/workspace/ros2_ex_mav/install/px4_msgs/include/px4_msgs/px4_msgs/msg/detail/irlock_report__rosidl_typesupport_introspection_cpp.hpp\n'}
[0.457140] (px4_msgs) StdoutLine: {'line': b'-- Up-to-date symlink: /home/lee/workspace/ros2_ex_mav/install/px4_msgs/include/px4_msgs/px4_msgs/msg/detail/landing_gear__rosidl_typesupport_introspection_cpp.hpp\n'}
[0.457176] (px4_msgs) StdoutLine: {'line': b'-- Up-to-date symlink: /home/lee/workspace/ros2_ex_mav/install/px4_msgs/include/px4_msgs/px4_msgs/msg/detail/landing_gear_wheel__rosidl_typesupport_introspection_cpp.hpp\n'}
[0.457211] (px4_msgs) StdoutLine: {'line': b'-- Up-to-date symlink: /home/lee/workspace/ros2_ex_mav/install/px4_msgs/include/px4_msgs/px4_msgs/msg/detail/landing_target_innovations__rosidl_typesupport_introspection_cpp.hpp\n'}
[0.457253] (px4_msgs) StdoutLine: {'line': b'-- Up-to-date symlink: /home/lee/workspace/ros2_ex_mav/install/px4_msgs/include/px4_msgs/px4_msgs/msg/detail/landing_target_pose__rosidl_typesupport_introspection_cpp.hpp\n'}
[0.457275] (px4_msgs) StdoutLine: {'line': b'-- Up-to-date symlink: /home/lee/workspace/ros2_ex_mav/install/px4_msgs/include/px4_msgs/px4_msgs/msg/detail/launch_detection_status__rosidl_typesupport_introspection_cpp.hpp\n'}
[0.457314] (px4_msgs) StdoutLine: {'line': b'-- Up-to-date symlink: /home/lee/workspace/ros2_ex_mav/install/px4_msgs/include/px4_msgs/px4_msgs/msg/detail/led_control__rosidl_typesupport_introspection_cpp.hpp\n'}
[0.457332] (px4_msgs) StdoutLine: {'line': b'-- Up-to-date symlink: /home/lee/workspace/ros2_ex_mav/install/px4_msgs/include/px4_msgs/px4_msgs/msg/detail/log_message__rosidl_typesupport_introspection_cpp.hpp\n'}
[0.457367] (px4_msgs) StdoutLine: {'line': b'-- Up-to-date symlink: /home/lee/workspace/ros2_ex_mav/install/px4_msgs/include/px4_msgs/px4_msgs/msg/detail/logger_status__rosidl_typesupport_introspection_cpp.hpp\n'}
[0.457401] (px4_msgs) StdoutLine: {'line': b'-- Up-to-date symlink: /home/lee/workspace/ros2_ex_mav/install/px4_msgs/include/px4_msgs/px4_msgs/msg/detail/mag_worker_data__rosidl_typesupport_introspection_cpp.hpp\n'}
[0.457436] (px4_msgs) StdoutLine: {'line': b'-- Up-to-date symlink: /home/lee/workspace/ros2_ex_mav/install/px4_msgs/include/px4_msgs/px4_msgs/msg/detail/magnetometer_bias_estimate__rosidl_typesupport_introspection_cpp.hpp\n'}
[0.457464] (px4_msgs) StdoutLine: {'line': b'-- Up-to-date symlink: /home/lee/workspace/ros2_ex_mav/install/px4_msgs/include/px4_msgs/px4_msgs/msg/detail/manual_control_setpoint__rosidl_typesupport_introspection_cpp.hpp\n'}
[0.457497] (px4_msgs) StdoutLine: {'line': b'-- Up-to-date symlink: /home/lee/workspace/ros2_ex_mav/install/px4_msgs/include/px4_msgs/px4_msgs/msg/detail/manual_control_switches__rosidl_typesupport_introspection_cpp.hpp\n'}
[0.457532] (px4_msgs) StdoutLine: {'line': b'-- Up-to-date symlink: /home/lee/workspace/ros2_ex_mav/install/px4_msgs/include/px4_msgs/px4_msgs/msg/detail/mavlink_log__rosidl_typesupport_introspection_cpp.hpp\n'}
[0.457567] (px4_msgs) StdoutLine: {'line': b'-- Up-to-date symlink: /home/lee/workspace/ros2_ex_mav/install/px4_msgs/include/px4_msgs/px4_msgs/msg/detail/mavlink_tunnel__rosidl_typesupport_introspection_cpp.hpp\n'}
[0.457607] (px4_msgs) StdoutLine: {'line': b'-- Up-to-date symlink: /home/lee/workspace/ros2_ex_mav/install/px4_msgs/include/px4_msgs/px4_msgs/msg/detail/mission__rosidl_typesupport_introspection_cpp.hpp\n'}
[0.457628] (px4_msgs) StdoutLine: {'line': b'-- Up-to-date symlink: /home/lee/workspace/ros2_ex_mav/install/px4_msgs/include/px4_msgs/px4_msgs/msg/detail/mission_result__rosidl_typesupport_introspection_cpp.hpp\n'}
[0.457661] (px4_msgs) StdoutLine: {'line': b'-- Up-to-date symlink: /home/lee/workspace/ros2_ex_mav/install/px4_msgs/include/px4_msgs/px4_msgs/msg/detail/mode_completed__rosidl_typesupport_introspection_cpp.hpp\n'}
[0.457692] (px4_msgs) StdoutLine: {'line': b'-- Up-to-date symlink: /home/lee/workspace/ros2_ex_mav/install/px4_msgs/include/px4_msgs/px4_msgs/msg/detail/mount_orientation__rosidl_typesupport_introspection_cpp.hpp\n'}
[0.457727] (px4_msgs) StdoutLine: {'line': b'-- Up-to-date symlink: /home/lee/workspace/ros2_ex_mav/install/px4_msgs/include/px4_msgs/px4_msgs/msg/detail/navigator_mission_item__rosidl_typesupport_introspection_cpp.hpp\n'}
[0.457778] (px4_msgs) StdoutLine: {'line': b'-- Up-to-date symlink: /home/lee/workspace/ros2_ex_mav/install/px4_msgs/include/px4_msgs/px4_msgs/msg/detail/normalized_unsigned_setpoint__rosidl_typesupport_introspection_cpp.hpp\n'}
[0.457846] (px4_msgs) StdoutLine: {'line': b'-- Up-to-date symlink: /home/lee/workspace/ros2_ex_mav/install/px4_msgs/include/px4_msgs/px4_msgs/msg/detail/npfg_status__rosidl_typesupport_introspection_cpp.hpp\n'}
[0.457892] (px4_msgs) StdoutLine: {'line': b'-- Up-to-date symlink: /home/lee/workspace/ros2_ex_mav/install/px4_msgs/include/px4_msgs/px4_msgs/msg/detail/obstacle_distance__rosidl_typesupport_introspection_cpp.hpp\n'}
[0.457933] (px4_msgs) StdoutLine: {'line': b'-- Up-to-date symlink: /home/lee/workspace/ros2_ex_mav/install/px4_msgs/include/px4_msgs/px4_msgs/msg/detail/offboard_control_mode__rosidl_typesupport_introspection_cpp.hpp\n'}
[0.457975] (px4_msgs) StdoutLine: {'line': b'-- Up-to-date symlink: /home/lee/workspace/ros2_ex_mav/install/px4_msgs/include/px4_msgs/px4_msgs/msg/detail/onboard_computer_status__rosidl_typesupport_introspection_cpp.hpp\n'}
[0.458015] (px4_msgs) StdoutLine: {'line': b'-- Up-to-date symlink: /home/lee/workspace/ros2_ex_mav/install/px4_msgs/include/px4_msgs/px4_msgs/msg/detail/orb_test__rosidl_typesupport_introspection_cpp.hpp\n'}
[0.458055] (px4_msgs) StdoutLine: {'line': b'-- Up-to-date symlink: /home/lee/workspace/ros2_ex_mav/install/px4_msgs/include/px4_msgs/px4_msgs/msg/detail/orb_test_large__rosidl_typesupport_introspection_cpp.hpp\n'}
[0.458090] (px4_msgs) StdoutLine: {'line': b'-- Up-to-date symlink: /home/lee/workspace/ros2_ex_mav/install/px4_msgs/include/px4_msgs/px4_msgs/msg/detail/orb_test_medium__rosidl_typesupport_introspection_cpp.hpp\n'}
[0.458122] (px4_msgs) StdoutLine: {'line': b'-- Up-to-date symlink: /home/lee/workspace/ros2_ex_mav/install/px4_msgs/include/px4_msgs/px4_msgs/msg/detail/orbit_status__rosidl_typesupport_introspection_cpp.hpp\n'}
[0.458153] (px4_msgs) StdoutLine: {'line': b'-- Up-to-date symlink: /home/lee/workspace/ros2_ex_mav/install/px4_msgs/include/px4_msgs/px4_msgs/msg/detail/parameter_update__rosidl_typesupport_introspection_cpp.hpp\n'}
[0.458186] (px4_msgs) StdoutLine: {'line': b'-- Up-to-date symlink: /home/lee/workspace/ros2_ex_mav/install/px4_msgs/include/px4_msgs/px4_msgs/msg/detail/ping__rosidl_typesupport_introspection_cpp.hpp\n'}
[0.458218] (px4_msgs) StdoutLine: {'line': b'-- Up-to-date symlink: /home/lee/workspace/ros2_ex_mav/install/px4_msgs/include/px4_msgs/px4_msgs/msg/detail/position_controller_landing_status__rosidl_typesupport_introspection_cpp.hpp\n'}
[0.458251] (px4_msgs) StdoutLine: {'line': b'-- Up-to-date symlink: /home/lee/workspace/ros2_ex_mav/install/px4_msgs/include/px4_msgs/px4_msgs/msg/detail/position_controller_status__rosidl_typesupport_introspection_cpp.hpp\n'}
[0.458283] (px4_msgs) StdoutLine: {'line': b'-- Up-to-date symlink: /home/lee/workspace/ros2_ex_mav/install/px4_msgs/include/px4_msgs/px4_msgs/msg/detail/position_setpoint__rosidl_typesupport_introspection_cpp.hpp\n'}
[0.458315] (px4_msgs) StdoutLine: {'line': b'-- Up-to-date symlink: /home/lee/workspace/ros2_ex_mav/install/px4_msgs/include/px4_msgs/px4_msgs/msg/detail/position_setpoint_triplet__rosidl_typesupport_introspection_cpp.hpp\n'}
[0.458350] (px4_msgs) StdoutLine: {'line': b'-- Up-to-date symlink: /home/lee/workspace/ros2_ex_mav/install/px4_msgs/include/px4_msgs/px4_msgs/msg/detail/power_button_state__rosidl_typesupport_introspection_cpp.hpp\n'}
[0.458384] (px4_msgs) StdoutLine: {'line': b'-- Up-to-date symlink: /home/lee/workspace/ros2_ex_mav/install/px4_msgs/include/px4_msgs/px4_msgs/msg/detail/power_monitor__rosidl_typesupport_introspection_cpp.hpp\n'}
[0.458416] (px4_msgs) StdoutLine: {'line': b'-- Up-to-date symlink: /home/lee/workspace/ros2_ex_mav/install/px4_msgs/include/px4_msgs/px4_msgs/msg/detail/pps_capture__rosidl_typesupport_introspection_cpp.hpp\n'}
[0.458448] (px4_msgs) StdoutLine: {'line': b'-- Up-to-date symlink: /home/lee/workspace/ros2_ex_mav/install/px4_msgs/include/px4_msgs/px4_msgs/msg/detail/pwm_input__rosidl_typesupport_introspection_cpp.hpp\n'}
[0.458481] (px4_msgs) StdoutLine: {'line': b'-- Up-to-date symlink: /home/lee/workspace/ros2_ex_mav/install/px4_msgs/include/px4_msgs/px4_msgs/msg/detail/px4io_status__rosidl_typesupport_introspection_cpp.hpp\n'}
[0.458515] (px4_msgs) StdoutLine: {'line': b'-- Up-to-date symlink: /home/lee/workspace/ros2_ex_mav/install/px4_msgs/include/px4_msgs/px4_msgs/msg/detail/qshell_req__rosidl_typesupport_introspection_cpp.hpp\n'}
[0.458547] (px4_msgs) StdoutLine: {'line': b'-- Up-to-date symlink: /home/lee/workspace/ros2_ex_mav/install/px4_msgs/include/px4_msgs/px4_msgs/msg/detail/qshell_retval__rosidl_typesupport_introspection_cpp.hpp\n'}
[0.458583] (px4_msgs) StdoutLine: {'line': b'-- Up-to-date symlink: /home/lee/workspace/ros2_ex_mav/install/px4_msgs/include/px4_msgs/px4_msgs/msg/detail/radio_status__rosidl_typesupport_introspection_cpp.hpp\n'}
[0.458615] (px4_msgs) StdoutLine: {'line': b'-- Up-to-date symlink: /home/lee/workspace/ros2_ex_mav/install/px4_msgs/include/px4_msgs/px4_msgs/msg/detail/rate_ctrl_status__rosidl_typesupport_introspection_cpp.hpp\n'}
[0.458646] (px4_msgs) StdoutLine: {'line': b'-- Up-to-date symlink: /home/lee/workspace/ros2_ex_mav/install/px4_msgs/include/px4_msgs/px4_msgs/msg/detail/rc_channels__rosidl_typesupport_introspection_cpp.hpp\n'}
[0.458678] (px4_msgs) StdoutLine: {'line': b'-- Up-to-date symlink: /home/lee/workspace/ros2_ex_mav/install/px4_msgs/include/px4_msgs/px4_msgs/msg/detail/rc_parameter_map__rosidl_typesupport_introspection_cpp.hpp\n'}
[0.458710] (px4_msgs) StdoutLine: {'line': b'-- Up-to-date symlink: /home/lee/workspace/ros2_ex_mav/install/px4_msgs/include/px4_msgs/px4_msgs/msg/detail/rpm__rosidl_typesupport_introspection_cpp.hpp\n'}
[0.458742] (px4_msgs) StdoutLine: {'line': b'-- Up-to-date symlink: /home/lee/workspace/ros2_ex_mav/install/px4_msgs/include/px4_msgs/px4_msgs/msg/detail/rtl_time_estimate__rosidl_typesupport_introspection_cpp.hpp\n'}
[0.458775] (px4_msgs) StdoutLine: {'line': b'-- Up-to-date symlink: /home/lee/workspace/ros2_ex_mav/install/px4_msgs/include/px4_msgs/px4_msgs/msg/detail/satellite_info__rosidl_typesupport_introspection_cpp.hpp\n'}
[0.458802] (px4_msgs) StdoutLine: {'line': b'-- Up-to-date symlink: /home/lee/workspace/ros2_ex_mav/install/px4_msgs/include/px4_msgs/px4_msgs/msg/detail/sensor_accel__rosidl_typesupport_introspection_cpp.hpp\n'}
[0.458832] (px4_msgs) StdoutLine: {'line': b'-- Up-to-date symlink: /home/lee/workspace/ros2_ex_mav/install/px4_msgs/include/px4_msgs/px4_msgs/msg/detail/sensor_accel_fifo__rosidl_typesupport_introspection_cpp.hpp\n'}
[0.458863] (px4_msgs) StdoutLine: {'line': b'-- Up-to-date symlink: /home/lee/workspace/ros2_ex_mav/install/px4_msgs/include/px4_msgs/px4_msgs/msg/detail/sensor_baro__rosidl_typesupport_introspection_cpp.hpp\n'}
[0.458894] (px4_msgs) StdoutLine: {'line': b'-- Up-to-date symlink: /home/lee/workspace/ros2_ex_mav/install/px4_msgs/include/px4_msgs/px4_msgs/msg/detail/sensor_combined__rosidl_typesupport_introspection_cpp.hpp\n'}
[0.458925] (px4_msgs) StdoutLine: {'line': b'-- Up-to-date symlink: /home/lee/workspace/ros2_ex_mav/install/px4_msgs/include/px4_msgs/px4_msgs/msg/detail/sensor_correction__rosidl_typesupport_introspection_cpp.hpp\n'}
[0.458957] (px4_msgs) StdoutLine: {'line': b'-- Up-to-date symlink: /home/lee/workspace/ros2_ex_mav/install/px4_msgs/include/px4_msgs/px4_msgs/msg/detail/sensor_gnss_relative__rosidl_typesupport_introspection_cpp.hpp\n'}
[0.458988] (px4_msgs) StdoutLine: {'line': b'-- Up-to-date symlink: /home/lee/workspace/ros2_ex_mav/install/px4_msgs/include/px4_msgs/px4_msgs/msg/detail/sensor_gps__rosidl_typesupport_introspection_cpp.hpp\n'}
[0.459020] (px4_msgs) StdoutLine: {'line': b'-- Up-to-date symlink: /home/lee/workspace/ros2_ex_mav/install/px4_msgs/include/px4_msgs/px4_msgs/msg/detail/sensor_gyro__rosidl_typesupport_introspection_cpp.hpp\n'}
[0.459051] (px4_msgs) StdoutLine: {'line': b'-- Up-to-date symlink: /home/lee/workspace/ros2_ex_mav/install/px4_msgs/include/px4_msgs/px4_msgs/msg/detail/sensor_gyro_fft__rosidl_typesupport_introspection_cpp.hpp\n'}
[0.459082] (px4_msgs) StdoutLine: {'line': b'-- Up-to-date symlink: /home/lee/workspace/ros2_ex_mav/install/px4_msgs/include/px4_msgs/px4_msgs/msg/detail/sensor_gyro_fifo__rosidl_typesupport_introspection_cpp.hpp\n'}
[0.459113] (px4_msgs) StdoutLine: {'line': b'-- Up-to-date symlink: /home/lee/workspace/ros2_ex_mav/install/px4_msgs/include/px4_msgs/px4_msgs/msg/detail/sensor_hygrometer__rosidl_typesupport_introspection_cpp.hpp\n'}
[0.459145] (px4_msgs) StdoutLine: {'line': b'-- Up-to-date symlink: /home/lee/workspace/ros2_ex_mav/install/px4_msgs/include/px4_msgs/px4_msgs/msg/detail/sensor_mag__rosidl_typesupport_introspection_cpp.hpp\n'}
[0.459176] (px4_msgs) StdoutLine: {'line': b'-- Up-to-date symlink: /home/lee/workspace/ros2_ex_mav/install/px4_msgs/include/px4_msgs/px4_msgs/msg/detail/sensor_optical_flow__rosidl_typesupport_introspection_cpp.hpp\n'}
[0.459208] (px4_msgs) StdoutLine: {'line': b'-- Up-to-date symlink: /home/lee/workspace/ros2_ex_mav/install/px4_msgs/include/px4_msgs/px4_msgs/msg/detail/sensor_preflight_mag__rosidl_typesupport_introspection_cpp.hpp\n'}
[0.459239] (px4_msgs) StdoutLine: {'line': b'-- Up-to-date symlink: /home/lee/workspace/ros2_ex_mav/install/px4_msgs/include/px4_msgs/px4_msgs/msg/detail/sensor_selection__rosidl_typesupport_introspection_cpp.hpp\n'}
[0.459270] (px4_msgs) StdoutLine: {'line': b'-- Up-to-date symlink: /home/lee/workspace/ros2_ex_mav/install/px4_msgs/include/px4_msgs/px4_msgs/msg/detail/sensor_uwb__rosidl_typesupport_introspection_cpp.hpp\n'}
[0.459301] (px4_msgs) StdoutLine: {'line': b'-- Up-to-date symlink: /home/lee/workspace/ros2_ex_mav/install/px4_msgs/include/px4_msgs/px4_msgs/msg/detail/sensors_status__rosidl_typesupport_introspection_cpp.hpp\n'}
[0.459333] (px4_msgs) StdoutLine: {'line': b'-- Up-to-date symlink: /home/lee/workspace/ros2_ex_mav/install/px4_msgs/include/px4_msgs/px4_msgs/msg/detail/sensors_status_imu__rosidl_typesupport_introspection_cpp.hpp\n'}
[0.459366] (px4_msgs) StdoutLine: {'line': b'-- Up-to-date symlink: /home/lee/workspace/ros2_ex_mav/install/px4_msgs/include/px4_msgs/px4_msgs/msg/detail/system_power__rosidl_typesupport_introspection_cpp.hpp\n'}
[0.459398] (px4_msgs) StdoutLine: {'line': b'-- Up-to-date symlink: /home/lee/workspace/ros2_ex_mav/install/px4_msgs/include/px4_msgs/px4_msgs/msg/detail/takeoff_status__rosidl_typesupport_introspection_cpp.hpp\n'}
[0.459430] (px4_msgs) StdoutLine: {'line': b'-- Up-to-date symlink: /home/lee/workspace/ros2_ex_mav/install/px4_msgs/include/px4_msgs/px4_msgs/msg/detail/task_stack_info__rosidl_typesupport_introspection_cpp.hpp\n'}
[0.459460] (px4_msgs) StdoutLine: {'line': b'-- Up-to-date symlink: /home/lee/workspace/ros2_ex_mav/install/px4_msgs/include/px4_msgs/px4_msgs/msg/detail/tecs_status__rosidl_typesupport_introspection_cpp.hpp\n'}
[0.459492] (px4_msgs) StdoutLine: {'line': b'-- Up-to-date symlink: /home/lee/workspace/ros2_ex_mav/install/px4_msgs/include/px4_msgs/px4_msgs/msg/detail/telemetry_status__rosidl_typesupport_introspection_cpp.hpp\n'}
[0.459524] (px4_msgs) StdoutLine: {'line': b'-- Up-to-date symlink: /home/lee/workspace/ros2_ex_mav/install/px4_msgs/include/px4_msgs/px4_msgs/msg/detail/tiltrotor_extra_controls__rosidl_typesupport_introspection_cpp.hpp\n'}
[0.459558] (px4_msgs) StdoutLine: {'line': b'-- Up-to-date symlink: /home/lee/workspace/ros2_ex_mav/install/px4_msgs/include/px4_msgs/px4_msgs/msg/detail/timesync_status__rosidl_typesupport_introspection_cpp.hpp\n'}
[0.459589] (px4_msgs) StdoutLine: {'line': b'-- Up-to-date symlink: /home/lee/workspace/ros2_ex_mav/install/px4_msgs/include/px4_msgs/px4_msgs/msg/detail/trajectory_bezier__rosidl_typesupport_introspection_cpp.hpp\n'}
[0.459622] (px4_msgs) StdoutLine: {'line': b'-- Up-to-date symlink: /home/lee/workspace/ros2_ex_mav/install/px4_msgs/include/px4_msgs/px4_msgs/msg/detail/trajectory_setpoint__rosidl_typesupport_introspection_cpp.hpp\n'}
[0.459654] (px4_msgs) StdoutLine: {'line': b'-- Up-to-date symlink: /home/lee/workspace/ros2_ex_mav/install/px4_msgs/include/px4_msgs/px4_msgs/msg/detail/trajectory_waypoint__rosidl_typesupport_introspection_cpp.hpp\n'}
[0.459687] (px4_msgs) StdoutLine: {'line': b'-- Up-to-date symlink: /home/lee/workspace/ros2_ex_mav/install/px4_msgs/include/px4_msgs/px4_msgs/msg/detail/transponder_report__rosidl_typesupport_introspection_cpp.hpp\n'}
[0.459720] (px4_msgs) StdoutLine: {'line': b'-- Up-to-date symlink: /home/lee/workspace/ros2_ex_mav/install/px4_msgs/include/px4_msgs/px4_msgs/msg/detail/tune_control__rosidl_typesupport_introspection_cpp.hpp\n'}
[0.459752] (px4_msgs) StdoutLine: {'line': b'-- Up-to-date symlink: /home/lee/workspace/ros2_ex_mav/install/px4_msgs/include/px4_msgs/px4_msgs/msg/detail/uavcan_parameter_request__rosidl_typesupport_introspection_cpp.hpp\n'}
[0.459785] (px4_msgs) StdoutLine: {'line': b'-- Up-to-date symlink: /home/lee/workspace/ros2_ex_mav/install/px4_msgs/include/px4_msgs/px4_msgs/msg/detail/uavcan_parameter_value__rosidl_typesupport_introspection_cpp.hpp\n'}
[0.459818] (px4_msgs) StdoutLine: {'line': b'-- Up-to-date symlink: /home/lee/workspace/ros2_ex_mav/install/px4_msgs/include/px4_msgs/px4_msgs/msg/detail/ulog_stream__rosidl_typesupport_introspection_cpp.hpp\n'}
[0.459850] (px4_msgs) StdoutLine: {'line': b'-- Up-to-date symlink: /home/lee/workspace/ros2_ex_mav/install/px4_msgs/include/px4_msgs/px4_msgs/msg/detail/ulog_stream_ack__rosidl_typesupport_introspection_cpp.hpp\n'}
[0.459883] (px4_msgs) StdoutLine: {'line': b'-- Up-to-date symlink: /home/lee/workspace/ros2_ex_mav/install/px4_msgs/include/px4_msgs/px4_msgs/msg/detail/vehicle_acceleration__rosidl_typesupport_introspection_cpp.hpp\n'}
[0.459916] (px4_msgs) StdoutLine: {'line': b'-- Up-to-date symlink: /home/lee/workspace/ros2_ex_mav/install/px4_msgs/include/px4_msgs/px4_msgs/msg/detail/vehicle_air_data__rosidl_typesupport_introspection_cpp.hpp\n'}
[0.459948] (px4_msgs) StdoutLine: {'line': b'-- Up-to-date symlink: /home/lee/workspace/ros2_ex_mav/install/px4_msgs/include/px4_msgs/px4_msgs/msg/detail/vehicle_angular_acceleration_setpoint__rosidl_typesupport_introspection_cpp.hpp\n'}
[0.459980] (px4_msgs) StdoutLine: {'line': b'-- Up-to-date symlink: /home/lee/workspace/ros2_ex_mav/install/px4_msgs/include/px4_msgs/px4_msgs/msg/detail/vehicle_angular_velocity__rosidl_typesupport_introspection_cpp.hpp\n'}
[0.460013] (px4_msgs) StdoutLine: {'line': b'-- Up-to-date symlink: /home/lee/workspace/ros2_ex_mav/install/px4_msgs/include/px4_msgs/px4_msgs/msg/detail/vehicle_attitude__rosidl_typesupport_introspection_cpp.hpp\n'}
[0.460045] (px4_msgs) StdoutLine: {'line': b'-- Up-to-date symlink: /home/lee/workspace/ros2_ex_mav/install/px4_msgs/include/px4_msgs/px4_msgs/msg/detail/vehicle_attitude_setpoint__rosidl_typesupport_introspection_cpp.hpp\n'}
[0.460077] (px4_msgs) StdoutLine: {'line': b'-- Up-to-date symlink: /home/lee/workspace/ros2_ex_mav/install/px4_msgs/include/px4_msgs/px4_msgs/msg/detail/vehicle_command__rosidl_typesupport_introspection_cpp.hpp\n'}
[0.460109] (px4_msgs) StdoutLine: {'line': b'-- Up-to-date symlink: /home/lee/workspace/ros2_ex_mav/install/px4_msgs/include/px4_msgs/px4_msgs/msg/detail/vehicle_command_ack__rosidl_typesupport_introspection_cpp.hpp\n'}
[0.460141] (px4_msgs) StdoutLine: {'line': b'-- Up-to-date symlink: /home/lee/workspace/ros2_ex_mav/install/px4_msgs/include/px4_msgs/px4_msgs/msg/detail/vehicle_constraints__rosidl_typesupport_introspection_cpp.hpp\n'}
[0.460173] (px4_msgs) StdoutLine: {'line': b'-- Up-to-date symlink: /home/lee/workspace/ros2_ex_mav/install/px4_msgs/include/px4_msgs/px4_msgs/msg/detail/vehicle_control_mode__rosidl_typesupport_introspection_cpp.hpp\n'}
[0.460205] (px4_msgs) StdoutLine: {'line': b'-- Up-to-date symlink: /home/lee/workspace/ros2_ex_mav/install/px4_msgs/include/px4_msgs/px4_msgs/msg/detail/vehicle_global_position__rosidl_typesupport_introspection_cpp.hpp\n'}
[0.460238] (px4_msgs) StdoutLine: {'line': b'-- Up-to-date symlink: /home/lee/workspace/ros2_ex_mav/install/px4_msgs/include/px4_msgs/px4_msgs/msg/detail/vehicle_imu__rosidl_typesupport_introspection_cpp.hpp\n'}
[0.460270] (px4_msgs) StdoutLine: {'line': b'-- Up-to-date symlink: /home/lee/workspace/ros2_ex_mav/install/px4_msgs/include/px4_msgs/px4_msgs/msg/detail/vehicle_imu_status__rosidl_typesupport_introspection_cpp.hpp\n'}
[0.460302] (px4_msgs) StdoutLine: {'line': b'-- Up-to-date symlink: /home/lee/workspace/ros2_ex_mav/install/px4_msgs/include/px4_msgs/px4_msgs/msg/detail/vehicle_land_detected__rosidl_typesupport_introspection_cpp.hpp\n'}
[0.460335] (px4_msgs) StdoutLine: {'line': b'-- Up-to-date symlink: /home/lee/workspace/ros2_ex_mav/install/px4_msgs/include/px4_msgs/px4_msgs/msg/detail/vehicle_local_position__rosidl_typesupport_introspection_cpp.hpp\n'}
[0.460368] (px4_msgs) StdoutLine: {'line': b'-- Up-to-date symlink: /home/lee/workspace/ros2_ex_mav/install/px4_msgs/include/px4_msgs/px4_msgs/msg/detail/vehicle_local_position_setpoint__rosidl_typesupport_introspection_cpp.hpp\n'}
[0.460402] (px4_msgs) StdoutLine: {'line': b'-- Up-to-date symlink: /home/lee/workspace/ros2_ex_mav/install/px4_msgs/include/px4_msgs/px4_msgs/msg/detail/vehicle_magnetometer__rosidl_typesupport_introspection_cpp.hpp\n'}
[0.460434] (px4_msgs) StdoutLine: {'line': b'-- Up-to-date symlink: /home/lee/workspace/ros2_ex_mav/install/px4_msgs/include/px4_msgs/px4_msgs/msg/detail/vehicle_odometry__rosidl_typesupport_introspection_cpp.hpp\n'}
[0.460466] (px4_msgs) StdoutLine: {'line': b'-- Up-to-date symlink: /home/lee/workspace/ros2_ex_mav/install/px4_msgs/include/px4_msgs/px4_msgs/msg/detail/vehicle_optical_flow__rosidl_typesupport_introspection_cpp.hpp\n'}
[0.460500] (px4_msgs) StdoutLine: {'line': b'-- Up-to-date symlink: /home/lee/workspace/ros2_ex_mav/install/px4_msgs/include/px4_msgs/px4_msgs/msg/detail/vehicle_optical_flow_vel__rosidl_typesupport_introspection_cpp.hpp\n'}
[0.460532] (px4_msgs) StdoutLine: {'line': b'-- Up-to-date symlink: /home/lee/workspace/ros2_ex_mav/install/px4_msgs/include/px4_msgs/px4_msgs/msg/detail/vehicle_rates_setpoint__rosidl_typesupport_introspection_cpp.hpp\n'}
[0.460564] (px4_msgs) StdoutLine: {'line': b'-- Up-to-date symlink: /home/lee/workspace/ros2_ex_mav/install/px4_msgs/include/px4_msgs/px4_msgs/msg/detail/vehicle_roi__rosidl_typesupport_introspection_cpp.hpp\n'}
[0.460597] (px4_msgs) StdoutLine: {'line': b'-- Up-to-date symlink: /home/lee/workspace/ros2_ex_mav/install/px4_msgs/include/px4_msgs/px4_msgs/msg/detail/vehicle_status__rosidl_typesupport_introspection_cpp.hpp\n'}
[0.460629] (px4_msgs) StdoutLine: {'line': b'-- Up-to-date symlink: /home/lee/workspace/ros2_ex_mav/install/px4_msgs/include/px4_msgs/px4_msgs/msg/detail/vehicle_thrust_setpoint__rosidl_typesupport_introspection_cpp.hpp\n'}
[0.460661] (px4_msgs) StdoutLine: {'line': b'-- Up-to-date symlink: /home/lee/workspace/ros2_ex_mav/install/px4_msgs/include/px4_msgs/px4_msgs/msg/detail/vehicle_torque_setpoint__rosidl_typesupport_introspection_cpp.hpp\n'}
[0.460692] (px4_msgs) StdoutLine: {'line': b'-- Up-to-date symlink: /home/lee/workspace/ros2_ex_mav/install/px4_msgs/include/px4_msgs/px4_msgs/msg/detail/vehicle_trajectory_bezier__rosidl_typesupport_introspection_cpp.hpp\n'}
[0.460724] (px4_msgs) StdoutLine: {'line': b'-- Up-to-date symlink: /home/lee/workspace/ros2_ex_mav/install/px4_msgs/include/px4_msgs/px4_msgs/msg/detail/vehicle_trajectory_waypoint__rosidl_typesupport_introspection_cpp.hpp\n'}
[0.460756] (px4_msgs) StdoutLine: {'line': b'-- Up-to-date symlink: /home/lee/workspace/ros2_ex_mav/install/px4_msgs/include/px4_msgs/px4_msgs/msg/detail/vtol_vehicle_status__rosidl_typesupport_introspection_cpp.hpp\n'}
[0.460788] (px4_msgs) StdoutLine: {'line': b'-- Up-to-date symlink: /home/lee/workspace/ros2_ex_mav/install/px4_msgs/include/px4_msgs/px4_msgs/msg/detail/wind__rosidl_typesupport_introspection_cpp.hpp\n'}
[0.460820] (px4_msgs) StdoutLine: {'line': b'-- Up-to-date symlink: /home/lee/workspace/ros2_ex_mav/install/px4_msgs/include/px4_msgs/px4_msgs/msg/detail/yaw_estimator_status__rosidl_typesupport_introspection_cpp.hpp\n'}
[0.460882] (px4_msgs) StdoutLine: {'line': b'-- Up-to-date symlink: /home/lee/workspace/ros2_ex_mav/install/px4_msgs/share/px4_msgs/environment/pythonpath.sh\n'}
[0.460933] (px4_msgs) StdoutLine: {'line': b'-- Up-to-date symlink: /home/lee/workspace/ros2_ex_mav/install/px4_msgs/share/px4_msgs/environment/pythonpath.dsv\n'}
[0.461046] (px4_msgs) StdoutLine: {'line': b'-- Up-to-date symlink: /home/lee/workspace/ros2_ex_mav/install/px4_msgs/local/lib/python3.10/dist-packages/px4_msgs-2.0.1-py3.10.egg-info/PKG-INFO\n'}
[0.461082] (px4_msgs) StdoutLine: {'line': b'-- Up-to-date symlink: /home/lee/workspace/ros2_ex_mav/install/px4_msgs/local/lib/python3.10/dist-packages/px4_msgs-2.0.1-py3.10.egg-info/SOURCES.txt\n'}
[0.461116] (px4_msgs) StdoutLine: {'line': b'-- Up-to-date symlink: /home/lee/workspace/ros2_ex_mav/install/px4_msgs/local/lib/python3.10/dist-packages/px4_msgs-2.0.1-py3.10.egg-info/dependency_links.txt\n'}
[0.461149] (px4_msgs) StdoutLine: {'line': b'-- Up-to-date symlink: /home/lee/workspace/ros2_ex_mav/install/px4_msgs/local/lib/python3.10/dist-packages/px4_msgs-2.0.1-py3.10.egg-info/top_level.txt\n'}
[0.463135] (px4_msgs) StdoutLine: {'line': b'-- Up-to-date symlink: /home/lee/workspace/ros2_ex_mav/install/px4_msgs/local/lib/python3.10/dist-packages/px4_msgs/__init__.py\n'}
[0.463171] (px4_msgs) StdoutLine: {'line': b'-- Up-to-date symlink: /home/lee/workspace/ros2_ex_mav/install/px4_msgs/local/lib/python3.10/dist-packages/px4_msgs/_px4_msgs_s.ep.rosidl_typesupport_c.c\n'}
[0.463207] (px4_msgs) StdoutLine: {'line': b'-- Up-to-date symlink: /home/lee/workspace/ros2_ex_mav/install/px4_msgs/local/lib/python3.10/dist-packages/px4_msgs/_px4_msgs_s.ep.rosidl_typesupport_fastrtps_c.c\n'}
[0.463251] (px4_msgs) StdoutLine: {'line': b'-- Up-to-date symlink: /home/lee/workspace/ros2_ex_mav/install/px4_msgs/local/lib/python3.10/dist-packages/px4_msgs/_px4_msgs_s.ep.rosidl_typesupport_introspection_c.c\n'}
[0.463291] (px4_msgs) StdoutLine: {'line': b'-- Up-to-date symlink: /home/lee/workspace/ros2_ex_mav/install/px4_msgs/local/lib/python3.10/dist-packages/px4_msgs/libpx4_msgs__rosidl_generator_py.so\n'}
[0.463327] (px4_msgs) StdoutLine: {'line': b'-- Up-to-date symlink: /home/lee/workspace/ros2_ex_mav/install/px4_msgs/local/lib/python3.10/dist-packages/px4_msgs/msg/__init__.py\n'}
[0.463365] (px4_msgs) StdoutLine: {'line': b'-- Up-to-date symlink: /home/lee/workspace/ros2_ex_mav/install/px4_msgs/local/lib/python3.10/dist-packages/px4_msgs/msg/_action_request.py\n'}
[0.463406] (px4_msgs) StdoutLine: {'line': b'-- Up-to-date symlink: /home/lee/workspace/ros2_ex_mav/install/px4_msgs/local/lib/python3.10/dist-packages/px4_msgs/msg/_action_request_s.c\n'}
[0.463427] (px4_msgs) StdoutLine: {'line': b'-- Up-to-date symlink: /home/lee/workspace/ros2_ex_mav/install/px4_msgs/local/lib/python3.10/dist-packages/px4_msgs/msg/_actuator_armed.py\n'}
[0.463460] (px4_msgs) StdoutLine: {'line': b'-- Up-to-date symlink: /home/lee/workspace/ros2_ex_mav/install/px4_msgs/local/lib/python3.10/dist-packages/px4_msgs/msg/_actuator_armed_s.c\n'}
[0.463494] (px4_msgs) StdoutLine: {'line': b'-- Up-to-date symlink: /home/lee/workspace/ros2_ex_mav/install/px4_msgs/local/lib/python3.10/dist-packages/px4_msgs/msg/_actuator_controls_status.py\n'}
[0.463528] (px4_msgs) StdoutLine: {'line': b'-- Up-to-date symlink: /home/lee/workspace/ros2_ex_mav/install/px4_msgs/local/lib/python3.10/dist-packages/px4_msgs/msg/_actuator_controls_status_s.c\n'}
[0.463564] (px4_msgs) StdoutLine: {'line': b'-- Up-to-date symlink: /home/lee/workspace/ros2_ex_mav/install/px4_msgs/local/lib/python3.10/dist-packages/px4_msgs/msg/_actuator_motors.py\n'}
[0.463596] (px4_msgs) StdoutLine: {'line': b'-- Up-to-date symlink: /home/lee/workspace/ros2_ex_mav/install/px4_msgs/local/lib/python3.10/dist-packages/px4_msgs/msg/_actuator_motors_s.c\n'}
[0.463632] (px4_msgs) StdoutLine: {'line': b'-- Up-to-date symlink: /home/lee/workspace/ros2_ex_mav/install/px4_msgs/local/lib/python3.10/dist-packages/px4_msgs/msg/_actuator_outputs.py\n'}
[0.463672] (px4_msgs) StdoutLine: {'line': b'-- Up-to-date symlink: /home/lee/workspace/ros2_ex_mav/install/px4_msgs/local/lib/python3.10/dist-packages/px4_msgs/msg/_actuator_outputs_s.c\n'}
[0.463693] (px4_msgs) StdoutLine: {'line': b'-- Up-to-date symlink: /home/lee/workspace/ros2_ex_mav/install/px4_msgs/local/lib/python3.10/dist-packages/px4_msgs/msg/_actuator_servos.py\n'}
[0.463727] (px4_msgs) StdoutLine: {'line': b'-- Up-to-date symlink: /home/lee/workspace/ros2_ex_mav/install/px4_msgs/local/lib/python3.10/dist-packages/px4_msgs/msg/_actuator_servos_s.c\n'}
[0.463761] (px4_msgs) StdoutLine: {'line': b'-- Up-to-date symlink: /home/lee/workspace/ros2_ex_mav/install/px4_msgs/local/lib/python3.10/dist-packages/px4_msgs/msg/_actuator_servos_trim.py\n'}
[0.463797] (px4_msgs) StdoutLine: {'line': b'-- Up-to-date symlink: /home/lee/workspace/ros2_ex_mav/install/px4_msgs/local/lib/python3.10/dist-packages/px4_msgs/msg/_actuator_servos_trim_s.c\n'}
[0.463838] (px4_msgs) StdoutLine: {'line': b'-- Up-to-date symlink: /home/lee/workspace/ros2_ex_mav/install/px4_msgs/local/lib/python3.10/dist-packages/px4_msgs/msg/_actuator_test.py\n'}
[0.463877] (px4_msgs) StdoutLine: {'line': b'-- Up-to-date symlink: /home/lee/workspace/ros2_ex_mav/install/px4_msgs/local/lib/python3.10/dist-packages/px4_msgs/msg/_actuator_test_s.c\n'}
[0.463917] (px4_msgs) StdoutLine: {'line': b'-- Up-to-date symlink: /home/lee/workspace/ros2_ex_mav/install/px4_msgs/local/lib/python3.10/dist-packages/px4_msgs/msg/_adc_report.py\n'}
[0.463946] (px4_msgs) StdoutLine: {'line': b'-- Up-to-date symlink: /home/lee/workspace/ros2_ex_mav/install/px4_msgs/local/lib/python3.10/dist-packages/px4_msgs/msg/_adc_report_s.c\n'}
[0.463967] (px4_msgs) StdoutLine: {'line': b'-- Up-to-date symlink: /home/lee/workspace/ros2_ex_mav/install/px4_msgs/local/lib/python3.10/dist-packages/px4_msgs/msg/_airspeed.py\n'}
[0.464006] (px4_msgs) StdoutLine: {'line': b'-- Up-to-date symlink: /home/lee/workspace/ros2_ex_mav/install/px4_msgs/local/lib/python3.10/dist-packages/px4_msgs/msg/_airspeed_s.c\n'}
[0.464028] (px4_msgs) StdoutLine: {'line': b'-- Up-to-date symlink: /home/lee/workspace/ros2_ex_mav/install/px4_msgs/local/lib/python3.10/dist-packages/px4_msgs/msg/_airspeed_validated.py\n'}
[0.464068] (px4_msgs) StdoutLine: {'line': b'-- Up-to-date symlink: /home/lee/workspace/ros2_ex_mav/install/px4_msgs/local/lib/python3.10/dist-packages/px4_msgs/msg/_airspeed_validated_s.c\n'}
[0.464090] (px4_msgs) StdoutLine: {'line': b'-- Up-to-date symlink: /home/lee/workspace/ros2_ex_mav/install/px4_msgs/local/lib/python3.10/dist-packages/px4_msgs/msg/_airspeed_wind.py\n'}
[0.464123] (px4_msgs) StdoutLine: {'line': b'-- Up-to-date symlink: /home/lee/workspace/ros2_ex_mav/install/px4_msgs/local/lib/python3.10/dist-packages/px4_msgs/msg/_airspeed_wind_s.c\n'}
[0.464163] (px4_msgs) StdoutLine: {'line': b'-- Up-to-date symlink: /home/lee/workspace/ros2_ex_mav/install/px4_msgs/local/lib/python3.10/dist-packages/px4_msgs/msg/_autotune_attitude_control_status.py\n'}
[0.464191] (px4_msgs) StdoutLine: {'line': b'-- Up-to-date symlink: /home/lee/workspace/ros2_ex_mav/install/px4_msgs/local/lib/python3.10/dist-packages/px4_msgs/msg/_autotune_attitude_control_status_s.c\n'}
[0.464211] (px4_msgs) StdoutLine: {'line': b'-- Up-to-date symlink: /home/lee/workspace/ros2_ex_mav/install/px4_msgs/local/lib/python3.10/dist-packages/px4_msgs/msg/_battery_status.py\n'}
[0.464250] (px4_msgs) StdoutLine: {'line': b'-- Up-to-date symlink: /home/lee/workspace/ros2_ex_mav/install/px4_msgs/local/lib/python3.10/dist-packages/px4_msgs/msg/_battery_status_s.c\n'}
[0.464270] (px4_msgs) StdoutLine: {'line': b'-- Up-to-date symlink: /home/lee/workspace/ros2_ex_mav/install/px4_msgs/local/lib/python3.10/dist-packages/px4_msgs/msg/_button_event.py\n'}
[0.464303] (px4_msgs) StdoutLine: {'line': b'-- Up-to-date symlink: /home/lee/workspace/ros2_ex_mav/install/px4_msgs/local/lib/python3.10/dist-packages/px4_msgs/msg/_button_event_s.c\n'}
[0.464321] (px4_msgs) StdoutLine: {'line': b'-- Up-to-date symlink: /home/lee/workspace/ros2_ex_mav/install/px4_msgs/local/lib/python3.10/dist-packages/px4_msgs/msg/_camera_capture.py\n'}
[0.464354] (px4_msgs) StdoutLine: {'line': b'-- Up-to-date symlink: /home/lee/workspace/ros2_ex_mav/install/px4_msgs/local/lib/python3.10/dist-packages/px4_msgs/msg/_camera_capture_s.c\n'}
[0.464394] (px4_msgs) StdoutLine: {'line': b'-- Up-to-date symlink: /home/lee/workspace/ros2_ex_mav/install/px4_msgs/local/lib/python3.10/dist-packages/px4_msgs/msg/_camera_status.py\n'}
[0.464413] (px4_msgs) StdoutLine: {'line': b'-- Up-to-date symlink: /home/lee/workspace/ros2_ex_mav/install/px4_msgs/local/lib/python3.10/dist-packages/px4_msgs/msg/_camera_status_s.c\n'}
[0.464448] (px4_msgs) StdoutLine: {'line': b'-- Up-to-date symlink: /home/lee/workspace/ros2_ex_mav/install/px4_msgs/local/lib/python3.10/dist-packages/px4_msgs/msg/_camera_trigger.py\n'}
[0.464486] (px4_msgs) StdoutLine: {'line': b'-- Up-to-date symlink: /home/lee/workspace/ros2_ex_mav/install/px4_msgs/local/lib/python3.10/dist-packages/px4_msgs/msg/_camera_trigger_s.c\n'}
[0.464523] (px4_msgs) StdoutLine: {'line': b'-- Up-to-date symlink: /home/lee/workspace/ros2_ex_mav/install/px4_msgs/local/lib/python3.10/dist-packages/px4_msgs/msg/_cellular_status.py\n'}
[0.464558] (px4_msgs) StdoutLine: {'line': b'-- Up-to-date symlink: /home/lee/workspace/ros2_ex_mav/install/px4_msgs/local/lib/python3.10/dist-packages/px4_msgs/msg/_cellular_status_s.c\n'}
[0.464593] (px4_msgs) StdoutLine: {'line': b'-- Up-to-date symlink: /home/lee/workspace/ros2_ex_mav/install/px4_msgs/local/lib/python3.10/dist-packages/px4_msgs/msg/_collision_constraints.py\n'}
[0.464633] (px4_msgs) StdoutLine: {'line': b'-- Up-to-date symlink: /home/lee/workspace/ros2_ex_mav/install/px4_msgs/local/lib/python3.10/dist-packages/px4_msgs/msg/_collision_constraints_s.c\n'}
[0.464653] (px4_msgs) StdoutLine: {'line': b'-- Up-to-date symlink: /home/lee/workspace/ros2_ex_mav/install/px4_msgs/local/lib/python3.10/dist-packages/px4_msgs/msg/_collision_report.py\n'}
[0.464692] (px4_msgs) StdoutLine: {'line': b'-- Up-to-date symlink: /home/lee/workspace/ros2_ex_mav/install/px4_msgs/local/lib/python3.10/dist-packages/px4_msgs/msg/_collision_report_s.c\n'}
[0.464711] (px4_msgs) StdoutLine: {'line': b'-- Up-to-date symlink: /home/lee/workspace/ros2_ex_mav/install/px4_msgs/local/lib/python3.10/dist-packages/px4_msgs/msg/_control_allocator_status.py\n'}
[0.464749] (px4_msgs) StdoutLine: {'line': b'-- Up-to-date symlink: /home/lee/workspace/ros2_ex_mav/install/px4_msgs/local/lib/python3.10/dist-packages/px4_msgs/msg/_control_allocator_status_s.c\n'}
[0.464769] (px4_msgs) StdoutLine: {'line': b'-- Up-to-date symlink: /home/lee/workspace/ros2_ex_mav/install/px4_msgs/local/lib/python3.10/dist-packages/px4_msgs/msg/_cpuload.py\n'}
[0.464796] (px4_msgs) StdoutLine: {'line': b'-- Up-to-date symlink: /home/lee/workspace/ros2_ex_mav/install/px4_msgs/local/lib/python3.10/dist-packages/px4_msgs/msg/_cpuload_s.c\n'}
[0.464831] (px4_msgs) StdoutLine: {'line': b'-- Up-to-date symlink: /home/lee/workspace/ros2_ex_mav/install/px4_msgs/local/lib/python3.10/dist-packages/px4_msgs/msg/_debug_array.py\n'}
[0.464871] (px4_msgs) StdoutLine: {'line': b'-- Up-to-date symlink: /home/lee/workspace/ros2_ex_mav/install/px4_msgs/local/lib/python3.10/dist-packages/px4_msgs/msg/_debug_array_s.c\n'}
[0.464890] (px4_msgs) StdoutLine: {'line': b'-- Up-to-date symlink: /home/lee/workspace/ros2_ex_mav/install/px4_msgs/local/lib/python3.10/dist-packages/px4_msgs/msg/_debug_key_value.py\n'}
[0.464924] (px4_msgs) StdoutLine: {'line': b'-- Up-to-date symlink: /home/lee/workspace/ros2_ex_mav/install/px4_msgs/local/lib/python3.10/dist-packages/px4_msgs/msg/_debug_key_value_s.c\n'}
[0.464958] (px4_msgs) StdoutLine: {'line': b'-- Up-to-date symlink: /home/lee/workspace/ros2_ex_mav/install/px4_msgs/local/lib/python3.10/dist-packages/px4_msgs/msg/_debug_value.py\n'}
[0.464992] (px4_msgs) StdoutLine: {'line': b'-- Up-to-date symlink: /home/lee/workspace/ros2_ex_mav/install/px4_msgs/local/lib/python3.10/dist-packages/px4_msgs/msg/_debug_value_s.c\n'}
[0.465032] (px4_msgs) StdoutLine: {'line': b'-- Up-to-date symlink: /home/lee/workspace/ros2_ex_mav/install/px4_msgs/local/lib/python3.10/dist-packages/px4_msgs/msg/_debug_vect.py\n'}
[0.465052] (px4_msgs) StdoutLine: {'line': b'-- Up-to-date symlink: /home/lee/workspace/ros2_ex_mav/install/px4_msgs/local/lib/python3.10/dist-packages/px4_msgs/msg/_debug_vect_s.c\n'}
[0.465091] (px4_msgs) StdoutLine: {'line': b'-- Up-to-date symlink: /home/lee/workspace/ros2_ex_mav/install/px4_msgs/local/lib/python3.10/dist-packages/px4_msgs/msg/_differential_pressure.py\n'}
[0.465110] (px4_msgs) StdoutLine: {'line': b'-- Up-to-date symlink: /home/lee/workspace/ros2_ex_mav/install/px4_msgs/local/lib/python3.10/dist-packages/px4_msgs/msg/_differential_pressure_s.c\n'}
[0.465149] (px4_msgs) StdoutLine: {'line': b'-- Up-to-date symlink: /home/lee/workspace/ros2_ex_mav/install/px4_msgs/local/lib/python3.10/dist-packages/px4_msgs/msg/_distance_sensor.py\n'}
[0.465168] (px4_msgs) StdoutLine: {'line': b'-- Up-to-date symlink: /home/lee/workspace/ros2_ex_mav/install/px4_msgs/local/lib/python3.10/dist-packages/px4_msgs/msg/_distance_sensor_s.c\n'}
[0.465196] (px4_msgs) StdoutLine: {'line': b'-- Up-to-date symlink: /home/lee/workspace/ros2_ex_mav/install/px4_msgs/local/lib/python3.10/dist-packages/px4_msgs/msg/_ekf2_timestamps.py\n'}
[0.465231] (px4_msgs) StdoutLine: {'line': b'-- Up-to-date symlink: /home/lee/workspace/ros2_ex_mav/install/px4_msgs/local/lib/python3.10/dist-packages/px4_msgs/msg/_ekf2_timestamps_s.c\n'}
[0.465266] (px4_msgs) StdoutLine: {'line': b'-- Up-to-date symlink: /home/lee/workspace/ros2_ex_mav/install/px4_msgs/local/lib/python3.10/dist-packages/px4_msgs/msg/_esc_report.py\n'}
[0.465305] (px4_msgs) StdoutLine: {'line': b'-- Up-to-date symlink: /home/lee/workspace/ros2_ex_mav/install/px4_msgs/local/lib/python3.10/dist-packages/px4_msgs/msg/_esc_report_s.c\n'}
[0.465325] (px4_msgs) StdoutLine: {'line': b'-- Up-to-date symlink: /home/lee/workspace/ros2_ex_mav/install/px4_msgs/local/lib/python3.10/dist-packages/px4_msgs/msg/_esc_status.py\n'}
[0.465358] (px4_msgs) StdoutLine: {'line': b'-- Up-to-date symlink: /home/lee/workspace/ros2_ex_mav/install/px4_msgs/local/lib/python3.10/dist-packages/px4_msgs/msg/_esc_status_s.c\n'}
[0.465395] (px4_msgs) StdoutLine: {'line': b'-- Up-to-date symlink: /home/lee/workspace/ros2_ex_mav/install/px4_msgs/local/lib/python3.10/dist-packages/px4_msgs/msg/_estimator_aid_source1d.py\n'}
[0.465437] (px4_msgs) StdoutLine: {'line': b'-- Up-to-date symlink: /home/lee/workspace/ros2_ex_mav/install/px4_msgs/local/lib/python3.10/dist-packages/px4_msgs/msg/_estimator_aid_source1d_s.c\n'}
[0.465465] (px4_msgs) StdoutLine: {'line': b'-- Up-to-date symlink: /home/lee/workspace/ros2_ex_mav/install/px4_msgs/local/lib/python3.10/dist-packages/px4_msgs/msg/_estimator_aid_source2d.py\n'}
[0.465483] (px4_msgs) StdoutLine: {'line': b'-- Up-to-date symlink: /home/lee/workspace/ros2_ex_mav/install/px4_msgs/local/lib/python3.10/dist-packages/px4_msgs/msg/_estimator_aid_source2d_s.c\n'}
[0.465522] (px4_msgs) StdoutLine: {'line': b'-- Up-to-date symlink: /home/lee/workspace/ros2_ex_mav/install/px4_msgs/local/lib/python3.10/dist-packages/px4_msgs/msg/_estimator_aid_source3d.py\n'}
[0.465541] (px4_msgs) StdoutLine: {'line': b'-- Up-to-date symlink: /home/lee/workspace/ros2_ex_mav/install/px4_msgs/local/lib/python3.10/dist-packages/px4_msgs/msg/_estimator_aid_source3d_s.c\n'}
[0.465580] (px4_msgs) StdoutLine: {'line': b'-- Up-to-date symlink: /home/lee/workspace/ros2_ex_mav/install/px4_msgs/local/lib/python3.10/dist-packages/px4_msgs/msg/_estimator_bias.py\n'}
[0.465600] (px4_msgs) StdoutLine: {'line': b'-- Up-to-date symlink: /home/lee/workspace/ros2_ex_mav/install/px4_msgs/local/lib/python3.10/dist-packages/px4_msgs/msg/_estimator_bias3d.py\n'}
[0.465633] (px4_msgs) StdoutLine: {'line': b'-- Up-to-date symlink: /home/lee/workspace/ros2_ex_mav/install/px4_msgs/local/lib/python3.10/dist-packages/px4_msgs/msg/_estimator_bias3d_s.c\n'}
[0.465673] (px4_msgs) StdoutLine: {'line': b'-- Up-to-date symlink: /home/lee/workspace/ros2_ex_mav/install/px4_msgs/local/lib/python3.10/dist-packages/px4_msgs/msg/_estimator_bias_s.c\n'}
[0.465692] (px4_msgs) StdoutLine: {'line': b'-- Up-to-date symlink: /home/lee/workspace/ros2_ex_mav/install/px4_msgs/local/lib/python3.10/dist-packages/px4_msgs/msg/_estimator_event_flags.py\n'}
[0.465726] (px4_msgs) StdoutLine: {'line': b'-- Up-to-date symlink: /home/lee/workspace/ros2_ex_mav/install/px4_msgs/local/lib/python3.10/dist-packages/px4_msgs/msg/_estimator_event_flags_s.c\n'}
[0.465760] (px4_msgs) StdoutLine: {'line': b'-- Up-to-date symlink: /home/lee/workspace/ros2_ex_mav/install/px4_msgs/local/lib/python3.10/dist-packages/px4_msgs/msg/_estimator_gps_status.py\n'}
[0.465798] (px4_msgs) StdoutLine: {'line': b'-- Up-to-date symlink: /home/lee/workspace/ros2_ex_mav/install/px4_msgs/local/lib/python3.10/dist-packages/px4_msgs/msg/_estimator_gps_status_s.c\n'}
[0.465817] (px4_msgs) StdoutLine: {'line': b'-- Up-to-date symlink: /home/lee/workspace/ros2_ex_mav/install/px4_msgs/local/lib/python3.10/dist-packages/px4_msgs/msg/_estimator_innovations.py\n'}
[0.465856] (px4_msgs) StdoutLine: {'line': b'-- Up-to-date symlink: /home/lee/workspace/ros2_ex_mav/install/px4_msgs/local/lib/python3.10/dist-packages/px4_msgs/msg/_estimator_innovations_s.c\n'}
[0.465876] (px4_msgs) StdoutLine: {'line': b'-- Up-to-date symlink: /home/lee/workspace/ros2_ex_mav/install/px4_msgs/local/lib/python3.10/dist-packages/px4_msgs/msg/_estimator_selector_status.py\n'}
[0.465908] (px4_msgs) StdoutLine: {'line': b'-- Up-to-date symlink: /home/lee/workspace/ros2_ex_mav/install/px4_msgs/local/lib/python3.10/dist-packages/px4_msgs/msg/_estimator_selector_status_s.c\n'}
[0.465947] (px4_msgs) StdoutLine: {'line': b'-- Up-to-date symlink: /home/lee/workspace/ros2_ex_mav/install/px4_msgs/local/lib/python3.10/dist-packages/px4_msgs/msg/_estimator_sensor_bias.py\n'}
[0.465966] (px4_msgs) StdoutLine: {'line': b'-- Up-to-date symlink: /home/lee/workspace/ros2_ex_mav/install/px4_msgs/local/lib/python3.10/dist-packages/px4_msgs/msg/_estimator_sensor_bias_s.c\n'}
[0.465998] (px4_msgs) StdoutLine: {'line': b'-- Up-to-date symlink: /home/lee/workspace/ros2_ex_mav/install/px4_msgs/local/lib/python3.10/dist-packages/px4_msgs/msg/_estimator_states.py\n'}
[0.466036] (px4_msgs) StdoutLine: {'line': b'-- Up-to-date symlink: /home/lee/workspace/ros2_ex_mav/install/px4_msgs/local/lib/python3.10/dist-packages/px4_msgs/msg/_estimator_states_s.c\n'}
[0.466056] (px4_msgs) StdoutLine: {'line': b'-- Up-to-date symlink: /home/lee/workspace/ros2_ex_mav/install/px4_msgs/local/lib/python3.10/dist-packages/px4_msgs/msg/_estimator_status.py\n'}
[0.466089] (px4_msgs) StdoutLine: {'line': b'-- Up-to-date symlink: /home/lee/workspace/ros2_ex_mav/install/px4_msgs/local/lib/python3.10/dist-packages/px4_msgs/msg/_estimator_status_flags.py\n'}
[0.466123] (px4_msgs) StdoutLine: {'line': b'-- Up-to-date symlink: /home/lee/workspace/ros2_ex_mav/install/px4_msgs/local/lib/python3.10/dist-packages/px4_msgs/msg/_estimator_status_flags_s.c\n'}
[0.466162] (px4_msgs) StdoutLine: {'line': b'-- Up-to-date symlink: /home/lee/workspace/ros2_ex_mav/install/px4_msgs/local/lib/python3.10/dist-packages/px4_msgs/msg/_estimator_status_s.c\n'}
[0.466181] (px4_msgs) StdoutLine: {'line': b'-- Up-to-date symlink: /home/lee/workspace/ros2_ex_mav/install/px4_msgs/local/lib/python3.10/dist-packages/px4_msgs/msg/_event.py\n'}
[0.466214] (px4_msgs) StdoutLine: {'line': b'-- Up-to-date symlink: /home/lee/workspace/ros2_ex_mav/install/px4_msgs/local/lib/python3.10/dist-packages/px4_msgs/msg/_event_s.c\n'}
[0.466253] (px4_msgs) StdoutLine: {'line': b'-- Up-to-date symlink: /home/lee/workspace/ros2_ex_mav/install/px4_msgs/local/lib/python3.10/dist-packages/px4_msgs/msg/_failsafe_flags.py\n'}
[0.466273] (px4_msgs) StdoutLine: {'line': b'-- Up-to-date symlink: /home/lee/workspace/ros2_ex_mav/install/px4_msgs/local/lib/python3.10/dist-packages/px4_msgs/msg/_failsafe_flags_s.c\n'}
[0.466307] (px4_msgs) StdoutLine: {'line': b'-- Up-to-date symlink: /home/lee/workspace/ros2_ex_mav/install/px4_msgs/local/lib/python3.10/dist-packages/px4_msgs/msg/_failure_detector_status.py\n'}
[0.466344] (px4_msgs) StdoutLine: {'line': b'-- Up-to-date symlink: /home/lee/workspace/ros2_ex_mav/install/px4_msgs/local/lib/python3.10/dist-packages/px4_msgs/msg/_failure_detector_status_s.c\n'}
[0.466388] (px4_msgs) StdoutLine: {'line': b'-- Up-to-date symlink: /home/lee/workspace/ros2_ex_mav/install/px4_msgs/local/lib/python3.10/dist-packages/px4_msgs/msg/_follow_target.py\n'}
[0.466429] (px4_msgs) StdoutLine: {'line': b'-- Up-to-date symlink: /home/lee/workspace/ros2_ex_mav/install/px4_msgs/local/lib/python3.10/dist-packages/px4_msgs/msg/_follow_target_estimator.py\n'}
[0.466449] (px4_msgs) StdoutLine: {'line': b'-- Up-to-date symlink: /home/lee/workspace/ros2_ex_mav/install/px4_msgs/local/lib/python3.10/dist-packages/px4_msgs/msg/_follow_target_estimator_s.c\n'}
[0.466478] (px4_msgs) StdoutLine: {'line': b'-- Up-to-date symlink: /home/lee/workspace/ros2_ex_mav/install/px4_msgs/local/lib/python3.10/dist-packages/px4_msgs/msg/_follow_target_s.c\n'}
[0.466506] (px4_msgs) StdoutLine: {'line': b'-- Up-to-date symlink: /home/lee/workspace/ros2_ex_mav/install/px4_msgs/local/lib/python3.10/dist-packages/px4_msgs/msg/_follow_target_status.py\n'}
[0.466536] (px4_msgs) StdoutLine: {'line': b'-- Up-to-date symlink: /home/lee/workspace/ros2_ex_mav/install/px4_msgs/local/lib/python3.10/dist-packages/px4_msgs/msg/_follow_target_status_s.c\n'}
[0.466557] (px4_msgs) StdoutLine: {'line': b'-- Up-to-date symlink: /home/lee/workspace/ros2_ex_mav/install/px4_msgs/local/lib/python3.10/dist-packages/px4_msgs/msg/_generator_status.py\n'}
[0.466597] (px4_msgs) StdoutLine: {'line': b'-- Up-to-date symlink: /home/lee/workspace/ros2_ex_mav/install/px4_msgs/local/lib/python3.10/dist-packages/px4_msgs/msg/_generator_status_s.c\n'}
[0.466628] (px4_msgs) StdoutLine: {'line': b'-- Up-to-date symlink: /home/lee/workspace/ros2_ex_mav/install/px4_msgs/local/lib/python3.10/dist-packages/px4_msgs/msg/_geofence_result.py\n'}
[0.466657] (px4_msgs) StdoutLine: {'line': b'-- Up-to-date symlink: /home/lee/workspace/ros2_ex_mav/install/px4_msgs/local/lib/python3.10/dist-packages/px4_msgs/msg/_geofence_result_s.c\n'}
[0.466685] (px4_msgs) StdoutLine: {'line': b'-- Up-to-date symlink: /home/lee/workspace/ros2_ex_mav/install/px4_msgs/local/lib/python3.10/dist-packages/px4_msgs/msg/_gimbal_controls.py\n'}
[0.466710] (px4_msgs) StdoutLine: {'line': b'-- Up-to-date symlink: /home/lee/workspace/ros2_ex_mav/install/px4_msgs/local/lib/python3.10/dist-packages/px4_msgs/msg/_gimbal_controls_s.c\n'}
[0.466737] (px4_msgs) StdoutLine: {'line': b'-- Up-to-date symlink: /home/lee/workspace/ros2_ex_mav/install/px4_msgs/local/lib/python3.10/dist-packages/px4_msgs/msg/_gimbal_device_attitude_status.py\n'}
[0.466764] (px4_msgs) StdoutLine: {'line': b'-- Up-to-date symlink: /home/lee/workspace/ros2_ex_mav/install/px4_msgs/local/lib/python3.10/dist-packages/px4_msgs/msg/_gimbal_device_attitude_status_s.c\n'}
[0.466794] (px4_msgs) StdoutLine: {'line': b'-- Up-to-date symlink: /home/lee/workspace/ros2_ex_mav/install/px4_msgs/local/lib/python3.10/dist-packages/px4_msgs/msg/_gimbal_device_information.py\n'}
[0.466826] (px4_msgs) StdoutLine: {'line': b'-- Up-to-date symlink: /home/lee/workspace/ros2_ex_mav/install/px4_msgs/local/lib/python3.10/dist-packages/px4_msgs/msg/_gimbal_device_information_s.c\n'}
[0.466856] (px4_msgs) StdoutLine: {'line': b'-- Up-to-date symlink: /home/lee/workspace/ros2_ex_mav/install/px4_msgs/local/lib/python3.10/dist-packages/px4_msgs/msg/_gimbal_device_set_attitude.py\n'}
[0.466887] (px4_msgs) StdoutLine: {'line': b'-- Up-to-date symlink: /home/lee/workspace/ros2_ex_mav/install/px4_msgs/local/lib/python3.10/dist-packages/px4_msgs/msg/_gimbal_device_set_attitude_s.c\n'}
[0.466917] (px4_msgs) StdoutLine: {'line': b'-- Up-to-date symlink: /home/lee/workspace/ros2_ex_mav/install/px4_msgs/local/lib/python3.10/dist-packages/px4_msgs/msg/_gimbal_manager_information.py\n'}
[0.466948] (px4_msgs) StdoutLine: {'line': b'-- Up-to-date symlink: /home/lee/workspace/ros2_ex_mav/install/px4_msgs/local/lib/python3.10/dist-packages/px4_msgs/msg/_gimbal_manager_information_s.c\n'}
[0.466979] (px4_msgs) StdoutLine: {'line': b'-- Up-to-date symlink: /home/lee/workspace/ros2_ex_mav/install/px4_msgs/local/lib/python3.10/dist-packages/px4_msgs/msg/_gimbal_manager_set_attitude.py\n'}
[0.467010] (px4_msgs) StdoutLine: {'line': b'-- Up-to-date symlink: /home/lee/workspace/ros2_ex_mav/install/px4_msgs/local/lib/python3.10/dist-packages/px4_msgs/msg/_gimbal_manager_set_attitude_s.c\n'}
[0.467042] (px4_msgs) StdoutLine: {'line': b'-- Up-to-date symlink: /home/lee/workspace/ros2_ex_mav/install/px4_msgs/local/lib/python3.10/dist-packages/px4_msgs/msg/_gimbal_manager_set_manual_control.py\n'}
[0.467073] (px4_msgs) StdoutLine: {'line': b'-- Up-to-date symlink: /home/lee/workspace/ros2_ex_mav/install/px4_msgs/local/lib/python3.10/dist-packages/px4_msgs/msg/_gimbal_manager_set_manual_control_s.c\n'}
[0.467104] (px4_msgs) StdoutLine: {'line': b'-- Up-to-date symlink: /home/lee/workspace/ros2_ex_mav/install/px4_msgs/local/lib/python3.10/dist-packages/px4_msgs/msg/_gimbal_manager_status.py\n'}
[0.467135] (px4_msgs) StdoutLine: {'line': b'-- Up-to-date symlink: /home/lee/workspace/ros2_ex_mav/install/px4_msgs/local/lib/python3.10/dist-packages/px4_msgs/msg/_gimbal_manager_status_s.c\n'}
[0.467166] (px4_msgs) StdoutLine: {'line': b'-- Up-to-date symlink: /home/lee/workspace/ros2_ex_mav/install/px4_msgs/local/lib/python3.10/dist-packages/px4_msgs/msg/_gps_dump.py\n'}
[0.467197] (px4_msgs) StdoutLine: {'line': b'-- Up-to-date symlink: /home/lee/workspace/ros2_ex_mav/install/px4_msgs/local/lib/python3.10/dist-packages/px4_msgs/msg/_gps_dump_s.c\n'}
[0.467228] (px4_msgs) StdoutLine: {'line': b'-- Up-to-date symlink: /home/lee/workspace/ros2_ex_mav/install/px4_msgs/local/lib/python3.10/dist-packages/px4_msgs/msg/_gps_inject_data.py\n'}
[0.467259] (px4_msgs) StdoutLine: {'line': b'-- Up-to-date symlink: /home/lee/workspace/ros2_ex_mav/install/px4_msgs/local/lib/python3.10/dist-packages/px4_msgs/msg/_gps_inject_data_s.c\n'}
[0.467289] (px4_msgs) StdoutLine: {'line': b'-- Up-to-date symlink: /home/lee/workspace/ros2_ex_mav/install/px4_msgs/local/lib/python3.10/dist-packages/px4_msgs/msg/_gripper.py\n'}
[0.467320] (px4_msgs) StdoutLine: {'line': b'-- Up-to-date symlink: /home/lee/workspace/ros2_ex_mav/install/px4_msgs/local/lib/python3.10/dist-packages/px4_msgs/msg/_gripper_s.c\n'}
[0.467353] (px4_msgs) StdoutLine: {'line': b'-- Up-to-date symlink: /home/lee/workspace/ros2_ex_mav/install/px4_msgs/local/lib/python3.10/dist-packages/px4_msgs/msg/_health_report.py\n'}
[0.467386] (px4_msgs) StdoutLine: {'line': b'-- Up-to-date symlink: /home/lee/workspace/ros2_ex_mav/install/px4_msgs/local/lib/python3.10/dist-packages/px4_msgs/msg/_health_report_s.c\n'}
[0.467415] (px4_msgs) StdoutLine: {'line': b'-- Up-to-date symlink: /home/lee/workspace/ros2_ex_mav/install/px4_msgs/local/lib/python3.10/dist-packages/px4_msgs/msg/_heater_status.py\n'}
[0.467446] (px4_msgs) StdoutLine: {'line': b'-- Up-to-date symlink: /home/lee/workspace/ros2_ex_mav/install/px4_msgs/local/lib/python3.10/dist-packages/px4_msgs/msg/_heater_status_s.c\n'}
[0.467477] (px4_msgs) StdoutLine: {'line': b'-- Up-to-date symlink: /home/lee/workspace/ros2_ex_mav/install/px4_msgs/local/lib/python3.10/dist-packages/px4_msgs/msg/_home_position.py\n'}
[0.467508] (px4_msgs) StdoutLine: {'line': b'-- Up-to-date symlink: /home/lee/workspace/ros2_ex_mav/install/px4_msgs/local/lib/python3.10/dist-packages/px4_msgs/msg/_home_position_s.c\n'}
[0.467539] (px4_msgs) StdoutLine: {'line': b'-- Up-to-date symlink: /home/lee/workspace/ros2_ex_mav/install/px4_msgs/local/lib/python3.10/dist-packages/px4_msgs/msg/_hover_thrust_estimate.py\n'}
[0.467571] (px4_msgs) StdoutLine: {'line': b'-- Up-to-date symlink: /home/lee/workspace/ros2_ex_mav/install/px4_msgs/local/lib/python3.10/dist-packages/px4_msgs/msg/_hover_thrust_estimate_s.c\n'}
[0.467602] (px4_msgs) StdoutLine: {'line': b'-- Up-to-date symlink: /home/lee/workspace/ros2_ex_mav/install/px4_msgs/local/lib/python3.10/dist-packages/px4_msgs/msg/_input_rc.py\n'}
[0.467633] (px4_msgs) StdoutLine: {'line': b'-- Up-to-date symlink: /home/lee/workspace/ros2_ex_mav/install/px4_msgs/local/lib/python3.10/dist-packages/px4_msgs/msg/_input_rc_s.c\n'}
[0.467665] (px4_msgs) StdoutLine: {'line': b'-- Up-to-date symlink: /home/lee/workspace/ros2_ex_mav/install/px4_msgs/local/lib/python3.10/dist-packages/px4_msgs/msg/_internal_combustion_engine_status.py\n'}
[0.467697] (px4_msgs) StdoutLine: {'line': b'-- Up-to-date symlink: /home/lee/workspace/ros2_ex_mav/install/px4_msgs/local/lib/python3.10/dist-packages/px4_msgs/msg/_internal_combustion_engine_status_s.c\n'}
[0.467729] (px4_msgs) StdoutLine: {'line': b'-- Up-to-date symlink: /home/lee/workspace/ros2_ex_mav/install/px4_msgs/local/lib/python3.10/dist-packages/px4_msgs/msg/_iridiumsbd_status.py\n'}
[0.467760] (px4_msgs) StdoutLine: {'line': b'-- Up-to-date symlink: /home/lee/workspace/ros2_ex_mav/install/px4_msgs/local/lib/python3.10/dist-packages/px4_msgs/msg/_iridiumsbd_status_s.c\n'}
[0.467791] (px4_msgs) StdoutLine: {'line': b'-- Up-to-date symlink: /home/lee/workspace/ros2_ex_mav/install/px4_msgs/local/lib/python3.10/dist-packages/px4_msgs/msg/_irlock_report.py\n'}
[0.467821] (px4_msgs) StdoutLine: {'line': b'-- Up-to-date symlink: /home/lee/workspace/ros2_ex_mav/install/px4_msgs/local/lib/python3.10/dist-packages/px4_msgs/msg/_irlock_report_s.c\n'}
[0.467852] (px4_msgs) StdoutLine: {'line': b'-- Up-to-date symlink: /home/lee/workspace/ros2_ex_mav/install/px4_msgs/local/lib/python3.10/dist-packages/px4_msgs/msg/_landing_gear.py\n'}
[0.467883] (px4_msgs) StdoutLine: {'line': b'-- Up-to-date symlink: /home/lee/workspace/ros2_ex_mav/install/px4_msgs/local/lib/python3.10/dist-packages/px4_msgs/msg/_landing_gear_s.c\n'}
[0.467914] (px4_msgs) StdoutLine: {'line': b'-- Up-to-date symlink: /home/lee/workspace/ros2_ex_mav/install/px4_msgs/local/lib/python3.10/dist-packages/px4_msgs/msg/_landing_gear_wheel.py\n'}
[0.467945] (px4_msgs) StdoutLine: {'line': b'-- Up-to-date symlink: /home/lee/workspace/ros2_ex_mav/install/px4_msgs/local/lib/python3.10/dist-packages/px4_msgs/msg/_landing_gear_wheel_s.c\n'}
[0.467976] (px4_msgs) StdoutLine: {'line': b'-- Up-to-date symlink: /home/lee/workspace/ros2_ex_mav/install/px4_msgs/local/lib/python3.10/dist-packages/px4_msgs/msg/_landing_target_innovations.py\n'}
[0.468007] (px4_msgs) StdoutLine: {'line': b'-- Up-to-date symlink: /home/lee/workspace/ros2_ex_mav/install/px4_msgs/local/lib/python3.10/dist-packages/px4_msgs/msg/_landing_target_innovations_s.c\n'}
[0.468038] (px4_msgs) StdoutLine: {'line': b'-- Up-to-date symlink: /home/lee/workspace/ros2_ex_mav/install/px4_msgs/local/lib/python3.10/dist-packages/px4_msgs/msg/_landing_target_pose.py\n'}
[0.468069] (px4_msgs) StdoutLine: {'line': b'-- Up-to-date symlink: /home/lee/workspace/ros2_ex_mav/install/px4_msgs/local/lib/python3.10/dist-packages/px4_msgs/msg/_landing_target_pose_s.c\n'}
[0.468100] (px4_msgs) StdoutLine: {'line': b'-- Up-to-date symlink: /home/lee/workspace/ros2_ex_mav/install/px4_msgs/local/lib/python3.10/dist-packages/px4_msgs/msg/_launch_detection_status.py\n'}
[0.468131] (px4_msgs) StdoutLine: {'line': b'-- Up-to-date symlink: /home/lee/workspace/ros2_ex_mav/install/px4_msgs/local/lib/python3.10/dist-packages/px4_msgs/msg/_launch_detection_status_s.c\n'}
[0.468161] (px4_msgs) StdoutLine: {'line': b'-- Up-to-date symlink: /home/lee/workspace/ros2_ex_mav/install/px4_msgs/local/lib/python3.10/dist-packages/px4_msgs/msg/_led_control.py\n'}
[0.468192] (px4_msgs) StdoutLine: {'line': b'-- Up-to-date symlink: /home/lee/workspace/ros2_ex_mav/install/px4_msgs/local/lib/python3.10/dist-packages/px4_msgs/msg/_led_control_s.c\n'}
[0.468223] (px4_msgs) StdoutLine: {'line': b'-- Up-to-date symlink: /home/lee/workspace/ros2_ex_mav/install/px4_msgs/local/lib/python3.10/dist-packages/px4_msgs/msg/_log_message.py\n'}
[0.468253] (px4_msgs) StdoutLine: {'line': b'-- Up-to-date symlink: /home/lee/workspace/ros2_ex_mav/install/px4_msgs/local/lib/python3.10/dist-packages/px4_msgs/msg/_log_message_s.c\n'}
[0.468284] (px4_msgs) StdoutLine: {'line': b'-- Up-to-date symlink: /home/lee/workspace/ros2_ex_mav/install/px4_msgs/local/lib/python3.10/dist-packages/px4_msgs/msg/_logger_status.py\n'}
[0.468315] (px4_msgs) StdoutLine: {'line': b'-- Up-to-date symlink: /home/lee/workspace/ros2_ex_mav/install/px4_msgs/local/lib/python3.10/dist-packages/px4_msgs/msg/_logger_status_s.c\n'}
[0.468348] (px4_msgs) StdoutLine: {'line': b'-- Up-to-date symlink: /home/lee/workspace/ros2_ex_mav/install/px4_msgs/local/lib/python3.10/dist-packages/px4_msgs/msg/_mag_worker_data.py\n'}
[0.468380] (px4_msgs) StdoutLine: {'line': b'-- Up-to-date symlink: /home/lee/workspace/ros2_ex_mav/install/px4_msgs/local/lib/python3.10/dist-packages/px4_msgs/msg/_mag_worker_data_s.c\n'}
[0.468411] (px4_msgs) StdoutLine: {'line': b'-- Up-to-date symlink: /home/lee/workspace/ros2_ex_mav/install/px4_msgs/local/lib/python3.10/dist-packages/px4_msgs/msg/_magnetometer_bias_estimate.py\n'}
[0.468442] (px4_msgs) StdoutLine: {'line': b'-- Up-to-date symlink: /home/lee/workspace/ros2_ex_mav/install/px4_msgs/local/lib/python3.10/dist-packages/px4_msgs/msg/_magnetometer_bias_estimate_s.c\n'}
[0.468472] (px4_msgs) StdoutLine: {'line': b'-- Up-to-date symlink: /home/lee/workspace/ros2_ex_mav/install/px4_msgs/local/lib/python3.10/dist-packages/px4_msgs/msg/_manual_control_setpoint.py\n'}
[0.468503] (px4_msgs) StdoutLine: {'line': b'-- Up-to-date symlink: /home/lee/workspace/ros2_ex_mav/install/px4_msgs/local/lib/python3.10/dist-packages/px4_msgs/msg/_manual_control_setpoint_s.c\n'}
[0.468534] (px4_msgs) StdoutLine: {'line': b'-- Up-to-date symlink: /home/lee/workspace/ros2_ex_mav/install/px4_msgs/local/lib/python3.10/dist-packages/px4_msgs/msg/_manual_control_switches.py\n'}
[0.468565] (px4_msgs) StdoutLine: {'line': b'-- Up-to-date symlink: /home/lee/workspace/ros2_ex_mav/install/px4_msgs/local/lib/python3.10/dist-packages/px4_msgs/msg/_manual_control_switches_s.c\n'}
[0.468596] (px4_msgs) StdoutLine: {'line': b'-- Up-to-date symlink: /home/lee/workspace/ros2_ex_mav/install/px4_msgs/local/lib/python3.10/dist-packages/px4_msgs/msg/_mavlink_log.py\n'}
[0.468627] (px4_msgs) StdoutLine: {'line': b'-- Up-to-date symlink: /home/lee/workspace/ros2_ex_mav/install/px4_msgs/local/lib/python3.10/dist-packages/px4_msgs/msg/_mavlink_log_s.c\n'}
[0.468658] (px4_msgs) StdoutLine: {'line': b'-- Up-to-date symlink: /home/lee/workspace/ros2_ex_mav/install/px4_msgs/local/lib/python3.10/dist-packages/px4_msgs/msg/_mavlink_tunnel.py\n'}
[0.468689] (px4_msgs) StdoutLine: {'line': b'-- Up-to-date symlink: /home/lee/workspace/ros2_ex_mav/install/px4_msgs/local/lib/python3.10/dist-packages/px4_msgs/msg/_mavlink_tunnel_s.c\n'}
[0.468719] (px4_msgs) StdoutLine: {'line': b'-- Up-to-date symlink: /home/lee/workspace/ros2_ex_mav/install/px4_msgs/local/lib/python3.10/dist-packages/px4_msgs/msg/_mission.py\n'}
[0.468751] (px4_msgs) StdoutLine: {'line': b'-- Up-to-date symlink: /home/lee/workspace/ros2_ex_mav/install/px4_msgs/local/lib/python3.10/dist-packages/px4_msgs/msg/_mission_result.py\n'}
[0.468782] (px4_msgs) StdoutLine: {'line': b'-- Up-to-date symlink: /home/lee/workspace/ros2_ex_mav/install/px4_msgs/local/lib/python3.10/dist-packages/px4_msgs/msg/_mission_result_s.c\n'}
[0.468813] (px4_msgs) StdoutLine: {'line': b'-- Up-to-date symlink: /home/lee/workspace/ros2_ex_mav/install/px4_msgs/local/lib/python3.10/dist-packages/px4_msgs/msg/_mission_s.c\n'}
[0.468843] (px4_msgs) StdoutLine: {'line': b'-- Up-to-date symlink: /home/lee/workspace/ros2_ex_mav/install/px4_msgs/local/lib/python3.10/dist-packages/px4_msgs/msg/_mode_completed.py\n'}
[0.468873] (px4_msgs) StdoutLine: {'line': b'-- Up-to-date symlink: /home/lee/workspace/ros2_ex_mav/install/px4_msgs/local/lib/python3.10/dist-packages/px4_msgs/msg/_mode_completed_s.c\n'}
[0.468904] (px4_msgs) StdoutLine: {'line': b'-- Up-to-date symlink: /home/lee/workspace/ros2_ex_mav/install/px4_msgs/local/lib/python3.10/dist-packages/px4_msgs/msg/_mount_orientation.py\n'}
[0.468935] (px4_msgs) StdoutLine: {'line': b'-- Up-to-date symlink: /home/lee/workspace/ros2_ex_mav/install/px4_msgs/local/lib/python3.10/dist-packages/px4_msgs/msg/_mount_orientation_s.c\n'}
[0.468966] (px4_msgs) StdoutLine: {'line': b'-- Up-to-date symlink: /home/lee/workspace/ros2_ex_mav/install/px4_msgs/local/lib/python3.10/dist-packages/px4_msgs/msg/_navigator_mission_item.py\n'}
[0.468996] (px4_msgs) StdoutLine: {'line': b'-- Up-to-date symlink: /home/lee/workspace/ros2_ex_mav/install/px4_msgs/local/lib/python3.10/dist-packages/px4_msgs/msg/_navigator_mission_item_s.c\n'}
[0.469028] (px4_msgs) StdoutLine: {'line': b'-- Up-to-date symlink: /home/lee/workspace/ros2_ex_mav/install/px4_msgs/local/lib/python3.10/dist-packages/px4_msgs/msg/_normalized_unsigned_setpoint.py\n'}
[0.469059] (px4_msgs) StdoutLine: {'line': b'-- Up-to-date symlink: /home/lee/workspace/ros2_ex_mav/install/px4_msgs/local/lib/python3.10/dist-packages/px4_msgs/msg/_normalized_unsigned_setpoint_s.c\n'}
[0.469089] (px4_msgs) StdoutLine: {'line': b'-- Up-to-date symlink: /home/lee/workspace/ros2_ex_mav/install/px4_msgs/local/lib/python3.10/dist-packages/px4_msgs/msg/_npfg_status.py\n'}
[0.469120] (px4_msgs) StdoutLine: {'line': b'-- Up-to-date symlink: /home/lee/workspace/ros2_ex_mav/install/px4_msgs/local/lib/python3.10/dist-packages/px4_msgs/msg/_npfg_status_s.c\n'}
[0.469152] (px4_msgs) StdoutLine: {'line': b'-- Up-to-date symlink: /home/lee/workspace/ros2_ex_mav/install/px4_msgs/local/lib/python3.10/dist-packages/px4_msgs/msg/_obstacle_distance.py\n'}
[0.469183] (px4_msgs) StdoutLine: {'line': b'-- Up-to-date symlink: /home/lee/workspace/ros2_ex_mav/install/px4_msgs/local/lib/python3.10/dist-packages/px4_msgs/msg/_obstacle_distance_s.c\n'}
[0.469213] (px4_msgs) StdoutLine: {'line': b'-- Up-to-date symlink: /home/lee/workspace/ros2_ex_mav/install/px4_msgs/local/lib/python3.10/dist-packages/px4_msgs/msg/_offboard_control_mode.py\n'}
[0.469244] (px4_msgs) StdoutLine: {'line': b'-- Up-to-date symlink: /home/lee/workspace/ros2_ex_mav/install/px4_msgs/local/lib/python3.10/dist-packages/px4_msgs/msg/_offboard_control_mode_s.c\n'}
[0.469275] (px4_msgs) StdoutLine: {'line': b'-- Up-to-date symlink: /home/lee/workspace/ros2_ex_mav/install/px4_msgs/local/lib/python3.10/dist-packages/px4_msgs/msg/_onboard_computer_status.py\n'}
[0.469305] (px4_msgs) StdoutLine: {'line': b'-- Up-to-date symlink: /home/lee/workspace/ros2_ex_mav/install/px4_msgs/local/lib/python3.10/dist-packages/px4_msgs/msg/_onboard_computer_status_s.c\n'}
[0.469337] (px4_msgs) StdoutLine: {'line': b'-- Up-to-date symlink: /home/lee/workspace/ros2_ex_mav/install/px4_msgs/local/lib/python3.10/dist-packages/px4_msgs/msg/_orb_test.py\n'}
[0.469373] (px4_msgs) StdoutLine: {'line': b'-- Up-to-date symlink: /home/lee/workspace/ros2_ex_mav/install/px4_msgs/local/lib/python3.10/dist-packages/px4_msgs/msg/_orb_test_large.py\n'}
[0.469404] (px4_msgs) StdoutLine: {'line': b'-- Up-to-date symlink: /home/lee/workspace/ros2_ex_mav/install/px4_msgs/local/lib/python3.10/dist-packages/px4_msgs/msg/_orb_test_large_s.c\n'}
[0.469435] (px4_msgs) StdoutLine: {'line': b'-- Up-to-date symlink: /home/lee/workspace/ros2_ex_mav/install/px4_msgs/local/lib/python3.10/dist-packages/px4_msgs/msg/_orb_test_medium.py\n'}
[0.469465] (px4_msgs) StdoutLine: {'line': b'-- Up-to-date symlink: /home/lee/workspace/ros2_ex_mav/install/px4_msgs/local/lib/python3.10/dist-packages/px4_msgs/msg/_orb_test_medium_s.c\n'}
[0.469496] (px4_msgs) StdoutLine: {'line': b'-- Up-to-date symlink: /home/lee/workspace/ros2_ex_mav/install/px4_msgs/local/lib/python3.10/dist-packages/px4_msgs/msg/_orb_test_s.c\n'}
[0.469528] (px4_msgs) StdoutLine: {'line': b'-- Up-to-date symlink: /home/lee/workspace/ros2_ex_mav/install/px4_msgs/local/lib/python3.10/dist-packages/px4_msgs/msg/_orbit_status.py\n'}
[0.469559] (px4_msgs) StdoutLine: {'line': b'-- Up-to-date symlink: /home/lee/workspace/ros2_ex_mav/install/px4_msgs/local/lib/python3.10/dist-packages/px4_msgs/msg/_orbit_status_s.c\n'}
[0.469590] (px4_msgs) StdoutLine: {'line': b'-- Up-to-date symlink: /home/lee/workspace/ros2_ex_mav/install/px4_msgs/local/lib/python3.10/dist-packages/px4_msgs/msg/_parameter_update.py\n'}
[0.469622] (px4_msgs) StdoutLine: {'line': b'-- Up-to-date symlink: /home/lee/workspace/ros2_ex_mav/install/px4_msgs/local/lib/python3.10/dist-packages/px4_msgs/msg/_parameter_update_s.c\n'}
[0.469659] (px4_msgs) StdoutLine: {'line': b'-- Up-to-date symlink: /home/lee/workspace/ros2_ex_mav/install/px4_msgs/local/lib/python3.10/dist-packages/px4_msgs/msg/_ping.py\n'}
[0.469695] (px4_msgs) StdoutLine: {'line': b'-- Up-to-date symlink: /home/lee/workspace/ros2_ex_mav/install/px4_msgs/local/lib/python3.10/dist-packages/px4_msgs/msg/_ping_s.c\n'}
[0.469727] (px4_msgs) StdoutLine: {'line': b'-- Up-to-date symlink: /home/lee/workspace/ros2_ex_mav/install/px4_msgs/local/lib/python3.10/dist-packages/px4_msgs/msg/_position_controller_landing_status.py\n'}
[0.469758] (px4_msgs) StdoutLine: {'line': b'-- Up-to-date symlink: /home/lee/workspace/ros2_ex_mav/install/px4_msgs/local/lib/python3.10/dist-packages/px4_msgs/msg/_position_controller_landing_status_s.c\n'}
[0.469790] (px4_msgs) StdoutLine: {'line': b'-- Up-to-date symlink: /home/lee/workspace/ros2_ex_mav/install/px4_msgs/local/lib/python3.10/dist-packages/px4_msgs/msg/_position_controller_status.py\n'}
[0.469823] (px4_msgs) StdoutLine: {'line': b'-- Up-to-date symlink: /home/lee/workspace/ros2_ex_mav/install/px4_msgs/local/lib/python3.10/dist-packages/px4_msgs/msg/_position_controller_status_s.c\n'}
[0.469853] (px4_msgs) StdoutLine: {'line': b'-- Up-to-date symlink: /home/lee/workspace/ros2_ex_mav/install/px4_msgs/local/lib/python3.10/dist-packages/px4_msgs/msg/_position_setpoint.py\n'}
[0.469883] (px4_msgs) StdoutLine: {'line': b'-- Up-to-date symlink: /home/lee/workspace/ros2_ex_mav/install/px4_msgs/local/lib/python3.10/dist-packages/px4_msgs/msg/_position_setpoint_s.c\n'}
[0.469914] (px4_msgs) StdoutLine: {'line': b'-- Up-to-date symlink: /home/lee/workspace/ros2_ex_mav/install/px4_msgs/local/lib/python3.10/dist-packages/px4_msgs/msg/_position_setpoint_triplet.py\n'}
[0.469946] (px4_msgs) StdoutLine: {'line': b'-- Up-to-date symlink: /home/lee/workspace/ros2_ex_mav/install/px4_msgs/local/lib/python3.10/dist-packages/px4_msgs/msg/_position_setpoint_triplet_s.c\n'}
[0.469977] (px4_msgs) StdoutLine: {'line': b'-- Up-to-date symlink: /home/lee/workspace/ros2_ex_mav/install/px4_msgs/local/lib/python3.10/dist-packages/px4_msgs/msg/_power_button_state.py\n'}
[0.470008] (px4_msgs) StdoutLine: {'line': b'-- Up-to-date symlink: /home/lee/workspace/ros2_ex_mav/install/px4_msgs/local/lib/python3.10/dist-packages/px4_msgs/msg/_power_button_state_s.c\n'}
[0.470039] (px4_msgs) StdoutLine: {'line': b'-- Up-to-date symlink: /home/lee/workspace/ros2_ex_mav/install/px4_msgs/local/lib/python3.10/dist-packages/px4_msgs/msg/_power_monitor.py\n'}
[0.470070] (px4_msgs) StdoutLine: {'line': b'-- Up-to-date symlink: /home/lee/workspace/ros2_ex_mav/install/px4_msgs/local/lib/python3.10/dist-packages/px4_msgs/msg/_power_monitor_s.c\n'}
[0.470101] (px4_msgs) StdoutLine: {'line': b'-- Up-to-date symlink: /home/lee/workspace/ros2_ex_mav/install/px4_msgs/local/lib/python3.10/dist-packages/px4_msgs/msg/_pps_capture.py\n'}
[0.470132] (px4_msgs) StdoutLine: {'line': b'-- Up-to-date symlink: /home/lee/workspace/ros2_ex_mav/install/px4_msgs/local/lib/python3.10/dist-packages/px4_msgs/msg/_pps_capture_s.c\n'}
[0.470163] (px4_msgs) StdoutLine: {'line': b'-- Up-to-date symlink: /home/lee/workspace/ros2_ex_mav/install/px4_msgs/local/lib/python3.10/dist-packages/px4_msgs/msg/_pwm_input.py\n'}
[0.470194] (px4_msgs) StdoutLine: {'line': b'-- Up-to-date symlink: /home/lee/workspace/ros2_ex_mav/install/px4_msgs/local/lib/python3.10/dist-packages/px4_msgs/msg/_pwm_input_s.c\n'}
[0.470224] (px4_msgs) StdoutLine: {'line': b'-- Up-to-date symlink: /home/lee/workspace/ros2_ex_mav/install/px4_msgs/local/lib/python3.10/dist-packages/px4_msgs/msg/_px4io_status.py\n'}
[0.470255] (px4_msgs) StdoutLine: {'line': b'-- Up-to-date symlink: /home/lee/workspace/ros2_ex_mav/install/px4_msgs/local/lib/python3.10/dist-packages/px4_msgs/msg/_px4io_status_s.c\n'}
[0.470286] (px4_msgs) StdoutLine: {'line': b'-- Up-to-date symlink: /home/lee/workspace/ros2_ex_mav/install/px4_msgs/local/lib/python3.10/dist-packages/px4_msgs/msg/_qshell_req.py\n'}
[0.470316] (px4_msgs) StdoutLine: {'line': b'-- Up-to-date symlink: /home/lee/workspace/ros2_ex_mav/install/px4_msgs/local/lib/python3.10/dist-packages/px4_msgs/msg/_qshell_req_s.c\n'}
[0.470348] (px4_msgs) StdoutLine: {'line': b'-- Up-to-date symlink: /home/lee/workspace/ros2_ex_mav/install/px4_msgs/local/lib/python3.10/dist-packages/px4_msgs/msg/_qshell_retval.py\n'}
[0.470381] (px4_msgs) StdoutLine: {'line': b'-- Up-to-date symlink: /home/lee/workspace/ros2_ex_mav/install/px4_msgs/local/lib/python3.10/dist-packages/px4_msgs/msg/_qshell_retval_s.c\n'}
[0.470411] (px4_msgs) StdoutLine: {'line': b'-- Up-to-date symlink: /home/lee/workspace/ros2_ex_mav/install/px4_msgs/local/lib/python3.10/dist-packages/px4_msgs/msg/_radio_status.py\n'}
[0.470441] (px4_msgs) StdoutLine: {'line': b'-- Up-to-date symlink: /home/lee/workspace/ros2_ex_mav/install/px4_msgs/local/lib/python3.10/dist-packages/px4_msgs/msg/_radio_status_s.c\n'}
[0.470472] (px4_msgs) StdoutLine: {'line': b'-- Up-to-date symlink: /home/lee/workspace/ros2_ex_mav/install/px4_msgs/local/lib/python3.10/dist-packages/px4_msgs/msg/_rate_ctrl_status.py\n'}
[0.470503] (px4_msgs) StdoutLine: {'line': b'-- Up-to-date symlink: /home/lee/workspace/ros2_ex_mav/install/px4_msgs/local/lib/python3.10/dist-packages/px4_msgs/msg/_rate_ctrl_status_s.c\n'}
[0.470534] (px4_msgs) StdoutLine: {'line': b'-- Up-to-date symlink: /home/lee/workspace/ros2_ex_mav/install/px4_msgs/local/lib/python3.10/dist-packages/px4_msgs/msg/_rc_channels.py\n'}
[0.470564] (px4_msgs) StdoutLine: {'line': b'-- Up-to-date symlink: /home/lee/workspace/ros2_ex_mav/install/px4_msgs/local/lib/python3.10/dist-packages/px4_msgs/msg/_rc_channels_s.c\n'}
[0.470594] (px4_msgs) StdoutLine: {'line': b'-- Up-to-date symlink: /home/lee/workspace/ros2_ex_mav/install/px4_msgs/local/lib/python3.10/dist-packages/px4_msgs/msg/_rc_parameter_map.py\n'}
[0.470629] (px4_msgs) StdoutLine: {'line': b'-- Up-to-date symlink: /home/lee/workspace/ros2_ex_mav/install/px4_msgs/local/lib/python3.10/dist-packages/px4_msgs/msg/_rc_parameter_map_s.c\n'}
[0.470661] (px4_msgs) StdoutLine: {'line': b'-- Up-to-date symlink: /home/lee/workspace/ros2_ex_mav/install/px4_msgs/local/lib/python3.10/dist-packages/px4_msgs/msg/_rpm.py\n'}
[0.470690] (px4_msgs) StdoutLine: {'line': b'-- Up-to-date symlink: /home/lee/workspace/ros2_ex_mav/install/px4_msgs/local/lib/python3.10/dist-packages/px4_msgs/msg/_rpm_s.c\n'}
[0.470718] (px4_msgs) StdoutLine: {'line': b'-- Up-to-date symlink: /home/lee/workspace/ros2_ex_mav/install/px4_msgs/local/lib/python3.10/dist-packages/px4_msgs/msg/_rtl_time_estimate.py\n'}
[0.470749] (px4_msgs) StdoutLine: {'line': b'-- Up-to-date symlink: /home/lee/workspace/ros2_ex_mav/install/px4_msgs/local/lib/python3.10/dist-packages/px4_msgs/msg/_rtl_time_estimate_s.c\n'}
[0.470780] (px4_msgs) StdoutLine: {'line': b'-- Up-to-date symlink: /home/lee/workspace/ros2_ex_mav/install/px4_msgs/local/lib/python3.10/dist-packages/px4_msgs/msg/_satellite_info.py\n'}
[0.470811] (px4_msgs) StdoutLine: {'line': b'-- Up-to-date symlink: /home/lee/workspace/ros2_ex_mav/install/px4_msgs/local/lib/python3.10/dist-packages/px4_msgs/msg/_satellite_info_s.c\n'}
[0.470842] (px4_msgs) StdoutLine: {'line': b'-- Up-to-date symlink: /home/lee/workspace/ros2_ex_mav/install/px4_msgs/local/lib/python3.10/dist-packages/px4_msgs/msg/_sensor_accel.py\n'}
[0.470872] (px4_msgs) StdoutLine: {'line': b'-- Up-to-date symlink: /home/lee/workspace/ros2_ex_mav/install/px4_msgs/local/lib/python3.10/dist-packages/px4_msgs/msg/_sensor_accel_fifo.py\n'}
[0.470903] (px4_msgs) StdoutLine: {'line': b'-- Up-to-date symlink: /home/lee/workspace/ros2_ex_mav/install/px4_msgs/local/lib/python3.10/dist-packages/px4_msgs/msg/_sensor_accel_fifo_s.c\n'}
[0.470936] (px4_msgs) StdoutLine: {'line': b'-- Up-to-date symlink: /home/lee/workspace/ros2_ex_mav/install/px4_msgs/local/lib/python3.10/dist-packages/px4_msgs/msg/_sensor_accel_s.c\n'}
[0.470967] (px4_msgs) StdoutLine: {'line': b'-- Up-to-date symlink: /home/lee/workspace/ros2_ex_mav/install/px4_msgs/local/lib/python3.10/dist-packages/px4_msgs/msg/_sensor_baro.py\n'}
[0.470998] (px4_msgs) StdoutLine: {'line': b'-- Up-to-date symlink: /home/lee/workspace/ros2_ex_mav/install/px4_msgs/local/lib/python3.10/dist-packages/px4_msgs/msg/_sensor_baro_s.c\n'}
[0.471029] (px4_msgs) StdoutLine: {'line': b'-- Up-to-date symlink: /home/lee/workspace/ros2_ex_mav/install/px4_msgs/local/lib/python3.10/dist-packages/px4_msgs/msg/_sensor_combined.py\n'}
[0.471060] (px4_msgs) StdoutLine: {'line': b'-- Up-to-date symlink: /home/lee/workspace/ros2_ex_mav/install/px4_msgs/local/lib/python3.10/dist-packages/px4_msgs/msg/_sensor_combined_s.c\n'}
[0.471090] (px4_msgs) StdoutLine: {'line': b'-- Up-to-date symlink: /home/lee/workspace/ros2_ex_mav/install/px4_msgs/local/lib/python3.10/dist-packages/px4_msgs/msg/_sensor_correction.py\n'}
[0.471123] (px4_msgs) StdoutLine: {'line': b'-- Up-to-date symlink: /home/lee/workspace/ros2_ex_mav/install/px4_msgs/local/lib/python3.10/dist-packages/px4_msgs/msg/_sensor_correction_s.c\n'}
[0.471154] (px4_msgs) StdoutLine: {'line': b'-- Up-to-date symlink: /home/lee/workspace/ros2_ex_mav/install/px4_msgs/local/lib/python3.10/dist-packages/px4_msgs/msg/_sensor_gnss_relative.py\n'}
[0.471185] (px4_msgs) StdoutLine: {'line': b'-- Up-to-date symlink: /home/lee/workspace/ros2_ex_mav/install/px4_msgs/local/lib/python3.10/dist-packages/px4_msgs/msg/_sensor_gnss_relative_s.c\n'}
[0.471216] (px4_msgs) StdoutLine: {'line': b'-- Up-to-date symlink: /home/lee/workspace/ros2_ex_mav/install/px4_msgs/local/lib/python3.10/dist-packages/px4_msgs/msg/_sensor_gps.py\n'}
[0.471247] (px4_msgs) StdoutLine: {'line': b'-- Up-to-date symlink: /home/lee/workspace/ros2_ex_mav/install/px4_msgs/local/lib/python3.10/dist-packages/px4_msgs/msg/_sensor_gps_s.c\n'}
[0.471279] (px4_msgs) StdoutLine: {'line': b'-- Up-to-date symlink: /home/lee/workspace/ros2_ex_mav/install/px4_msgs/local/lib/python3.10/dist-packages/px4_msgs/msg/_sensor_gyro.py\n'}
[0.471310] (px4_msgs) StdoutLine: {'line': b'-- Up-to-date symlink: /home/lee/workspace/ros2_ex_mav/install/px4_msgs/local/lib/python3.10/dist-packages/px4_msgs/msg/_sensor_gyro_fft.py\n'}
[0.471340] (px4_msgs) StdoutLine: {'line': b'-- Up-to-date symlink: /home/lee/workspace/ros2_ex_mav/install/px4_msgs/local/lib/python3.10/dist-packages/px4_msgs/msg/_sensor_gyro_fft_s.c\n'}
[0.471375] (px4_msgs) StdoutLine: {'line': b'-- Up-to-date symlink: /home/lee/workspace/ros2_ex_mav/install/px4_msgs/local/lib/python3.10/dist-packages/px4_msgs/msg/_sensor_gyro_fifo.py\n'}
[0.471407] (px4_msgs) StdoutLine: {'line': b'-- Up-to-date symlink: /home/lee/workspace/ros2_ex_mav/install/px4_msgs/local/lib/python3.10/dist-packages/px4_msgs/msg/_sensor_gyro_fifo_s.c\n'}
[0.471437] (px4_msgs) StdoutLine: {'line': b'-- Up-to-date symlink: /home/lee/workspace/ros2_ex_mav/install/px4_msgs/local/lib/python3.10/dist-packages/px4_msgs/msg/_sensor_gyro_s.c\n'}
[0.471468] (px4_msgs) StdoutLine: {'line': b'-- Up-to-date symlink: /home/lee/workspace/ros2_ex_mav/install/px4_msgs/local/lib/python3.10/dist-packages/px4_msgs/msg/_sensor_hygrometer.py\n'}
[0.471500] (px4_msgs) StdoutLine: {'line': b'-- Up-to-date symlink: /home/lee/workspace/ros2_ex_mav/install/px4_msgs/local/lib/python3.10/dist-packages/px4_msgs/msg/_sensor_hygrometer_s.c\n'}
[0.471530] (px4_msgs) StdoutLine: {'line': b'-- Up-to-date symlink: /home/lee/workspace/ros2_ex_mav/install/px4_msgs/local/lib/python3.10/dist-packages/px4_msgs/msg/_sensor_mag.py\n'}
[0.471561] (px4_msgs) StdoutLine: {'line': b'-- Up-to-date symlink: /home/lee/workspace/ros2_ex_mav/install/px4_msgs/local/lib/python3.10/dist-packages/px4_msgs/msg/_sensor_mag_s.c\n'}
[0.471594] (px4_msgs) StdoutLine: {'line': b'-- Up-to-date symlink: /home/lee/workspace/ros2_ex_mav/install/px4_msgs/local/lib/python3.10/dist-packages/px4_msgs/msg/_sensor_optical_flow.py\n'}
[0.471625] (px4_msgs) StdoutLine: {'line': b'-- Up-to-date symlink: /home/lee/workspace/ros2_ex_mav/install/px4_msgs/local/lib/python3.10/dist-packages/px4_msgs/msg/_sensor_optical_flow_s.c\n'}
[0.471656] (px4_msgs) StdoutLine: {'line': b'-- Up-to-date symlink: /home/lee/workspace/ros2_ex_mav/install/px4_msgs/local/lib/python3.10/dist-packages/px4_msgs/msg/_sensor_preflight_mag.py\n'}
[0.471686] (px4_msgs) StdoutLine: {'line': b'-- Up-to-date symlink: /home/lee/workspace/ros2_ex_mav/install/px4_msgs/local/lib/python3.10/dist-packages/px4_msgs/msg/_sensor_preflight_mag_s.c\n'}
[0.471717] (px4_msgs) StdoutLine: {'line': b'-- Up-to-date symlink: /home/lee/workspace/ros2_ex_mav/install/px4_msgs/local/lib/python3.10/dist-packages/px4_msgs/msg/_sensor_selection.py\n'}
[0.471748] (px4_msgs) StdoutLine: {'line': b'-- Up-to-date symlink: /home/lee/workspace/ros2_ex_mav/install/px4_msgs/local/lib/python3.10/dist-packages/px4_msgs/msg/_sensor_selection_s.c\n'}
[0.471779] (px4_msgs) StdoutLine: {'line': b'-- Up-to-date symlink: /home/lee/workspace/ros2_ex_mav/install/px4_msgs/local/lib/python3.10/dist-packages/px4_msgs/msg/_sensor_uwb.py\n'}
[0.471809] (px4_msgs) StdoutLine: {'line': b'-- Up-to-date symlink: /home/lee/workspace/ros2_ex_mav/install/px4_msgs/local/lib/python3.10/dist-packages/px4_msgs/msg/_sensor_uwb_s.c\n'}
[0.471841] (px4_msgs) StdoutLine: {'line': b'-- Up-to-date symlink: /home/lee/workspace/ros2_ex_mav/install/px4_msgs/local/lib/python3.10/dist-packages/px4_msgs/msg/_sensors_status.py\n'}
[0.471872] (px4_msgs) StdoutLine: {'line': b'-- Up-to-date symlink: /home/lee/workspace/ros2_ex_mav/install/px4_msgs/local/lib/python3.10/dist-packages/px4_msgs/msg/_sensors_status_imu.py\n'}
[0.471903] (px4_msgs) StdoutLine: {'line': b'-- Up-to-date symlink: /home/lee/workspace/ros2_ex_mav/install/px4_msgs/local/lib/python3.10/dist-packages/px4_msgs/msg/_sensors_status_imu_s.c\n'}
[0.471935] (px4_msgs) StdoutLine: {'line': b'-- Up-to-date symlink: /home/lee/workspace/ros2_ex_mav/install/px4_msgs/local/lib/python3.10/dist-packages/px4_msgs/msg/_sensors_status_s.c\n'}
[0.471968] (px4_msgs) StdoutLine: {'line': b'-- Up-to-date symlink: /home/lee/workspace/ros2_ex_mav/install/px4_msgs/local/lib/python3.10/dist-packages/px4_msgs/msg/_system_power.py\n'}
[0.471998] (px4_msgs) StdoutLine: {'line': b'-- Up-to-date symlink: /home/lee/workspace/ros2_ex_mav/install/px4_msgs/local/lib/python3.10/dist-packages/px4_msgs/msg/_system_power_s.c\n'}
[0.472031] (px4_msgs) StdoutLine: {'line': b'-- Up-to-date symlink: /home/lee/workspace/ros2_ex_mav/install/px4_msgs/local/lib/python3.10/dist-packages/px4_msgs/msg/_takeoff_status.py\n'}
[0.472061] (px4_msgs) StdoutLine: {'line': b'-- Up-to-date symlink: /home/lee/workspace/ros2_ex_mav/install/px4_msgs/local/lib/python3.10/dist-packages/px4_msgs/msg/_takeoff_status_s.c\n'}
[0.472091] (px4_msgs) StdoutLine: {'line': b'-- Up-to-date symlink: /home/lee/workspace/ros2_ex_mav/install/px4_msgs/local/lib/python3.10/dist-packages/px4_msgs/msg/_task_stack_info.py\n'}
[0.472122] (px4_msgs) StdoutLine: {'line': b'-- Up-to-date symlink: /home/lee/workspace/ros2_ex_mav/install/px4_msgs/local/lib/python3.10/dist-packages/px4_msgs/msg/_task_stack_info_s.c\n'}
[0.472152] (px4_msgs) StdoutLine: {'line': b'-- Up-to-date symlink: /home/lee/workspace/ros2_ex_mav/install/px4_msgs/local/lib/python3.10/dist-packages/px4_msgs/msg/_tecs_status.py\n'}
[0.472183] (px4_msgs) StdoutLine: {'line': b'-- Up-to-date symlink: /home/lee/workspace/ros2_ex_mav/install/px4_msgs/local/lib/python3.10/dist-packages/px4_msgs/msg/_tecs_status_s.c\n'}
[0.472214] (px4_msgs) StdoutLine: {'line': b'-- Up-to-date symlink: /home/lee/workspace/ros2_ex_mav/install/px4_msgs/local/lib/python3.10/dist-packages/px4_msgs/msg/_telemetry_status.py\n'}
[0.472243] (px4_msgs) StdoutLine: {'line': b'-- Up-to-date symlink: /home/lee/workspace/ros2_ex_mav/install/px4_msgs/local/lib/python3.10/dist-packages/px4_msgs/msg/_telemetry_status_s.c\n'}
[0.472275] (px4_msgs) StdoutLine: {'line': b'-- Up-to-date symlink: /home/lee/workspace/ros2_ex_mav/install/px4_msgs/local/lib/python3.10/dist-packages/px4_msgs/msg/_tiltrotor_extra_controls.py\n'}
[0.472306] (px4_msgs) StdoutLine: {'line': b'-- Up-to-date symlink: /home/lee/workspace/ros2_ex_mav/install/px4_msgs/local/lib/python3.10/dist-packages/px4_msgs/msg/_tiltrotor_extra_controls_s.c\n'}
[0.472336] (px4_msgs) StdoutLine: {'line': b'-- Up-to-date symlink: /home/lee/workspace/ros2_ex_mav/install/px4_msgs/local/lib/python3.10/dist-packages/px4_msgs/msg/_timesync_status.py\n'}
[0.472370] (px4_msgs) StdoutLine: {'line': b'-- Up-to-date symlink: /home/lee/workspace/ros2_ex_mav/install/px4_msgs/local/lib/python3.10/dist-packages/px4_msgs/msg/_timesync_status_s.c\n'}
[0.472401] (px4_msgs) StdoutLine: {'line': b'-- Up-to-date symlink: /home/lee/workspace/ros2_ex_mav/install/px4_msgs/local/lib/python3.10/dist-packages/px4_msgs/msg/_trajectory_bezier.py\n'}
[0.472431] (px4_msgs) StdoutLine: {'line': b'-- Up-to-date symlink: /home/lee/workspace/ros2_ex_mav/install/px4_msgs/local/lib/python3.10/dist-packages/px4_msgs/msg/_trajectory_bezier_s.c\n'}
[0.472462] (px4_msgs) StdoutLine: {'line': b'-- Up-to-date symlink: /home/lee/workspace/ros2_ex_mav/install/px4_msgs/local/lib/python3.10/dist-packages/px4_msgs/msg/_trajectory_setpoint.py\n'}
[0.472494] (px4_msgs) StdoutLine: {'line': b'-- Up-to-date symlink: /home/lee/workspace/ros2_ex_mav/install/px4_msgs/local/lib/python3.10/dist-packages/px4_msgs/msg/_trajectory_setpoint_s.c\n'}
[0.472524] (px4_msgs) StdoutLine: {'line': b'-- Up-to-date symlink: /home/lee/workspace/ros2_ex_mav/install/px4_msgs/local/lib/python3.10/dist-packages/px4_msgs/msg/_trajectory_waypoint.py\n'}
[0.472556] (px4_msgs) StdoutLine: {'line': b'-- Up-to-date symlink: /home/lee/workspace/ros2_ex_mav/install/px4_msgs/local/lib/python3.10/dist-packages/px4_msgs/msg/_trajectory_waypoint_s.c\n'}
[0.472586] (px4_msgs) StdoutLine: {'line': b'-- Up-to-date symlink: /home/lee/workspace/ros2_ex_mav/install/px4_msgs/local/lib/python3.10/dist-packages/px4_msgs/msg/_transponder_report.py\n'}
[0.472617] (px4_msgs) StdoutLine: {'line': b'-- Up-to-date symlink: /home/lee/workspace/ros2_ex_mav/install/px4_msgs/local/lib/python3.10/dist-packages/px4_msgs/msg/_transponder_report_s.c\n'}
[0.472648] (px4_msgs) StdoutLine: {'line': b'-- Up-to-date symlink: /home/lee/workspace/ros2_ex_mav/install/px4_msgs/local/lib/python3.10/dist-packages/px4_msgs/msg/_tune_control.py\n'}
[0.472679] (px4_msgs) StdoutLine: {'line': b'-- Up-to-date symlink: /home/lee/workspace/ros2_ex_mav/install/px4_msgs/local/lib/python3.10/dist-packages/px4_msgs/msg/_tune_control_s.c\n'}
[0.472710] (px4_msgs) StdoutLine: {'line': b'-- Up-to-date symlink: /home/lee/workspace/ros2_ex_mav/install/px4_msgs/local/lib/python3.10/dist-packages/px4_msgs/msg/_uavcan_parameter_request.py\n'}
[0.472740] (px4_msgs) StdoutLine: {'line': b'-- Up-to-date symlink: /home/lee/workspace/ros2_ex_mav/install/px4_msgs/local/lib/python3.10/dist-packages/px4_msgs/msg/_uavcan_parameter_request_s.c\n'}
[0.472771] (px4_msgs) StdoutLine: {'line': b'-- Up-to-date symlink: /home/lee/workspace/ros2_ex_mav/install/px4_msgs/local/lib/python3.10/dist-packages/px4_msgs/msg/_uavcan_parameter_value.py\n'}
[0.472802] (px4_msgs) StdoutLine: {'line': b'-- Up-to-date symlink: /home/lee/workspace/ros2_ex_mav/install/px4_msgs/local/lib/python3.10/dist-packages/px4_msgs/msg/_uavcan_parameter_value_s.c\n'}
[0.472832] (px4_msgs) StdoutLine: {'line': b'-- Up-to-date symlink: /home/lee/workspace/ros2_ex_mav/install/px4_msgs/local/lib/python3.10/dist-packages/px4_msgs/msg/_ulog_stream.py\n'}
[0.472863] (px4_msgs) StdoutLine: {'line': b'-- Up-to-date symlink: /home/lee/workspace/ros2_ex_mav/install/px4_msgs/local/lib/python3.10/dist-packages/px4_msgs/msg/_ulog_stream_ack.py\n'}
[0.472894] (px4_msgs) StdoutLine: {'line': b'-- Up-to-date symlink: /home/lee/workspace/ros2_ex_mav/install/px4_msgs/local/lib/python3.10/dist-packages/px4_msgs/msg/_ulog_stream_ack_s.c\n'}
[0.472924] (px4_msgs) StdoutLine: {'line': b'-- Up-to-date symlink: /home/lee/workspace/ros2_ex_mav/install/px4_msgs/local/lib/python3.10/dist-packages/px4_msgs/msg/_ulog_stream_s.c\n'}
[0.472955] (px4_msgs) StdoutLine: {'line': b'-- Up-to-date symlink: /home/lee/workspace/ros2_ex_mav/install/px4_msgs/local/lib/python3.10/dist-packages/px4_msgs/msg/_vehicle_acceleration.py\n'}
[0.472985] (px4_msgs) StdoutLine: {'line': b'-- Up-to-date symlink: /home/lee/workspace/ros2_ex_mav/install/px4_msgs/local/lib/python3.10/dist-packages/px4_msgs/msg/_vehicle_acceleration_s.c\n'}
[0.473017] (px4_msgs) StdoutLine: {'line': b'-- Up-to-date symlink: /home/lee/workspace/ros2_ex_mav/install/px4_msgs/local/lib/python3.10/dist-packages/px4_msgs/msg/_vehicle_air_data.py\n'}
[0.473046] (px4_msgs) StdoutLine: {'line': b'-- Up-to-date symlink: /home/lee/workspace/ros2_ex_mav/install/px4_msgs/local/lib/python3.10/dist-packages/px4_msgs/msg/_vehicle_air_data_s.c\n'}
[0.473080] (px4_msgs) StdoutLine: {'line': b'-- Up-to-date symlink: /home/lee/workspace/ros2_ex_mav/install/px4_msgs/local/lib/python3.10/dist-packages/px4_msgs/msg/_vehicle_angular_acceleration_setpoint.py\n'}
[0.473112] (px4_msgs) StdoutLine: {'line': b'-- Up-to-date symlink: /home/lee/workspace/ros2_ex_mav/install/px4_msgs/local/lib/python3.10/dist-packages/px4_msgs/msg/_vehicle_angular_acceleration_setpoint_s.c\n'}
[0.473145] (px4_msgs) StdoutLine: {'line': b'-- Up-to-date symlink: /home/lee/workspace/ros2_ex_mav/install/px4_msgs/local/lib/python3.10/dist-packages/px4_msgs/msg/_vehicle_angular_velocity.py\n'}
[0.473174] (px4_msgs) StdoutLine: {'line': b'-- Up-to-date symlink: /home/lee/workspace/ros2_ex_mav/install/px4_msgs/local/lib/python3.10/dist-packages/px4_msgs/msg/_vehicle_angular_velocity_s.c\n'}
[0.473205] (px4_msgs) StdoutLine: {'line': b'-- Up-to-date symlink: /home/lee/workspace/ros2_ex_mav/install/px4_msgs/local/lib/python3.10/dist-packages/px4_msgs/msg/_vehicle_attitude.py\n'}
[0.473236] (px4_msgs) StdoutLine: {'line': b'-- Up-to-date symlink: /home/lee/workspace/ros2_ex_mav/install/px4_msgs/local/lib/python3.10/dist-packages/px4_msgs/msg/_vehicle_attitude_s.c\n'}
[0.473267] (px4_msgs) StdoutLine: {'line': b'-- Up-to-date symlink: /home/lee/workspace/ros2_ex_mav/install/px4_msgs/local/lib/python3.10/dist-packages/px4_msgs/msg/_vehicle_attitude_setpoint.py\n'}
[0.473298] (px4_msgs) StdoutLine: {'line': b'-- Up-to-date symlink: /home/lee/workspace/ros2_ex_mav/install/px4_msgs/local/lib/python3.10/dist-packages/px4_msgs/msg/_vehicle_attitude_setpoint_s.c\n'}
[0.473329] (px4_msgs) StdoutLine: {'line': b'-- Up-to-date symlink: /home/lee/workspace/ros2_ex_mav/install/px4_msgs/local/lib/python3.10/dist-packages/px4_msgs/msg/_vehicle_command.py\n'}
[0.473364] (px4_msgs) StdoutLine: {'line': b'-- Up-to-date symlink: /home/lee/workspace/ros2_ex_mav/install/px4_msgs/local/lib/python3.10/dist-packages/px4_msgs/msg/_vehicle_command_ack.py\n'}
[0.473396] (px4_msgs) StdoutLine: {'line': b'-- Up-to-date symlink: /home/lee/workspace/ros2_ex_mav/install/px4_msgs/local/lib/python3.10/dist-packages/px4_msgs/msg/_vehicle_command_ack_s.c\n'}
[0.473426] (px4_msgs) StdoutLine: {'line': b'-- Up-to-date symlink: /home/lee/workspace/ros2_ex_mav/install/px4_msgs/local/lib/python3.10/dist-packages/px4_msgs/msg/_vehicle_command_s.c\n'}
[0.473457] (px4_msgs) StdoutLine: {'line': b'-- Up-to-date symlink: /home/lee/workspace/ros2_ex_mav/install/px4_msgs/local/lib/python3.10/dist-packages/px4_msgs/msg/_vehicle_constraints.py\n'}
[0.473488] (px4_msgs) StdoutLine: {'line': b'-- Up-to-date symlink: /home/lee/workspace/ros2_ex_mav/install/px4_msgs/local/lib/python3.10/dist-packages/px4_msgs/msg/_vehicle_constraints_s.c\n'}
[0.473519] (px4_msgs) StdoutLine: {'line': b'-- Up-to-date symlink: /home/lee/workspace/ros2_ex_mav/install/px4_msgs/local/lib/python3.10/dist-packages/px4_msgs/msg/_vehicle_control_mode.py\n'}
[0.473549] (px4_msgs) StdoutLine: {'line': b'-- Up-to-date symlink: /home/lee/workspace/ros2_ex_mav/install/px4_msgs/local/lib/python3.10/dist-packages/px4_msgs/msg/_vehicle_control_mode_s.c\n'}
[0.473580] (px4_msgs) StdoutLine: {'line': b'-- Up-to-date symlink: /home/lee/workspace/ros2_ex_mav/install/px4_msgs/local/lib/python3.10/dist-packages/px4_msgs/msg/_vehicle_global_position.py\n'}
[0.473610] (px4_msgs) StdoutLine: {'line': b'-- Up-to-date symlink: /home/lee/workspace/ros2_ex_mav/install/px4_msgs/local/lib/python3.10/dist-packages/px4_msgs/msg/_vehicle_global_position_s.c\n'}
[0.473641] (px4_msgs) StdoutLine: {'line': b'-- Up-to-date symlink: /home/lee/workspace/ros2_ex_mav/install/px4_msgs/local/lib/python3.10/dist-packages/px4_msgs/msg/_vehicle_imu.py\n'}
[0.473672] (px4_msgs) StdoutLine: {'line': b'-- Up-to-date symlink: /home/lee/workspace/ros2_ex_mav/install/px4_msgs/local/lib/python3.10/dist-packages/px4_msgs/msg/_vehicle_imu_s.c\n'}
[0.473702] (px4_msgs) StdoutLine: {'line': b'-- Up-to-date symlink: /home/lee/workspace/ros2_ex_mav/install/px4_msgs/local/lib/python3.10/dist-packages/px4_msgs/msg/_vehicle_imu_status.py\n'}
[0.473733] (px4_msgs) StdoutLine: {'line': b'-- Up-to-date symlink: /home/lee/workspace/ros2_ex_mav/install/px4_msgs/local/lib/python3.10/dist-packages/px4_msgs/msg/_vehicle_imu_status_s.c\n'}
[0.473763] (px4_msgs) StdoutLine: {'line': b'-- Up-to-date symlink: /home/lee/workspace/ros2_ex_mav/install/px4_msgs/local/lib/python3.10/dist-packages/px4_msgs/msg/_vehicle_land_detected.py\n'}
[0.473794] (px4_msgs) StdoutLine: {'line': b'-- Up-to-date symlink: /home/lee/workspace/ros2_ex_mav/install/px4_msgs/local/lib/python3.10/dist-packages/px4_msgs/msg/_vehicle_land_detected_s.c\n'}
[0.473825] (px4_msgs) StdoutLine: {'line': b'-- Up-to-date symlink: /home/lee/workspace/ros2_ex_mav/install/px4_msgs/local/lib/python3.10/dist-packages/px4_msgs/msg/_vehicle_local_position.py\n'}
[0.473855] (px4_msgs) StdoutLine: {'line': b'-- Up-to-date symlink: /home/lee/workspace/ros2_ex_mav/install/px4_msgs/local/lib/python3.10/dist-packages/px4_msgs/msg/_vehicle_local_position_s.c\n'}
[0.473887] (px4_msgs) StdoutLine: {'line': b'-- Up-to-date symlink: /home/lee/workspace/ros2_ex_mav/install/px4_msgs/local/lib/python3.10/dist-packages/px4_msgs/msg/_vehicle_local_position_setpoint.py\n'}
[0.473918] (px4_msgs) StdoutLine: {'line': b'-- Up-to-date symlink: /home/lee/workspace/ros2_ex_mav/install/px4_msgs/local/lib/python3.10/dist-packages/px4_msgs/msg/_vehicle_local_position_setpoint_s.c\n'}
[0.473952] (px4_msgs) StdoutLine: {'line': b'-- Up-to-date symlink: /home/lee/workspace/ros2_ex_mav/install/px4_msgs/local/lib/python3.10/dist-packages/px4_msgs/msg/_vehicle_magnetometer.py\n'}
[0.473979] (px4_msgs) StdoutLine: {'line': b'-- Up-to-date symlink: /home/lee/workspace/ros2_ex_mav/install/px4_msgs/local/lib/python3.10/dist-packages/px4_msgs/msg/_vehicle_magnetometer_s.c\n'}
[0.474009] (px4_msgs) StdoutLine: {'line': b'-- Up-to-date symlink: /home/lee/workspace/ros2_ex_mav/install/px4_msgs/local/lib/python3.10/dist-packages/px4_msgs/msg/_vehicle_odometry.py\n'}
[0.474041] (px4_msgs) StdoutLine: {'line': b'-- Up-to-date symlink: /home/lee/workspace/ros2_ex_mav/install/px4_msgs/local/lib/python3.10/dist-packages/px4_msgs/msg/_vehicle_odometry_s.c\n'}
[0.474070] (px4_msgs) StdoutLine: {'line': b'-- Up-to-date symlink: /home/lee/workspace/ros2_ex_mav/install/px4_msgs/local/lib/python3.10/dist-packages/px4_msgs/msg/_vehicle_optical_flow.py\n'}
[0.474103] (px4_msgs) StdoutLine: {'line': b'-- Up-to-date symlink: /home/lee/workspace/ros2_ex_mav/install/px4_msgs/local/lib/python3.10/dist-packages/px4_msgs/msg/_vehicle_optical_flow_s.c\n'}
[0.474133] (px4_msgs) StdoutLine: {'line': b'-- Up-to-date symlink: /home/lee/workspace/ros2_ex_mav/install/px4_msgs/local/lib/python3.10/dist-packages/px4_msgs/msg/_vehicle_optical_flow_vel.py\n'}
[0.474164] (px4_msgs) StdoutLine: {'line': b'-- Up-to-date symlink: /home/lee/workspace/ros2_ex_mav/install/px4_msgs/local/lib/python3.10/dist-packages/px4_msgs/msg/_vehicle_optical_flow_vel_s.c\n'}
[0.474195] (px4_msgs) StdoutLine: {'line': b'-- Up-to-date symlink: /home/lee/workspace/ros2_ex_mav/install/px4_msgs/local/lib/python3.10/dist-packages/px4_msgs/msg/_vehicle_rates_setpoint.py\n'}
[0.474226] (px4_msgs) StdoutLine: {'line': b'-- Up-to-date symlink: /home/lee/workspace/ros2_ex_mav/install/px4_msgs/local/lib/python3.10/dist-packages/px4_msgs/msg/_vehicle_rates_setpoint_s.c\n'}
[0.474256] (px4_msgs) StdoutLine: {'line': b'-- Up-to-date symlink: /home/lee/workspace/ros2_ex_mav/install/px4_msgs/local/lib/python3.10/dist-packages/px4_msgs/msg/_vehicle_roi.py\n'}
[0.474287] (px4_msgs) StdoutLine: {'line': b'-- Up-to-date symlink: /home/lee/workspace/ros2_ex_mav/install/px4_msgs/local/lib/python3.10/dist-packages/px4_msgs/msg/_vehicle_roi_s.c\n'}
[0.474318] (px4_msgs) StdoutLine: {'line': b'-- Up-to-date symlink: /home/lee/workspace/ros2_ex_mav/install/px4_msgs/local/lib/python3.10/dist-packages/px4_msgs/msg/_vehicle_status.py\n'}
[0.474350] (px4_msgs) StdoutLine: {'line': b'-- Up-to-date symlink: /home/lee/workspace/ros2_ex_mav/install/px4_msgs/local/lib/python3.10/dist-packages/px4_msgs/msg/_vehicle_status_s.c\n'}
[0.474383] (px4_msgs) StdoutLine: {'line': b'-- Up-to-date symlink: /home/lee/workspace/ros2_ex_mav/install/px4_msgs/local/lib/python3.10/dist-packages/px4_msgs/msg/_vehicle_thrust_setpoint.py\n'}
[0.474414] (px4_msgs) StdoutLine: {'line': b'-- Up-to-date symlink: /home/lee/workspace/ros2_ex_mav/install/px4_msgs/local/lib/python3.10/dist-packages/px4_msgs/msg/_vehicle_thrust_setpoint_s.c\n'}
[0.474444] (px4_msgs) StdoutLine: {'line': b'-- Up-to-date symlink: /home/lee/workspace/ros2_ex_mav/install/px4_msgs/local/lib/python3.10/dist-packages/px4_msgs/msg/_vehicle_torque_setpoint.py\n'}
[0.474474] (px4_msgs) StdoutLine: {'line': b'-- Up-to-date symlink: /home/lee/workspace/ros2_ex_mav/install/px4_msgs/local/lib/python3.10/dist-packages/px4_msgs/msg/_vehicle_torque_setpoint_s.c\n'}
[0.474505] (px4_msgs) StdoutLine: {'line': b'-- Up-to-date symlink: /home/lee/workspace/ros2_ex_mav/install/px4_msgs/local/lib/python3.10/dist-packages/px4_msgs/msg/_vehicle_trajectory_bezier.py\n'}
[0.474536] (px4_msgs) StdoutLine: {'line': b'-- Up-to-date symlink: /home/lee/workspace/ros2_ex_mav/install/px4_msgs/local/lib/python3.10/dist-packages/px4_msgs/msg/_vehicle_trajectory_bezier_s.c\n'}
[0.474566] (px4_msgs) StdoutLine: {'line': b'-- Up-to-date symlink: /home/lee/workspace/ros2_ex_mav/install/px4_msgs/local/lib/python3.10/dist-packages/px4_msgs/msg/_vehicle_trajectory_waypoint.py\n'}
[0.474598] (px4_msgs) StdoutLine: {'line': b'-- Up-to-date symlink: /home/lee/workspace/ros2_ex_mav/install/px4_msgs/local/lib/python3.10/dist-packages/px4_msgs/msg/_vehicle_trajectory_waypoint_s.c\n'}
[0.474629] (px4_msgs) StdoutLine: {'line': b'-- Up-to-date symlink: /home/lee/workspace/ros2_ex_mav/install/px4_msgs/local/lib/python3.10/dist-packages/px4_msgs/msg/_vtol_vehicle_status.py\n'}
[0.474659] (px4_msgs) StdoutLine: {'line': b'-- Up-to-date symlink: /home/lee/workspace/ros2_ex_mav/install/px4_msgs/local/lib/python3.10/dist-packages/px4_msgs/msg/_vtol_vehicle_status_s.c\n'}
[0.474691] (px4_msgs) StdoutLine: {'line': b'-- Up-to-date symlink: /home/lee/workspace/ros2_ex_mav/install/px4_msgs/local/lib/python3.10/dist-packages/px4_msgs/msg/_wind.py\n'}
[0.474721] (px4_msgs) StdoutLine: {'line': b'-- Up-to-date symlink: /home/lee/workspace/ros2_ex_mav/install/px4_msgs/local/lib/python3.10/dist-packages/px4_msgs/msg/_wind_s.c\n'}
[0.474752] (px4_msgs) StdoutLine: {'line': b'-- Up-to-date symlink: /home/lee/workspace/ros2_ex_mav/install/px4_msgs/local/lib/python3.10/dist-packages/px4_msgs/msg/_yaw_estimator_status.py\n'}
[0.474783] (px4_msgs) StdoutLine: {'line': b'-- Up-to-date symlink: /home/lee/workspace/ros2_ex_mav/install/px4_msgs/local/lib/python3.10/dist-packages/px4_msgs/msg/_yaw_estimator_status_s.c\n'}
[0.474815] (px4_msgs) StdoutLine: {'line': b'-- Up-to-date symlink: /home/lee/workspace/ros2_ex_mav/install/px4_msgs/local/lib/python3.10/dist-packages/px4_msgs/px4_msgs_s__rosidl_typesupport_c.cpython-310-x86_64-linux-gnu.so\n'}
[0.474847] (px4_msgs) StdoutLine: {'line': b'-- Up-to-date symlink: /home/lee/workspace/ros2_ex_mav/install/px4_msgs/local/lib/python3.10/dist-packages/px4_msgs/px4_msgs_s__rosidl_typesupport_fastrtps_c.cpython-310-x86_64-linux-gnu.so\n'}
[0.474878] (px4_msgs) StdoutLine: {'line': b'-- Up-to-date symlink: /home/lee/workspace/ros2_ex_mav/install/px4_msgs/local/lib/python3.10/dist-packages/px4_msgs/px4_msgs_s__rosidl_typesupport_introspection_c.cpython-310-x86_64-linux-gnu.so\n'}
[0.474986] (px4_msgs) StdoutLine: {'line': b'-- Up-to-date symlink: /home/lee/workspace/ros2_ex_mav/install/px4_msgs/local/lib/python3.10/dist-packages/px4_msgs/px4_msgs_s__rosidl_typesupport_fastrtps_c.cpython-310-x86_64-linux-gnu.so\n'}
[0.475072] (px4_msgs) StdoutLine: {'line': b'-- Up-to-date symlink: /home/lee/workspace/ros2_ex_mav/install/px4_msgs/local/lib/python3.10/dist-packages/px4_msgs/px4_msgs_s__rosidl_typesupport_introspection_c.cpython-310-x86_64-linux-gnu.so\n'}
[0.475155] (px4_msgs) StdoutLine: {'line': b'-- Up-to-date symlink: /home/lee/workspace/ros2_ex_mav/install/px4_msgs/local/lib/python3.10/dist-packages/px4_msgs/px4_msgs_s__rosidl_typesupport_c.cpython-310-x86_64-linux-gnu.so\n'}
[0.475230] (px4_msgs) StdoutLine: {'line': b'-- Up-to-date symlink: /home/lee/workspace/ros2_ex_mav/install/px4_msgs/share/px4_msgs/msg/ActionRequest.idl\n'}
[0.475281] (px4_msgs) StdoutLine: {'line': b'-- Up-to-date symlink: /home/lee/workspace/ros2_ex_mav/install/px4_msgs/share/px4_msgs/msg/ActuatorArmed.idl\n'}
[0.475329] (px4_msgs) StdoutLine: {'line': b'-- Up-to-date symlink: /home/lee/workspace/ros2_ex_mav/install/px4_msgs/share/px4_msgs/msg/ActuatorControlsStatus.idl\n'}
[0.475382] (px4_msgs) StdoutLine: {'line': b'-- Up-to-date symlink: /home/lee/workspace/ros2_ex_mav/install/px4_msgs/share/px4_msgs/msg/ActuatorMotors.idl\n'}
[0.475427] (px4_msgs) StdoutLine: {'line': b'-- Up-to-date symlink: /home/lee/workspace/ros2_ex_mav/install/px4_msgs/share/px4_msgs/msg/ActuatorOutputs.idl\n'}
[0.475471] (px4_msgs) StdoutLine: {'line': b'-- Up-to-date symlink: /home/lee/workspace/ros2_ex_mav/install/px4_msgs/share/px4_msgs/msg/ActuatorServos.idl\n'}
[0.475515] (px4_msgs) StdoutLine: {'line': b'-- Up-to-date symlink: /home/lee/workspace/ros2_ex_mav/install/px4_msgs/share/px4_msgs/msg/ActuatorServosTrim.idl\n'}
[0.475559] (px4_msgs) StdoutLine: {'line': b'-- Up-to-date symlink: /home/lee/workspace/ros2_ex_mav/install/px4_msgs/share/px4_msgs/msg/ActuatorTest.idl\n'}
[0.475603] (px4_msgs) StdoutLine: {'line': b'-- Up-to-date symlink: /home/lee/workspace/ros2_ex_mav/install/px4_msgs/share/px4_msgs/msg/AdcReport.idl\n'}
[0.475647] (px4_msgs) StdoutLine: {'line': b'-- Up-to-date symlink: /home/lee/workspace/ros2_ex_mav/install/px4_msgs/share/px4_msgs/msg/Airspeed.idl\n'}
[0.475691] (px4_msgs) StdoutLine: {'line': b'-- Up-to-date symlink: /home/lee/workspace/ros2_ex_mav/install/px4_msgs/share/px4_msgs/msg/AirspeedValidated.idl\n'}
[0.475734] (px4_msgs) StdoutLine: {'line': b'-- Up-to-date symlink: /home/lee/workspace/ros2_ex_mav/install/px4_msgs/share/px4_msgs/msg/AirspeedWind.idl\n'}
[0.475779] (px4_msgs) StdoutLine: {'line': b'-- Up-to-date symlink: /home/lee/workspace/ros2_ex_mav/install/px4_msgs/share/px4_msgs/msg/AutotuneAttitudeControlStatus.idl\n'}
[0.475823] (px4_msgs) StdoutLine: {'line': b'-- Up-to-date symlink: /home/lee/workspace/ros2_ex_mav/install/px4_msgs/share/px4_msgs/msg/BatteryStatus.idl\n'}
[0.475865] (px4_msgs) StdoutLine: {'line': b'-- Up-to-date symlink: /home/lee/workspace/ros2_ex_mav/install/px4_msgs/share/px4_msgs/msg/ButtonEvent.idl\n'}
[0.475907] (px4_msgs) StdoutLine: {'line': b'-- Up-to-date symlink: /home/lee/workspace/ros2_ex_mav/install/px4_msgs/share/px4_msgs/msg/CameraCapture.idl\n'}
[0.475949] (px4_msgs) StdoutLine: {'line': b'-- Up-to-date symlink: /home/lee/workspace/ros2_ex_mav/install/px4_msgs/share/px4_msgs/msg/CameraStatus.idl\n'}
[0.475991] (px4_msgs) StdoutLine: {'line': b'-- Up-to-date symlink: /home/lee/workspace/ros2_ex_mav/install/px4_msgs/share/px4_msgs/msg/CameraTrigger.idl\n'}
[0.476033] (px4_msgs) StdoutLine: {'line': b'-- Up-to-date symlink: /home/lee/workspace/ros2_ex_mav/install/px4_msgs/share/px4_msgs/msg/CellularStatus.idl\n'}
[0.476075] (px4_msgs) StdoutLine: {'line': b'-- Up-to-date symlink: /home/lee/workspace/ros2_ex_mav/install/px4_msgs/share/px4_msgs/msg/CollisionConstraints.idl\n'}
[0.476118] (px4_msgs) StdoutLine: {'line': b'-- Up-to-date symlink: /home/lee/workspace/ros2_ex_mav/install/px4_msgs/share/px4_msgs/msg/CollisionReport.idl\n'}
[0.476163] (px4_msgs) StdoutLine: {'line': b'-- Up-to-date symlink: /home/lee/workspace/ros2_ex_mav/install/px4_msgs/share/px4_msgs/msg/ControlAllocatorStatus.idl\n'}
[0.476208] (px4_msgs) StdoutLine: {'line': b'-- Up-to-date symlink: /home/lee/workspace/ros2_ex_mav/install/px4_msgs/share/px4_msgs/msg/Cpuload.idl\n'}
[0.476251] (px4_msgs) StdoutLine: {'line': b'-- Up-to-date symlink: /home/lee/workspace/ros2_ex_mav/install/px4_msgs/share/px4_msgs/msg/DebugArray.idl\n'}
[0.476293] (px4_msgs) StdoutLine: {'line': b'-- Up-to-date symlink: /home/lee/workspace/ros2_ex_mav/install/px4_msgs/share/px4_msgs/msg/DebugKeyValue.idl\n'}
[0.476336] (px4_msgs) StdoutLine: {'line': b'-- Up-to-date symlink: /home/lee/workspace/ros2_ex_mav/install/px4_msgs/share/px4_msgs/msg/DebugValue.idl\n'}
[0.476380] (px4_msgs) StdoutLine: {'line': b'-- Up-to-date symlink: /home/lee/workspace/ros2_ex_mav/install/px4_msgs/share/px4_msgs/msg/DebugVect.idl\n'}
[0.476422] (px4_msgs) StdoutLine: {'line': b'-- Up-to-date symlink: /home/lee/workspace/ros2_ex_mav/install/px4_msgs/share/px4_msgs/msg/DifferentialPressure.idl\n'}
[0.476466] (px4_msgs) StdoutLine: {'line': b'-- Up-to-date symlink: /home/lee/workspace/ros2_ex_mav/install/px4_msgs/share/px4_msgs/msg/DistanceSensor.idl\n'}
[0.476509] (px4_msgs) StdoutLine: {'line': b'-- Up-to-date symlink: /home/lee/workspace/ros2_ex_mav/install/px4_msgs/share/px4_msgs/msg/Ekf2Timestamps.idl\n'}
[0.476552] (px4_msgs) StdoutLine: {'line': b'-- Up-to-date symlink: /home/lee/workspace/ros2_ex_mav/install/px4_msgs/share/px4_msgs/msg/EscReport.idl\n'}
[0.476595] (px4_msgs) StdoutLine: {'line': b'-- Up-to-date symlink: /home/lee/workspace/ros2_ex_mav/install/px4_msgs/share/px4_msgs/msg/EscStatus.idl\n'}
[0.476639] (px4_msgs) StdoutLine: {'line': b'-- Up-to-date symlink: /home/lee/workspace/ros2_ex_mav/install/px4_msgs/share/px4_msgs/msg/EstimatorAidSource1d.idl\n'}
[0.476683] (px4_msgs) StdoutLine: {'line': b'-- Up-to-date symlink: /home/lee/workspace/ros2_ex_mav/install/px4_msgs/share/px4_msgs/msg/EstimatorAidSource2d.idl\n'}
[0.476725] (px4_msgs) StdoutLine: {'line': b'-- Up-to-date symlink: /home/lee/workspace/ros2_ex_mav/install/px4_msgs/share/px4_msgs/msg/EstimatorAidSource3d.idl\n'}
[0.476843] (px4_msgs) StdoutLine: {'line': b'-- Up-to-date symlink: /home/lee/workspace/ros2_ex_mav/install/px4_msgs/share/px4_msgs/msg/EstimatorBias.idl\n'}
[0.476864] (px4_msgs) StdoutLine: {'line': b'-- Up-to-date symlink: /home/lee/workspace/ros2_ex_mav/install/px4_msgs/share/px4_msgs/msg/EstimatorBias3d.idl\n'}
[0.476977] (px4_msgs) StdoutLine: {'line': b'-- Up-to-date symlink: /home/lee/workspace/ros2_ex_mav/install/px4_msgs/share/px4_msgs/msg/EstimatorEventFlags.idl\n'}
[0.476997] (px4_msgs) StdoutLine: {'line': b'-- Up-to-date symlink: /home/lee/workspace/ros2_ex_mav/install/px4_msgs/share/px4_msgs/msg/EstimatorGpsStatus.idl\n'}
[0.477016] (px4_msgs) StdoutLine: {'line': b'-- Up-to-date symlink: /home/lee/workspace/ros2_ex_mav/install/px4_msgs/share/px4_msgs/msg/EstimatorInnovations.idl\n'}
[0.477152] (px4_msgs) StdoutLine: {'line': b'-- Up-to-date symlink: /home/lee/workspace/ros2_ex_mav/install/px4_msgs/share/px4_msgs/msg/EstimatorSelectorStatus.idl\n'}
[0.477174] (px4_msgs) StdoutLine: {'line': b'-- Up-to-date symlink: /home/lee/workspace/ros2_ex_mav/install/px4_msgs/share/px4_msgs/msg/EstimatorSensorBias.idl\n'}
[0.477194] (px4_msgs) StdoutLine: {'line': b'-- Up-to-date symlink: /home/lee/workspace/ros2_ex_mav/install/px4_msgs/share/px4_msgs/msg/EstimatorStates.idl\n'}
[0.477215] (px4_msgs) StdoutLine: {'line': b'-- Up-to-date symlink: /home/lee/workspace/ros2_ex_mav/install/px4_msgs/share/px4_msgs/msg/EstimatorStatus.idl\n'}
[0.477296] (px4_msgs) StdoutLine: {'line': b'-- Up-to-date symlink: /home/lee/workspace/ros2_ex_mav/install/px4_msgs/share/px4_msgs/msg/EstimatorStatusFlags.idl\n'}
[0.477316] (px4_msgs) StdoutLine: {'line': b'-- Up-to-date symlink: /home/lee/workspace/ros2_ex_mav/install/px4_msgs/share/px4_msgs/msg/Event.idl\n'}
[0.477336] (px4_msgs) StdoutLine: {'line': b'-- Up-to-date symlink: /home/lee/workspace/ros2_ex_mav/install/px4_msgs/share/px4_msgs/msg/FailsafeFlags.idl\n'}
[0.477359] (px4_msgs) StdoutLine: {'line': b'-- Up-to-date symlink: /home/lee/workspace/ros2_ex_mav/install/px4_msgs/share/px4_msgs/msg/FailureDetectorStatus.idl\n'}
[0.477390] (px4_msgs) StdoutLine: {'line': b'-- Up-to-date symlink: /home/lee/workspace/ros2_ex_mav/install/px4_msgs/share/px4_msgs/msg/FollowTarget.idl\n'}
[0.477411] (px4_msgs) StdoutLine: {'line': b'-- Up-to-date symlink: /home/lee/workspace/ros2_ex_mav/install/px4_msgs/share/px4_msgs/msg/FollowTargetEstimator.idl\n'}
[0.477440] (px4_msgs) StdoutLine: {'line': b'-- Up-to-date symlink: /home/lee/workspace/ros2_ex_mav/install/px4_msgs/share/px4_msgs/msg/FollowTargetStatus.idl\n'}
[0.477468] (px4_msgs) StdoutLine: {'line': b'-- Up-to-date symlink: /home/lee/workspace/ros2_ex_mav/install/px4_msgs/share/px4_msgs/msg/GeneratorStatus.idl\n'}
[0.477507] (px4_msgs) StdoutLine: {'line': b'-- Up-to-date symlink: /home/lee/workspace/ros2_ex_mav/install/px4_msgs/share/px4_msgs/msg/GeofenceResult.idl\n'}
[0.477550] (px4_msgs) StdoutLine: {'line': b'-- Up-to-date symlink: /home/lee/workspace/ros2_ex_mav/install/px4_msgs/share/px4_msgs/msg/GimbalControls.idl\n'}
[0.477594] (px4_msgs) StdoutLine: {'line': b'-- Up-to-date symlink: /home/lee/workspace/ros2_ex_mav/install/px4_msgs/share/px4_msgs/msg/GimbalDeviceAttitudeStatus.idl\n'}
[0.477639] (px4_msgs) StdoutLine: {'line': b'-- Up-to-date symlink: /home/lee/workspace/ros2_ex_mav/install/px4_msgs/share/px4_msgs/msg/GimbalDeviceInformation.idl\n'}
[0.477728] (px4_msgs) StdoutLine: {'line': b'-- Up-to-date symlink: /home/lee/workspace/ros2_ex_mav/install/px4_msgs/share/px4_msgs/msg/GimbalDeviceSetAttitude.idl\n'}
[0.477807] (px4_msgs) StdoutLine: {'line': b'-- Up-to-date symlink: /home/lee/workspace/ros2_ex_mav/install/px4_msgs/share/px4_msgs/msg/GimbalManagerInformation.idl\n'}
[0.477854] (px4_msgs) StdoutLine: {'line': b'-- Up-to-date symlink: /home/lee/workspace/ros2_ex_mav/install/px4_msgs/share/px4_msgs/msg/GimbalManagerSetAttitude.idl\n'}
[0.477898] (px4_msgs) StdoutLine: {'line': b'-- Up-to-date symlink: /home/lee/workspace/ros2_ex_mav/install/px4_msgs/share/px4_msgs/msg/GimbalManagerSetManualControl.idl\n'}
[0.477940] (px4_msgs) StdoutLine: {'line': b'-- Up-to-date symlink: /home/lee/workspace/ros2_ex_mav/install/px4_msgs/share/px4_msgs/msg/GimbalManagerStatus.idl\n'}
[0.477984] (px4_msgs) StdoutLine: {'line': b'-- Up-to-date symlink: /home/lee/workspace/ros2_ex_mav/install/px4_msgs/share/px4_msgs/msg/GpsDump.idl\n'}
[0.478027] (px4_msgs) StdoutLine: {'line': b'-- Up-to-date symlink: /home/lee/workspace/ros2_ex_mav/install/px4_msgs/share/px4_msgs/msg/GpsInjectData.idl\n'}
[0.478070] (px4_msgs) StdoutLine: {'line': b'-- Up-to-date symlink: /home/lee/workspace/ros2_ex_mav/install/px4_msgs/share/px4_msgs/msg/Gripper.idl\n'}
[0.478113] (px4_msgs) StdoutLine: {'line': b'-- Up-to-date symlink: /home/lee/workspace/ros2_ex_mav/install/px4_msgs/share/px4_msgs/msg/HealthReport.idl\n'}
[0.478155] (px4_msgs) StdoutLine: {'line': b'-- Up-to-date symlink: /home/lee/workspace/ros2_ex_mav/install/px4_msgs/share/px4_msgs/msg/HeaterStatus.idl\n'}
[0.478197] (px4_msgs) StdoutLine: {'line': b'-- Up-to-date symlink: /home/lee/workspace/ros2_ex_mav/install/px4_msgs/share/px4_msgs/msg/HomePosition.idl\n'}
[0.478239] (px4_msgs) StdoutLine: {'line': b'-- Up-to-date symlink: /home/lee/workspace/ros2_ex_mav/install/px4_msgs/share/px4_msgs/msg/HoverThrustEstimate.idl\n'}
[0.478282] (px4_msgs) StdoutLine: {'line': b'-- Up-to-date symlink: /home/lee/workspace/ros2_ex_mav/install/px4_msgs/share/px4_msgs/msg/InputRc.idl\n'}
[0.478326] (px4_msgs) StdoutLine: {'line': b'-- Up-to-date symlink: /home/lee/workspace/ros2_ex_mav/install/px4_msgs/share/px4_msgs/msg/InternalCombustionEngineStatus.idl\n'}
[0.478373] (px4_msgs) StdoutLine: {'line': b'-- Up-to-date symlink: /home/lee/workspace/ros2_ex_mav/install/px4_msgs/share/px4_msgs/msg/IridiumsbdStatus.idl\n'}
[0.478415] (px4_msgs) StdoutLine: {'line': b'-- Up-to-date symlink: /home/lee/workspace/ros2_ex_mav/install/px4_msgs/share/px4_msgs/msg/IrlockReport.idl\n'}
[0.478457] (px4_msgs) StdoutLine: {'line': b'-- Up-to-date symlink: /home/lee/workspace/ros2_ex_mav/install/px4_msgs/share/px4_msgs/msg/LandingGear.idl\n'}
[0.478501] (px4_msgs) StdoutLine: {'line': b'-- Up-to-date symlink: /home/lee/workspace/ros2_ex_mav/install/px4_msgs/share/px4_msgs/msg/LandingGearWheel.idl\n'}
[0.478545] (px4_msgs) StdoutLine: {'line': b'-- Up-to-date symlink: /home/lee/workspace/ros2_ex_mav/install/px4_msgs/share/px4_msgs/msg/LandingTargetInnovations.idl\n'}
[0.478587] (px4_msgs) StdoutLine: {'line': b'-- Up-to-date symlink: /home/lee/workspace/ros2_ex_mav/install/px4_msgs/share/px4_msgs/msg/LandingTargetPose.idl\n'}
[0.478630] (px4_msgs) StdoutLine: {'line': b'-- Up-to-date symlink: /home/lee/workspace/ros2_ex_mav/install/px4_msgs/share/px4_msgs/msg/LaunchDetectionStatus.idl\n'}
[0.478672] (px4_msgs) StdoutLine: {'line': b'-- Up-to-date symlink: /home/lee/workspace/ros2_ex_mav/install/px4_msgs/share/px4_msgs/msg/LedControl.idl\n'}
[0.478713] (px4_msgs) StdoutLine: {'line': b'-- Up-to-date symlink: /home/lee/workspace/ros2_ex_mav/install/px4_msgs/share/px4_msgs/msg/LogMessage.idl\n'}
[0.478755] (px4_msgs) StdoutLine: {'line': b'-- Up-to-date symlink: /home/lee/workspace/ros2_ex_mav/install/px4_msgs/share/px4_msgs/msg/LoggerStatus.idl\n'}
[0.478797] (px4_msgs) StdoutLine: {'line': b'-- Up-to-date symlink: /home/lee/workspace/ros2_ex_mav/install/px4_msgs/share/px4_msgs/msg/MagWorkerData.idl\n'}
[0.478839] (px4_msgs) StdoutLine: {'line': b'-- Up-to-date symlink: /home/lee/workspace/ros2_ex_mav/install/px4_msgs/share/px4_msgs/msg/MagnetometerBiasEstimate.idl\n'}
[0.478882] (px4_msgs) StdoutLine: {'line': b'-- Up-to-date symlink: /home/lee/workspace/ros2_ex_mav/install/px4_msgs/share/px4_msgs/msg/ManualControlSetpoint.idl\n'}
[0.478923] (px4_msgs) StdoutLine: {'line': b'-- Up-to-date symlink: /home/lee/workspace/ros2_ex_mav/install/px4_msgs/share/px4_msgs/msg/ManualControlSwitches.idl\n'}
[0.478965] (px4_msgs) StdoutLine: {'line': b'-- Up-to-date symlink: /home/lee/workspace/ros2_ex_mav/install/px4_msgs/share/px4_msgs/msg/MavlinkLog.idl\n'}
[0.479007] (px4_msgs) StdoutLine: {'line': b'-- Up-to-date symlink: /home/lee/workspace/ros2_ex_mav/install/px4_msgs/share/px4_msgs/msg/MavlinkTunnel.idl\n'}
[0.479050] (px4_msgs) StdoutLine: {'line': b'-- Up-to-date symlink: /home/lee/workspace/ros2_ex_mav/install/px4_msgs/share/px4_msgs/msg/Mission.idl\n'}
[0.479092] (px4_msgs) StdoutLine: {'line': b'-- Up-to-date symlink: /home/lee/workspace/ros2_ex_mav/install/px4_msgs/share/px4_msgs/msg/MissionResult.idl\n'}
[0.479134] (px4_msgs) StdoutLine: {'line': b'-- Up-to-date symlink: /home/lee/workspace/ros2_ex_mav/install/px4_msgs/share/px4_msgs/msg/ModeCompleted.idl\n'}
[0.479179] (px4_msgs) StdoutLine: {'line': b'-- Up-to-date symlink: /home/lee/workspace/ros2_ex_mav/install/px4_msgs/share/px4_msgs/msg/MountOrientation.idl\n'}
[0.479220] (px4_msgs) StdoutLine: {'line': b'-- Up-to-date symlink: /home/lee/workspace/ros2_ex_mav/install/px4_msgs/share/px4_msgs/msg/NavigatorMissionItem.idl\n'}
[0.479265] (px4_msgs) StdoutLine: {'line': b'-- Up-to-date symlink: /home/lee/workspace/ros2_ex_mav/install/px4_msgs/share/px4_msgs/msg/NormalizedUnsignedSetpoint.idl\n'}
[0.479306] (px4_msgs) StdoutLine: {'line': b'-- Up-to-date symlink: /home/lee/workspace/ros2_ex_mav/install/px4_msgs/share/px4_msgs/msg/NpfgStatus.idl\n'}
[0.479351] (px4_msgs) StdoutLine: {'line': b'-- Up-to-date symlink: /home/lee/workspace/ros2_ex_mav/install/px4_msgs/share/px4_msgs/msg/ObstacleDistance.idl\n'}
[0.479394] (px4_msgs) StdoutLine: {'line': b'-- Up-to-date symlink: /home/lee/workspace/ros2_ex_mav/install/px4_msgs/share/px4_msgs/msg/OffboardControlMode.idl\n'}
[0.479435] (px4_msgs) StdoutLine: {'line': b'-- Up-to-date symlink: /home/lee/workspace/ros2_ex_mav/install/px4_msgs/share/px4_msgs/msg/OnboardComputerStatus.idl\n'}
[0.479479] (px4_msgs) StdoutLine: {'line': b'-- Up-to-date symlink: /home/lee/workspace/ros2_ex_mav/install/px4_msgs/share/px4_msgs/msg/OrbTest.idl\n'}
[0.479523] (px4_msgs) StdoutLine: {'line': b'-- Up-to-date symlink: /home/lee/workspace/ros2_ex_mav/install/px4_msgs/share/px4_msgs/msg/OrbTestLarge.idl\n'}
[0.479566] (px4_msgs) StdoutLine: {'line': b'-- Up-to-date symlink: /home/lee/workspace/ros2_ex_mav/install/px4_msgs/share/px4_msgs/msg/OrbTestMedium.idl\n'}
[0.479608] (px4_msgs) StdoutLine: {'line': b'-- Up-to-date symlink: /home/lee/workspace/ros2_ex_mav/install/px4_msgs/share/px4_msgs/msg/OrbitStatus.idl\n'}
[0.479650] (px4_msgs) StdoutLine: {'line': b'-- Up-to-date symlink: /home/lee/workspace/ros2_ex_mav/install/px4_msgs/share/px4_msgs/msg/ParameterUpdate.idl\n'}
[0.479693] (px4_msgs) StdoutLine: {'line': b'-- Up-to-date symlink: /home/lee/workspace/ros2_ex_mav/install/px4_msgs/share/px4_msgs/msg/Ping.idl\n'}
[0.479738] (px4_msgs) StdoutLine: {'line': b'-- Up-to-date symlink: /home/lee/workspace/ros2_ex_mav/install/px4_msgs/share/px4_msgs/msg/PositionControllerLandingStatus.idl\n'}
[0.479783] (px4_msgs) StdoutLine: {'line': b'-- Up-to-date symlink: /home/lee/workspace/ros2_ex_mav/install/px4_msgs/share/px4_msgs/msg/PositionControllerStatus.idl\n'}
[0.479825] (px4_msgs) StdoutLine: {'line': b'-- Up-to-date symlink: /home/lee/workspace/ros2_ex_mav/install/px4_msgs/share/px4_msgs/msg/PositionSetpoint.idl\n'}
[0.479867] (px4_msgs) StdoutLine: {'line': b'-- Up-to-date symlink: /home/lee/workspace/ros2_ex_mav/install/px4_msgs/share/px4_msgs/msg/PositionSetpointTriplet.idl\n'}
[0.479910] (px4_msgs) StdoutLine: {'line': b'-- Up-to-date symlink: /home/lee/workspace/ros2_ex_mav/install/px4_msgs/share/px4_msgs/msg/PowerButtonState.idl\n'}
[0.479953] (px4_msgs) StdoutLine: {'line': b'-- Up-to-date symlink: /home/lee/workspace/ros2_ex_mav/install/px4_msgs/share/px4_msgs/msg/PowerMonitor.idl\n'}
[0.479995] (px4_msgs) StdoutLine: {'line': b'-- Up-to-date symlink: /home/lee/workspace/ros2_ex_mav/install/px4_msgs/share/px4_msgs/msg/PpsCapture.idl\n'}
[0.480039] (px4_msgs) StdoutLine: {'line': b'-- Up-to-date symlink: /home/lee/workspace/ros2_ex_mav/install/px4_msgs/share/px4_msgs/msg/PwmInput.idl\n'}
[0.480082] (px4_msgs) StdoutLine: {'line': b'-- Up-to-date symlink: /home/lee/workspace/ros2_ex_mav/install/px4_msgs/share/px4_msgs/msg/Px4ioStatus.idl\n'}
[0.480125] (px4_msgs) StdoutLine: {'line': b'-- Up-to-date symlink: /home/lee/workspace/ros2_ex_mav/install/px4_msgs/share/px4_msgs/msg/QshellReq.idl\n'}
[0.480168] (px4_msgs) StdoutLine: {'line': b'-- Up-to-date symlink: /home/lee/workspace/ros2_ex_mav/install/px4_msgs/share/px4_msgs/msg/QshellRetval.idl\n'}
[0.480210] (px4_msgs) StdoutLine: {'line': b'-- Up-to-date symlink: /home/lee/workspace/ros2_ex_mav/install/px4_msgs/share/px4_msgs/msg/RadioStatus.idl\n'}
[0.480252] (px4_msgs) StdoutLine: {'line': b'-- Up-to-date symlink: /home/lee/workspace/ros2_ex_mav/install/px4_msgs/share/px4_msgs/msg/RateCtrlStatus.idl\n'}
[0.480297] (px4_msgs) StdoutLine: {'line': b'-- Up-to-date symlink: /home/lee/workspace/ros2_ex_mav/install/px4_msgs/share/px4_msgs/msg/RcChannels.idl\n'}
[0.480338] (px4_msgs) StdoutLine: {'line': b'-- Up-to-date symlink: /home/lee/workspace/ros2_ex_mav/install/px4_msgs/share/px4_msgs/msg/RcParameterMap.idl\n'}
[0.480384] (px4_msgs) StdoutLine: {'line': b'-- Up-to-date symlink: /home/lee/workspace/ros2_ex_mav/install/px4_msgs/share/px4_msgs/msg/Rpm.idl\n'}
[0.480425] (px4_msgs) StdoutLine: {'line': b'-- Up-to-date symlink: /home/lee/workspace/ros2_ex_mav/install/px4_msgs/share/px4_msgs/msg/RtlTimeEstimate.idl\n'}
[0.480468] (px4_msgs) StdoutLine: {'line': b'-- Up-to-date symlink: /home/lee/workspace/ros2_ex_mav/install/px4_msgs/share/px4_msgs/msg/SatelliteInfo.idl\n'}
[0.480512] (px4_msgs) StdoutLine: {'line': b'-- Up-to-date symlink: /home/lee/workspace/ros2_ex_mav/install/px4_msgs/share/px4_msgs/msg/SensorAccel.idl\n'}
[0.480557] (px4_msgs) StdoutLine: {'line': b'-- Up-to-date symlink: /home/lee/workspace/ros2_ex_mav/install/px4_msgs/share/px4_msgs/msg/SensorAccelFifo.idl\n'}
[0.480597] (px4_msgs) StdoutLine: {'line': b'-- Up-to-date symlink: /home/lee/workspace/ros2_ex_mav/install/px4_msgs/share/px4_msgs/msg/SensorBaro.idl\n'}
[0.480639] (px4_msgs) StdoutLine: {'line': b'-- Up-to-date symlink: /home/lee/workspace/ros2_ex_mav/install/px4_msgs/share/px4_msgs/msg/SensorCombined.idl\n'}
[0.480680] (px4_msgs) StdoutLine: {'line': b'-- Up-to-date symlink: /home/lee/workspace/ros2_ex_mav/install/px4_msgs/share/px4_msgs/msg/SensorCorrection.idl\n'}
[0.480722] (px4_msgs) StdoutLine: {'line': b'-- Up-to-date symlink: /home/lee/workspace/ros2_ex_mav/install/px4_msgs/share/px4_msgs/msg/SensorGnssRelative.idl\n'}
[0.480764] (px4_msgs) StdoutLine: {'line': b'-- Up-to-date symlink: /home/lee/workspace/ros2_ex_mav/install/px4_msgs/share/px4_msgs/msg/SensorGps.idl\n'}
[0.480807] (px4_msgs) StdoutLine: {'line': b'-- Up-to-date symlink: /home/lee/workspace/ros2_ex_mav/install/px4_msgs/share/px4_msgs/msg/SensorGyro.idl\n'}
[0.480848] (px4_msgs) StdoutLine: {'line': b'-- Up-to-date symlink: /home/lee/workspace/ros2_ex_mav/install/px4_msgs/share/px4_msgs/msg/SensorGyroFft.idl\n'}
[0.480889] (px4_msgs) StdoutLine: {'line': b'-- Up-to-date symlink: /home/lee/workspace/ros2_ex_mav/install/px4_msgs/share/px4_msgs/msg/SensorGyroFifo.idl\n'}
[0.480930] (px4_msgs) StdoutLine: {'line': b'-- Up-to-date symlink: /home/lee/workspace/ros2_ex_mav/install/px4_msgs/share/px4_msgs/msg/SensorHygrometer.idl\n'}
[0.480972] (px4_msgs) StdoutLine: {'line': b'-- Up-to-date symlink: /home/lee/workspace/ros2_ex_mav/install/px4_msgs/share/px4_msgs/msg/SensorMag.idl\n'}
[0.481014] (px4_msgs) StdoutLine: {'line': b'-- Up-to-date symlink: /home/lee/workspace/ros2_ex_mav/install/px4_msgs/share/px4_msgs/msg/SensorOpticalFlow.idl\n'}
[0.481056] (px4_msgs) StdoutLine: {'line': b'-- Up-to-date symlink: /home/lee/workspace/ros2_ex_mav/install/px4_msgs/share/px4_msgs/msg/SensorPreflightMag.idl\n'}
[0.481098] (px4_msgs) StdoutLine: {'line': b'-- Up-to-date symlink: /home/lee/workspace/ros2_ex_mav/install/px4_msgs/share/px4_msgs/msg/SensorSelection.idl\n'}
[0.481140] (px4_msgs) StdoutLine: {'line': b'-- Up-to-date symlink: /home/lee/workspace/ros2_ex_mav/install/px4_msgs/share/px4_msgs/msg/SensorUwb.idl\n'}
[0.481184] (px4_msgs) StdoutLine: {'line': b'-- Up-to-date symlink: /home/lee/workspace/ros2_ex_mav/install/px4_msgs/share/px4_msgs/msg/SensorsStatus.idl\n'}
[0.481225] (px4_msgs) StdoutLine: {'line': b'-- Up-to-date symlink: /home/lee/workspace/ros2_ex_mav/install/px4_msgs/share/px4_msgs/msg/SensorsStatusImu.idl\n'}
[0.481293] (px4_msgs) StdoutLine: {'line': b'-- Up-to-date symlink: /home/lee/workspace/ros2_ex_mav/install/px4_msgs/share/px4_msgs/msg/SystemPower.idl\n'}
[0.481323] (px4_msgs) StdoutLine: {'line': b'-- Up-to-date symlink: /home/lee/workspace/ros2_ex_mav/install/px4_msgs/share/px4_msgs/msg/TakeoffStatus.idl\n'}
[0.481362] (px4_msgs) StdoutLine: {'line': b'-- Up-to-date symlink: /home/lee/workspace/ros2_ex_mav/install/px4_msgs/share/px4_msgs/msg/TaskStackInfo.idl\n'}
[0.481401] (px4_msgs) StdoutLine: {'line': b'-- Up-to-date symlink: /home/lee/workspace/ros2_ex_mav/install/px4_msgs/share/px4_msgs/msg/TecsStatus.idl\n'}
[0.481442] (px4_msgs) StdoutLine: {'line': b'-- Up-to-date symlink: /home/lee/workspace/ros2_ex_mav/install/px4_msgs/share/px4_msgs/msg/TelemetryStatus.idl\n'}
[0.481487] (px4_msgs) StdoutLine: {'line': b'-- Up-to-date symlink: /home/lee/workspace/ros2_ex_mav/install/px4_msgs/share/px4_msgs/msg/TiltrotorExtraControls.idl\n'}
[0.481529] (px4_msgs) StdoutLine: {'line': b'-- Up-to-date symlink: /home/lee/workspace/ros2_ex_mav/install/px4_msgs/share/px4_msgs/msg/TimesyncStatus.idl\n'}
[0.481571] (px4_msgs) StdoutLine: {'line': b'-- Up-to-date symlink: /home/lee/workspace/ros2_ex_mav/install/px4_msgs/share/px4_msgs/msg/TrajectoryBezier.idl\n'}
[0.481614] (px4_msgs) StdoutLine: {'line': b'-- Up-to-date symlink: /home/lee/workspace/ros2_ex_mav/install/px4_msgs/share/px4_msgs/msg/TrajectorySetpoint.idl\n'}
[0.481656] (px4_msgs) StdoutLine: {'line': b'-- Up-to-date symlink: /home/lee/workspace/ros2_ex_mav/install/px4_msgs/share/px4_msgs/msg/TrajectoryWaypoint.idl\n'}
[0.481698] (px4_msgs) StdoutLine: {'line': b'-- Up-to-date symlink: /home/lee/workspace/ros2_ex_mav/install/px4_msgs/share/px4_msgs/msg/TransponderReport.idl\n'}
[0.481741] (px4_msgs) StdoutLine: {'line': b'-- Up-to-date symlink: /home/lee/workspace/ros2_ex_mav/install/px4_msgs/share/px4_msgs/msg/TuneControl.idl\n'}
[0.481783] (px4_msgs) StdoutLine: {'line': b'-- Up-to-date symlink: /home/lee/workspace/ros2_ex_mav/install/px4_msgs/share/px4_msgs/msg/UavcanParameterRequest.idl\n'}
[0.481827] (px4_msgs) StdoutLine: {'line': b'-- Up-to-date symlink: /home/lee/workspace/ros2_ex_mav/install/px4_msgs/share/px4_msgs/msg/UavcanParameterValue.idl\n'}
[0.481869] (px4_msgs) StdoutLine: {'line': b'-- Up-to-date symlink: /home/lee/workspace/ros2_ex_mav/install/px4_msgs/share/px4_msgs/msg/UlogStream.idl\n'}
[0.481912] (px4_msgs) StdoutLine: {'line': b'-- Up-to-date symlink: /home/lee/workspace/ros2_ex_mav/install/px4_msgs/share/px4_msgs/msg/UlogStreamAck.idl\n'}
[0.481953] (px4_msgs) StdoutLine: {'line': b'-- Up-to-date symlink: /home/lee/workspace/ros2_ex_mav/install/px4_msgs/share/px4_msgs/msg/VehicleAcceleration.idl\n'}
[0.481994] (px4_msgs) StdoutLine: {'line': b'-- Up-to-date symlink: /home/lee/workspace/ros2_ex_mav/install/px4_msgs/share/px4_msgs/msg/VehicleAirData.idl\n'}
[0.482038] (px4_msgs) StdoutLine: {'line': b'-- Up-to-date symlink: /home/lee/workspace/ros2_ex_mav/install/px4_msgs/share/px4_msgs/msg/VehicleAngularAccelerationSetpoint.idl\n'}
[0.482081] (px4_msgs) StdoutLine: {'line': b'-- Up-to-date symlink: /home/lee/workspace/ros2_ex_mav/install/px4_msgs/share/px4_msgs/msg/VehicleAngularVelocity.idl\n'}
[0.482124] (px4_msgs) StdoutLine: {'line': b'-- Up-to-date symlink: /home/lee/workspace/ros2_ex_mav/install/px4_msgs/share/px4_msgs/msg/VehicleAttitude.idl\n'}
[0.482167] (px4_msgs) StdoutLine: {'line': b'-- Up-to-date symlink: /home/lee/workspace/ros2_ex_mav/install/px4_msgs/share/px4_msgs/msg/VehicleAttitudeSetpoint.idl\n'}
[0.482209] (px4_msgs) StdoutLine: {'line': b'-- Up-to-date symlink: /home/lee/workspace/ros2_ex_mav/install/px4_msgs/share/px4_msgs/msg/VehicleCommand.idl\n'}
[0.482252] (px4_msgs) StdoutLine: {'line': b'-- Up-to-date symlink: /home/lee/workspace/ros2_ex_mav/install/px4_msgs/share/px4_msgs/msg/VehicleCommandAck.idl\n'}
[0.482295] (px4_msgs) StdoutLine: {'line': b'-- Up-to-date symlink: /home/lee/workspace/ros2_ex_mav/install/px4_msgs/share/px4_msgs/msg/VehicleConstraints.idl\n'}
[0.482335] (px4_msgs) StdoutLine: {'line': b'-- Up-to-date symlink: /home/lee/workspace/ros2_ex_mav/install/px4_msgs/share/px4_msgs/msg/VehicleControlMode.idl\n'}
[0.482380] (px4_msgs) StdoutLine: {'line': b'-- Up-to-date symlink: /home/lee/workspace/ros2_ex_mav/install/px4_msgs/share/px4_msgs/msg/VehicleGlobalPosition.idl\n'}
[0.482422] (px4_msgs) StdoutLine: {'line': b'-- Up-to-date symlink: /home/lee/workspace/ros2_ex_mav/install/px4_msgs/share/px4_msgs/msg/VehicleImu.idl\n'}
[0.482464] (px4_msgs) StdoutLine: {'line': b'-- Up-to-date symlink: /home/lee/workspace/ros2_ex_mav/install/px4_msgs/share/px4_msgs/msg/VehicleImuStatus.idl\n'}
[0.482506] (px4_msgs) StdoutLine: {'line': b'-- Up-to-date symlink: /home/lee/workspace/ros2_ex_mav/install/px4_msgs/share/px4_msgs/msg/VehicleLandDetected.idl\n'}
[0.482546] (px4_msgs) StdoutLine: {'line': b'-- Up-to-date symlink: /home/lee/workspace/ros2_ex_mav/install/px4_msgs/share/px4_msgs/msg/VehicleLocalPosition.idl\n'}
[0.482591] (px4_msgs) StdoutLine: {'line': b'-- Up-to-date symlink: /home/lee/workspace/ros2_ex_mav/install/px4_msgs/share/px4_msgs/msg/VehicleLocalPositionSetpoint.idl\n'}
[0.482633] (px4_msgs) StdoutLine: {'line': b'-- Up-to-date symlink: /home/lee/workspace/ros2_ex_mav/install/px4_msgs/share/px4_msgs/msg/VehicleMagnetometer.idl\n'}
[0.482676] (px4_msgs) StdoutLine: {'line': b'-- Up-to-date symlink: /home/lee/workspace/ros2_ex_mav/install/px4_msgs/share/px4_msgs/msg/VehicleOdometry.idl\n'}
[0.482717] (px4_msgs) StdoutLine: {'line': b'-- Up-to-date symlink: /home/lee/workspace/ros2_ex_mav/install/px4_msgs/share/px4_msgs/msg/VehicleOpticalFlow.idl\n'}
[0.482759] (px4_msgs) StdoutLine: {'line': b'-- Up-to-date symlink: /home/lee/workspace/ros2_ex_mav/install/px4_msgs/share/px4_msgs/msg/VehicleOpticalFlowVel.idl\n'}
[0.482802] (px4_msgs) StdoutLine: {'line': b'-- Up-to-date symlink: /home/lee/workspace/ros2_ex_mav/install/px4_msgs/share/px4_msgs/msg/VehicleRatesSetpoint.idl\n'}
[0.482843] (px4_msgs) StdoutLine: {'line': b'-- Up-to-date symlink: /home/lee/workspace/ros2_ex_mav/install/px4_msgs/share/px4_msgs/msg/VehicleRoi.idl\n'}
[0.482885] (px4_msgs) StdoutLine: {'line': b'-- Up-to-date symlink: /home/lee/workspace/ros2_ex_mav/install/px4_msgs/share/px4_msgs/msg/VehicleStatus.idl\n'}
[0.482928] (px4_msgs) StdoutLine: {'line': b'-- Up-to-date symlink: /home/lee/workspace/ros2_ex_mav/install/px4_msgs/share/px4_msgs/msg/VehicleThrustSetpoint.idl\n'}
[0.482970] (px4_msgs) StdoutLine: {'line': b'-- Up-to-date symlink: /home/lee/workspace/ros2_ex_mav/install/px4_msgs/share/px4_msgs/msg/VehicleTorqueSetpoint.idl\n'}
[0.483013] (px4_msgs) StdoutLine: {'line': b'-- Up-to-date symlink: /home/lee/workspace/ros2_ex_mav/install/px4_msgs/share/px4_msgs/msg/VehicleTrajectoryBezier.idl\n'}
[0.483056] (px4_msgs) StdoutLine: {'line': b'-- Up-to-date symlink: /home/lee/workspace/ros2_ex_mav/install/px4_msgs/share/px4_msgs/msg/VehicleTrajectoryWaypoint.idl\n'}
[0.483097] (px4_msgs) StdoutLine: {'line': b'-- Up-to-date symlink: /home/lee/workspace/ros2_ex_mav/install/px4_msgs/share/px4_msgs/msg/VtolVehicleStatus.idl\n'}
[0.483140] (px4_msgs) StdoutLine: {'line': b'-- Up-to-date symlink: /home/lee/workspace/ros2_ex_mav/install/px4_msgs/share/px4_msgs/msg/Wind.idl\n'}
[0.483185] (px4_msgs) StdoutLine: {'line': b'-- Up-to-date symlink: /home/lee/workspace/ros2_ex_mav/install/px4_msgs/share/px4_msgs/msg/YawEstimatorStatus.idl\n'}
[0.483237] (px4_msgs) StdoutLine: {'line': b'-- Up-to-date symlink: /home/lee/workspace/ros2_ex_mav/install/px4_msgs/share/px4_msgs/msg/ActionRequest.msg\n'}
[0.483272] (px4_msgs) StdoutLine: {'line': b'-- Up-to-date symlink: /home/lee/workspace/ros2_ex_mav/install/px4_msgs/share/px4_msgs/msg/ActuatorArmed.msg\n'}
[0.483313] (px4_msgs) StdoutLine: {'line': b'-- Up-to-date symlink: /home/lee/workspace/ros2_ex_mav/install/px4_msgs/share/px4_msgs/msg/ActuatorControlsStatus.msg\n'}
[0.483358] (px4_msgs) StdoutLine: {'line': b'-- Up-to-date symlink: /home/lee/workspace/ros2_ex_mav/install/px4_msgs/share/px4_msgs/msg/ActuatorMotors.msg\n'}
[0.483400] (px4_msgs) StdoutLine: {'line': b'-- Up-to-date symlink: /home/lee/workspace/ros2_ex_mav/install/px4_msgs/share/px4_msgs/msg/ActuatorOutputs.msg\n'}
[0.483441] (px4_msgs) StdoutLine: {'line': b'-- Up-to-date symlink: /home/lee/workspace/ros2_ex_mav/install/px4_msgs/share/px4_msgs/msg/ActuatorServos.msg\n'}
[0.483483] (px4_msgs) StdoutLine: {'line': b'-- Up-to-date symlink: /home/lee/workspace/ros2_ex_mav/install/px4_msgs/share/px4_msgs/msg/ActuatorServosTrim.msg\n'}
[0.483525] (px4_msgs) StdoutLine: {'line': b'-- Up-to-date symlink: /home/lee/workspace/ros2_ex_mav/install/px4_msgs/share/px4_msgs/msg/ActuatorTest.msg\n'}
[0.483568] (px4_msgs) StdoutLine: {'line': b'-- Up-to-date symlink: /home/lee/workspace/ros2_ex_mav/install/px4_msgs/share/px4_msgs/msg/AdcReport.msg\n'}
[0.483610] (px4_msgs) StdoutLine: {'line': b'-- Up-to-date symlink: /home/lee/workspace/ros2_ex_mav/install/px4_msgs/share/px4_msgs/msg/Airspeed.msg\n'}
[0.483650] (px4_msgs) StdoutLine: {'line': b'-- Up-to-date symlink: /home/lee/workspace/ros2_ex_mav/install/px4_msgs/share/px4_msgs/msg/AirspeedValidated.msg\n'}
[0.483694] (px4_msgs) StdoutLine: {'line': b'-- Up-to-date symlink: /home/lee/workspace/ros2_ex_mav/install/px4_msgs/share/px4_msgs/msg/AirspeedWind.msg\n'}
[0.483734] (px4_msgs) StdoutLine: {'line': b'-- Up-to-date symlink: /home/lee/workspace/ros2_ex_mav/install/px4_msgs/share/px4_msgs/msg/AutotuneAttitudeControlStatus.msg\n'}
[0.483778] (px4_msgs) StdoutLine: {'line': b'-- Up-to-date symlink: /home/lee/workspace/ros2_ex_mav/install/px4_msgs/share/px4_msgs/msg/BatteryStatus.msg\n'}
[0.483820] (px4_msgs) StdoutLine: {'line': b'-- Up-to-date symlink: /home/lee/workspace/ros2_ex_mav/install/px4_msgs/share/px4_msgs/msg/ButtonEvent.msg\n'}
[0.483861] (px4_msgs) StdoutLine: {'line': b'-- Up-to-date symlink: /home/lee/workspace/ros2_ex_mav/install/px4_msgs/share/px4_msgs/msg/CameraCapture.msg\n'}
[0.483902] (px4_msgs) StdoutLine: {'line': b'-- Up-to-date symlink: /home/lee/workspace/ros2_ex_mav/install/px4_msgs/share/px4_msgs/msg/CameraStatus.msg\n'}
[0.483943] (px4_msgs) StdoutLine: {'line': b'-- Up-to-date symlink: /home/lee/workspace/ros2_ex_mav/install/px4_msgs/share/px4_msgs/msg/CameraTrigger.msg\n'}
[0.483983] (px4_msgs) StdoutLine: {'line': b'-- Up-to-date symlink: /home/lee/workspace/ros2_ex_mav/install/px4_msgs/share/px4_msgs/msg/CellularStatus.msg\n'}
[0.484023] (px4_msgs) StdoutLine: {'line': b'-- Up-to-date symlink: /home/lee/workspace/ros2_ex_mav/install/px4_msgs/share/px4_msgs/msg/CollisionConstraints.msg\n'}
[0.484066] (px4_msgs) StdoutLine: {'line': b'-- Up-to-date symlink: /home/lee/workspace/ros2_ex_mav/install/px4_msgs/share/px4_msgs/msg/CollisionReport.msg\n'}
[0.484107] (px4_msgs) StdoutLine: {'line': b'-- Up-to-date symlink: /home/lee/workspace/ros2_ex_mav/install/px4_msgs/share/px4_msgs/msg/ControlAllocatorStatus.msg\n'}
[0.484150] (px4_msgs) StdoutLine: {'line': b'-- Up-to-date symlink: /home/lee/workspace/ros2_ex_mav/install/px4_msgs/share/px4_msgs/msg/Cpuload.msg\n'}
[0.484192] (px4_msgs) StdoutLine: {'line': b'-- Up-to-date symlink: /home/lee/workspace/ros2_ex_mav/install/px4_msgs/share/px4_msgs/msg/DebugArray.msg\n'}
[0.484233] (px4_msgs) StdoutLine: {'line': b'-- Up-to-date symlink: /home/lee/workspace/ros2_ex_mav/install/px4_msgs/share/px4_msgs/msg/DebugKeyValue.msg\n'}
[0.484275] (px4_msgs) StdoutLine: {'line': b'-- Up-to-date symlink: /home/lee/workspace/ros2_ex_mav/install/px4_msgs/share/px4_msgs/msg/DebugValue.msg\n'}
[0.484315] (px4_msgs) StdoutLine: {'line': b'-- Up-to-date symlink: /home/lee/workspace/ros2_ex_mav/install/px4_msgs/share/px4_msgs/msg/DebugVect.msg\n'}
[0.484358] (px4_msgs) StdoutLine: {'line': b'-- Up-to-date symlink: /home/lee/workspace/ros2_ex_mav/install/px4_msgs/share/px4_msgs/msg/DifferentialPressure.msg\n'}
[0.484401] (px4_msgs) StdoutLine: {'line': b'-- Up-to-date symlink: /home/lee/workspace/ros2_ex_mav/install/px4_msgs/share/px4_msgs/msg/DistanceSensor.msg\n'}
[0.484442] (px4_msgs) StdoutLine: {'line': b'-- Up-to-date symlink: /home/lee/workspace/ros2_ex_mav/install/px4_msgs/share/px4_msgs/msg/Ekf2Timestamps.msg\n'}
[0.484483] (px4_msgs) StdoutLine: {'line': b'-- Up-to-date symlink: /home/lee/workspace/ros2_ex_mav/install/px4_msgs/share/px4_msgs/msg/EscReport.msg\n'}
[0.484524] (px4_msgs) StdoutLine: {'line': b'-- Up-to-date symlink: /home/lee/workspace/ros2_ex_mav/install/px4_msgs/share/px4_msgs/msg/EscStatus.msg\n'}
[0.484564] (px4_msgs) StdoutLine: {'line': b'-- Up-to-date symlink: /home/lee/workspace/ros2_ex_mav/install/px4_msgs/share/px4_msgs/msg/EstimatorAidSource1d.msg\n'}
[0.484605] (px4_msgs) StdoutLine: {'line': b'-- Up-to-date symlink: /home/lee/workspace/ros2_ex_mav/install/px4_msgs/share/px4_msgs/msg/EstimatorAidSource2d.msg\n'}
[0.484644] (px4_msgs) StdoutLine: {'line': b'-- Up-to-date symlink: /home/lee/workspace/ros2_ex_mav/install/px4_msgs/share/px4_msgs/msg/EstimatorAidSource3d.msg\n'}
[0.484687] (px4_msgs) StdoutLine: {'line': b'-- Up-to-date symlink: /home/lee/workspace/ros2_ex_mav/install/px4_msgs/share/px4_msgs/msg/EstimatorBias.msg\n'}
[0.484727] (px4_msgs) StdoutLine: {'line': b'-- Up-to-date symlink: /home/lee/workspace/ros2_ex_mav/install/px4_msgs/share/px4_msgs/msg/EstimatorBias3d.msg\n'}
[0.484769] (px4_msgs) StdoutLine: {'line': b'-- Up-to-date symlink: /home/lee/workspace/ros2_ex_mav/install/px4_msgs/share/px4_msgs/msg/EstimatorEventFlags.msg\n'}
[0.484809] (px4_msgs) StdoutLine: {'line': b'-- Up-to-date symlink: /home/lee/workspace/ros2_ex_mav/install/px4_msgs/share/px4_msgs/msg/EstimatorGpsStatus.msg\n'}
[0.484849] (px4_msgs) StdoutLine: {'line': b'-- Up-to-date symlink: /home/lee/workspace/ros2_ex_mav/install/px4_msgs/share/px4_msgs/msg/EstimatorInnovations.msg\n'}
[0.484890] (px4_msgs) StdoutLine: {'line': b'-- Up-to-date symlink: /home/lee/workspace/ros2_ex_mav/install/px4_msgs/share/px4_msgs/msg/EstimatorSelectorStatus.msg\n'}
[0.484930] (px4_msgs) StdoutLine: {'line': b'-- Up-to-date symlink: /home/lee/workspace/ros2_ex_mav/install/px4_msgs/share/px4_msgs/msg/EstimatorSensorBias.msg\n'}
[0.484971] (px4_msgs) StdoutLine: {'line': b'-- Up-to-date symlink: /home/lee/workspace/ros2_ex_mav/install/px4_msgs/share/px4_msgs/msg/EstimatorStates.msg\n'}
[0.485011] (px4_msgs) StdoutLine: {'line': b'-- Up-to-date symlink: /home/lee/workspace/ros2_ex_mav/install/px4_msgs/share/px4_msgs/msg/EstimatorStatus.msg\n'}
[0.485052] (px4_msgs) StdoutLine: {'line': b'-- Up-to-date symlink: /home/lee/workspace/ros2_ex_mav/install/px4_msgs/share/px4_msgs/msg/EstimatorStatusFlags.msg\n'}
[0.485093] (px4_msgs) StdoutLine: {'line': b'-- Up-to-date symlink: /home/lee/workspace/ros2_ex_mav/install/px4_msgs/share/px4_msgs/msg/Event.msg\n'}
[0.485134] (px4_msgs) StdoutLine: {'line': b'-- Up-to-date symlink: /home/lee/workspace/ros2_ex_mav/install/px4_msgs/share/px4_msgs/msg/FailsafeFlags.msg\n'}
[0.485188] (px4_msgs) StdoutLine: {'line': b'-- Up-to-date symlink: /home/lee/workspace/ros2_ex_mav/install/px4_msgs/share/px4_msgs/msg/FailureDetectorStatus.msg\n'}
[0.485227] (px4_msgs) StdoutLine: {'line': b'-- Up-to-date symlink: /home/lee/workspace/ros2_ex_mav/install/px4_msgs/share/px4_msgs/msg/FollowTarget.msg\n'}
[0.485260] (px4_msgs) StdoutLine: {'line': b'-- Up-to-date symlink: /home/lee/workspace/ros2_ex_mav/install/px4_msgs/share/px4_msgs/msg/FollowTargetEstimator.msg\n'}
[0.485302] (px4_msgs) StdoutLine: {'line': b'-- Up-to-date symlink: /home/lee/workspace/ros2_ex_mav/install/px4_msgs/share/px4_msgs/msg/FollowTargetStatus.msg\n'}
[0.485346] (px4_msgs) StdoutLine: {'line': b'-- Up-to-date symlink: /home/lee/workspace/ros2_ex_mav/install/px4_msgs/share/px4_msgs/msg/GeneratorStatus.msg\n'}
[0.485388] (px4_msgs) StdoutLine: {'line': b'-- Up-to-date symlink: /home/lee/workspace/ros2_ex_mav/install/px4_msgs/share/px4_msgs/msg/GeofenceResult.msg\n'}
[0.485428] (px4_msgs) StdoutLine: {'line': b'-- Up-to-date symlink: /home/lee/workspace/ros2_ex_mav/install/px4_msgs/share/px4_msgs/msg/GimbalControls.msg\n'}
[0.485469] (px4_msgs) StdoutLine: {'line': b'-- Up-to-date symlink: /home/lee/workspace/ros2_ex_mav/install/px4_msgs/share/px4_msgs/msg/GimbalDeviceAttitudeStatus.msg\n'}
[0.485510] (px4_msgs) StdoutLine: {'line': b'-- Up-to-date symlink: /home/lee/workspace/ros2_ex_mav/install/px4_msgs/share/px4_msgs/msg/GimbalDeviceInformation.msg\n'}
[0.485552] (px4_msgs) StdoutLine: {'line': b'-- Up-to-date symlink: /home/lee/workspace/ros2_ex_mav/install/px4_msgs/share/px4_msgs/msg/GimbalDeviceSetAttitude.msg\n'}
[0.485592] (px4_msgs) StdoutLine: {'line': b'-- Up-to-date symlink: /home/lee/workspace/ros2_ex_mav/install/px4_msgs/share/px4_msgs/msg/GimbalManagerInformation.msg\n'}
[0.485632] (px4_msgs) StdoutLine: {'line': b'-- Up-to-date symlink: /home/lee/workspace/ros2_ex_mav/install/px4_msgs/share/px4_msgs/msg/GimbalManagerSetAttitude.msg\n'}
[0.485673] (px4_msgs) StdoutLine: {'line': b'-- Up-to-date symlink: /home/lee/workspace/ros2_ex_mav/install/px4_msgs/share/px4_msgs/msg/GimbalManagerSetManualControl.msg\n'}
[0.485713] (px4_msgs) StdoutLine: {'line': b'-- Up-to-date symlink: /home/lee/workspace/ros2_ex_mav/install/px4_msgs/share/px4_msgs/msg/GimbalManagerStatus.msg\n'}
[0.485755] (px4_msgs) StdoutLine: {'line': b'-- Up-to-date symlink: /home/lee/workspace/ros2_ex_mav/install/px4_msgs/share/px4_msgs/msg/GpsDump.msg\n'}
[0.485796] (px4_msgs) StdoutLine: {'line': b'-- Up-to-date symlink: /home/lee/workspace/ros2_ex_mav/install/px4_msgs/share/px4_msgs/msg/GpsInjectData.msg\n'}
[0.485838] (px4_msgs) StdoutLine: {'line': b'-- Up-to-date symlink: /home/lee/workspace/ros2_ex_mav/install/px4_msgs/share/px4_msgs/msg/Gripper.msg\n'}
[0.485879] (px4_msgs) StdoutLine: {'line': b'-- Up-to-date symlink: /home/lee/workspace/ros2_ex_mav/install/px4_msgs/share/px4_msgs/msg/HealthReport.msg\n'}
[0.485919] (px4_msgs) StdoutLine: {'line': b'-- Up-to-date symlink: /home/lee/workspace/ros2_ex_mav/install/px4_msgs/share/px4_msgs/msg/HeaterStatus.msg\n'}
[0.485960] (px4_msgs) StdoutLine: {'line': b'-- Up-to-date symlink: /home/lee/workspace/ros2_ex_mav/install/px4_msgs/share/px4_msgs/msg/HomePosition.msg\n'}
[0.486001] (px4_msgs) StdoutLine: {'line': b'-- Up-to-date symlink: /home/lee/workspace/ros2_ex_mav/install/px4_msgs/share/px4_msgs/msg/HoverThrustEstimate.msg\n'}
[0.486043] (px4_msgs) StdoutLine: {'line': b'-- Up-to-date symlink: /home/lee/workspace/ros2_ex_mav/install/px4_msgs/share/px4_msgs/msg/InputRc.msg\n'}
[0.486084] (px4_msgs) StdoutLine: {'line': b'-- Up-to-date symlink: /home/lee/workspace/ros2_ex_mav/install/px4_msgs/share/px4_msgs/msg/InternalCombustionEngineStatus.msg\n'}
[0.486126] (px4_msgs) StdoutLine: {'line': b'-- Up-to-date symlink: /home/lee/workspace/ros2_ex_mav/install/px4_msgs/share/px4_msgs/msg/IridiumsbdStatus.msg\n'}
[0.486167] (px4_msgs) StdoutLine: {'line': b'-- Up-to-date symlink: /home/lee/workspace/ros2_ex_mav/install/px4_msgs/share/px4_msgs/msg/IrlockReport.msg\n'}
[0.486209] (px4_msgs) StdoutLine: {'line': b'-- Up-to-date symlink: /home/lee/workspace/ros2_ex_mav/install/px4_msgs/share/px4_msgs/msg/LandingGear.msg\n'}
[0.486250] (px4_msgs) StdoutLine: {'line': b'-- Up-to-date symlink: /home/lee/workspace/ros2_ex_mav/install/px4_msgs/share/px4_msgs/msg/LandingGearWheel.msg\n'}
[0.486292] (px4_msgs) StdoutLine: {'line': b'-- Up-to-date symlink: /home/lee/workspace/ros2_ex_mav/install/px4_msgs/share/px4_msgs/msg/LandingTargetInnovations.msg\n'}
[0.486332] (px4_msgs) StdoutLine: {'line': b'-- Up-to-date symlink: /home/lee/workspace/ros2_ex_mav/install/px4_msgs/share/px4_msgs/msg/LandingTargetPose.msg\n'}
[0.486377] (px4_msgs) StdoutLine: {'line': b'-- Up-to-date symlink: /home/lee/workspace/ros2_ex_mav/install/px4_msgs/share/px4_msgs/msg/LaunchDetectionStatus.msg\n'}
[0.486418] (px4_msgs) StdoutLine: {'line': b'-- Up-to-date symlink: /home/lee/workspace/ros2_ex_mav/install/px4_msgs/share/px4_msgs/msg/LedControl.msg\n'}
[0.486460] (px4_msgs) StdoutLine: {'line': b'-- Up-to-date symlink: /home/lee/workspace/ros2_ex_mav/install/px4_msgs/share/px4_msgs/msg/LogMessage.msg\n'}
[0.486501] (px4_msgs) StdoutLine: {'line': b'-- Up-to-date symlink: /home/lee/workspace/ros2_ex_mav/install/px4_msgs/share/px4_msgs/msg/LoggerStatus.msg\n'}
[0.486541] (px4_msgs) StdoutLine: {'line': b'-- Up-to-date symlink: /home/lee/workspace/ros2_ex_mav/install/px4_msgs/share/px4_msgs/msg/MagWorkerData.msg\n'}
[0.486583] (px4_msgs) StdoutLine: {'line': b'-- Up-to-date symlink: /home/lee/workspace/ros2_ex_mav/install/px4_msgs/share/px4_msgs/msg/MagnetometerBiasEstimate.msg\n'}
[0.486624] (px4_msgs) StdoutLine: {'line': b'-- Up-to-date symlink: /home/lee/workspace/ros2_ex_mav/install/px4_msgs/share/px4_msgs/msg/ManualControlSetpoint.msg\n'}
[0.486665] (px4_msgs) StdoutLine: {'line': b'-- Up-to-date symlink: /home/lee/workspace/ros2_ex_mav/install/px4_msgs/share/px4_msgs/msg/ManualControlSwitches.msg\n'}
[0.486705] (px4_msgs) StdoutLine: {'line': b'-- Up-to-date symlink: /home/lee/workspace/ros2_ex_mav/install/px4_msgs/share/px4_msgs/msg/MavlinkLog.msg\n'}
[0.486746] (px4_msgs) StdoutLine: {'line': b'-- Up-to-date symlink: /home/lee/workspace/ros2_ex_mav/install/px4_msgs/share/px4_msgs/msg/MavlinkTunnel.msg\n'}
[0.486787] (px4_msgs) StdoutLine: {'line': b'-- Up-to-date symlink: /home/lee/workspace/ros2_ex_mav/install/px4_msgs/share/px4_msgs/msg/Mission.msg\n'}
[0.486827] (px4_msgs) StdoutLine: {'line': b'-- Up-to-date symlink: /home/lee/workspace/ros2_ex_mav/install/px4_msgs/share/px4_msgs/msg/MissionResult.msg\n'}
[0.486868] (px4_msgs) StdoutLine: {'line': b'-- Up-to-date symlink: /home/lee/workspace/ros2_ex_mav/install/px4_msgs/share/px4_msgs/msg/ModeCompleted.msg\n'}
[0.486908] (px4_msgs) StdoutLine: {'line': b'-- Up-to-date symlink: /home/lee/workspace/ros2_ex_mav/install/px4_msgs/share/px4_msgs/msg/MountOrientation.msg\n'}
[0.486949] (px4_msgs) StdoutLine: {'line': b'-- Up-to-date symlink: /home/lee/workspace/ros2_ex_mav/install/px4_msgs/share/px4_msgs/msg/NavigatorMissionItem.msg\n'}
[0.486990] (px4_msgs) StdoutLine: {'line': b'-- Up-to-date symlink: /home/lee/workspace/ros2_ex_mav/install/px4_msgs/share/px4_msgs/msg/NormalizedUnsignedSetpoint.msg\n'}
[0.487032] (px4_msgs) StdoutLine: {'line': b'-- Up-to-date symlink: /home/lee/workspace/ros2_ex_mav/install/px4_msgs/share/px4_msgs/msg/NpfgStatus.msg\n'}
[0.487073] (px4_msgs) StdoutLine: {'line': b'-- Up-to-date symlink: /home/lee/workspace/ros2_ex_mav/install/px4_msgs/share/px4_msgs/msg/ObstacleDistance.msg\n'}
[0.487114] (px4_msgs) StdoutLine: {'line': b'-- Up-to-date symlink: /home/lee/workspace/ros2_ex_mav/install/px4_msgs/share/px4_msgs/msg/OffboardControlMode.msg\n'}
[0.487157] (px4_msgs) StdoutLine: {'line': b'-- Up-to-date symlink: /home/lee/workspace/ros2_ex_mav/install/px4_msgs/share/px4_msgs/msg/OnboardComputerStatus.msg\n'}
[0.487198] (px4_msgs) StdoutLine: {'line': b'-- Up-to-date symlink: /home/lee/workspace/ros2_ex_mav/install/px4_msgs/share/px4_msgs/msg/OrbTest.msg\n'}
[0.487239] (px4_msgs) StdoutLine: {'line': b'-- Up-to-date symlink: /home/lee/workspace/ros2_ex_mav/install/px4_msgs/share/px4_msgs/msg/OrbTestLarge.msg\n'}
[0.487280] (px4_msgs) StdoutLine: {'line': b'-- Up-to-date symlink: /home/lee/workspace/ros2_ex_mav/install/px4_msgs/share/px4_msgs/msg/OrbTestMedium.msg\n'}
[0.487321] (px4_msgs) StdoutLine: {'line': b'-- Up-to-date symlink: /home/lee/workspace/ros2_ex_mav/install/px4_msgs/share/px4_msgs/msg/OrbitStatus.msg\n'}
[0.487364] (px4_msgs) StdoutLine: {'line': b'-- Up-to-date symlink: /home/lee/workspace/ros2_ex_mav/install/px4_msgs/share/px4_msgs/msg/ParameterUpdate.msg\n'}
[0.487414] (px4_msgs) StdoutLine: {'line': b'-- Up-to-date symlink: /home/lee/workspace/ros2_ex_mav/install/px4_msgs/share/px4_msgs/msg/Ping.msg\n'}
[0.487449] (px4_msgs) StdoutLine: {'line': b'-- Up-to-date symlink: /home/lee/workspace/ros2_ex_mav/install/px4_msgs/share/px4_msgs/msg/PositionControllerLandingStatus.msg\n'}
[0.487489] (px4_msgs) StdoutLine: {'line': b'-- Up-to-date symlink: /home/lee/workspace/ros2_ex_mav/install/px4_msgs/share/px4_msgs/msg/PositionControllerStatus.msg\n'}
[0.487530] (px4_msgs) StdoutLine: {'line': b'-- Up-to-date symlink: /home/lee/workspace/ros2_ex_mav/install/px4_msgs/share/px4_msgs/msg/PositionSetpoint.msg\n'}
[0.487571] (px4_msgs) StdoutLine: {'line': b'-- Up-to-date symlink: /home/lee/workspace/ros2_ex_mav/install/px4_msgs/share/px4_msgs/msg/PositionSetpointTriplet.msg\n'}
[0.487612] (px4_msgs) StdoutLine: {'line': b'-- Up-to-date symlink: /home/lee/workspace/ros2_ex_mav/install/px4_msgs/share/px4_msgs/msg/PowerButtonState.msg\n'}
[0.487653] (px4_msgs) StdoutLine: {'line': b'-- Up-to-date symlink: /home/lee/workspace/ros2_ex_mav/install/px4_msgs/share/px4_msgs/msg/PowerMonitor.msg\n'}
[0.487694] (px4_msgs) StdoutLine: {'line': b'-- Up-to-date symlink: /home/lee/workspace/ros2_ex_mav/install/px4_msgs/share/px4_msgs/msg/PpsCapture.msg\n'}
[0.487735] (px4_msgs) StdoutLine: {'line': b'-- Up-to-date symlink: /home/lee/workspace/ros2_ex_mav/install/px4_msgs/share/px4_msgs/msg/PwmInput.msg\n'}
[0.487776] (px4_msgs) StdoutLine: {'line': b'-- Up-to-date symlink: /home/lee/workspace/ros2_ex_mav/install/px4_msgs/share/px4_msgs/msg/Px4ioStatus.msg\n'}
[0.487817] (px4_msgs) StdoutLine: {'line': b'-- Up-to-date symlink: /home/lee/workspace/ros2_ex_mav/install/px4_msgs/share/px4_msgs/msg/QshellReq.msg\n'}
[0.487857] (px4_msgs) StdoutLine: {'line': b'-- Up-to-date symlink: /home/lee/workspace/ros2_ex_mav/install/px4_msgs/share/px4_msgs/msg/QshellRetval.msg\n'}
[0.487897] (px4_msgs) StdoutLine: {'line': b'-- Up-to-date symlink: /home/lee/workspace/ros2_ex_mav/install/px4_msgs/share/px4_msgs/msg/RadioStatus.msg\n'}
[0.487937] (px4_msgs) StdoutLine: {'line': b'-- Up-to-date symlink: /home/lee/workspace/ros2_ex_mav/install/px4_msgs/share/px4_msgs/msg/RateCtrlStatus.msg\n'}
[0.487978] (px4_msgs) StdoutLine: {'line': b'-- Up-to-date symlink: /home/lee/workspace/ros2_ex_mav/install/px4_msgs/share/px4_msgs/msg/RcChannels.msg\n'}
[0.488019] (px4_msgs) StdoutLine: {'line': b'-- Up-to-date symlink: /home/lee/workspace/ros2_ex_mav/install/px4_msgs/share/px4_msgs/msg/RcParameterMap.msg\n'}
[0.488061] (px4_msgs) StdoutLine: {'line': b'-- Up-to-date symlink: /home/lee/workspace/ros2_ex_mav/install/px4_msgs/share/px4_msgs/msg/Rpm.msg\n'}
[0.488101] (px4_msgs) StdoutLine: {'line': b'-- Up-to-date symlink: /home/lee/workspace/ros2_ex_mav/install/px4_msgs/share/px4_msgs/msg/RtlTimeEstimate.msg\n'}
[0.488142] (px4_msgs) StdoutLine: {'line': b'-- Up-to-date symlink: /home/lee/workspace/ros2_ex_mav/install/px4_msgs/share/px4_msgs/msg/SatelliteInfo.msg\n'}
[0.488182] (px4_msgs) StdoutLine: {'line': b'-- Up-to-date symlink: /home/lee/workspace/ros2_ex_mav/install/px4_msgs/share/px4_msgs/msg/SensorAccel.msg\n'}
[0.488224] (px4_msgs) StdoutLine: {'line': b'-- Up-to-date symlink: /home/lee/workspace/ros2_ex_mav/install/px4_msgs/share/px4_msgs/msg/SensorAccelFifo.msg\n'}
[0.488265] (px4_msgs) StdoutLine: {'line': b'-- Up-to-date symlink: /home/lee/workspace/ros2_ex_mav/install/px4_msgs/share/px4_msgs/msg/SensorBaro.msg\n'}
[0.488305] (px4_msgs) StdoutLine: {'line': b'-- Up-to-date symlink: /home/lee/workspace/ros2_ex_mav/install/px4_msgs/share/px4_msgs/msg/SensorCombined.msg\n'}
[0.488347] (px4_msgs) StdoutLine: {'line': b'-- Up-to-date symlink: /home/lee/workspace/ros2_ex_mav/install/px4_msgs/share/px4_msgs/msg/SensorCorrection.msg\n'}
[0.488389] (px4_msgs) StdoutLine: {'line': b'-- Up-to-date symlink: /home/lee/workspace/ros2_ex_mav/install/px4_msgs/share/px4_msgs/msg/SensorGnssRelative.msg\n'}
[0.488430] (px4_msgs) StdoutLine: {'line': b'-- Up-to-date symlink: /home/lee/workspace/ros2_ex_mav/install/px4_msgs/share/px4_msgs/msg/SensorGps.msg\n'}
[0.488472] (px4_msgs) StdoutLine: {'line': b'-- Up-to-date symlink: /home/lee/workspace/ros2_ex_mav/install/px4_msgs/share/px4_msgs/msg/SensorGyro.msg\n'}
[0.488512] (px4_msgs) StdoutLine: {'line': b'-- Up-to-date symlink: /home/lee/workspace/ros2_ex_mav/install/px4_msgs/share/px4_msgs/msg/SensorGyroFft.msg\n'}
[0.488554] (px4_msgs) StdoutLine: {'line': b'-- Up-to-date symlink: /home/lee/workspace/ros2_ex_mav/install/px4_msgs/share/px4_msgs/msg/SensorGyroFifo.msg\n'}
[0.488594] (px4_msgs) StdoutLine: {'line': b'-- Up-to-date symlink: /home/lee/workspace/ros2_ex_mav/install/px4_msgs/share/px4_msgs/msg/SensorHygrometer.msg\n'}
[0.488637] (px4_msgs) StdoutLine: {'line': b'-- Up-to-date symlink: /home/lee/workspace/ros2_ex_mav/install/px4_msgs/share/px4_msgs/msg/SensorMag.msg\n'}
[0.488678] (px4_msgs) StdoutLine: {'line': b'-- Up-to-date symlink: /home/lee/workspace/ros2_ex_mav/install/px4_msgs/share/px4_msgs/msg/SensorOpticalFlow.msg\n'}
[0.488718] (px4_msgs) StdoutLine: {'line': b'-- Up-to-date symlink: /home/lee/workspace/ros2_ex_mav/install/px4_msgs/share/px4_msgs/msg/SensorPreflightMag.msg\n'}
[0.488758] (px4_msgs) StdoutLine: {'line': b'-- Up-to-date symlink: /home/lee/workspace/ros2_ex_mav/install/px4_msgs/share/px4_msgs/msg/SensorSelection.msg\n'}
[0.488799] (px4_msgs) StdoutLine: {'line': b'-- Up-to-date symlink: /home/lee/workspace/ros2_ex_mav/install/px4_msgs/share/px4_msgs/msg/SensorUwb.msg\n'}
[0.488840] (px4_msgs) StdoutLine: {'line': b'-- Up-to-date symlink: /home/lee/workspace/ros2_ex_mav/install/px4_msgs/share/px4_msgs/msg/SensorsStatus.msg\n'}
[0.488881] (px4_msgs) StdoutLine: {'line': b'-- Up-to-date symlink: /home/lee/workspace/ros2_ex_mav/install/px4_msgs/share/px4_msgs/msg/SensorsStatusImu.msg\n'}
[0.488922] (px4_msgs) StdoutLine: {'line': b'-- Up-to-date symlink: /home/lee/workspace/ros2_ex_mav/install/px4_msgs/share/px4_msgs/msg/SystemPower.msg\n'}
[0.488964] (px4_msgs) StdoutLine: {'line': b'-- Up-to-date symlink: /home/lee/workspace/ros2_ex_mav/install/px4_msgs/share/px4_msgs/msg/TakeoffStatus.msg\n'}
[0.489005] (px4_msgs) StdoutLine: {'line': b'-- Up-to-date symlink: /home/lee/workspace/ros2_ex_mav/install/px4_msgs/share/px4_msgs/msg/TaskStackInfo.msg\n'}
[0.489045] (px4_msgs) StdoutLine: {'line': b'-- Up-to-date symlink: /home/lee/workspace/ros2_ex_mav/install/px4_msgs/share/px4_msgs/msg/TecsStatus.msg\n'}
[0.489087] (px4_msgs) StdoutLine: {'line': b'-- Up-to-date symlink: /home/lee/workspace/ros2_ex_mav/install/px4_msgs/share/px4_msgs/msg/TelemetryStatus.msg\n'}
[0.489143] (px4_msgs) StdoutLine: {'line': b'-- Up-to-date symlink: /home/lee/workspace/ros2_ex_mav/install/px4_msgs/share/px4_msgs/msg/TiltrotorExtraControls.msg\n'}
[0.489173] (px4_msgs) StdoutLine: {'line': b'-- Up-to-date symlink: /home/lee/workspace/ros2_ex_mav/install/px4_msgs/share/px4_msgs/msg/TimesyncStatus.msg\n'}
[0.489212] (px4_msgs) StdoutLine: {'line': b'-- Up-to-date symlink: /home/lee/workspace/ros2_ex_mav/install/px4_msgs/share/px4_msgs/msg/TrajectoryBezier.msg\n'}
[0.489253] (px4_msgs) StdoutLine: {'line': b'-- Up-to-date symlink: /home/lee/workspace/ros2_ex_mav/install/px4_msgs/share/px4_msgs/msg/TrajectorySetpoint.msg\n'}
[0.489293] (px4_msgs) StdoutLine: {'line': b'-- Up-to-date symlink: /home/lee/workspace/ros2_ex_mav/install/px4_msgs/share/px4_msgs/msg/TrajectoryWaypoint.msg\n'}
[0.489334] (px4_msgs) StdoutLine: {'line': b'-- Up-to-date symlink: /home/lee/workspace/ros2_ex_mav/install/px4_msgs/share/px4_msgs/msg/TransponderReport.msg\n'}
[0.489381] (px4_msgs) StdoutLine: {'line': b'-- Up-to-date symlink: /home/lee/workspace/ros2_ex_mav/install/px4_msgs/share/px4_msgs/msg/TuneControl.msg\n'}
[0.489420] (px4_msgs) StdoutLine: {'line': b'-- Up-to-date symlink: /home/lee/workspace/ros2_ex_mav/install/px4_msgs/share/px4_msgs/msg/UavcanParameterRequest.msg\n'}
[0.489461] (px4_msgs) StdoutLine: {'line': b'-- Up-to-date symlink: /home/lee/workspace/ros2_ex_mav/install/px4_msgs/share/px4_msgs/msg/UavcanParameterValue.msg\n'}
[0.489502] (px4_msgs) StdoutLine: {'line': b'-- Up-to-date symlink: /home/lee/workspace/ros2_ex_mav/install/px4_msgs/share/px4_msgs/msg/UlogStream.msg\n'}
[0.489543] (px4_msgs) StdoutLine: {'line': b'-- Up-to-date symlink: /home/lee/workspace/ros2_ex_mav/install/px4_msgs/share/px4_msgs/msg/UlogStreamAck.msg\n'}
[0.489583] (px4_msgs) StdoutLine: {'line': b'-- Up-to-date symlink: /home/lee/workspace/ros2_ex_mav/install/px4_msgs/share/px4_msgs/msg/VehicleAcceleration.msg\n'}
[0.489624] (px4_msgs) StdoutLine: {'line': b'-- Up-to-date symlink: /home/lee/workspace/ros2_ex_mav/install/px4_msgs/share/px4_msgs/msg/VehicleAirData.msg\n'}
[0.489665] (px4_msgs) StdoutLine: {'line': b'-- Up-to-date symlink: /home/lee/workspace/ros2_ex_mav/install/px4_msgs/share/px4_msgs/msg/VehicleAngularAccelerationSetpoint.msg\n'}
[0.489706] (px4_msgs) StdoutLine: {'line': b'-- Up-to-date symlink: /home/lee/workspace/ros2_ex_mav/install/px4_msgs/share/px4_msgs/msg/VehicleAngularVelocity.msg\n'}
[0.489748] (px4_msgs) StdoutLine: {'line': b'-- Up-to-date symlink: /home/lee/workspace/ros2_ex_mav/install/px4_msgs/share/px4_msgs/msg/VehicleAttitude.msg\n'}
[0.489787] (px4_msgs) StdoutLine: {'line': b'-- Up-to-date symlink: /home/lee/workspace/ros2_ex_mav/install/px4_msgs/share/px4_msgs/msg/VehicleAttitudeSetpoint.msg\n'}
[0.489829] (px4_msgs) StdoutLine: {'line': b'-- Up-to-date symlink: /home/lee/workspace/ros2_ex_mav/install/px4_msgs/share/px4_msgs/msg/VehicleCommand.msg\n'}
[0.489869] (px4_msgs) StdoutLine: {'line': b'-- Up-to-date symlink: /home/lee/workspace/ros2_ex_mav/install/px4_msgs/share/px4_msgs/msg/VehicleCommandAck.msg\n'}
[0.489909] (px4_msgs) StdoutLine: {'line': b'-- Up-to-date symlink: /home/lee/workspace/ros2_ex_mav/install/px4_msgs/share/px4_msgs/msg/VehicleConstraints.msg\n'}
[0.489949] (px4_msgs) StdoutLine: {'line': b'-- Up-to-date symlink: /home/lee/workspace/ros2_ex_mav/install/px4_msgs/share/px4_msgs/msg/VehicleControlMode.msg\n'}
[0.489990] (px4_msgs) StdoutLine: {'line': b'-- Up-to-date symlink: /home/lee/workspace/ros2_ex_mav/install/px4_msgs/share/px4_msgs/msg/VehicleGlobalPosition.msg\n'}
[0.490033] (px4_msgs) StdoutLine: {'line': b'-- Up-to-date symlink: /home/lee/workspace/ros2_ex_mav/install/px4_msgs/share/px4_msgs/msg/VehicleImu.msg\n'}
[0.490073] (px4_msgs) StdoutLine: {'line': b'-- Up-to-date symlink: /home/lee/workspace/ros2_ex_mav/install/px4_msgs/share/px4_msgs/msg/VehicleImuStatus.msg\n'}
[0.490113] (px4_msgs) StdoutLine: {'line': b'-- Up-to-date symlink: /home/lee/workspace/ros2_ex_mav/install/px4_msgs/share/px4_msgs/msg/VehicleLandDetected.msg\n'}
[0.490154] (px4_msgs) StdoutLine: {'line': b'-- Up-to-date symlink: /home/lee/workspace/ros2_ex_mav/install/px4_msgs/share/px4_msgs/msg/VehicleLocalPosition.msg\n'}
[0.490195] (px4_msgs) StdoutLine: {'line': b'-- Up-to-date symlink: /home/lee/workspace/ros2_ex_mav/install/px4_msgs/share/px4_msgs/msg/VehicleLocalPositionSetpoint.msg\n'}
[0.490235] (px4_msgs) StdoutLine: {'line': b'-- Up-to-date symlink: /home/lee/workspace/ros2_ex_mav/install/px4_msgs/share/px4_msgs/msg/VehicleMagnetometer.msg\n'}
[0.490276] (px4_msgs) StdoutLine: {'line': b'-- Up-to-date symlink: /home/lee/workspace/ros2_ex_mav/install/px4_msgs/share/px4_msgs/msg/VehicleOdometry.msg\n'}
[0.490316] (px4_msgs) StdoutLine: {'line': b'-- Up-to-date symlink: /home/lee/workspace/ros2_ex_mav/install/px4_msgs/share/px4_msgs/msg/VehicleOpticalFlow.msg\n'}
[0.490359] (px4_msgs) StdoutLine: {'line': b'-- Up-to-date symlink: /home/lee/workspace/ros2_ex_mav/install/px4_msgs/share/px4_msgs/msg/VehicleOpticalFlowVel.msg\n'}
[0.490400] (px4_msgs) StdoutLine: {'line': b'-- Up-to-date symlink: /home/lee/workspace/ros2_ex_mav/install/px4_msgs/share/px4_msgs/msg/VehicleRatesSetpoint.msg\n'}
[0.490441] (px4_msgs) StdoutLine: {'line': b'-- Up-to-date symlink: /home/lee/workspace/ros2_ex_mav/install/px4_msgs/share/px4_msgs/msg/VehicleRoi.msg\n'}
[0.490482] (px4_msgs) StdoutLine: {'line': b'-- Up-to-date symlink: /home/lee/workspace/ros2_ex_mav/install/px4_msgs/share/px4_msgs/msg/VehicleStatus.msg\n'}
[0.490523] (px4_msgs) StdoutLine: {'line': b'-- Up-to-date symlink: /home/lee/workspace/ros2_ex_mav/install/px4_msgs/share/px4_msgs/msg/VehicleThrustSetpoint.msg\n'}
[0.490563] (px4_msgs) StdoutLine: {'line': b'-- Up-to-date symlink: /home/lee/workspace/ros2_ex_mav/install/px4_msgs/share/px4_msgs/msg/VehicleTorqueSetpoint.msg\n'}
[0.490605] (px4_msgs) StdoutLine: {'line': b'-- Up-to-date symlink: /home/lee/workspace/ros2_ex_mav/install/px4_msgs/share/px4_msgs/msg/VehicleTrajectoryBezier.msg\n'}
[0.490644] (px4_msgs) StdoutLine: {'line': b'-- Up-to-date symlink: /home/lee/workspace/ros2_ex_mav/install/px4_msgs/share/px4_msgs/msg/VehicleTrajectoryWaypoint.msg\n'}
[0.490684] (px4_msgs) StdoutLine: {'line': b'-- Up-to-date symlink: /home/lee/workspace/ros2_ex_mav/install/px4_msgs/share/px4_msgs/msg/VtolVehicleStatus.msg\n'}
[0.490730] (px4_msgs) StdoutLine: {'line': b'-- Up-to-date symlink: /home/lee/workspace/ros2_ex_mav/install/px4_msgs/share/px4_msgs/msg/Wind.msg\n'}
[0.490767] (px4_msgs) StdoutLine: {'line': b'-- Up-to-date symlink: /home/lee/workspace/ros2_ex_mav/install/px4_msgs/share/px4_msgs/msg/YawEstimatorStatus.msg\n'}
[0.490818] (px4_msgs) StdoutLine: {'line': b'-- Up-to-date symlink: /home/lee/workspace/ros2_ex_mav/install/px4_msgs/share/ament_index/resource_index/package_run_dependencies/px4_msgs\n'}
[0.490867] (px4_msgs) StdoutLine: {'line': b'-- Up-to-date symlink: /home/lee/workspace/ros2_ex_mav/install/px4_msgs/share/ament_index/resource_index/parent_prefix_path/px4_msgs\n'}
[0.490914] (px4_msgs) StdoutLine: {'line': b'-- Up-to-date symlink: /home/lee/workspace/ros2_ex_mav/install/px4_msgs/share/px4_msgs/environment/ament_prefix_path.sh\n'}
[0.490957] (px4_msgs) StdoutLine: {'line': b'-- Up-to-date symlink: /home/lee/workspace/ros2_ex_mav/install/px4_msgs/share/px4_msgs/environment/ament_prefix_path.dsv\n'}
[0.491001] (px4_msgs) StdoutLine: {'line': b'-- Up-to-date symlink: /home/lee/workspace/ros2_ex_mav/install/px4_msgs/share/px4_msgs/environment/path.sh\n'}
[0.491043] (px4_msgs) StdoutLine: {'line': b'-- Up-to-date symlink: /home/lee/workspace/ros2_ex_mav/install/px4_msgs/share/px4_msgs/environment/path.dsv\n'}
[0.491086] (px4_msgs) StdoutLine: {'line': b'-- Up-to-date symlink: /home/lee/workspace/ros2_ex_mav/install/px4_msgs/share/px4_msgs/local_setup.bash\n'}
[0.491133] (px4_msgs) StdoutLine: {'line': b'-- Up-to-date symlink: /home/lee/workspace/ros2_ex_mav/install/px4_msgs/share/px4_msgs/local_setup.sh\n'}
[0.491183] (px4_msgs) StdoutLine: {'line': b'-- Up-to-date symlink: /home/lee/workspace/ros2_ex_mav/install/px4_msgs/share/px4_msgs/local_setup.zsh\n'}
[0.491217] (px4_msgs) StdoutLine: {'line': b'-- Up-to-date symlink: /home/lee/workspace/ros2_ex_mav/install/px4_msgs/share/px4_msgs/local_setup.dsv\n'}
[0.491250] (px4_msgs) StdoutLine: {'line': b'-- Symlinking: /home/lee/workspace/ros2_ex_mav/install/px4_msgs/share/px4_msgs/package.dsv\n'}
[0.497633] (px4_msgs) StdoutLine: {'line': b'-- Up-to-date symlink: /home/lee/workspace/ros2_ex_mav/install/px4_msgs/share/ament_index/resource_index/packages/px4_msgs\n'}
[0.497684] (px4_msgs) StdoutLine: {'line': b'-- Up-to-date symlink: /home/lee/workspace/ros2_ex_mav/install/px4_msgs/share/px4_msgs/cmake/rosidl_cmake-extras.cmake\n'}
[0.497784] (px4_msgs) StdoutLine: {'line': b'-- Up-to-date symlink: /home/lee/workspace/ros2_ex_mav/install/px4_msgs/share/px4_msgs/cmake/ament_cmake_export_dependencies-extras.cmake\n'}
[0.497859] (px4_msgs) StdoutLine: {'line': b'-- Up-to-date symlink: /home/lee/workspace/ros2_ex_mav/install/px4_msgs/share/px4_msgs/cmake/ament_cmake_export_include_directories-extras.cmake\n'}
[0.497912] (px4_msgs) StdoutLine: {'line': b'-- Up-to-date symlink: /home/lee/workspace/ros2_ex_mav/install/px4_msgs/share/px4_msgs/cmake/ament_cmake_export_libraries-extras.cmake\n'}
[0.497957] (px4_msgs) StdoutLine: {'line': b'-- Up-to-date symlink: /home/lee/workspace/ros2_ex_mav/install/px4_msgs/share/px4_msgs/cmake/ament_cmake_export_targets-extras.cmake\n'}
[0.498002] (px4_msgs) StdoutLine: {'line': b'-- Up-to-date symlink: /home/lee/workspace/ros2_ex_mav/install/px4_msgs/share/px4_msgs/cmake/rosidl_cmake_export_typesupport_targets-extras.cmake\n'}
[0.498045] (px4_msgs) StdoutLine: {'line': b'-- Up-to-date symlink: /home/lee/workspace/ros2_ex_mav/install/px4_msgs/share/px4_msgs/cmake/rosidl_cmake_export_typesupport_libraries-extras.cmake\n'}
[0.498093] (px4_msgs) StdoutLine: {'line': b'-- Up-to-date symlink: /home/lee/workspace/ros2_ex_mav/install/px4_msgs/share/px4_msgs/cmake/px4_msgsConfig.cmake\n'}
[0.498125] (px4_msgs) StdoutLine: {'line': b'-- Up-to-date symlink: /home/lee/workspace/ros2_ex_mav/install/px4_msgs/share/px4_msgs/cmake/px4_msgsConfig-version.cmake\n'}
[0.498171] (px4_msgs) StdoutLine: {'line': b'-- Up-to-date symlink: /home/lee/workspace/ros2_ex_mav/install/px4_msgs/share/px4_msgs/package.xml\n'}
[0.498330] (px4_msgs) StdoutLine: {'line': b'-- Up-to-date: /home/lee/workspace/ros2_ex_mav/install/px4_msgs/lib/libpx4_msgs__rosidl_generator_c.so\n'}
[0.498432] (px4_msgs) StdoutLine: {'line': b'-- Up-to-date: /home/lee/workspace/ros2_ex_mav/install/px4_msgs/lib/libpx4_msgs__rosidl_typesupport_fastrtps_c.so\n'}
[0.498522] (px4_msgs) StdoutLine: {'line': b'-- Up-to-date: /home/lee/workspace/ros2_ex_mav/install/px4_msgs/lib/libpx4_msgs__rosidl_typesupport_fastrtps_cpp.so\n'}
[0.498607] (px4_msgs) StdoutLine: {'line': b'-- Up-to-date: /home/lee/workspace/ros2_ex_mav/install/px4_msgs/lib/libpx4_msgs__rosidl_typesupport_introspection_c.so\n'}
[0.498687] (px4_msgs) StdoutLine: {'line': b'-- Up-to-date: /home/lee/workspace/ros2_ex_mav/install/px4_msgs/lib/libpx4_msgs__rosidl_typesupport_c.so\n'}
[0.498770] (px4_msgs) StdoutLine: {'line': b'-- Up-to-date: /home/lee/workspace/ros2_ex_mav/install/px4_msgs/lib/libpx4_msgs__rosidl_typesupport_introspection_cpp.so\n'}
[0.498853] (px4_msgs) StdoutLine: {'line': b'-- Up-to-date: /home/lee/workspace/ros2_ex_mav/install/px4_msgs/lib/libpx4_msgs__rosidl_typesupport_cpp.so\n'}
[0.499975] (-) TimerEvent: {}
[0.517926] (px4_msgs) StdoutLine: {'line': b"Listing '/home/lee/workspace/ros2_ex_mav/install/px4_msgs/local/lib/python3.10/dist-packages/px4_msgs'...\n"}
[0.518010] (px4_msgs) StdoutLine: {'line': b"Listing '/home/lee/workspace/ros2_ex_mav/install/px4_msgs/local/lib/python3.10/dist-packages/px4_msgs/msg'...\n"}
[0.519944] (px4_msgs) StdoutLine: {'line': b'-- Up-to-date: /home/lee/workspace/ros2_ex_mav/install/px4_msgs/lib/libpx4_msgs__rosidl_generator_py.so\n'}
[0.520056] (px4_msgs) StdoutLine: {'line': b'-- Up-to-date: /home/lee/workspace/ros2_ex_mav/install/px4_msgs/share/px4_msgs/cmake/export_px4_msgs__rosidl_generator_cExport.cmake\n'}
[0.520080] (px4_msgs) StdoutLine: {'line': b'-- Up-to-date: /home/lee/workspace/ros2_ex_mav/install/px4_msgs/share/px4_msgs/cmake/export_px4_msgs__rosidl_generator_cExport-relwithdebinfo.cmake\n'}
[0.520102] (px4_msgs) StdoutLine: {'line': b'-- Up-to-date: /home/lee/workspace/ros2_ex_mav/install/px4_msgs/share/px4_msgs/cmake/export_px4_msgs__rosidl_typesupport_fastrtps_cExport.cmake\n'}
[0.520125] (px4_msgs) StdoutLine: {'line': b'-- Up-to-date: /home/lee/workspace/ros2_ex_mav/install/px4_msgs/share/px4_msgs/cmake/export_px4_msgs__rosidl_typesupport_fastrtps_cExport-relwithdebinfo.cmake\n'}
[0.520146] (px4_msgs) StdoutLine: {'line': b'-- Up-to-date: /home/lee/workspace/ros2_ex_mav/install/px4_msgs/share/px4_msgs/cmake/export_px4_msgs__rosidl_generator_cppExport.cmake\n'}
[0.520183] (px4_msgs) StdoutLine: {'line': b'-- Up-to-date: /home/lee/workspace/ros2_ex_mav/install/px4_msgs/share/px4_msgs/cmake/export_px4_msgs__rosidl_typesupport_fastrtps_cppExport.cmake\n'}
[0.520223] (px4_msgs) StdoutLine: {'line': b'-- Up-to-date: /home/lee/workspace/ros2_ex_mav/install/px4_msgs/share/px4_msgs/cmake/export_px4_msgs__rosidl_typesupport_fastrtps_cppExport-relwithdebinfo.cmake\n'}
[0.520257] (px4_msgs) StdoutLine: {'line': b'-- Up-to-date: /home/lee/workspace/ros2_ex_mav/install/px4_msgs/share/px4_msgs/cmake/px4_msgs__rosidl_typesupport_introspection_cExport.cmake\n'}
[0.520278] (px4_msgs) StdoutLine: {'line': b'-- Up-to-date: /home/lee/workspace/ros2_ex_mav/install/px4_msgs/share/px4_msgs/cmake/px4_msgs__rosidl_typesupport_introspection_cExport-relwithdebinfo.cmake\n'}
[0.520298] (px4_msgs) StdoutLine: {'line': b'-- Up-to-date: /home/lee/workspace/ros2_ex_mav/install/px4_msgs/share/px4_msgs/cmake/px4_msgs__rosidl_typesupport_cExport.cmake\n'}
[0.520318] (px4_msgs) StdoutLine: {'line': b'-- Up-to-date: /home/lee/workspace/ros2_ex_mav/install/px4_msgs/share/px4_msgs/cmake/px4_msgs__rosidl_typesupport_cExport-relwithdebinfo.cmake\n'}
[0.520339] (px4_msgs) StdoutLine: {'line': b'-- Up-to-date: /home/lee/workspace/ros2_ex_mav/install/px4_msgs/share/px4_msgs/cmake/px4_msgs__rosidl_typesupport_introspection_cppExport.cmake\n'}
[0.520364] (px4_msgs) StdoutLine: {'line': b'-- Up-to-date: /home/lee/workspace/ros2_ex_mav/install/px4_msgs/share/px4_msgs/cmake/px4_msgs__rosidl_typesupport_introspection_cppExport-relwithdebinfo.cmake\n'}
[0.520406] (px4_msgs) StdoutLine: {'line': b'-- Up-to-date: /home/lee/workspace/ros2_ex_mav/install/px4_msgs/share/px4_msgs/cmake/px4_msgs__rosidl_typesupport_cppExport.cmake\n'}
[0.520427] (px4_msgs) StdoutLine: {'line': b'-- Up-to-date: /home/lee/workspace/ros2_ex_mav/install/px4_msgs/share/px4_msgs/cmake/px4_msgs__rosidl_typesupport_cppExport-relwithdebinfo.cmake\n'}
[0.520447] (px4_msgs) StdoutLine: {'line': b'-- Up-to-date: /home/lee/workspace/ros2_ex_mav/install/px4_msgs/share/px4_msgs/cmake/export_px4_msgs__rosidl_generator_pyExport.cmake\n'}
[0.520465] (px4_msgs) StdoutLine: {'line': b'-- Up-to-date: /home/lee/workspace/ros2_ex_mav/install/px4_msgs/share/px4_msgs/cmake/export_px4_msgs__rosidl_generator_pyExport-relwithdebinfo.cmake\n'}
[0.521708] (px4_msgs) CommandEnded: {'returncode': 0}
[0.535471] (px4_msgs) JobEnded: {'identifier': 'px4_msgs', 'rc': 0}
[0.660205] (-) TimerEvent: {}
[0.660255] (mav) JobStarted: {'identifier': 'mav'}
[0.660278] (px4_multi_uav) JobStarted: {'identifier': 'px4_multi_uav'}
[0.660293] (mav) JobProgress: {'identifier': 'mav', 'progress': 'cmake'}
[0.660300] (mav) JobProgress: {'identifier': 'mav', 'progress': 'build'}
[0.660307] (mav) Command: {'cmd': ['/usr/bin/cmake', '--build', '/home/lee/workspace/ros2_ex_mav/build/mav', '--', '-j32', '-l32'], 'cwd': '/home/lee/workspace/ros2_ex_mav/build/mav', 'env': OrderedDict([('GJS_DEBUG_TOPICS', 'JS ERROR;JS LOG'), ('GZ_SIM_SYSTEM_PLUGIN_PATH', ':/home/lee/gazebo_maritime_ws/install/lib:/home/lee/workspace/gz_sim_modle/gazebo_joint_plugin/build:/home/lee/PX4-Autopilot/Tools/sitl_gazebo/build/px4_sitl_default/build_gz'), ('VSCODE_CWD', '/home/lee'), ('PYTHON_BASIC_REPL', '1'), ('VSCODE_ESM_ENTRYPOINT', 'vs/workbench/api/node/extensionHostProcess'), ('LC_TIME', 'lzh_TW'), ('USER', 'lee'), ('GZ_SIM_RESOURCE_PATH', ':/home/lee/PX4-Autopilot/Tools/sitl_gazebo/models:/home/lee/workspace/gz_sim_modle:/usr/share/gz/gz-sim8/worlds:/home/lee/PX4-Autopilot/Tools/simulation/gz/worlds:/home/lee/PX4-Autopilot/Tools/sitl_gazebo/models:/home/lee/PX4-Autopilot/Tools/simulation/gz/models'), ('VSCODE_NLS_CONFIG', '{"userLocale":"en-us","osLocale":"en-us","resolvedLanguage":"en","defaultMessagesFile":"/usr/share/code/resources/app/out/nls.messages.json","locale":"en-us","availableLanguages":{}}'), ('VSCODE_HANDLES_UNCAUGHT_ERRORS', 'true'), ('XDG_SESSION_TYPE', 'x11'), ('GIT_ASKPASS', '/usr/share/code/resources/app/extensions/git/dist/askpass.sh'), ('SHLVL', '0'), ('LD_LIBRARY_PATH', '/home/lee/workspace/ros2_ex_mav/install/px4_msgs/lib:/home/lee/workspace/ros2_ex/install/px4_msgs/lib:/opt/ros/humble/opt/rviz_ogre_vendor/lib:/opt/ros/humble/lib/x86_64-linux-gnu:/opt/ros/humble/lib:/home/lee/gazebo_maritime_ws/install/lib'), ('HOME', '/home/lee'), ('CHROME_DESKTOP', 'code.desktop'), ('OLDPWD', '/home/lee/workspace/ros2_ex_mav'), ('LESS', '-R'), ('DESKTOP_SESSION', 'ubuntu'), ('TERM_PROGRAM_VERSION', '1.100.2'), ('GIO_LAUNCHED_DESKTOP_FILE', '/usr/share/applications/code.desktop'), ('ZSH', '/home/lee/.oh-my-zsh'), ('LSCOLORS', 'Gxfxcxdxbxegedabagacad'), ('VSCODE_IPC_HOOK', '/run/user/1000/vscode-fab3baac-1.10-main.sock'), ('GTK_MODULES', 'gail:atk-bridge'), ('GNOME_SHELL_SESSION_MODE', 'ubuntu'), ('PAGER', 'less'), ('ROS_PYTHON_VERSION', '3'), ('APPLICATION_INSIGHTS_NO_DIAGNOSTIC_CHANNEL', '1'), ('VSCODE_GIT_ASKPASS_MAIN', '/usr/share/code/resources/app/extensions/git/dist/askpass-main.js'), ('LC_MONETARY', 'lzh_TW'), ('MANAGERPID', '1920'), ('VSCODE_GIT_ASKPASS_NODE', '/usr/share/code/code'), ('SYSTEMD_EXEC_PID', '2170'), ('DBUS_SESSION_BUS_ADDRESS', 'unix:path=/run/user/1000/bus'), ('GIO_LAUNCHED_DESKTOP_FILE_PID', '13166'), ('COLORTERM', 'truecolor'), ('_colcon_cd_root', '/opt/ros/humble/'), ('VSCODE_CRASH_REPORTER_PROCESS_TYPE', 'extensionHost'), ('ROS_DISTRO', 'humble'), ('COLCON_PREFIX_PATH', '/home/lee/workspace/ros2_ex_mav/install:/home/lee/workspace/ros2_ex/install'), ('VSCODE_L10N_BUNDLE_LOCATION', ''), ('APPLICATION_INSIGHTS_NO_STATSBEAT', 'true'), ('LOGNAME', 'lee'), ('GTK_IM_MODULE', 'ibus'), ('JOURNAL_STREAM', '8:2613'), ('_P9K_SSH_TTY', ''), ('_', '/usr/bin/colcon'), ('XDG_SESSION_CLASS', 'user'), ('ROS_VERSION', '2'), ('USERNAME', 'lee'), ('GAZEBO_MODEL_PATH', '/home/lee/PX4-Autopilot/Tools/simulation/gz/models'), ('TERM', 'xterm-256color'), ('GNOME_DESKTOP_SESSION_ID', 'this-is-deprecated'), ('ROS_LOCALHOST_ONLY', '0'), ('WINDOWPATH', '2'), ('PATH', '/home/lee/.local/bin:/opt/ros/humble/bin:/usr/local/MATLAB/R2024b/bin/:/home/lee/.local/bin:/usr/local/sbin:/usr/local/bin:/usr/sbin:/usr/bin:/sbin:/bin:/usr/games:/usr/local/games:/snap/bin:/snap/bin:/home/lee/.config/Code/User/globalStorage/github.copilot-chat/debugCommand'), ('SESSION_MANAGER', 'local/lee-System-Product-Name:@/tmp/.ICE-unix/2151,unix/lee-System-Product-Name:/tmp/.ICE-unix/2151'), ('INVOCATION_ID', '7d2a7f833b6f47c19a46066efebaab66'), ('LC_ADDRESS', 'lzh_TW'), ('XDG_RUNTIME_DIR', '/run/user/1000'), ('XDG_MENU_PREFIX', 'gnome-'), ('GDK_BACKEND', 'x11'), ('DISPLAY', ':1'), ('LANG', 'en_US.UTF-8'), ('LC_TELEPHONE', 'lzh_TW'), ('XDG_CURRENT_DESKTOP', 'Unity'), ('GZ_TRANSPORT_VERSION', '12'), ('PYTHONSTARTUP', '/home/lee/.config/Code/User/workspaceStorage/3f8bc68e0fe49b26892e366db8022b14/ms-python.python/pythonrc.py'), ('XAUTHORITY', '/run/user/1000/gdm/Xauthority'), ('XDG_SESSION_DESKTOP', 'ubuntu'), ('XMODIFIERS', '@im=ibus'), ('LS_COLORS', ''), ('TERM_PROGRAM', 'vscode'), ('VSCODE_GIT_IPC_HANDLE', '/run/user/1000/vscode-git-72588b87d1.sock'), ('SSH_AGENT_LAUNCHER', 'gnome-keyring'), ('SSH_AUTH_SOCK', '/run/user/1000/keyring/ssh'), ('ORIGINAL_XDG_CURRENT_DESKTOP', 'ubuntu:GNOME'), ('AMENT_PREFIX_PATH', '/home/lee/workspace/ros2_ex_mav/install/px4_multi_uav:/home/lee/workspace/ros2_ex_mav/install/mav:/home/lee/workspace/ros2_ex_mav/install/px4_msgs:/home/lee/workspace/ros2_ex/install/mav:/home/lee/workspace/ros2_ex/install/ground:/home/lee/workspace/ros2_ex/install/MAV:/home/lee/workspace/ros2_ex/install/px4_msgs:/opt/ros/humble'), ('LC_NAME', 'lzh_TW'), ('SHELL', '/usr/bin/zsh'), ('QT_ACCESSIBILITY', '1'), ('GDMSESSION', 'ubuntu'), ('GZ_SIM_MODEL_PATH', '/home/lee/PX4-Autopilot/Tools/simulation/gz/models'), ('ELECTRON_RUN_AS_NODE', '1'), ('LC_MEASUREMENT', 'lzh_TW'), ('LC_IDENTIFICATION', 'lzh_TW'), ('GPG_AGENT_INFO', '/run/user/1000/gnupg/S.gpg-agent:0:1'), ('GJS_DEBUG_OUTPUT', 'stderr'), ('P9K_SSH', '0'), ('QT_IM_MODULE', 'ibus'), ('VSCODE_GIT_ASKPASS_EXTRA_ARGS', ''), ('LC_ALL', 'en_US.UTF-8'), ('PWD', '/home/lee/workspace/ros2_ex_mav/build/mav'), ('XDG_DATA_DIRS', '/usr/share/ubuntu:/usr/share/gnome:/usr/local/share/:/usr/share/:/var/lib/snapd/desktop'), ('XDG_CONFIG_DIRS', '/etc/xdg/xdg-ubuntu:/etc/xdg'), ('GAZEBO_PLUGIN_PATH', ':/home/lee/PX4-Autopilot/build/px4_sitl_default/src/lib'), ('VSCODE_CODE_CACHE_PATH', '/home/lee/.config/Code/CachedData/848b80aeb52026648a8ff9f7c45a9b0a80641e2e'), ('LC_NUMERIC', 'lzh_TW'), ('PYTHONPATH', '/home/lee/workspace/ros2_ex_mav/install/px4_msgs/local/lib/python3.10/dist-packages:/home/lee/workspace/ros2_ex/install/px4_msgs/local/lib/python3.10/dist-packages:/opt/ros/humble/lib/python3.10/site-packages:/opt/ros/humble/local/lib/python3.10/dist-packages'), ('LC_PAPER', 'lzh_TW'), ('COLCON', '1'), ('CMAKE_PREFIX_PATH', '/home/lee/workspace/ros2_ex_mav/install/px4_msgs:/home/lee/workspace/ros2_ex_mav/install/px4_multi_uav:/home/lee/workspace/ros2_ex_mav/install/mav:/home/lee/workspace/ros2_ex/install/mav:/home/lee/workspace/ros2_ex/install/ground:/home/lee/workspace/ros2_ex/install/MAV4:/home/lee/workspace/ros2_ex/install/MAV3:/home/lee/workspace/ros2_ex/install/MAV2:/home/lee/workspace/ros2_ex/install/MAV1:/home/lee/workspace/ros2_ex/install/MAV:/home/lee/workspace/ros2_ex/install/px4_msgs:/opt/ros/humble'), ('VSCODE_PID', '13166')]), 'shell': False}
[0.660633] (px4_multi_uav) JobProgress: {'identifier': 'px4_multi_uav', 'progress': 'cmake'}
[0.660643] (px4_multi_uav) JobProgress: {'identifier': 'px4_multi_uav', 'progress': 'build'}
[0.660650] (px4_multi_uav) Command: {'cmd': ['/usr/bin/cmake', '--build', '/home/lee/workspace/ros2_ex_mav/build/px4_multi_uav', '--', '-j32', '-l32'], 'cwd': '/home/lee/workspace/ros2_ex_mav/build/px4_multi_uav', 'env': OrderedDict([('GJS_DEBUG_TOPICS', 'JS ERROR;JS LOG'), ('GZ_SIM_SYSTEM_PLUGIN_PATH', ':/home/lee/gazebo_maritime_ws/install/lib:/home/lee/workspace/gz_sim_modle/gazebo_joint_plugin/build:/home/lee/PX4-Autopilot/Tools/sitl_gazebo/build/px4_sitl_default/build_gz'), ('VSCODE_CWD', '/home/lee'), ('PYTHON_BASIC_REPL', '1'), ('VSCODE_ESM_ENTRYPOINT', 'vs/workbench/api/node/extensionHostProcess'), ('LC_TIME', 'lzh_TW'), ('USER', 'lee'), ('GZ_SIM_RESOURCE_PATH', ':/home/lee/PX4-Autopilot/Tools/sitl_gazebo/models:/home/lee/workspace/gz_sim_modle:/usr/share/gz/gz-sim8/worlds:/home/lee/PX4-Autopilot/Tools/simulation/gz/worlds:/home/lee/PX4-Autopilot/Tools/sitl_gazebo/models:/home/lee/PX4-Autopilot/Tools/simulation/gz/models'), ('VSCODE_NLS_CONFIG', '{"userLocale":"en-us","osLocale":"en-us","resolvedLanguage":"en","defaultMessagesFile":"/usr/share/code/resources/app/out/nls.messages.json","locale":"en-us","availableLanguages":{}}'), ('VSCODE_HANDLES_UNCAUGHT_ERRORS', 'true'), ('XDG_SESSION_TYPE', 'x11'), ('GIT_ASKPASS', '/usr/share/code/resources/app/extensions/git/dist/askpass.sh'), ('SHLVL', '0'), ('LD_LIBRARY_PATH', '/home/lee/workspace/ros2_ex_mav/install/px4_msgs/lib:/home/lee/workspace/ros2_ex/install/px4_msgs/lib:/opt/ros/humble/opt/rviz_ogre_vendor/lib:/opt/ros/humble/lib/x86_64-linux-gnu:/opt/ros/humble/lib:/home/lee/gazebo_maritime_ws/install/lib'), ('HOME', '/home/lee'), ('CHROME_DESKTOP', 'code.desktop'), ('OLDPWD', '/home/lee/workspace/ros2_ex_mav'), ('LESS', '-R'), ('DESKTOP_SESSION', 'ubuntu'), ('TERM_PROGRAM_VERSION', '1.100.2'), ('GIO_LAUNCHED_DESKTOP_FILE', '/usr/share/applications/code.desktop'), ('ZSH', '/home/lee/.oh-my-zsh'), ('LSCOLORS', 'Gxfxcxdxbxegedabagacad'), ('VSCODE_IPC_HOOK', '/run/user/1000/vscode-fab3baac-1.10-main.sock'), ('GTK_MODULES', 'gail:atk-bridge'), ('GNOME_SHELL_SESSION_MODE', 'ubuntu'), ('PAGER', 'less'), ('ROS_PYTHON_VERSION', '3'), ('APPLICATION_INSIGHTS_NO_DIAGNOSTIC_CHANNEL', '1'), ('VSCODE_GIT_ASKPASS_MAIN', '/usr/share/code/resources/app/extensions/git/dist/askpass-main.js'), ('LC_MONETARY', 'lzh_TW'), ('MANAGERPID', '1920'), ('VSCODE_GIT_ASKPASS_NODE', '/usr/share/code/code'), ('SYSTEMD_EXEC_PID', '2170'), ('DBUS_SESSION_BUS_ADDRESS', 'unix:path=/run/user/1000/bus'), ('GIO_LAUNCHED_DESKTOP_FILE_PID', '13166'), ('COLORTERM', 'truecolor'), ('_colcon_cd_root', '/opt/ros/humble/'), ('VSCODE_CRASH_REPORTER_PROCESS_TYPE', 'extensionHost'), ('ROS_DISTRO', 'humble'), ('COLCON_PREFIX_PATH', '/home/lee/workspace/ros2_ex_mav/install:/home/lee/workspace/ros2_ex/install'), ('VSCODE_L10N_BUNDLE_LOCATION', ''), ('APPLICATION_INSIGHTS_NO_STATSBEAT', 'true'), ('LOGNAME', 'lee'), ('GTK_IM_MODULE', 'ibus'), ('JOURNAL_STREAM', '8:2613'), ('_P9K_SSH_TTY', ''), ('_', '/usr/bin/colcon'), ('XDG_SESSION_CLASS', 'user'), ('ROS_VERSION', '2'), ('USERNAME', 'lee'), ('GAZEBO_MODEL_PATH', '/home/lee/PX4-Autopilot/Tools/simulation/gz/models'), ('TERM', 'xterm-256color'), ('GNOME_DESKTOP_SESSION_ID', 'this-is-deprecated'), ('ROS_LOCALHOST_ONLY', '0'), ('WINDOWPATH', '2'), ('PATH', '/home/lee/.local/bin:/opt/ros/humble/bin:/usr/local/MATLAB/R2024b/bin/:/home/lee/.local/bin:/usr/local/sbin:/usr/local/bin:/usr/sbin:/usr/bin:/sbin:/bin:/usr/games:/usr/local/games:/snap/bin:/snap/bin:/home/lee/.config/Code/User/globalStorage/github.copilot-chat/debugCommand'), ('SESSION_MANAGER', 'local/lee-System-Product-Name:@/tmp/.ICE-unix/2151,unix/lee-System-Product-Name:/tmp/.ICE-unix/2151'), ('INVOCATION_ID', '7d2a7f833b6f47c19a46066efebaab66'), ('LC_ADDRESS', 'lzh_TW'), ('XDG_RUNTIME_DIR', '/run/user/1000'), ('XDG_MENU_PREFIX', 'gnome-'), ('GDK_BACKEND', 'x11'), ('DISPLAY', ':1'), ('LANG', 'en_US.UTF-8'), ('LC_TELEPHONE', 'lzh_TW'), ('XDG_CURRENT_DESKTOP', 'Unity'), ('GZ_TRANSPORT_VERSION', '12'), ('PYTHONSTARTUP', '/home/lee/.config/Code/User/workspaceStorage/3f8bc68e0fe49b26892e366db8022b14/ms-python.python/pythonrc.py'), ('XAUTHORITY', '/run/user/1000/gdm/Xauthority'), ('XDG_SESSION_DESKTOP', 'ubuntu'), ('XMODIFIERS', '@im=ibus'), ('LS_COLORS', ''), ('TERM_PROGRAM', 'vscode'), ('VSCODE_GIT_IPC_HANDLE', '/run/user/1000/vscode-git-72588b87d1.sock'), ('SSH_AGENT_LAUNCHER', 'gnome-keyring'), ('SSH_AUTH_SOCK', '/run/user/1000/keyring/ssh'), ('ORIGINAL_XDG_CURRENT_DESKTOP', 'ubuntu:GNOME'), ('AMENT_PREFIX_PATH', '/home/lee/workspace/ros2_ex_mav/install/px4_multi_uav:/home/lee/workspace/ros2_ex_mav/install/mav:/home/lee/workspace/ros2_ex_mav/install/px4_msgs:/home/lee/workspace/ros2_ex/install/mav:/home/lee/workspace/ros2_ex/install/ground:/home/lee/workspace/ros2_ex/install/MAV:/home/lee/workspace/ros2_ex/install/px4_msgs:/opt/ros/humble'), ('LC_NAME', 'lzh_TW'), ('SHELL', '/usr/bin/zsh'), ('QT_ACCESSIBILITY', '1'), ('GDMSESSION', 'ubuntu'), ('GZ_SIM_MODEL_PATH', '/home/lee/PX4-Autopilot/Tools/simulation/gz/models'), ('ELECTRON_RUN_AS_NODE', '1'), ('LC_MEASUREMENT', 'lzh_TW'), ('LC_IDENTIFICATION', 'lzh_TW'), ('GPG_AGENT_INFO', '/run/user/1000/gnupg/S.gpg-agent:0:1'), ('GJS_DEBUG_OUTPUT', 'stderr'), ('P9K_SSH', '0'), ('QT_IM_MODULE', 'ibus'), ('VSCODE_GIT_ASKPASS_EXTRA_ARGS', ''), ('LC_ALL', 'en_US.UTF-8'), ('PWD', '/home/lee/workspace/ros2_ex_mav/build/px4_multi_uav'), ('XDG_DATA_DIRS', '/usr/share/ubuntu:/usr/share/gnome:/usr/local/share/:/usr/share/:/var/lib/snapd/desktop'), ('XDG_CONFIG_DIRS', '/etc/xdg/xdg-ubuntu:/etc/xdg'), ('GAZEBO_PLUGIN_PATH', ':/home/lee/PX4-Autopilot/build/px4_sitl_default/src/lib'), ('VSCODE_CODE_CACHE_PATH', '/home/lee/.config/Code/CachedData/848b80aeb52026648a8ff9f7c45a9b0a80641e2e'), ('LC_NUMERIC', 'lzh_TW'), ('PYTHONPATH', '/home/lee/workspace/ros2_ex_mav/install/px4_msgs/local/lib/python3.10/dist-packages:/home/lee/workspace/ros2_ex/install/px4_msgs/local/lib/python3.10/dist-packages:/opt/ros/humble/lib/python3.10/site-packages:/opt/ros/humble/local/lib/python3.10/dist-packages'), ('LC_PAPER', 'lzh_TW'), ('COLCON', '1'), ('CMAKE_PREFIX_PATH', '/home/lee/workspace/ros2_ex_mav/install/px4_msgs:/home/lee/workspace/ros2_ex_mav/install/px4_multi_uav:/home/lee/workspace/ros2_ex_mav/install/mav:/home/lee/workspace/ros2_ex/install/mav:/home/lee/workspace/ros2_ex/install/ground:/home/lee/workspace/ros2_ex/install/MAV4:/home/lee/workspace/ros2_ex/install/MAV3:/home/lee/workspace/ros2_ex/install/MAV2:/home/lee/workspace/ros2_ex/install/MAV1:/home/lee/workspace/ros2_ex/install/MAV:/home/lee/workspace/ros2_ex/install/px4_msgs:/opt/ros/humble'), ('VSCODE_PID', '13166')]), 'shell': False}
[0.660877] (px4_multi_uav) StdoutLine: {'line': b'\x1b[35m\x1b[1mConsolidate compiler generated dependencies of target leader\x1b[0m\n'}
[0.660911] (px4_multi_uav) StdoutLine: {'line': b'[ 40%] Built target mav2\n'}
[0.660936] (px4_multi_uav) StdoutLine: {'line': b'[ 40%] Built target mav1\n'}
[0.660959] (px4_multi_uav) StdoutLine: {'line': b'[ 46%] Built target keyboard_node\n'}
[0.660981] (mav) StdoutLine: {'line': b'[ 37%] Built target mav3_syn\n'}
[0.661004] (mav) StdoutLine: {'line': b'[ 37%] Built target mav2\n'}
[0.661024] (mav) StdoutLine: {'line': b'[ 37%] Built target mav4\n'}
[0.661044] (px4_multi_uav) StdoutLine: {'line': b'[ 60%] Built target mav3\n'}
[0.661064] (mav) StdoutLine: {'line': b'[ 50%] Built target mav1\n'}
[0.661083] (mav) StdoutLine: {'line': b'[ 62%] Built target mav1_syn\n'}
[0.661102] (px4_multi_uav) StdoutLine: {'line': b'[ 66%] \x1b[32mBuilding CXX object CMakeFiles/formation.dir/node/formation.cpp.o\x1b[0m\n'}
[0.661122] (mav) StdoutLine: {'line': b'[ 75%] Built target mav3\n'}
[0.661140] (px4_multi_uav) StdoutLine: {'line': b'[ 73%] \x1b[32mBuilding CXX object CMakeFiles/leader.dir/node/leader.cpp.o\x1b[0m\n'}
[0.661160] (px4_multi_uav) StdoutLine: {'line': b'[ 86%] Built target mav4\n'}
[0.661179] (mav) StdoutLine: {'line': b'[ 87%] Built target mav4_syn\n'}
[0.661197] (mav) StdoutLine: {'line': b'[100%] Built target mav2_syn\n'}
[0.661216] (mav) CommandEnded: {'returncode': 0}
[0.661335] (mav) JobProgress: {'identifier': 'mav', 'progress': 'install'}
[0.661348] (mav) Command: {'cmd': ['/usr/bin/cmake', '--install', '/home/lee/workspace/ros2_ex_mav/build/mav'], 'cwd': '/home/lee/workspace/ros2_ex_mav/build/mav', 'env': OrderedDict([('GJS_DEBUG_TOPICS', 'JS ERROR;JS LOG'), ('GZ_SIM_SYSTEM_PLUGIN_PATH', ':/home/lee/gazebo_maritime_ws/install/lib:/home/lee/workspace/gz_sim_modle/gazebo_joint_plugin/build:/home/lee/PX4-Autopilot/Tools/sitl_gazebo/build/px4_sitl_default/build_gz'), ('VSCODE_CWD', '/home/lee'), ('PYTHON_BASIC_REPL', '1'), ('VSCODE_ESM_ENTRYPOINT', 'vs/workbench/api/node/extensionHostProcess'), ('LC_TIME', 'lzh_TW'), ('USER', 'lee'), ('GZ_SIM_RESOURCE_PATH', ':/home/lee/PX4-Autopilot/Tools/sitl_gazebo/models:/home/lee/workspace/gz_sim_modle:/usr/share/gz/gz-sim8/worlds:/home/lee/PX4-Autopilot/Tools/simulation/gz/worlds:/home/lee/PX4-Autopilot/Tools/sitl_gazebo/models:/home/lee/PX4-Autopilot/Tools/simulation/gz/models'), ('VSCODE_NLS_CONFIG', '{"userLocale":"en-us","osLocale":"en-us","resolvedLanguage":"en","defaultMessagesFile":"/usr/share/code/resources/app/out/nls.messages.json","locale":"en-us","availableLanguages":{}}'), ('VSCODE_HANDLES_UNCAUGHT_ERRORS', 'true'), ('XDG_SESSION_TYPE', 'x11'), ('GIT_ASKPASS', '/usr/share/code/resources/app/extensions/git/dist/askpass.sh'), ('SHLVL', '0'), ('LD_LIBRARY_PATH', '/home/lee/workspace/ros2_ex_mav/install/px4_msgs/lib:/home/lee/workspace/ros2_ex/install/px4_msgs/lib:/opt/ros/humble/opt/rviz_ogre_vendor/lib:/opt/ros/humble/lib/x86_64-linux-gnu:/opt/ros/humble/lib:/home/lee/gazebo_maritime_ws/install/lib'), ('HOME', '/home/lee'), ('CHROME_DESKTOP', 'code.desktop'), ('OLDPWD', '/home/lee/workspace/ros2_ex_mav'), ('LESS', '-R'), ('DESKTOP_SESSION', 'ubuntu'), ('TERM_PROGRAM_VERSION', '1.100.2'), ('GIO_LAUNCHED_DESKTOP_FILE', '/usr/share/applications/code.desktop'), ('ZSH', '/home/lee/.oh-my-zsh'), ('LSCOLORS', 'Gxfxcxdxbxegedabagacad'), ('VSCODE_IPC_HOOK', '/run/user/1000/vscode-fab3baac-1.10-main.sock'), ('GTK_MODULES', 'gail:atk-bridge'), ('GNOME_SHELL_SESSION_MODE', 'ubuntu'), ('PAGER', 'less'), ('ROS_PYTHON_VERSION', '3'), ('APPLICATION_INSIGHTS_NO_DIAGNOSTIC_CHANNEL', '1'), ('VSCODE_GIT_ASKPASS_MAIN', '/usr/share/code/resources/app/extensions/git/dist/askpass-main.js'), ('LC_MONETARY', 'lzh_TW'), ('MANAGERPID', '1920'), ('VSCODE_GIT_ASKPASS_NODE', '/usr/share/code/code'), ('SYSTEMD_EXEC_PID', '2170'), ('DBUS_SESSION_BUS_ADDRESS', 'unix:path=/run/user/1000/bus'), ('GIO_LAUNCHED_DESKTOP_FILE_PID', '13166'), ('COLORTERM', 'truecolor'), ('_colcon_cd_root', '/opt/ros/humble/'), ('VSCODE_CRASH_REPORTER_PROCESS_TYPE', 'extensionHost'), ('ROS_DISTRO', 'humble'), ('COLCON_PREFIX_PATH', '/home/lee/workspace/ros2_ex_mav/install:/home/lee/workspace/ros2_ex/install'), ('VSCODE_L10N_BUNDLE_LOCATION', ''), ('APPLICATION_INSIGHTS_NO_STATSBEAT', 'true'), ('LOGNAME', 'lee'), ('GTK_IM_MODULE', 'ibus'), ('JOURNAL_STREAM', '8:2613'), ('_P9K_SSH_TTY', ''), ('_', '/usr/bin/colcon'), ('XDG_SESSION_CLASS', 'user'), ('ROS_VERSION', '2'), ('USERNAME', 'lee'), ('GAZEBO_MODEL_PATH', '/home/lee/PX4-Autopilot/Tools/simulation/gz/models'), ('TERM', 'xterm-256color'), ('GNOME_DESKTOP_SESSION_ID', 'this-is-deprecated'), ('ROS_LOCALHOST_ONLY', '0'), ('WINDOWPATH', '2'), ('PATH', '/home/lee/.local/bin:/opt/ros/humble/bin:/usr/local/MATLAB/R2024b/bin/:/home/lee/.local/bin:/usr/local/sbin:/usr/local/bin:/usr/sbin:/usr/bin:/sbin:/bin:/usr/games:/usr/local/games:/snap/bin:/snap/bin:/home/lee/.config/Code/User/globalStorage/github.copilot-chat/debugCommand'), ('SESSION_MANAGER', 'local/lee-System-Product-Name:@/tmp/.ICE-unix/2151,unix/lee-System-Product-Name:/tmp/.ICE-unix/2151'), ('INVOCATION_ID', '7d2a7f833b6f47c19a46066efebaab66'), ('LC_ADDRESS', 'lzh_TW'), ('XDG_RUNTIME_DIR', '/run/user/1000'), ('XDG_MENU_PREFIX', 'gnome-'), ('GDK_BACKEND', 'x11'), ('DISPLAY', ':1'), ('LANG', 'en_US.UTF-8'), ('LC_TELEPHONE', 'lzh_TW'), ('XDG_CURRENT_DESKTOP', 'Unity'), ('GZ_TRANSPORT_VERSION', '12'), ('PYTHONSTARTUP', '/home/lee/.config/Code/User/workspaceStorage/3f8bc68e0fe49b26892e366db8022b14/ms-python.python/pythonrc.py'), ('XAUTHORITY', '/run/user/1000/gdm/Xauthority'), ('XDG_SESSION_DESKTOP', 'ubuntu'), ('XMODIFIERS', '@im=ibus'), ('LS_COLORS', ''), ('TERM_PROGRAM', 'vscode'), ('VSCODE_GIT_IPC_HANDLE', '/run/user/1000/vscode-git-72588b87d1.sock'), ('SSH_AGENT_LAUNCHER', 'gnome-keyring'), ('SSH_AUTH_SOCK', '/run/user/1000/keyring/ssh'), ('ORIGINAL_XDG_CURRENT_DESKTOP', 'ubuntu:GNOME'), ('AMENT_PREFIX_PATH', '/home/lee/workspace/ros2_ex_mav/install/px4_multi_uav:/home/lee/workspace/ros2_ex_mav/install/mav:/home/lee/workspace/ros2_ex_mav/install/px4_msgs:/home/lee/workspace/ros2_ex/install/mav:/home/lee/workspace/ros2_ex/install/ground:/home/lee/workspace/ros2_ex/install/MAV:/home/lee/workspace/ros2_ex/install/px4_msgs:/opt/ros/humble'), ('LC_NAME', 'lzh_TW'), ('SHELL', '/usr/bin/zsh'), ('QT_ACCESSIBILITY', '1'), ('GDMSESSION', 'ubuntu'), ('GZ_SIM_MODEL_PATH', '/home/lee/PX4-Autopilot/Tools/simulation/gz/models'), ('ELECTRON_RUN_AS_NODE', '1'), ('LC_MEASUREMENT', 'lzh_TW'), ('LC_IDENTIFICATION', 'lzh_TW'), ('GPG_AGENT_INFO', '/run/user/1000/gnupg/S.gpg-agent:0:1'), ('GJS_DEBUG_OUTPUT', 'stderr'), ('P9K_SSH', '0'), ('QT_IM_MODULE', 'ibus'), ('VSCODE_GIT_ASKPASS_EXTRA_ARGS', ''), ('LC_ALL', 'en_US.UTF-8'), ('PWD', '/home/lee/workspace/ros2_ex_mav/build/mav'), ('XDG_DATA_DIRS', '/usr/share/ubuntu:/usr/share/gnome:/usr/local/share/:/usr/share/:/var/lib/snapd/desktop'), ('XDG_CONFIG_DIRS', '/etc/xdg/xdg-ubuntu:/etc/xdg'), ('GAZEBO_PLUGIN_PATH', ':/home/lee/PX4-Autopilot/build/px4_sitl_default/src/lib'), ('VSCODE_CODE_CACHE_PATH', '/home/lee/.config/Code/CachedData/848b80aeb52026648a8ff9f7c45a9b0a80641e2e'), ('LC_NUMERIC', 'lzh_TW'), ('PYTHONPATH', '/home/lee/workspace/ros2_ex_mav/install/px4_msgs/local/lib/python3.10/dist-packages:/home/lee/workspace/ros2_ex/install/px4_msgs/local/lib/python3.10/dist-packages:/opt/ros/humble/lib/python3.10/site-packages:/opt/ros/humble/local/lib/python3.10/dist-packages'), ('LC_PAPER', 'lzh_TW'), ('COLCON', '1'), ('CMAKE_PREFIX_PATH', '/home/lee/workspace/ros2_ex_mav/install/px4_msgs:/home/lee/workspace/ros2_ex_mav/install/px4_multi_uav:/home/lee/workspace/ros2_ex_mav/install/mav:/home/lee/workspace/ros2_ex/install/mav:/home/lee/workspace/ros2_ex/install/ground:/home/lee/workspace/ros2_ex/install/MAV4:/home/lee/workspace/ros2_ex/install/MAV3:/home/lee/workspace/ros2_ex/install/MAV2:/home/lee/workspace/ros2_ex/install/MAV1:/home/lee/workspace/ros2_ex/install/MAV:/home/lee/workspace/ros2_ex/install/px4_msgs:/opt/ros/humble'), ('VSCODE_PID', '13166')]), 'shell': False}
[0.661493] (mav) StdoutLine: {'line': b'-- Install configuration: "RelWithDebInfo"\n'}
[0.661520] (mav) StdoutLine: {'line': b'-- Execute custom install script\n'}
[0.661541] (mav) StdoutLine: {'line': b'-- Up-to-date symlink: /home/lee/workspace/ros2_ex_mav/install/mav/lib/mav/mav1\n'}
[0.661561] (mav) StdoutLine: {'line': b'-- Up-to-date symlink: /home/lee/workspace/ros2_ex_mav/install/mav/lib/mav/mav2\n'}
[0.661580] (mav) StdoutLine: {'line': b'-- Up-to-date symlink: /home/lee/workspace/ros2_ex_mav/install/mav/lib/mav/mav3\n'}
[0.661598] (mav) StdoutLine: {'line': b'-- Up-to-date symlink: /home/lee/workspace/ros2_ex_mav/install/mav/lib/mav/mav4\n'}
[0.661617] (mav) StdoutLine: {'line': b'-- Up-to-date symlink: /home/lee/workspace/ros2_ex_mav/install/mav/lib/mav/mav1_syn\n'}
[0.661637] (mav) StdoutLine: {'line': b'-- Up-to-date symlink: /home/lee/workspace/ros2_ex_mav/install/mav/lib/mav/mav2_syn\n'}
[0.661656] (mav) StdoutLine: {'line': b'-- Up-to-date symlink: /home/lee/workspace/ros2_ex_mav/install/mav/lib/mav/mav3_syn\n'}
[0.661674] (mav) StdoutLine: {'line': b'-- Up-to-date symlink: /home/lee/workspace/ros2_ex_mav/install/mav/lib/mav/mav4_syn\n'}
[0.661691] (mav) StdoutLine: {'line': b'-- Up-to-date symlink: /home/lee/workspace/ros2_ex_mav/install/mav/share/mav/launch/mav_launch.xml\n'}
[0.661710] (mav) StdoutLine: {'line': b'-- Up-to-date symlink: /home/lee/workspace/ros2_ex_mav/install/mav/share/mav/launch/mav_syn_launch\n'}
[0.661728] (mav) StdoutLine: {'line': b'-- Up-to-date symlink: /home/lee/workspace/ros2_ex_mav/install/mav/share/ament_index/resource_index/package_run_dependencies/mav\n'}
[0.661746] (mav) StdoutLine: {'line': b'-- Up-to-date symlink: /home/lee/workspace/ros2_ex_mav/install/mav/share/ament_index/resource_index/parent_prefix_path/mav\n'}
[0.661764] (mav) StdoutLine: {'line': b'-- Up-to-date symlink: /home/lee/workspace/ros2_ex_mav/install/mav/share/mav/environment/ament_prefix_path.sh\n'}
[0.661782] (mav) StdoutLine: {'line': b'-- Up-to-date symlink: /home/lee/workspace/ros2_ex_mav/install/mav/share/mav/environment/ament_prefix_path.dsv\n'}
[0.661800] (mav) StdoutLine: {'line': b'-- Up-to-date symlink: /home/lee/workspace/ros2_ex_mav/install/mav/share/mav/environment/path.sh\n'}
[0.661818] (mav) StdoutLine: {'line': b'-- Up-to-date symlink: /home/lee/workspace/ros2_ex_mav/install/mav/share/mav/environment/path.dsv\n'}
[0.661835] (mav) StdoutLine: {'line': b'-- Up-to-date symlink: /home/lee/workspace/ros2_ex_mav/install/mav/share/mav/local_setup.bash\n'}
[0.661855] (mav) StdoutLine: {'line': b'-- Up-to-date symlink: /home/lee/workspace/ros2_ex_mav/install/mav/share/mav/local_setup.sh\n'}
[0.661874] (mav) StdoutLine: {'line': b'-- Up-to-date symlink: /home/lee/workspace/ros2_ex_mav/install/mav/share/mav/local_setup.zsh\n'}
[0.661891] (mav) StdoutLine: {'line': b'-- Up-to-date symlink: /home/lee/workspace/ros2_ex_mav/install/mav/share/mav/local_setup.dsv\n'}
[0.661908] (mav) StdoutLine: {'line': b'-- Symlinking: /home/lee/workspace/ros2_ex_mav/install/mav/share/mav/package.dsv\n'}
[0.661926] (mav) StdoutLine: {'line': b'-- Up-to-date symlink: /home/lee/workspace/ros2_ex_mav/install/mav/share/ament_index/resource_index/packages/mav\n'}
[0.661944] (mav) StdoutLine: {'line': b'-- Up-to-date symlink: /home/lee/workspace/ros2_ex_mav/install/mav/share/mav/cmake/mavConfig.cmake\n'}
[0.661960] (mav) StdoutLine: {'line': b'-- Up-to-date symlink: /home/lee/workspace/ros2_ex_mav/install/mav/share/mav/cmake/mavConfig-version.cmake\n'}
[0.661978] (mav) StdoutLine: {'line': b'-- Up-to-date symlink: /home/lee/workspace/ros2_ex_mav/install/mav/share/mav/package.xml\n'}
[0.661996] (mav) CommandEnded: {'returncode': 0}
[0.662112] (mav) JobEnded: {'identifier': 'mav', 'rc': 0}
[0.760381] (-) TimerEvent: {}
[0.860570] (-) TimerEvent: {}
[0.960890] (-) TimerEvent: {}
[1.061107] (-) TimerEvent: {}
[1.161293] (-) TimerEvent: {}
[1.261488] (-) TimerEvent: {}
[1.361732] (-) TimerEvent: {}
[1.461953] (-) TimerEvent: {}
[1.562250] (-) TimerEvent: {}
[1.662473] (-) TimerEvent: {}
[1.762697] (-) TimerEvent: {}
[1.829832] (px4_multi_uav) StderrLine: {'line': b'In file included from \x1b[01m\x1b[K/opt/ros/humble/include/rclcpp/rclcpp/logging.hpp:24\x1b[m\x1b[K,\n'}
[1.829945] (px4_multi_uav) StderrLine: {'line': b'                 from \x1b[01m\x1b[K/opt/ros/humble/include/rclcpp/rclcpp/client.hpp:40\x1b[m\x1b[K,\n'}
[1.829970] (px4_multi_uav) StderrLine: {'line': b'                 from \x1b[01m\x1b[K/opt/ros/humble/include/rclcpp/rclcpp/callback_group.hpp:24\x1b[m\x1b[K,\n'}
[1.829990] (px4_multi_uav) StderrLine: {'line': b'                 from \x1b[01m\x1b[K/opt/ros/humble/include/rclcpp/rclcpp/any_executable.hpp:20\x1b[m\x1b[K,\n'}
[1.830011] (px4_multi_uav) StderrLine: {'line': b'                 from \x1b[01m\x1b[K/opt/ros/humble/include/rclcpp/rclcpp/memory_strategy.hpp:25\x1b[m\x1b[K,\n'}
[1.830032] (px4_multi_uav) StderrLine: {'line': b'                 from \x1b[01m\x1b[K/opt/ros/humble/include/rclcpp/rclcpp/memory_strategies.hpp:18\x1b[m\x1b[K,\n'}
[1.830050] (px4_multi_uav) StderrLine: {'line': b'                 from \x1b[01m\x1b[K/opt/ros/humble/include/rclcpp/rclcpp/executor_options.hpp:20\x1b[m\x1b[K,\n'}
[1.830067] (px4_multi_uav) StderrLine: {'line': b'                 from \x1b[01m\x1b[K/opt/ros/humble/include/rclcpp/rclcpp/executor.hpp:37\x1b[m\x1b[K,\n'}
[1.830085] (px4_multi_uav) StderrLine: {'line': b'                 from \x1b[01m\x1b[K/opt/ros/humble/include/rclcpp/rclcpp/executors/multi_threaded_executor.hpp:25\x1b[m\x1b[K,\n'}
[1.830104] (px4_multi_uav) StderrLine: {'line': b'                 from \x1b[01m\x1b[K/opt/ros/humble/include/rclcpp/rclcpp/executors.hpp:21\x1b[m\x1b[K,\n'}
[1.830121] (px4_multi_uav) StderrLine: {'line': b'                 from \x1b[01m\x1b[K/opt/ros/humble/include/rclcpp/rclcpp/rclcpp.hpp:155\x1b[m\x1b[K,\n'}
[1.830139] (px4_multi_uav) StderrLine: {'line': b'                 from \x1b[01m\x1b[K/home/lee/workspace/ros2_ex_mav/src/px4_multi_uav/node/formation.cpp:1\x1b[m\x1b[K:\n'}
[1.830158] (px4_multi_uav) StderrLine: {'line': b'\x1b[01m\x1b[K/home/lee/workspace/ros2_ex_mav/src/px4_multi_uav/node/formation.cpp:\x1b[m\x1b[K In member function \xe2\x80\x98\x1b[01m\x1b[Kvoid Formation_Node::formation()\x1b[m\x1b[K\xe2\x80\x99:\n'}
[1.830177] (px4_multi_uav) StderrLine: {'line': b'\x1b[01m\x1b[K/home/lee/workspace/ros2_ex_mav/src/px4_multi_uav/node/formation.cpp:161:88:\x1b[m\x1b[K \x1b[01;31m\x1b[Kerror: \x1b[m\x1b[K\xe2\x80\x98\x1b[01m\x1b[Kmav1_vel_d\x1b[m\x1b[K\xe2\x80\x99 was not declared in this scope; did you mean \xe2\x80\x98\x1b[01m\x1b[Kmav1_vel_xd\x1b[m\x1b[K\xe2\x80\x99?\n'}
[1.830197] (px4_multi_uav) StderrLine: {'line': b'  161 |         RCLCPP_INFO(this->get_logger(), "v cmd,MAV1: %f,MAV2: %f,MAV3: %f,MAV4: %f \\n",\x1b[01;31m\x1b[Kmav1_vel_d\x1b[m\x1b[K ,mav2_vel_d,mav3_vel_d,mav4_vel_d);\n'}
[1.830215] (px4_multi_uav) StderrLine: {'line': b'      |                                                                                        \x1b[01;31m\x1b[K^~~~~~~~~~\x1b[m\x1b[K\n'}
[1.832055] (px4_multi_uav) StderrLine: {'line': b'\x1b[01m\x1b[K/home/lee/workspace/ros2_ex_mav/src/px4_multi_uav/node/formation.cpp:161:100:\x1b[m\x1b[K \x1b[01;31m\x1b[Kerror: \x1b[m\x1b[K\xe2\x80\x98\x1b[01m\x1b[Kmav2_vel_d\x1b[m\x1b[K\xe2\x80\x99 was not declared in this scope; did you mean \xe2\x80\x98\x1b[01m\x1b[Kmav2_vel_xd\x1b[m\x1b[K\xe2\x80\x99?\n'}
[1.832094] (px4_multi_uav) StderrLine: {'line': b'  161 |         RCLCPP_INFO(this->get_logger(), "v cmd,MAV1: %f,MAV2: %f,MAV3: %f,MAV4: %f \\n",mav1_vel_d ,\x1b[01;31m\x1b[Kmav2_vel_d\x1b[m\x1b[K,mav3_vel_d,mav4_vel_d);\n'}
[1.832114] (px4_multi_uav) StderrLine: {'line': b'      |                                                                                                    \x1b[01;31m\x1b[K^~~~~~~~~~\x1b[m\x1b[K\n'}
[1.834283] (px4_multi_uav) StderrLine: {'line': b'\x1b[01m\x1b[K/home/lee/workspace/ros2_ex_mav/src/px4_multi_uav/node/formation.cpp:161:111:\x1b[m\x1b[K \x1b[01;31m\x1b[Kerror: \x1b[m\x1b[K\xe2\x80\x98\x1b[01m\x1b[Kmav3_vel_d\x1b[m\x1b[K\xe2\x80\x99 was not declared in this scope; did you mean \xe2\x80\x98\x1b[01m\x1b[Kmav3_vel_xd\x1b[m\x1b[K\xe2\x80\x99?\n'}
[1.834329] (px4_multi_uav) StderrLine: {'line': b'  161 |         RCLCPP_INFO(this->get_logger(), "v cmd,MAV1: %f,MAV2: %f,MAV3: %f,MAV4: %f \\n",mav1_vel_d ,mav2_vel_d,\x1b[01;31m\x1b[Kmav3_vel_d\x1b[m\x1b[K,mav4_vel_d);\n'}
[1.834354] (px4_multi_uav) StderrLine: {'line': b'      |                                                                                                               \x1b[01;31m\x1b[K^~~~~~~~~~\x1b[m\x1b[K\n'}
[1.836378] (px4_multi_uav) StderrLine: {'line': b'\x1b[01m\x1b[K/home/lee/workspace/ros2_ex_mav/src/px4_multi_uav/node/formation.cpp:161:122:\x1b[m\x1b[K \x1b[01;31m\x1b[Kerror: \x1b[m\x1b[K\xe2\x80\x98\x1b[01m\x1b[Kmav4_vel_d\x1b[m\x1b[K\xe2\x80\x99 was not declared in this scope; did you mean \xe2\x80\x98\x1b[01m\x1b[Kmav4_vel_xd\x1b[m\x1b[K\xe2\x80\x99?\n'}
[1.836438] (px4_multi_uav) StderrLine: {'line': b'  161 |         RCLCPP_INFO(this->get_logger(), "v cmd,MAV1: %f,MAV2: %f,MAV3: %f,MAV4: %f \\n",mav1_vel_d ,mav2_vel_d,mav3_vel_d,\x1b[01;31m\x1b[Kmav4_vel_d\x1b[m\x1b[K);\n'}
[1.836456] (px4_multi_uav) StderrLine: {'line': b'      |                                                                                                                          \x1b[01;31m\x1b[K^~~~~~~~~~\x1b[m\x1b[K\n'}
[1.862802] (-) TimerEvent: {}
[1.963078] (-) TimerEvent: {}
[2.063490] (-) TimerEvent: {}
[2.163783] (-) TimerEvent: {}
[2.264003] (-) TimerEvent: {}
[2.364222] (-) TimerEvent: {}
[2.464432] (-) TimerEvent: {}
[2.564633] (-) TimerEvent: {}
[2.664841] (-) TimerEvent: {}
[2.765137] (-) TimerEvent: {}
[2.865427] (-) TimerEvent: {}
[2.965637] (-) TimerEvent: {}
[3.065934] (-) TimerEvent: {}
[3.166195] (-) TimerEvent: {}
[3.266538] (-) TimerEvent: {}
[3.336276] (px4_multi_uav) StderrLine: {'line': b'gmake[2]: *** [CMakeFiles/formation.dir/build.make:76: CMakeFiles/formation.dir/node/formation.cpp.o] Error 1\n'}
[3.336540] (px4_multi_uav) StderrLine: {'line': b'gmake[1]: *** [CMakeFiles/Makefile2:149: CMakeFiles/formation.dir/all] Error 2\n'}
[3.336593] (px4_multi_uav) StderrLine: {'line': b'gmake[1]: *** Waiting for unfinished jobs....\n'}
[3.366705] (-) TimerEvent: {}
[3.466996] (-) TimerEvent: {}
[3.567271] (-) TimerEvent: {}
[3.667579] (-) TimerEvent: {}
[3.767785] (-) TimerEvent: {}
[3.867990] (-) TimerEvent: {}
[3.968196] (-) TimerEvent: {}
[4.068377] (-) TimerEvent: {}
[4.168554] (-) TimerEvent: {}
[4.268729] (-) TimerEvent: {}
[4.368910] (-) TimerEvent: {}
[4.469094] (-) TimerEvent: {}
[4.569280] (-) TimerEvent: {}
[4.669507] (-) TimerEvent: {}
[4.769692] (-) TimerEvent: {}
[4.869883] (-) TimerEvent: {}
[4.970107] (-) TimerEvent: {}
[5.070465] (-) TimerEvent: {}
[5.170666] (-) TimerEvent: {}
[5.270870] (-) TimerEvent: {}
[5.371149] (-) TimerEvent: {}
[5.471442] (-) TimerEvent: {}
[5.571626] (-) TimerEvent: {}
[5.671814] (-) TimerEvent: {}
[5.771995] (-) TimerEvent: {}
[5.872297] (-) TimerEvent: {}
[5.972490] (-) TimerEvent: {}
[6.072770] (-) TimerEvent: {}
[6.172964] (-) TimerEvent: {}
[6.273280] (-) TimerEvent: {}
[6.373605] (-) TimerEvent: {}
[6.473803] (-) TimerEvent: {}
[6.574106] (-) TimerEvent: {}
[6.674460] (-) TimerEvent: {}
[6.774663] (-) TimerEvent: {}
[6.874843] (-) TimerEvent: {}
[6.975024] (-) TimerEvent: {}
[7.075212] (-) TimerEvent: {}
[7.175424] (-) TimerEvent: {}
[7.274528] (px4_multi_uav) StdoutLine: {'line': b'[ 93%] \x1b[32m\x1b[1mLinking CXX executable leader\x1b[0m\n'}
[7.275474] (-) TimerEvent: {}
[7.375616] (-) TimerEvent: {}
[7.393066] (px4_multi_uav) StdoutLine: {'line': b'[ 93%] Built target leader\n'}
[7.393861] (px4_multi_uav) StderrLine: {'line': b'gmake: *** [Makefile:146: all] Error 2\n'}
[7.394963] (px4_multi_uav) CommandEnded: {'returncode': 2}
[7.397947] (px4_multi_uav) JobEnded: {'identifier': 'px4_multi_uav', 'rc': 2}
[7.408116] (-) EventReactorShutdown: {}
