[0.000000] (-) TimerEvent: {}
[0.000258] (px4_msgs) JobQueued: {'identifier': 'px4_msgs', 'dependencies': OrderedDict()}
[0.000376] (mav) JobQueued: {'identifier': 'mav', 'dependencies': OrderedDict([('px4_msgs', '/home/lee/workspace/ros2_ex_mav/install/px4_msgs')])}
[0.000455] (px4_multi_uav) JobQueued: {'identifier': 'px4_multi_uav', 'dependencies': OrderedDict([('px4_msgs', '/home/lee/workspace/ros2_ex_mav/install/px4_msgs')])}
[0.000508] (px4_msgs) JobStarted: {'identifier': 'px4_msgs'}
[0.004802] (px4_msgs) JobProgress: {'identifier': 'px4_msgs', 'progress': 'cmake'}
[0.005185] (px4_msgs) JobProgress: {'identifier': 'px4_msgs', 'progress': 'build'}
[0.005735] (px4_msgs) Command: {'cmd': ['/usr/bin/cmake', '--build', '/home/lee/workspace/ros2_ex_mav/build/px4_msgs', '--', '-j32', '-l32'], 'cwd': '/home/lee/workspace/ros2_ex_mav/build/px4_msgs', 'env': OrderedDict([('GZ_SIM_SYSTEM_PLUGIN_PATH', ':/home/lee/gazebo_maritime_ws/install/lib:/home/lee/workspace/gz_sim_modle/gazebo_joint_plugin/build:/home/lee/PX4-Autopilot/Tools/sitl_gazebo/build/px4_sitl_default/build_gz'), ('USER', 'lee'), ('LC_TIME', 'lzh_TW'), ('GZ_SIM_RESOURCE_PATH', ':/home/lee/PX4-Autopilot/Tools/sitl_gazebo/models:/home/lee/workspace/gz_sim_modle:/usr/share/gz/gz-sim8/worlds:/home/lee/PX4-Autopilot/Tools/simulation/gz/worlds:/home/lee/PX4-Autopilot/Tools/sitl_gazebo/models:/home/lee/PX4-Autopilot/Tools/simulation/gz/models'), ('XDG_SESSION_TYPE', 'x11'), ('SHLVL', '1'), ('LD_LIBRARY_PATH', '/home/lee/workspace/ros2_ex_mav/install/px4_msgs/lib:/home/lee/workspace/ros2_ex/install/px4_msgs/lib:/opt/ros/humble/opt/rviz_ogre_vendor/lib:/opt/ros/humble/lib/x86_64-linux-gnu:/opt/ros/humble/lib:/home/lee/gazebo_maritime_ws/install/lib'), ('HOME', '/home/lee'), ('OLDPWD', '/home/lee'), ('LESS', '-R'), ('DESKTOP_SESSION', 'ubuntu'), ('ZSH', '/home/lee/.oh-my-zsh'), ('LSCOLORS', 'Gxfxcxdxbxegedabagacad'), ('GTK_MODULES', 'gail:atk-bridge'), ('GNOME_SHELL_SESSION_MODE', 'ubuntu'), ('PAGER', 'less'), ('ROS_PYTHON_VERSION', '3'), ('MANAGERPID', '1906'), ('LC_MONETARY', 'lzh_TW'), ('SYSTEMD_EXEC_PID', '2299'), ('DBUS_SESSION_BUS_ADDRESS', 'unix:path=/run/user/1000/bus'), ('P9K_TTY', 'old'), ('GIO_LAUNCHED_DESKTOP_FILE_PID', '22104'), ('COLORTERM', 'truecolor'), ('TERMINATOR_DBUS_NAME', 'net.tenshu.Terminator23558193cd9818af7fe4d2c2f5bd9d00f'), ('_colcon_cd_root', '/opt/ros/humble/'), ('ROS_DISTRO', 'humble'), ('COLCON_PREFIX_PATH', '/home/lee/workspace/ros2_ex_mav/install:/home/lee/workspace/ros2_ex/install'), ('GTK_IM_MODULE', 'ibus'), ('LOGNAME', 'lee'), ('JOURNAL_STREAM', '8:20942'), ('_P9K_SSH_TTY', '/dev/pts/10'), ('_', '/usr/bin/colcon'), ('XDG_SESSION_CLASS', 'user'), ('ROS_VERSION', '2'), ('TERM', 'xterm-256color'), ('USERNAME', 'lee'), ('GAZEBO_MODEL_PATH', '/home/lee/PX4-Autopilot/Tools/simulation/gz/models'), ('GNOME_DESKTOP_SESSION_ID', 'this-is-deprecated'), ('ROS_LOCALHOST_ONLY', '0'), ('WINDOWPATH', '2'), ('PATH', '/opt/ros/humble/bin:/usr/local/MATLAB/R2024b/bin/:/home/lee/.local/bin:/usr/local/sbin:/usr/local/bin:/usr/sbin:/usr/bin:/sbin:/bin:/usr/games:/usr/local/games:/snap/bin:/snap/bin'), ('SESSION_MANAGER', 'local/lee-System-Product-Name:@/tmp/.ICE-unix/2136,unix/lee-System-Product-Name:/tmp/.ICE-unix/2136'), ('INVOCATION_ID', 'cd208e3c12a34c228f9f8a38a5c838eb'), ('XDG_MENU_PREFIX', 'gnome-'), ('XDG_RUNTIME_DIR', '/run/user/1000'), ('LC_ADDRESS', 'lzh_TW'), ('DISPLAY', ':1'), ('LANG', 'en_US.UTF-8'), ('XDG_CURRENT_DESKTOP', 'ubuntu:GNOME'), ('IBUS_DISABLE_SNOOPER', '1'), ('LC_TELEPHONE', 'lzh_TW'), ('TERMINATOR_DBUS_PATH', '/net/tenshu/Terminator2'), ('GZ_TRANSPORT_VERSION', '12'), ('XDG_SESSION_DESKTOP', 'ubuntu'), ('XMODIFIERS', '@im=ibus'), ('XAUTHORITY', '/run/user/1000/gdm/Xauthority'), ('LS_COLORS', 'rs=0:di=01;34:ln=01;36:mh=00:pi=40;33:so=01;35:do=01;35:bd=40;33;01:cd=40;33;01:or=40;31;01:mi=00:su=37;41:sg=30;43:ca=30;41:tw=30;42:ow=34;42:st=37;44:ex=01;32:*.tar=01;31:*.tgz=01;31:*.arc=01;31:*.arj=01;31:*.taz=01;31:*.lha=01;31:*.lz4=01;31:*.lzh=01;31:*.lzma=01;31:*.tlz=01;31:*.txz=01;31:*.tzo=01;31:*.t7z=01;31:*.zip=01;31:*.z=01;31:*.dz=01;31:*.gz=01;31:*.lrz=01;31:*.lz=01;31:*.lzo=01;31:*.xz=01;31:*.zst=01;31:*.tzst=01;31:*.bz2=01;31:*.bz=01;31:*.tbz=01;31:*.tbz2=01;31:*.tz=01;31:*.deb=01;31:*.rpm=01;31:*.jar=01;31:*.war=01;31:*.ear=01;31:*.sar=01;31:*.rar=01;31:*.alz=01;31:*.ace=01;31:*.zoo=01;31:*.cpio=01;31:*.7z=01;31:*.rz=01;31:*.cab=01;31:*.wim=01;31:*.swm=01;31:*.dwm=01;31:*.esd=01;31:*.jpg=01;35:*.jpeg=01;35:*.mjpg=01;35:*.mjpeg=01;35:*.gif=01;35:*.bmp=01;35:*.pbm=01;35:*.pgm=01;35:*.ppm=01;35:*.tga=01;35:*.xbm=01;35:*.xpm=01;35:*.tif=01;35:*.tiff=01;35:*.png=01;35:*.svg=01;35:*.svgz=01;35:*.mng=01;35:*.pcx=01;35:*.mov=01;35:*.mpg=01;35:*.mpeg=01;35:*.m2v=01;35:*.mkv=01;35:*.webm=01;35:*.webp=01;35:*.ogm=01;35:*.mp4=01;35:*.m4v=01;35:*.mp4v=01;35:*.vob=01;35:*.qt=01;35:*.nuv=01;35:*.wmv=01;35:*.asf=01;35:*.rm=01;35:*.rmvb=01;35:*.flc=01;35:*.avi=01;35:*.fli=01;35:*.flv=01;35:*.gl=01;35:*.dl=01;35:*.xcf=01;35:*.xwd=01;35:*.yuv=01;35:*.cgm=01;35:*.emf=01;35:*.ogv=01;35:*.ogx=01;35:*.aac=00;36:*.au=00;36:*.flac=00;36:*.m4a=00;36:*.mid=00;36:*.midi=00;36:*.mka=00;36:*.mp3=00;36:*.mpc=00;36:*.ogg=00;36:*.ra=00;36:*.wav=00;36:*.oga=00;36:*.opus=00;36:*.spx=00;36:*.xspf=00;36:'), ('SSH_AUTH_SOCK', '/run/user/1000/keyring/ssh'), ('SSH_AGENT_LAUNCHER', 'gnome-keyring'), ('AMENT_PREFIX_PATH', '/home/lee/workspace/ros2_ex_mav/install/px4_multi_uav:/home/lee/workspace/ros2_ex_mav/install/mav:/home/lee/workspace/ros2_ex_mav/install/px4_msgs:/home/lee/workspace/ros2_ex/install/mav:/home/lee/workspace/ros2_ex/install/ground:/home/lee/workspace/ros2_ex/install/MAV:/home/lee/workspace/ros2_ex/install/px4_msgs:/opt/ros/humble'), ('TERMINATOR_UUID', 'urn:uuid:d1338618-454e-415d-a7f1-4a6142cb5d95'), ('SHELL', '/usr/bin/zsh'), ('LC_NAME', 'lzh_TW'), ('QT_ACCESSIBILITY', '1'), ('GDMSESSION', 'ubuntu'), ('GZ_SIM_MODEL_PATH', '/home/lee/PX4-Autopilot/Tools/simulation/gz/models'), ('LC_MEASUREMENT', 'lzh_TW'), ('LC_IDENTIFICATION', 'lzh_TW'), ('GPG_AGENT_INFO', '/run/user/1000/gnupg/S.gpg-agent:0:1'), ('P9K_SSH', '0'), ('QT_IM_MODULE', 'ibus'), ('LC_ALL', 'en_US.UTF-8'), ('PWD', '/home/lee/workspace/ros2_ex_mav/build/px4_msgs'), ('XDG_DATA_DIRS', '/usr/share/ubuntu:/usr/share/gnome:/usr/local/share/:/usr/share/:/var/lib/snapd/desktop'), ('XDG_CONFIG_DIRS', '/etc/xdg/xdg-ubuntu:/etc/xdg'), ('GAZEBO_PLUGIN_PATH', ':/home/lee/PX4-Autopilot/build/px4_sitl_default/src/lib'), ('_P9K_TTY', '/dev/pts/10'), ('LC_NUMERIC', 'lzh_TW'), ('PYTHONPATH', '/home/lee/workspace/ros2_ex_mav/install/px4_msgs/local/lib/python3.10/dist-packages:/home/lee/workspace/ros2_ex/install/px4_msgs/local/lib/python3.10/dist-packages:/opt/ros/humble/lib/python3.10/site-packages:/opt/ros/humble/local/lib/python3.10/dist-packages'), ('LC_PAPER', 'lzh_TW'), ('COLCON', '1'), ('VTE_VERSION', '6800'), ('CMAKE_PREFIX_PATH', '/home/lee/workspace/ros2_ex_mav/install/px4_multi_uav:/home/lee/workspace/ros2_ex_mav/install/mav:/home/lee/workspace/ros2_ex_mav/install/px4_msgs:/home/lee/workspace/ros2_ex/install/mav:/home/lee/workspace/ros2_ex/install/ground:/home/lee/workspace/ros2_ex/install/MAV4:/home/lee/workspace/ros2_ex/install/MAV3:/home/lee/workspace/ros2_ex/install/MAV2:/home/lee/workspace/ros2_ex/install/MAV1:/home/lee/workspace/ros2_ex/install/MAV:/home/lee/workspace/ros2_ex/install/px4_msgs:/opt/ros/humble')]), 'shell': False}
[0.099908] (-) TimerEvent: {}
[0.185195] (px4_msgs) StdoutLine: {'line': b'[  0%] Built target ament_cmake_python_symlink_px4_msgs\n'}
[0.196146] (px4_msgs) StdoutLine: {'line': b'[  0%] Built target px4_msgs__cpp\n'}
[0.199969] (-) TimerEvent: {}
[0.215817] (px4_msgs) StdoutLine: {'line': b'[ 12%] Built target px4_msgs__rosidl_generator_c\n'}
[0.243515] (px4_msgs) StdoutLine: {'line': b'[ 24%] Built target px4_msgs__rosidl_typesupport_cpp\n'}
[0.248173] (px4_msgs) StdoutLine: {'line': b'[ 37%] Built target px4_msgs__rosidl_typesupport_c\n'}
[0.260713] (px4_msgs) StdoutLine: {'line': b'[ 50%] Built target px4_msgs__rosidl_typesupport_introspection_c\n'}
[0.260875] (px4_msgs) StdoutLine: {'line': b'[ 63%] Built target px4_msgs__rosidl_typesupport_introspection_cpp\n'}
[0.269443] (px4_msgs) StdoutLine: {'line': b'[ 75%] Built target px4_msgs__rosidl_typesupport_fastrtps_cpp\n'}
[0.282583] (px4_msgs) StdoutLine: {'line': b'[ 88%] Built target px4_msgs__rosidl_typesupport_fastrtps_c\n'}
[0.283760] (px4_msgs) StdoutLine: {'line': b'running egg_info\n'}
[0.290003] (px4_msgs) StdoutLine: {'line': b'writing px4_msgs.egg-info/PKG-INFO\n'}
[0.290175] (px4_msgs) StdoutLine: {'line': b'writing dependency_links to px4_msgs.egg-info/dependency_links.txt\n'}
[0.290360] (px4_msgs) StdoutLine: {'line': b'writing top-level names to px4_msgs.egg-info/top_level.txt\n'}
[0.294603] (px4_msgs) StdoutLine: {'line': b'[ 88%] Built target px4_msgs\n'}
[0.300032] (-) TimerEvent: {}
[0.309070] (px4_msgs) StdoutLine: {'line': b"reading manifest file 'px4_msgs.egg-info/SOURCES.txt'\n"}
[0.310577] (px4_msgs) StdoutLine: {'line': b"writing manifest file 'px4_msgs.egg-info/SOURCES.txt'\n"}
[0.311542] (px4_msgs) StdoutLine: {'line': b'[ 88%] Built target px4_msgs__py\n'}
[0.324729] (px4_msgs) StdoutLine: {'line': b'[ 88%] Built target ament_cmake_python_build_px4_msgs_egg\n'}
[0.360445] (px4_msgs) StdoutLine: {'line': b'[100%] Built target px4_msgs__rosidl_generator_py\n'}
[0.375760] (px4_msgs) StdoutLine: {'line': b'[100%] Built target px4_msgs__rosidl_typesupport_introspection_c__pyext\n'}
[0.376668] (px4_msgs) StdoutLine: {'line': b'[100%] Built target px4_msgs__rosidl_typesupport_c__pyext\n'}
[0.376738] (px4_msgs) StdoutLine: {'line': b'[100%] Built target px4_msgs__rosidl_typesupport_fastrtps_c__pyext\n'}
[0.384181] (px4_msgs) CommandEnded: {'returncode': 0}
[0.384638] (px4_msgs) JobProgress: {'identifier': 'px4_msgs', 'progress': 'install'}
[0.388689] (px4_msgs) Command: {'cmd': ['/usr/bin/cmake', '--install', '/home/lee/workspace/ros2_ex_mav/build/px4_msgs'], 'cwd': '/home/lee/workspace/ros2_ex_mav/build/px4_msgs', 'env': OrderedDict([('GZ_SIM_SYSTEM_PLUGIN_PATH', ':/home/lee/gazebo_maritime_ws/install/lib:/home/lee/workspace/gz_sim_modle/gazebo_joint_plugin/build:/home/lee/PX4-Autopilot/Tools/sitl_gazebo/build/px4_sitl_default/build_gz'), ('USER', 'lee'), ('LC_TIME', 'lzh_TW'), ('GZ_SIM_RESOURCE_PATH', ':/home/lee/PX4-Autopilot/Tools/sitl_gazebo/models:/home/lee/workspace/gz_sim_modle:/usr/share/gz/gz-sim8/worlds:/home/lee/PX4-Autopilot/Tools/simulation/gz/worlds:/home/lee/PX4-Autopilot/Tools/sitl_gazebo/models:/home/lee/PX4-Autopilot/Tools/simulation/gz/models'), ('XDG_SESSION_TYPE', 'x11'), ('SHLVL', '1'), ('LD_LIBRARY_PATH', '/home/lee/workspace/ros2_ex_mav/install/px4_msgs/lib:/home/lee/workspace/ros2_ex/install/px4_msgs/lib:/opt/ros/humble/opt/rviz_ogre_vendor/lib:/opt/ros/humble/lib/x86_64-linux-gnu:/opt/ros/humble/lib:/home/lee/gazebo_maritime_ws/install/lib'), ('HOME', '/home/lee'), ('OLDPWD', '/home/lee'), ('LESS', '-R'), ('DESKTOP_SESSION', 'ubuntu'), ('ZSH', '/home/lee/.oh-my-zsh'), ('LSCOLORS', 'Gxfxcxdxbxegedabagacad'), ('GTK_MODULES', 'gail:atk-bridge'), ('GNOME_SHELL_SESSION_MODE', 'ubuntu'), ('PAGER', 'less'), ('ROS_PYTHON_VERSION', '3'), ('MANAGERPID', '1906'), ('LC_MONETARY', 'lzh_TW'), ('SYSTEMD_EXEC_PID', '2299'), ('DBUS_SESSION_BUS_ADDRESS', 'unix:path=/run/user/1000/bus'), ('P9K_TTY', 'old'), ('GIO_LAUNCHED_DESKTOP_FILE_PID', '22104'), ('COLORTERM', 'truecolor'), ('TERMINATOR_DBUS_NAME', 'net.tenshu.Terminator23558193cd9818af7fe4d2c2f5bd9d00f'), ('_colcon_cd_root', '/opt/ros/humble/'), ('ROS_DISTRO', 'humble'), ('COLCON_PREFIX_PATH', '/home/lee/workspace/ros2_ex_mav/install:/home/lee/workspace/ros2_ex/install'), ('GTK_IM_MODULE', 'ibus'), ('LOGNAME', 'lee'), ('JOURNAL_STREAM', '8:20942'), ('_P9K_SSH_TTY', '/dev/pts/10'), ('_', '/usr/bin/colcon'), ('XDG_SESSION_CLASS', 'user'), ('ROS_VERSION', '2'), ('TERM', 'xterm-256color'), ('USERNAME', 'lee'), ('GAZEBO_MODEL_PATH', '/home/lee/PX4-Autopilot/Tools/simulation/gz/models'), ('GNOME_DESKTOP_SESSION_ID', 'this-is-deprecated'), ('ROS_LOCALHOST_ONLY', '0'), ('WINDOWPATH', '2'), ('PATH', '/opt/ros/humble/bin:/usr/local/MATLAB/R2024b/bin/:/home/lee/.local/bin:/usr/local/sbin:/usr/local/bin:/usr/sbin:/usr/bin:/sbin:/bin:/usr/games:/usr/local/games:/snap/bin:/snap/bin'), ('SESSION_MANAGER', 'local/lee-System-Product-Name:@/tmp/.ICE-unix/2136,unix/lee-System-Product-Name:/tmp/.ICE-unix/2136'), ('INVOCATION_ID', 'cd208e3c12a34c228f9f8a38a5c838eb'), ('XDG_MENU_PREFIX', 'gnome-'), ('XDG_RUNTIME_DIR', '/run/user/1000'), ('LC_ADDRESS', 'lzh_TW'), ('DISPLAY', ':1'), ('LANG', 'en_US.UTF-8'), ('XDG_CURRENT_DESKTOP', 'ubuntu:GNOME'), ('IBUS_DISABLE_SNOOPER', '1'), ('LC_TELEPHONE', 'lzh_TW'), ('TERMINATOR_DBUS_PATH', '/net/tenshu/Terminator2'), ('GZ_TRANSPORT_VERSION', '12'), ('XDG_SESSION_DESKTOP', 'ubuntu'), ('XMODIFIERS', '@im=ibus'), ('XAUTHORITY', '/run/user/1000/gdm/Xauthority'), ('LS_COLORS', 'rs=0:di=01;34:ln=01;36:mh=00:pi=40;33:so=01;35:do=01;35:bd=40;33;01:cd=40;33;01:or=40;31;01:mi=00:su=37;41:sg=30;43:ca=30;41:tw=30;42:ow=34;42:st=37;44:ex=01;32:*.tar=01;31:*.tgz=01;31:*.arc=01;31:*.arj=01;31:*.taz=01;31:*.lha=01;31:*.lz4=01;31:*.lzh=01;31:*.lzma=01;31:*.tlz=01;31:*.txz=01;31:*.tzo=01;31:*.t7z=01;31:*.zip=01;31:*.z=01;31:*.dz=01;31:*.gz=01;31:*.lrz=01;31:*.lz=01;31:*.lzo=01;31:*.xz=01;31:*.zst=01;31:*.tzst=01;31:*.bz2=01;31:*.bz=01;31:*.tbz=01;31:*.tbz2=01;31:*.tz=01;31:*.deb=01;31:*.rpm=01;31:*.jar=01;31:*.war=01;31:*.ear=01;31:*.sar=01;31:*.rar=01;31:*.alz=01;31:*.ace=01;31:*.zoo=01;31:*.cpio=01;31:*.7z=01;31:*.rz=01;31:*.cab=01;31:*.wim=01;31:*.swm=01;31:*.dwm=01;31:*.esd=01;31:*.jpg=01;35:*.jpeg=01;35:*.mjpg=01;35:*.mjpeg=01;35:*.gif=01;35:*.bmp=01;35:*.pbm=01;35:*.pgm=01;35:*.ppm=01;35:*.tga=01;35:*.xbm=01;35:*.xpm=01;35:*.tif=01;35:*.tiff=01;35:*.png=01;35:*.svg=01;35:*.svgz=01;35:*.mng=01;35:*.pcx=01;35:*.mov=01;35:*.mpg=01;35:*.mpeg=01;35:*.m2v=01;35:*.mkv=01;35:*.webm=01;35:*.webp=01;35:*.ogm=01;35:*.mp4=01;35:*.m4v=01;35:*.mp4v=01;35:*.vob=01;35:*.qt=01;35:*.nuv=01;35:*.wmv=01;35:*.asf=01;35:*.rm=01;35:*.rmvb=01;35:*.flc=01;35:*.avi=01;35:*.fli=01;35:*.flv=01;35:*.gl=01;35:*.dl=01;35:*.xcf=01;35:*.xwd=01;35:*.yuv=01;35:*.cgm=01;35:*.emf=01;35:*.ogv=01;35:*.ogx=01;35:*.aac=00;36:*.au=00;36:*.flac=00;36:*.m4a=00;36:*.mid=00;36:*.midi=00;36:*.mka=00;36:*.mp3=00;36:*.mpc=00;36:*.ogg=00;36:*.ra=00;36:*.wav=00;36:*.oga=00;36:*.opus=00;36:*.spx=00;36:*.xspf=00;36:'), ('SSH_AUTH_SOCK', '/run/user/1000/keyring/ssh'), ('SSH_AGENT_LAUNCHER', 'gnome-keyring'), ('AMENT_PREFIX_PATH', '/home/lee/workspace/ros2_ex_mav/install/px4_multi_uav:/home/lee/workspace/ros2_ex_mav/install/mav:/home/lee/workspace/ros2_ex_mav/install/px4_msgs:/home/lee/workspace/ros2_ex/install/mav:/home/lee/workspace/ros2_ex/install/ground:/home/lee/workspace/ros2_ex/install/MAV:/home/lee/workspace/ros2_ex/install/px4_msgs:/opt/ros/humble'), ('TERMINATOR_UUID', 'urn:uuid:d1338618-454e-415d-a7f1-4a6142cb5d95'), ('SHELL', '/usr/bin/zsh'), ('LC_NAME', 'lzh_TW'), ('QT_ACCESSIBILITY', '1'), ('GDMSESSION', 'ubuntu'), ('GZ_SIM_MODEL_PATH', '/home/lee/PX4-Autopilot/Tools/simulation/gz/models'), ('LC_MEASUREMENT', 'lzh_TW'), ('LC_IDENTIFICATION', 'lzh_TW'), ('GPG_AGENT_INFO', '/run/user/1000/gnupg/S.gpg-agent:0:1'), ('P9K_SSH', '0'), ('QT_IM_MODULE', 'ibus'), ('LC_ALL', 'en_US.UTF-8'), ('PWD', '/home/lee/workspace/ros2_ex_mav/build/px4_msgs'), ('XDG_DATA_DIRS', '/usr/share/ubuntu:/usr/share/gnome:/usr/local/share/:/usr/share/:/var/lib/snapd/desktop'), ('XDG_CONFIG_DIRS', '/etc/xdg/xdg-ubuntu:/etc/xdg'), ('GAZEBO_PLUGIN_PATH', ':/home/lee/PX4-Autopilot/build/px4_sitl_default/src/lib'), ('_P9K_TTY', '/dev/pts/10'), ('LC_NUMERIC', 'lzh_TW'), ('PYTHONPATH', '/home/lee/workspace/ros2_ex_mav/install/px4_msgs/local/lib/python3.10/dist-packages:/home/lee/workspace/ros2_ex/install/px4_msgs/local/lib/python3.10/dist-packages:/opt/ros/humble/lib/python3.10/site-packages:/opt/ros/humble/local/lib/python3.10/dist-packages'), ('LC_PAPER', 'lzh_TW'), ('COLCON', '1'), ('VTE_VERSION', '6800'), ('CMAKE_PREFIX_PATH', '/home/lee/workspace/ros2_ex_mav/install/px4_multi_uav:/home/lee/workspace/ros2_ex_mav/install/mav:/home/lee/workspace/ros2_ex_mav/install/px4_msgs:/home/lee/workspace/ros2_ex/install/mav:/home/lee/workspace/ros2_ex/install/ground:/home/lee/workspace/ros2_ex/install/MAV4:/home/lee/workspace/ros2_ex/install/MAV3:/home/lee/workspace/ros2_ex/install/MAV2:/home/lee/workspace/ros2_ex/install/MAV1:/home/lee/workspace/ros2_ex/install/MAV:/home/lee/workspace/ros2_ex/install/px4_msgs:/opt/ros/humble')]), 'shell': False}
[0.392710] (px4_msgs) StdoutLine: {'line': b'-- Install configuration: "RelWithDebInfo"\n'}
[0.393828] (px4_msgs) StdoutLine: {'line': b'-- Execute custom install script\n'}
[0.393965] (px4_msgs) StdoutLine: {'line': b'-- Up-to-date symlink: /home/lee/workspace/ros2_ex_mav/install/px4_msgs/share/ament_index/resource_index/rosidl_interfaces/px4_msgs\n'}
[0.396736] (px4_msgs) StdoutLine: {'line': b'-- Up-to-date symlink: /home/lee/workspace/ros2_ex_mav/install/px4_msgs/include/px4_msgs/px4_msgs/msg/action_request.h\n'}
[0.396799] (px4_msgs) StdoutLine: {'line': b'-- Up-to-date symlink: /home/lee/workspace/ros2_ex_mav/install/px4_msgs/include/px4_msgs/px4_msgs/msg/actuator_armed.h\n'}
[0.396868] (px4_msgs) StdoutLine: {'line': b'-- Up-to-date symlink: /home/lee/workspace/ros2_ex_mav/install/px4_msgs/include/px4_msgs/px4_msgs/msg/actuator_controls_status.h\n'}
[0.396918] (px4_msgs) StdoutLine: {'line': b'-- Up-to-date symlink: /home/lee/workspace/ros2_ex_mav/install/px4_msgs/include/px4_msgs/px4_msgs/msg/actuator_motors.h\n'}
[0.396979] (px4_msgs) StdoutLine: {'line': b'-- Up-to-date symlink: /home/lee/workspace/ros2_ex_mav/install/px4_msgs/include/px4_msgs/px4_msgs/msg/actuator_outputs.h\n'}
[0.397054] (px4_msgs) StdoutLine: {'line': b'-- Up-to-date symlink: /home/lee/workspace/ros2_ex_mav/install/px4_msgs/include/px4_msgs/px4_msgs/msg/actuator_servos.h\n'}
[0.397110] (px4_msgs) StdoutLine: {'line': b'-- Up-to-date symlink: /home/lee/workspace/ros2_ex_mav/install/px4_msgs/include/px4_msgs/px4_msgs/msg/actuator_servos_trim.h\n'}
[0.397157] (px4_msgs) StdoutLine: {'line': b'-- Up-to-date symlink: /home/lee/workspace/ros2_ex_mav/install/px4_msgs/include/px4_msgs/px4_msgs/msg/actuator_test.h\n'}
[0.397274] (px4_msgs) StdoutLine: {'line': b'-- Up-to-date symlink: /home/lee/workspace/ros2_ex_mav/install/px4_msgs/include/px4_msgs/px4_msgs/msg/adc_report.h\n'}
[0.397349] (px4_msgs) StdoutLine: {'line': b'-- Up-to-date symlink: /home/lee/workspace/ros2_ex_mav/install/px4_msgs/include/px4_msgs/px4_msgs/msg/airspeed.h\n'}
[0.397403] (px4_msgs) StdoutLine: {'line': b'-- Up-to-date symlink: /home/lee/workspace/ros2_ex_mav/install/px4_msgs/include/px4_msgs/px4_msgs/msg/airspeed_validated.h\n'}
[0.397453] (px4_msgs) StdoutLine: {'line': b'-- Up-to-date symlink: /home/lee/workspace/ros2_ex_mav/install/px4_msgs/include/px4_msgs/px4_msgs/msg/airspeed_wind.h\n'}
[0.397501] (px4_msgs) StdoutLine: {'line': b'-- Up-to-date symlink: /home/lee/workspace/ros2_ex_mav/install/px4_msgs/include/px4_msgs/px4_msgs/msg/autotune_attitude_control_status.h\n'}
[0.397549] (px4_msgs) StdoutLine: {'line': b'-- Up-to-date symlink: /home/lee/workspace/ros2_ex_mav/install/px4_msgs/include/px4_msgs/px4_msgs/msg/battery_status.h\n'}
[0.397596] (px4_msgs) StdoutLine: {'line': b'-- Up-to-date symlink: /home/lee/workspace/ros2_ex_mav/install/px4_msgs/include/px4_msgs/px4_msgs/msg/button_event.h\n'}
[0.397684] (px4_msgs) StdoutLine: {'line': b'-- Up-to-date symlink: /home/lee/workspace/ros2_ex_mav/install/px4_msgs/include/px4_msgs/px4_msgs/msg/camera_capture.h\n'}
[0.397733] (px4_msgs) StdoutLine: {'line': b'-- Up-to-date symlink: /home/lee/workspace/ros2_ex_mav/install/px4_msgs/include/px4_msgs/px4_msgs/msg/camera_status.h\n'}
[0.397781] (px4_msgs) StdoutLine: {'line': b'-- Up-to-date symlink: /home/lee/workspace/ros2_ex_mav/install/px4_msgs/include/px4_msgs/px4_msgs/msg/camera_trigger.h\n'}
[0.397828] (px4_msgs) StdoutLine: {'line': b'-- Up-to-date symlink: /home/lee/workspace/ros2_ex_mav/install/px4_msgs/include/px4_msgs/px4_msgs/msg/cellular_status.h\n'}
[0.397875] (px4_msgs) StdoutLine: {'line': b'-- Up-to-date symlink: /home/lee/workspace/ros2_ex_mav/install/px4_msgs/include/px4_msgs/px4_msgs/msg/collision_constraints.h\n'}
[0.397922] (px4_msgs) StdoutLine: {'line': b'-- Up-to-date symlink: /home/lee/workspace/ros2_ex_mav/install/px4_msgs/include/px4_msgs/px4_msgs/msg/collision_report.h\n'}
[0.397995] (px4_msgs) StdoutLine: {'line': b'-- Up-to-date symlink: /home/lee/workspace/ros2_ex_mav/install/px4_msgs/include/px4_msgs/px4_msgs/msg/control_allocator_status.h\n'}
[0.398043] (px4_msgs) StdoutLine: {'line': b'-- Up-to-date symlink: /home/lee/workspace/ros2_ex_mav/install/px4_msgs/include/px4_msgs/px4_msgs/msg/cpuload.h\n'}
[0.398113] (px4_msgs) StdoutLine: {'line': b'-- Up-to-date symlink: /home/lee/workspace/ros2_ex_mav/install/px4_msgs/include/px4_msgs/px4_msgs/msg/debug_array.h\n'}
[0.398160] (px4_msgs) StdoutLine: {'line': b'-- Up-to-date symlink: /home/lee/workspace/ros2_ex_mav/install/px4_msgs/include/px4_msgs/px4_msgs/msg/debug_key_value.h\n'}
[0.398230] (px4_msgs) StdoutLine: {'line': b'-- Up-to-date symlink: /home/lee/workspace/ros2_ex_mav/install/px4_msgs/include/px4_msgs/px4_msgs/msg/debug_value.h\n'}
[0.398287] (px4_msgs) StdoutLine: {'line': b'-- Up-to-date symlink: /home/lee/workspace/ros2_ex_mav/install/px4_msgs/include/px4_msgs/px4_msgs/msg/debug_vect.h\n'}
[0.398335] (px4_msgs) StdoutLine: {'line': b'-- Up-to-date symlink: /home/lee/workspace/ros2_ex_mav/install/px4_msgs/include/px4_msgs/px4_msgs/msg/detail/action_request__functions.h\n'}
[0.398382] (px4_msgs) StdoutLine: {'line': b'-- Up-to-date symlink: /home/lee/workspace/ros2_ex_mav/install/px4_msgs/include/px4_msgs/px4_msgs/msg/detail/action_request__struct.h\n'}
[0.398429] (px4_msgs) StdoutLine: {'line': b'-- Up-to-date symlink: /home/lee/workspace/ros2_ex_mav/install/px4_msgs/include/px4_msgs/px4_msgs/msg/detail/action_request__type_support.h\n'}
[0.398476] (px4_msgs) StdoutLine: {'line': b'-- Up-to-date symlink: /home/lee/workspace/ros2_ex_mav/install/px4_msgs/include/px4_msgs/px4_msgs/msg/detail/actuator_armed__functions.h\n'}
[0.398523] (px4_msgs) StdoutLine: {'line': b'-- Up-to-date symlink: /home/lee/workspace/ros2_ex_mav/install/px4_msgs/include/px4_msgs/px4_msgs/msg/detail/actuator_armed__struct.h\n'}
[0.398569] (px4_msgs) StdoutLine: {'line': b'-- Up-to-date symlink: /home/lee/workspace/ros2_ex_mav/install/px4_msgs/include/px4_msgs/px4_msgs/msg/detail/actuator_armed__type_support.h\n'}
[0.398617] (px4_msgs) StdoutLine: {'line': b'-- Up-to-date symlink: /home/lee/workspace/ros2_ex_mav/install/px4_msgs/include/px4_msgs/px4_msgs/msg/detail/actuator_controls_status__functions.h\n'}
[0.398697] (px4_msgs) StdoutLine: {'line': b'-- Up-to-date symlink: /home/lee/workspace/ros2_ex_mav/install/px4_msgs/include/px4_msgs/px4_msgs/msg/detail/actuator_controls_status__struct.h\n'}
[0.398745] (px4_msgs) StdoutLine: {'line': b'-- Up-to-date symlink: /home/lee/workspace/ros2_ex_mav/install/px4_msgs/include/px4_msgs/px4_msgs/msg/detail/actuator_controls_status__type_support.h\n'}
[0.398794] (px4_msgs) StdoutLine: {'line': b'-- Up-to-date symlink: /home/lee/workspace/ros2_ex_mav/install/px4_msgs/include/px4_msgs/px4_msgs/msg/detail/actuator_motors__functions.h\n'}
[0.398841] (px4_msgs) StdoutLine: {'line': b'-- Up-to-date symlink: /home/lee/workspace/ros2_ex_mav/install/px4_msgs/include/px4_msgs/px4_msgs/msg/detail/actuator_motors__struct.h\n'}
[0.398888] (px4_msgs) StdoutLine: {'line': b'-- Up-to-date symlink: /home/lee/workspace/ros2_ex_mav/install/px4_msgs/include/px4_msgs/px4_msgs/msg/detail/actuator_motors__type_support.h\n'}
[0.398935] (px4_msgs) StdoutLine: {'line': b'-- Up-to-date symlink: /home/lee/workspace/ros2_ex_mav/install/px4_msgs/include/px4_msgs/px4_msgs/msg/detail/actuator_outputs__functions.h\n'}
[0.398982] (px4_msgs) StdoutLine: {'line': b'-- Up-to-date symlink: /home/lee/workspace/ros2_ex_mav/install/px4_msgs/include/px4_msgs/px4_msgs/msg/detail/actuator_outputs__struct.h\n'}
[0.399028] (px4_msgs) StdoutLine: {'line': b'-- Up-to-date symlink: /home/lee/workspace/ros2_ex_mav/install/px4_msgs/include/px4_msgs/px4_msgs/msg/detail/actuator_outputs__type_support.h\n'}
[0.399077] (px4_msgs) StdoutLine: {'line': b'-- Up-to-date symlink: /home/lee/workspace/ros2_ex_mav/install/px4_msgs/include/px4_msgs/px4_msgs/msg/detail/actuator_servos__functions.h\n'}
[0.399126] (px4_msgs) StdoutLine: {'line': b'-- Up-to-date symlink: /home/lee/workspace/ros2_ex_mav/install/px4_msgs/include/px4_msgs/px4_msgs/msg/detail/actuator_servos__struct.h\n'}
[0.399228] (px4_msgs) StdoutLine: {'line': b'-- Up-to-date symlink: /home/lee/workspace/ros2_ex_mav/install/px4_msgs/include/px4_msgs/px4_msgs/msg/detail/actuator_servos__type_support.h\n'}
[0.399297] (px4_msgs) StdoutLine: {'line': b'-- Up-to-date symlink: /home/lee/workspace/ros2_ex_mav/install/px4_msgs/include/px4_msgs/px4_msgs/msg/detail/actuator_servos_trim__functions.h\n'}
[0.399347] (px4_msgs) StdoutLine: {'line': b'-- Up-to-date symlink: /home/lee/workspace/ros2_ex_mav/install/px4_msgs/include/px4_msgs/px4_msgs/msg/detail/actuator_servos_trim__struct.h\n'}
[0.399396] (px4_msgs) StdoutLine: {'line': b'-- Up-to-date symlink: /home/lee/workspace/ros2_ex_mav/install/px4_msgs/include/px4_msgs/px4_msgs/msg/detail/actuator_servos_trim__type_support.h\n'}
[0.399445] (px4_msgs) StdoutLine: {'line': b'-- Up-to-date symlink: /home/lee/workspace/ros2_ex_mav/install/px4_msgs/include/px4_msgs/px4_msgs/msg/detail/actuator_test__functions.h\n'}
[0.399494] (px4_msgs) StdoutLine: {'line': b'-- Up-to-date symlink: /home/lee/workspace/ros2_ex_mav/install/px4_msgs/include/px4_msgs/px4_msgs/msg/detail/actuator_test__struct.h\n'}
[0.399543] (px4_msgs) StdoutLine: {'line': b'-- Up-to-date symlink: /home/lee/workspace/ros2_ex_mav/install/px4_msgs/include/px4_msgs/px4_msgs/msg/detail/actuator_test__type_support.h\n'}
[0.399592] (px4_msgs) StdoutLine: {'line': b'-- Up-to-date symlink: /home/lee/workspace/ros2_ex_mav/install/px4_msgs/include/px4_msgs/px4_msgs/msg/detail/adc_report__functions.h\n'}
[0.399640] (px4_msgs) StdoutLine: {'line': b'-- Up-to-date symlink: /home/lee/workspace/ros2_ex_mav/install/px4_msgs/include/px4_msgs/px4_msgs/msg/detail/adc_report__struct.h\n'}
[0.399823] (px4_msgs) StdoutLine: {'line': b'-- Up-to-date symlink: /home/lee/workspace/ros2_ex_mav/install/px4_msgs/include/px4_msgs/px4_msgs/msg/detail/adc_report__type_support.h\n'}
[0.399873] (px4_msgs) StdoutLine: {'line': b'-- Up-to-date symlink: /home/lee/workspace/ros2_ex_mav/install/px4_msgs/include/px4_msgs/px4_msgs/msg/detail/airspeed__functions.h\n'}
[0.399920] (px4_msgs) StdoutLine: {'line': b'-- Up-to-date symlink: /home/lee/workspace/ros2_ex_mav/install/px4_msgs/include/px4_msgs/px4_msgs/msg/detail/airspeed__struct.h\n'}
[0.399987] (px4_msgs) StdoutLine: {'line': b'-- Up-to-date symlink: /home/lee/workspace/ros2_ex_mav/install/px4_msgs/include/px4_msgs/px4_msgs/msg/detail/airspeed__type_support.h\n'}
[0.400033] (-) TimerEvent: {}
[0.400123] (px4_msgs) StdoutLine: {'line': b'-- Up-to-date symlink: /home/lee/workspace/ros2_ex_mav/install/px4_msgs/include/px4_msgs/px4_msgs/msg/detail/airspeed_validated__functions.h\n'}
[0.400197] (px4_msgs) StdoutLine: {'line': b'-- Up-to-date symlink: /home/lee/workspace/ros2_ex_mav/install/px4_msgs/include/px4_msgs/px4_msgs/msg/detail/airspeed_validated__struct.h\n'}
[0.400270] (px4_msgs) StdoutLine: {'line': b'-- Up-to-date symlink: /home/lee/workspace/ros2_ex_mav/install/px4_msgs/include/px4_msgs/px4_msgs/msg/detail/airspeed_validated__type_support.h\n'}
[0.400318] (px4_msgs) StdoutLine: {'line': b'-- Up-to-date symlink: /home/lee/workspace/ros2_ex_mav/install/px4_msgs/include/px4_msgs/px4_msgs/msg/detail/airspeed_wind__functions.h\n'}
[0.400365] (px4_msgs) StdoutLine: {'line': b'-- Up-to-date symlink: /home/lee/workspace/ros2_ex_mav/install/px4_msgs/include/px4_msgs/px4_msgs/msg/detail/airspeed_wind__struct.h\n'}
[0.400411] (px4_msgs) StdoutLine: {'line': b'-- Up-to-date symlink: /home/lee/workspace/ros2_ex_mav/install/px4_msgs/include/px4_msgs/px4_msgs/msg/detail/airspeed_wind__type_support.h\n'}
[0.400458] (px4_msgs) StdoutLine: {'line': b'-- Up-to-date symlink: /home/lee/workspace/ros2_ex_mav/install/px4_msgs/include/px4_msgs/px4_msgs/msg/detail/autotune_attitude_control_status__functions.h\n'}
[0.400505] (px4_msgs) StdoutLine: {'line': b'-- Up-to-date symlink: /home/lee/workspace/ros2_ex_mav/install/px4_msgs/include/px4_msgs/px4_msgs/msg/detail/autotune_attitude_control_status__struct.h\n'}
[0.400551] (px4_msgs) StdoutLine: {'line': b'-- Up-to-date symlink: /home/lee/workspace/ros2_ex_mav/install/px4_msgs/include/px4_msgs/px4_msgs/msg/detail/autotune_attitude_control_status__type_support.h\n'}
[0.400623] (px4_msgs) StdoutLine: {'line': b'-- Up-to-date symlink: /home/lee/workspace/ros2_ex_mav/install/px4_msgs/include/px4_msgs/px4_msgs/msg/detail/battery_status__functions.h\n'}
[0.400670] (px4_msgs) StdoutLine: {'line': b'-- Up-to-date symlink: /home/lee/workspace/ros2_ex_mav/install/px4_msgs/include/px4_msgs/px4_msgs/msg/detail/battery_status__struct.h\n'}
[0.400716] (px4_msgs) StdoutLine: {'line': b'-- Up-to-date symlink: /home/lee/workspace/ros2_ex_mav/install/px4_msgs/include/px4_msgs/px4_msgs/msg/detail/battery_status__type_support.h\n'}
[0.400762] (px4_msgs) StdoutLine: {'line': b'-- Up-to-date symlink: /home/lee/workspace/ros2_ex_mav/install/px4_msgs/include/px4_msgs/px4_msgs/msg/detail/button_event__functions.h\n'}
[0.400809] (px4_msgs) StdoutLine: {'line': b'-- Up-to-date symlink: /home/lee/workspace/ros2_ex_mav/install/px4_msgs/include/px4_msgs/px4_msgs/msg/detail/button_event__struct.h\n'}
[0.400855] (px4_msgs) StdoutLine: {'line': b'-- Up-to-date symlink: /home/lee/workspace/ros2_ex_mav/install/px4_msgs/include/px4_msgs/px4_msgs/msg/detail/button_event__type_support.h\n'}
[0.400931] (px4_msgs) StdoutLine: {'line': b'-- Up-to-date symlink: /home/lee/workspace/ros2_ex_mav/install/px4_msgs/include/px4_msgs/px4_msgs/msg/detail/camera_capture__functions.h\n'}
[0.400979] (px4_msgs) StdoutLine: {'line': b'-- Up-to-date symlink: /home/lee/workspace/ros2_ex_mav/install/px4_msgs/include/px4_msgs/px4_msgs/msg/detail/camera_capture__struct.h\n'}
[0.401026] (px4_msgs) StdoutLine: {'line': b'-- Up-to-date symlink: /home/lee/workspace/ros2_ex_mav/install/px4_msgs/include/px4_msgs/px4_msgs/msg/detail/camera_capture__type_support.h\n'}
[0.401073] (px4_msgs) StdoutLine: {'line': b'-- Up-to-date symlink: /home/lee/workspace/ros2_ex_mav/install/px4_msgs/include/px4_msgs/px4_msgs/msg/detail/camera_status__functions.h\n'}
[0.401120] (px4_msgs) StdoutLine: {'line': b'-- Up-to-date symlink: /home/lee/workspace/ros2_ex_mav/install/px4_msgs/include/px4_msgs/px4_msgs/msg/detail/camera_status__struct.h\n'}
[0.401169] (px4_msgs) StdoutLine: {'line': b'-- Up-to-date symlink: /home/lee/workspace/ros2_ex_mav/install/px4_msgs/include/px4_msgs/px4_msgs/msg/detail/camera_status__type_support.h\n'}
[0.401248] (px4_msgs) StdoutLine: {'line': b'-- Up-to-date symlink: /home/lee/workspace/ros2_ex_mav/install/px4_msgs/include/px4_msgs/px4_msgs/msg/detail/camera_trigger__functions.h\n'}
[0.401296] (px4_msgs) StdoutLine: {'line': b'-- Up-to-date symlink: /home/lee/workspace/ros2_ex_mav/install/px4_msgs/include/px4_msgs/px4_msgs/msg/detail/camera_trigger__struct.h\n'}
[0.401343] (px4_msgs) StdoutLine: {'line': b'-- Up-to-date symlink: /home/lee/workspace/ros2_ex_mav/install/px4_msgs/include/px4_msgs/px4_msgs/msg/detail/camera_trigger__type_support.h\n'}
[0.401393] (px4_msgs) StdoutLine: {'line': b'-- Up-to-date symlink: /home/lee/workspace/ros2_ex_mav/install/px4_msgs/include/px4_msgs/px4_msgs/msg/detail/cellular_status__functions.h\n'}
[0.401444] (px4_msgs) StdoutLine: {'line': b'-- Up-to-date symlink: /home/lee/workspace/ros2_ex_mav/install/px4_msgs/include/px4_msgs/px4_msgs/msg/detail/cellular_status__struct.h\n'}
[0.401530] (px4_msgs) StdoutLine: {'line': b'-- Up-to-date symlink: /home/lee/workspace/ros2_ex_mav/install/px4_msgs/include/px4_msgs/px4_msgs/msg/detail/cellular_status__type_support.h\n'}
[0.401595] (px4_msgs) StdoutLine: {'line': b'-- Up-to-date symlink: /home/lee/workspace/ros2_ex_mav/install/px4_msgs/include/px4_msgs/px4_msgs/msg/detail/collision_constraints__functions.h\n'}
[0.401643] (px4_msgs) StdoutLine: {'line': b'-- Up-to-date symlink: /home/lee/workspace/ros2_ex_mav/install/px4_msgs/include/px4_msgs/px4_msgs/msg/detail/collision_constraints__struct.h\n'}
[0.401693] (px4_msgs) StdoutLine: {'line': b'-- Up-to-date symlink: /home/lee/workspace/ros2_ex_mav/install/px4_msgs/include/px4_msgs/px4_msgs/msg/detail/collision_constraints__type_support.h\n'}
[0.401761] (px4_msgs) StdoutLine: {'line': b'-- Up-to-date symlink: /home/lee/workspace/ros2_ex_mav/install/px4_msgs/include/px4_msgs/px4_msgs/msg/detail/collision_report__functions.h\n'}
[0.401810] (px4_msgs) StdoutLine: {'line': b'-- Up-to-date symlink: /home/lee/workspace/ros2_ex_mav/install/px4_msgs/include/px4_msgs/px4_msgs/msg/detail/collision_report__struct.h\n'}
[0.401859] (px4_msgs) StdoutLine: {'line': b'-- Up-to-date symlink: /home/lee/workspace/ros2_ex_mav/install/px4_msgs/include/px4_msgs/px4_msgs/msg/detail/collision_report__type_support.h\n'}
[0.401908] (px4_msgs) StdoutLine: {'line': b'-- Up-to-date symlink: /home/lee/workspace/ros2_ex_mav/install/px4_msgs/include/px4_msgs/px4_msgs/msg/detail/control_allocator_status__functions.h\n'}
[0.401957] (px4_msgs) StdoutLine: {'line': b'-- Up-to-date symlink: /home/lee/workspace/ros2_ex_mav/install/px4_msgs/include/px4_msgs/px4_msgs/msg/detail/control_allocator_status__struct.h\n'}
[0.402032] (px4_msgs) StdoutLine: {'line': b'-- Up-to-date symlink: /home/lee/workspace/ros2_ex_mav/install/px4_msgs/include/px4_msgs/px4_msgs/msg/detail/control_allocator_status__type_support.h\n'}
[0.402087] (px4_msgs) StdoutLine: {'line': b'-- Up-to-date symlink: /home/lee/workspace/ros2_ex_mav/install/px4_msgs/include/px4_msgs/px4_msgs/msg/detail/cpuload__functions.h\n'}
[0.402136] (px4_msgs) StdoutLine: {'line': b'-- Up-to-date symlink: /home/lee/workspace/ros2_ex_mav/install/px4_msgs/include/px4_msgs/px4_msgs/msg/detail/cpuload__struct.h\n'}
[0.402208] (px4_msgs) StdoutLine: {'line': b'-- Up-to-date symlink: /home/lee/workspace/ros2_ex_mav/install/px4_msgs/include/px4_msgs/px4_msgs/msg/detail/cpuload__type_support.h\n'}
[0.402270] (px4_msgs) StdoutLine: {'line': b'-- Up-to-date symlink: /home/lee/workspace/ros2_ex_mav/install/px4_msgs/include/px4_msgs/px4_msgs/msg/detail/debug_array__functions.h\n'}
[0.402318] (px4_msgs) StdoutLine: {'line': b'-- Up-to-date symlink: /home/lee/workspace/ros2_ex_mav/install/px4_msgs/include/px4_msgs/px4_msgs/msg/detail/debug_array__struct.h\n'}
[0.402365] (px4_msgs) StdoutLine: {'line': b'-- Up-to-date symlink: /home/lee/workspace/ros2_ex_mav/install/px4_msgs/include/px4_msgs/px4_msgs/msg/detail/debug_array__type_support.h\n'}
[0.402411] (px4_msgs) StdoutLine: {'line': b'-- Up-to-date symlink: /home/lee/workspace/ros2_ex_mav/install/px4_msgs/include/px4_msgs/px4_msgs/msg/detail/debug_key_value__functions.h\n'}
[0.402483] (px4_msgs) StdoutLine: {'line': b'-- Up-to-date symlink: /home/lee/workspace/ros2_ex_mav/install/px4_msgs/include/px4_msgs/px4_msgs/msg/detail/debug_key_value__struct.h\n'}
[0.402533] (px4_msgs) StdoutLine: {'line': b'-- Up-to-date symlink: /home/lee/workspace/ros2_ex_mav/install/px4_msgs/include/px4_msgs/px4_msgs/msg/detail/debug_key_value__type_support.h\n'}
[0.402580] (px4_msgs) StdoutLine: {'line': b'-- Up-to-date symlink: /home/lee/workspace/ros2_ex_mav/install/px4_msgs/include/px4_msgs/px4_msgs/msg/detail/debug_value__functions.h\n'}
[0.402627] (px4_msgs) StdoutLine: {'line': b'-- Up-to-date symlink: /home/lee/workspace/ros2_ex_mav/install/px4_msgs/include/px4_msgs/px4_msgs/msg/detail/debug_value__struct.h\n'}
[0.402674] (px4_msgs) StdoutLine: {'line': b'-- Up-to-date symlink: /home/lee/workspace/ros2_ex_mav/install/px4_msgs/include/px4_msgs/px4_msgs/msg/detail/debug_value__type_support.h\n'}
[0.402720] (px4_msgs) StdoutLine: {'line': b'-- Up-to-date symlink: /home/lee/workspace/ros2_ex_mav/install/px4_msgs/include/px4_msgs/px4_msgs/msg/detail/debug_vect__functions.h\n'}
[0.402767] (px4_msgs) StdoutLine: {'line': b'-- Up-to-date symlink: /home/lee/workspace/ros2_ex_mav/install/px4_msgs/include/px4_msgs/px4_msgs/msg/detail/debug_vect__struct.h\n'}
[0.402813] (px4_msgs) StdoutLine: {'line': b'-- Up-to-date symlink: /home/lee/workspace/ros2_ex_mav/install/px4_msgs/include/px4_msgs/px4_msgs/msg/detail/debug_vect__type_support.h\n'}
[0.402899] (px4_msgs) StdoutLine: {'line': b'-- Up-to-date symlink: /home/lee/workspace/ros2_ex_mav/install/px4_msgs/include/px4_msgs/px4_msgs/msg/detail/differential_pressure__functions.h\n'}
[0.402952] (px4_msgs) StdoutLine: {'line': b'-- Up-to-date symlink: /home/lee/workspace/ros2_ex_mav/install/px4_msgs/include/px4_msgs/px4_msgs/msg/detail/differential_pressure__struct.h\n'}
[0.403000] (px4_msgs) StdoutLine: {'line': b'-- Up-to-date symlink: /home/lee/workspace/ros2_ex_mav/install/px4_msgs/include/px4_msgs/px4_msgs/msg/detail/differential_pressure__type_support.h\n'}
[0.403046] (px4_msgs) StdoutLine: {'line': b'-- Up-to-date symlink: /home/lee/workspace/ros2_ex_mav/install/px4_msgs/include/px4_msgs/px4_msgs/msg/detail/distance_sensor__functions.h\n'}
[0.403094] (px4_msgs) StdoutLine: {'line': b'-- Up-to-date symlink: /home/lee/workspace/ros2_ex_mav/install/px4_msgs/include/px4_msgs/px4_msgs/msg/detail/distance_sensor__struct.h\n'}
[0.403175] (px4_msgs) StdoutLine: {'line': b'-- Up-to-date symlink: /home/lee/workspace/ros2_ex_mav/install/px4_msgs/include/px4_msgs/px4_msgs/msg/detail/distance_sensor__type_support.h\n'}
[0.403241] (px4_msgs) StdoutLine: {'line': b'-- Up-to-date symlink: /home/lee/workspace/ros2_ex_mav/install/px4_msgs/include/px4_msgs/px4_msgs/msg/detail/ekf2_timestamps__functions.h\n'}
[0.403288] (px4_msgs) StdoutLine: {'line': b'-- Up-to-date symlink: /home/lee/workspace/ros2_ex_mav/install/px4_msgs/include/px4_msgs/px4_msgs/msg/detail/ekf2_timestamps__struct.h\n'}
[0.403334] (px4_msgs) StdoutLine: {'line': b'-- Up-to-date symlink: /home/lee/workspace/ros2_ex_mav/install/px4_msgs/include/px4_msgs/px4_msgs/msg/detail/ekf2_timestamps__type_support.h\n'}
[0.403381] (px4_msgs) StdoutLine: {'line': b'-- Up-to-date symlink: /home/lee/workspace/ros2_ex_mav/install/px4_msgs/include/px4_msgs/px4_msgs/msg/detail/esc_report__functions.h\n'}
[0.403428] (px4_msgs) StdoutLine: {'line': b'-- Up-to-date symlink: /home/lee/workspace/ros2_ex_mav/install/px4_msgs/include/px4_msgs/px4_msgs/msg/detail/esc_report__struct.h\n'}
[0.403475] (px4_msgs) StdoutLine: {'line': b'-- Up-to-date symlink: /home/lee/workspace/ros2_ex_mav/install/px4_msgs/include/px4_msgs/px4_msgs/msg/detail/esc_report__type_support.h\n'}
[0.403522] (px4_msgs) StdoutLine: {'line': b'-- Up-to-date symlink: /home/lee/workspace/ros2_ex_mav/install/px4_msgs/include/px4_msgs/px4_msgs/msg/detail/esc_status__functions.h\n'}
[0.403569] (px4_msgs) StdoutLine: {'line': b'-- Up-to-date symlink: /home/lee/workspace/ros2_ex_mav/install/px4_msgs/include/px4_msgs/px4_msgs/msg/detail/esc_status__struct.h\n'}
[0.403617] (px4_msgs) StdoutLine: {'line': b'-- Up-to-date symlink: /home/lee/workspace/ros2_ex_mav/install/px4_msgs/include/px4_msgs/px4_msgs/msg/detail/esc_status__type_support.h\n'}
[0.403667] (px4_msgs) StdoutLine: {'line': b'-- Up-to-date symlink: /home/lee/workspace/ros2_ex_mav/install/px4_msgs/include/px4_msgs/px4_msgs/msg/detail/estimator_aid_source1d__functions.h\n'}
[0.403716] (px4_msgs) StdoutLine: {'line': b'-- Up-to-date symlink: /home/lee/workspace/ros2_ex_mav/install/px4_msgs/include/px4_msgs/px4_msgs/msg/detail/estimator_aid_source1d__struct.h\n'}
[0.403774] (px4_msgs) StdoutLine: {'line': b'-- Up-to-date symlink: /home/lee/workspace/ros2_ex_mav/install/px4_msgs/include/px4_msgs/px4_msgs/msg/detail/estimator_aid_source1d__type_support.h\n'}
[0.403822] (px4_msgs) StdoutLine: {'line': b'-- Up-to-date symlink: /home/lee/workspace/ros2_ex_mav/install/px4_msgs/include/px4_msgs/px4_msgs/msg/detail/estimator_aid_source2d__functions.h\n'}
[0.403870] (px4_msgs) StdoutLine: {'line': b'-- Up-to-date symlink: /home/lee/workspace/ros2_ex_mav/install/px4_msgs/include/px4_msgs/px4_msgs/msg/detail/estimator_aid_source2d__struct.h\n'}
[0.403965] (px4_msgs) StdoutLine: {'line': b'-- Up-to-date symlink: /home/lee/workspace/ros2_ex_mav/install/px4_msgs/include/px4_msgs/px4_msgs/msg/detail/estimator_aid_source2d__type_support.h\n'}
[0.404014] (px4_msgs) StdoutLine: {'line': b'-- Up-to-date symlink: /home/lee/workspace/ros2_ex_mav/install/px4_msgs/include/px4_msgs/px4_msgs/msg/detail/estimator_aid_source3d__functions.h\n'}
[0.404063] (px4_msgs) StdoutLine: {'line': b'-- Up-to-date symlink: /home/lee/workspace/ros2_ex_mav/install/px4_msgs/include/px4_msgs/px4_msgs/msg/detail/estimator_aid_source3d__struct.h\n'}
[0.404139] (px4_msgs) StdoutLine: {'line': b'-- Up-to-date symlink: /home/lee/workspace/ros2_ex_mav/install/px4_msgs/include/px4_msgs/px4_msgs/msg/detail/estimator_aid_source3d__type_support.h\n'}
[0.404206] (px4_msgs) StdoutLine: {'line': b'-- Up-to-date symlink: /home/lee/workspace/ros2_ex_mav/install/px4_msgs/include/px4_msgs/px4_msgs/msg/detail/estimator_bias3d__functions.h\n'}
[0.404261] (px4_msgs) StdoutLine: {'line': b'-- Up-to-date symlink: /home/lee/workspace/ros2_ex_mav/install/px4_msgs/include/px4_msgs/px4_msgs/msg/detail/estimator_bias3d__struct.h\n'}
[0.404309] (px4_msgs) StdoutLine: {'line': b'-- Up-to-date symlink: /home/lee/workspace/ros2_ex_mav/install/px4_msgs/include/px4_msgs/px4_msgs/msg/detail/estimator_bias3d__type_support.h\n'}
[0.404356] (px4_msgs) StdoutLine: {'line': b'-- Up-to-date symlink: /home/lee/workspace/ros2_ex_mav/install/px4_msgs/include/px4_msgs/px4_msgs/msg/detail/estimator_bias__functions.h\n'}
[0.404404] (px4_msgs) StdoutLine: {'line': b'-- Up-to-date symlink: /home/lee/workspace/ros2_ex_mav/install/px4_msgs/include/px4_msgs/px4_msgs/msg/detail/estimator_bias__struct.h\n'}
[0.404451] (px4_msgs) StdoutLine: {'line': b'-- Up-to-date symlink: /home/lee/workspace/ros2_ex_mav/install/px4_msgs/include/px4_msgs/px4_msgs/msg/detail/estimator_bias__type_support.h\n'}
[0.404498] (px4_msgs) StdoutLine: {'line': b'-- Up-to-date symlink: /home/lee/workspace/ros2_ex_mav/install/px4_msgs/include/px4_msgs/px4_msgs/msg/detail/estimator_event_flags__functions.h\n'}
[0.404544] (px4_msgs) StdoutLine: {'line': b'-- Up-to-date symlink: /home/lee/workspace/ros2_ex_mav/install/px4_msgs/include/px4_msgs/px4_msgs/msg/detail/estimator_event_flags__struct.h\n'}
[0.404590] (px4_msgs) StdoutLine: {'line': b'-- Up-to-date symlink: /home/lee/workspace/ros2_ex_mav/install/px4_msgs/include/px4_msgs/px4_msgs/msg/detail/estimator_event_flags__type_support.h\n'}
[0.404636] (px4_msgs) StdoutLine: {'line': b'-- Up-to-date symlink: /home/lee/workspace/ros2_ex_mav/install/px4_msgs/include/px4_msgs/px4_msgs/msg/detail/estimator_gps_status__functions.h\n'}
[0.404727] (px4_msgs) StdoutLine: {'line': b'-- Up-to-date symlink: /home/lee/workspace/ros2_ex_mav/install/px4_msgs/include/px4_msgs/px4_msgs/msg/detail/estimator_gps_status__struct.h\n'}
[0.404774] (px4_msgs) StdoutLine: {'line': b'-- Up-to-date symlink: /home/lee/workspace/ros2_ex_mav/install/px4_msgs/include/px4_msgs/px4_msgs/msg/detail/estimator_gps_status__type_support.h\n'}
[0.404819] (px4_msgs) StdoutLine: {'line': b'-- Up-to-date symlink: /home/lee/workspace/ros2_ex_mav/install/px4_msgs/include/px4_msgs/px4_msgs/msg/detail/estimator_innovations__functions.h\n'}
[0.404865] (px4_msgs) StdoutLine: {'line': b'-- Up-to-date symlink: /home/lee/workspace/ros2_ex_mav/install/px4_msgs/include/px4_msgs/px4_msgs/msg/detail/estimator_innovations__struct.h\n'}
[0.404911] (px4_msgs) StdoutLine: {'line': b'-- Up-to-date symlink: /home/lee/workspace/ros2_ex_mav/install/px4_msgs/include/px4_msgs/px4_msgs/msg/detail/estimator_innovations__type_support.h\n'}
[0.404957] (px4_msgs) StdoutLine: {'line': b'-- Up-to-date symlink: /home/lee/workspace/ros2_ex_mav/install/px4_msgs/include/px4_msgs/px4_msgs/msg/detail/estimator_selector_status__functions.h\n'}
[0.405003] (px4_msgs) StdoutLine: {'line': b'-- Up-to-date symlink: /home/lee/workspace/ros2_ex_mav/install/px4_msgs/include/px4_msgs/px4_msgs/msg/detail/estimator_selector_status__struct.h\n'}
[0.405048] (px4_msgs) StdoutLine: {'line': b'-- Up-to-date symlink: /home/lee/workspace/ros2_ex_mav/install/px4_msgs/include/px4_msgs/px4_msgs/msg/detail/estimator_selector_status__type_support.h\n'}
[0.405095] (px4_msgs) StdoutLine: {'line': b'-- Up-to-date symlink: /home/lee/workspace/ros2_ex_mav/install/px4_msgs/include/px4_msgs/px4_msgs/msg/detail/estimator_sensor_bias__functions.h\n'}
[0.405140] (px4_msgs) StdoutLine: {'line': b'-- Up-to-date symlink: /home/lee/workspace/ros2_ex_mav/install/px4_msgs/include/px4_msgs/px4_msgs/msg/detail/estimator_sensor_bias__struct.h\n'}
[0.405231] (px4_msgs) StdoutLine: {'line': b'-- Up-to-date symlink: /home/lee/workspace/ros2_ex_mav/install/px4_msgs/include/px4_msgs/px4_msgs/msg/detail/estimator_sensor_bias__type_support.h\n'}
[0.405289] (px4_msgs) StdoutLine: {'line': b'-- Up-to-date symlink: /home/lee/workspace/ros2_ex_mav/install/px4_msgs/include/px4_msgs/px4_msgs/msg/detail/estimator_states__functions.h\n'}
[0.405338] (px4_msgs) StdoutLine: {'line': b'-- Up-to-date symlink: /home/lee/workspace/ros2_ex_mav/install/px4_msgs/include/px4_msgs/px4_msgs/msg/detail/estimator_states__struct.h\n'}
[0.405406] (px4_msgs) StdoutLine: {'line': b'-- Up-to-date symlink: /home/lee/workspace/ros2_ex_mav/install/px4_msgs/include/px4_msgs/px4_msgs/msg/detail/estimator_states__type_support.h\n'}
[0.405465] (px4_msgs) StdoutLine: {'line': b'-- Up-to-date symlink: /home/lee/workspace/ros2_ex_mav/install/px4_msgs/include/px4_msgs/px4_msgs/msg/detail/estimator_status__functions.h\n'}
[0.405513] (px4_msgs) StdoutLine: {'line': b'-- Up-to-date symlink: /home/lee/workspace/ros2_ex_mav/install/px4_msgs/include/px4_msgs/px4_msgs/msg/detail/estimator_status__struct.h\n'}
[0.405560] (px4_msgs) StdoutLine: {'line': b'-- Up-to-date symlink: /home/lee/workspace/ros2_ex_mav/install/px4_msgs/include/px4_msgs/px4_msgs/msg/detail/estimator_status__type_support.h\n'}
[0.405608] (px4_msgs) StdoutLine: {'line': b'-- Up-to-date symlink: /home/lee/workspace/ros2_ex_mav/install/px4_msgs/include/px4_msgs/px4_msgs/msg/detail/estimator_status_flags__functions.h\n'}
[0.405656] (px4_msgs) StdoutLine: {'line': b'-- Up-to-date symlink: /home/lee/workspace/ros2_ex_mav/install/px4_msgs/include/px4_msgs/px4_msgs/msg/detail/estimator_status_flags__struct.h\n'}
[0.405704] (px4_msgs) StdoutLine: {'line': b'-- Up-to-date symlink: /home/lee/workspace/ros2_ex_mav/install/px4_msgs/include/px4_msgs/px4_msgs/msg/detail/estimator_status_flags__type_support.h\n'}
[0.405751] (px4_msgs) StdoutLine: {'line': b'-- Up-to-date symlink: /home/lee/workspace/ros2_ex_mav/install/px4_msgs/include/px4_msgs/px4_msgs/msg/detail/event__functions.h\n'}
[0.405798] (px4_msgs) StdoutLine: {'line': b'-- Up-to-date symlink: /home/lee/workspace/ros2_ex_mav/install/px4_msgs/include/px4_msgs/px4_msgs/msg/detail/event__struct.h\n'}
[0.405845] (px4_msgs) StdoutLine: {'line': b'-- Up-to-date symlink: /home/lee/workspace/ros2_ex_mav/install/px4_msgs/include/px4_msgs/px4_msgs/msg/detail/event__type_support.h\n'}
[0.405893] (px4_msgs) StdoutLine: {'line': b'-- Up-to-date symlink: /home/lee/workspace/ros2_ex_mav/install/px4_msgs/include/px4_msgs/px4_msgs/msg/detail/failsafe_flags__functions.h\n'}
[0.405941] (px4_msgs) StdoutLine: {'line': b'-- Up-to-date symlink: /home/lee/workspace/ros2_ex_mav/install/px4_msgs/include/px4_msgs/px4_msgs/msg/detail/failsafe_flags__struct.h\n'}
[0.405999] (px4_msgs) StdoutLine: {'line': b'-- Up-to-date symlink: /home/lee/workspace/ros2_ex_mav/install/px4_msgs/include/px4_msgs/px4_msgs/msg/detail/failsafe_flags__type_support.h\n'}
[0.406083] (px4_msgs) StdoutLine: {'line': b'-- Up-to-date symlink: /home/lee/workspace/ros2_ex_mav/install/px4_msgs/include/px4_msgs/px4_msgs/msg/detail/failure_detector_status__functions.h\n'}
[0.406131] (px4_msgs) StdoutLine: {'line': b'-- Up-to-date symlink: /home/lee/workspace/ros2_ex_mav/install/px4_msgs/include/px4_msgs/px4_msgs/msg/detail/failure_detector_status__struct.h\n'}
[0.406198] (px4_msgs) StdoutLine: {'line': b'-- Up-to-date symlink: /home/lee/workspace/ros2_ex_mav/install/px4_msgs/include/px4_msgs/px4_msgs/msg/detail/failure_detector_status__type_support.h\n'}
[0.406266] (px4_msgs) StdoutLine: {'line': b'-- Up-to-date symlink: /home/lee/workspace/ros2_ex_mav/install/px4_msgs/include/px4_msgs/px4_msgs/msg/detail/follow_target__functions.h\n'}
[0.406315] (px4_msgs) StdoutLine: {'line': b'-- Up-to-date symlink: /home/lee/workspace/ros2_ex_mav/install/px4_msgs/include/px4_msgs/px4_msgs/msg/detail/follow_target__struct.h\n'}
[0.406364] (px4_msgs) StdoutLine: {'line': b'-- Up-to-date symlink: /home/lee/workspace/ros2_ex_mav/install/px4_msgs/include/px4_msgs/px4_msgs/msg/detail/follow_target__type_support.h\n'}
[0.406443] (px4_msgs) StdoutLine: {'line': b'-- Up-to-date symlink: /home/lee/workspace/ros2_ex_mav/install/px4_msgs/include/px4_msgs/px4_msgs/msg/detail/follow_target_estimator__functions.h\n'}
[0.406492] (px4_msgs) StdoutLine: {'line': b'-- Up-to-date symlink: /home/lee/workspace/ros2_ex_mav/install/px4_msgs/include/px4_msgs/px4_msgs/msg/detail/follow_target_estimator__struct.h\n'}
[0.406540] (px4_msgs) StdoutLine: {'line': b'-- Up-to-date symlink: /home/lee/workspace/ros2_ex_mav/install/px4_msgs/include/px4_msgs/px4_msgs/msg/detail/follow_target_estimator__type_support.h\n'}
[0.406588] (px4_msgs) StdoutLine: {'line': b'-- Up-to-date symlink: /home/lee/workspace/ros2_ex_mav/install/px4_msgs/include/px4_msgs/px4_msgs/msg/detail/follow_target_status__functions.h\n'}
[0.406636] (px4_msgs) StdoutLine: {'line': b'-- Up-to-date symlink: /home/lee/workspace/ros2_ex_mav/install/px4_msgs/include/px4_msgs/px4_msgs/msg/detail/follow_target_status__struct.h\n'}
[0.406683] (px4_msgs) StdoutLine: {'line': b'-- Up-to-date symlink: /home/lee/workspace/ros2_ex_mav/install/px4_msgs/include/px4_msgs/px4_msgs/msg/detail/follow_target_status__type_support.h\n'}
[0.406730] (px4_msgs) StdoutLine: {'line': b'-- Up-to-date symlink: /home/lee/workspace/ros2_ex_mav/install/px4_msgs/include/px4_msgs/px4_msgs/msg/detail/generator_status__functions.h\n'}
[0.406777] (px4_msgs) StdoutLine: {'line': b'-- Up-to-date symlink: /home/lee/workspace/ros2_ex_mav/install/px4_msgs/include/px4_msgs/px4_msgs/msg/detail/generator_status__struct.h\n'}
[0.406859] (px4_msgs) StdoutLine: {'line': b'-- Up-to-date symlink: /home/lee/workspace/ros2_ex_mav/install/px4_msgs/include/px4_msgs/px4_msgs/msg/detail/generator_status__type_support.h\n'}
[0.406907] (px4_msgs) StdoutLine: {'line': b'-- Up-to-date symlink: /home/lee/workspace/ros2_ex_mav/install/px4_msgs/include/px4_msgs/px4_msgs/msg/detail/geofence_result__functions.h\n'}
[0.406955] (px4_msgs) StdoutLine: {'line': b'-- Up-to-date symlink: /home/lee/workspace/ros2_ex_mav/install/px4_msgs/include/px4_msgs/px4_msgs/msg/detail/geofence_result__struct.h\n'}
[0.407002] (px4_msgs) StdoutLine: {'line': b'-- Up-to-date symlink: /home/lee/workspace/ros2_ex_mav/install/px4_msgs/include/px4_msgs/px4_msgs/msg/detail/geofence_result__type_support.h\n'}
[0.407070] (px4_msgs) StdoutLine: {'line': b'-- Up-to-date symlink: /home/lee/workspace/ros2_ex_mav/install/px4_msgs/include/px4_msgs/px4_msgs/msg/detail/gimbal_controls__functions.h\n'}
[0.407116] (px4_msgs) StdoutLine: {'line': b'-- Up-to-date symlink: /home/lee/workspace/ros2_ex_mav/install/px4_msgs/include/px4_msgs/px4_msgs/msg/detail/gimbal_controls__struct.h\n'}
[0.407163] (px4_msgs) StdoutLine: {'line': b'-- Up-to-date symlink: /home/lee/workspace/ros2_ex_mav/install/px4_msgs/include/px4_msgs/px4_msgs/msg/detail/gimbal_controls__type_support.h\n'}
[0.407239] (px4_msgs) StdoutLine: {'line': b'-- Up-to-date symlink: /home/lee/workspace/ros2_ex_mav/install/px4_msgs/include/px4_msgs/px4_msgs/msg/detail/gimbal_device_attitude_status__functions.h\n'}
[0.407285] (px4_msgs) StdoutLine: {'line': b'-- Up-to-date symlink: /home/lee/workspace/ros2_ex_mav/install/px4_msgs/include/px4_msgs/px4_msgs/msg/detail/gimbal_device_attitude_status__struct.h\n'}
[0.407331] (px4_msgs) StdoutLine: {'line': b'-- Up-to-date symlink: /home/lee/workspace/ros2_ex_mav/install/px4_msgs/include/px4_msgs/px4_msgs/msg/detail/gimbal_device_attitude_status__type_support.h\n'}
[0.407378] (px4_msgs) StdoutLine: {'line': b'-- Up-to-date symlink: /home/lee/workspace/ros2_ex_mav/install/px4_msgs/include/px4_msgs/px4_msgs/msg/detail/gimbal_device_information__functions.h\n'}
[0.407424] (px4_msgs) StdoutLine: {'line': b'-- Up-to-date symlink: /home/lee/workspace/ros2_ex_mav/install/px4_msgs/include/px4_msgs/px4_msgs/msg/detail/gimbal_device_information__struct.h\n'}
[0.407470] (px4_msgs) StdoutLine: {'line': b'-- Up-to-date symlink: /home/lee/workspace/ros2_ex_mav/install/px4_msgs/include/px4_msgs/px4_msgs/msg/detail/gimbal_device_information__type_support.h\n'}
[0.407516] (px4_msgs) StdoutLine: {'line': b'-- Up-to-date symlink: /home/lee/workspace/ros2_ex_mav/install/px4_msgs/include/px4_msgs/px4_msgs/msg/detail/gimbal_device_set_attitude__functions.h\n'}
[0.407595] (px4_msgs) StdoutLine: {'line': b'-- Up-to-date symlink: /home/lee/workspace/ros2_ex_mav/install/px4_msgs/include/px4_msgs/px4_msgs/msg/detail/gimbal_device_set_attitude__struct.h\n'}
[0.407651] (px4_msgs) StdoutLine: {'line': b'-- Up-to-date symlink: /home/lee/workspace/ros2_ex_mav/install/px4_msgs/include/px4_msgs/px4_msgs/msg/detail/gimbal_device_set_attitude__type_support.h\n'}
[0.407699] (px4_msgs) StdoutLine: {'line': b'-- Up-to-date symlink: /home/lee/workspace/ros2_ex_mav/install/px4_msgs/include/px4_msgs/px4_msgs/msg/detail/gimbal_manager_information__functions.h\n'}
[0.407747] (px4_msgs) StdoutLine: {'line': b'-- Up-to-date symlink: /home/lee/workspace/ros2_ex_mav/install/px4_msgs/include/px4_msgs/px4_msgs/msg/detail/gimbal_manager_information__struct.h\n'}
[0.407821] (px4_msgs) StdoutLine: {'line': b'-- Up-to-date symlink: /home/lee/workspace/ros2_ex_mav/install/px4_msgs/include/px4_msgs/px4_msgs/msg/detail/gimbal_manager_information__type_support.h\n'}
[0.407868] (px4_msgs) StdoutLine: {'line': b'-- Up-to-date symlink: /home/lee/workspace/ros2_ex_mav/install/px4_msgs/include/px4_msgs/px4_msgs/msg/detail/gimbal_manager_set_attitude__functions.h\n'}
[0.407916] (px4_msgs) StdoutLine: {'line': b'-- Up-to-date symlink: /home/lee/workspace/ros2_ex_mav/install/px4_msgs/include/px4_msgs/px4_msgs/msg/detail/gimbal_manager_set_attitude__struct.h\n'}
[0.407964] (px4_msgs) StdoutLine: {'line': b'-- Up-to-date symlink: /home/lee/workspace/ros2_ex_mav/install/px4_msgs/include/px4_msgs/px4_msgs/msg/detail/gimbal_manager_set_attitude__type_support.h\n'}
[0.408011] (px4_msgs) StdoutLine: {'line': b'-- Up-to-date symlink: /home/lee/workspace/ros2_ex_mav/install/px4_msgs/include/px4_msgs/px4_msgs/msg/detail/gimbal_manager_set_manual_control__functions.h\n'}
[0.408058] (px4_msgs) StdoutLine: {'line': b'-- Up-to-date symlink: /home/lee/workspace/ros2_ex_mav/install/px4_msgs/include/px4_msgs/px4_msgs/msg/detail/gimbal_manager_set_manual_control__struct.h\n'}
[0.408106] (px4_msgs) StdoutLine: {'line': b'-- Up-to-date symlink: /home/lee/workspace/ros2_ex_mav/install/px4_msgs/include/px4_msgs/px4_msgs/msg/detail/gimbal_manager_set_manual_control__type_support.h\n'}
[0.408154] (px4_msgs) StdoutLine: {'line': b'-- Up-to-date symlink: /home/lee/workspace/ros2_ex_mav/install/px4_msgs/include/px4_msgs/px4_msgs/msg/detail/gimbal_manager_status__functions.h\n'}
[0.408246] (px4_msgs) StdoutLine: {'line': b'-- Up-to-date symlink: /home/lee/workspace/ros2_ex_mav/install/px4_msgs/include/px4_msgs/px4_msgs/msg/detail/gimbal_manager_status__struct.h\n'}
[0.408302] (px4_msgs) StdoutLine: {'line': b'-- Up-to-date symlink: /home/lee/workspace/ros2_ex_mav/install/px4_msgs/include/px4_msgs/px4_msgs/msg/detail/gimbal_manager_status__type_support.h\n'}
[0.408349] (px4_msgs) StdoutLine: {'line': b'-- Up-to-date symlink: /home/lee/workspace/ros2_ex_mav/install/px4_msgs/include/px4_msgs/px4_msgs/msg/detail/gps_dump__functions.h\n'}
[0.408411] (px4_msgs) StdoutLine: {'line': b'-- Up-to-date symlink: /home/lee/workspace/ros2_ex_mav/install/px4_msgs/include/px4_msgs/px4_msgs/msg/detail/gps_dump__struct.h\n'}
[0.408457] (px4_msgs) StdoutLine: {'line': b'-- Up-to-date symlink: /home/lee/workspace/ros2_ex_mav/install/px4_msgs/include/px4_msgs/px4_msgs/msg/detail/gps_dump__type_support.h\n'}
[0.408503] (px4_msgs) StdoutLine: {'line': b'-- Up-to-date symlink: /home/lee/workspace/ros2_ex_mav/install/px4_msgs/include/px4_msgs/px4_msgs/msg/detail/gps_inject_data__functions.h\n'}
[0.408549] (px4_msgs) StdoutLine: {'line': b'-- Up-to-date symlink: /home/lee/workspace/ros2_ex_mav/install/px4_msgs/include/px4_msgs/px4_msgs/msg/detail/gps_inject_data__struct.h\n'}
[0.408595] (px4_msgs) StdoutLine: {'line': b'-- Up-to-date symlink: /home/lee/workspace/ros2_ex_mav/install/px4_msgs/include/px4_msgs/px4_msgs/msg/detail/gps_inject_data__type_support.h\n'}
[0.408640] (px4_msgs) StdoutLine: {'line': b'-- Up-to-date symlink: /home/lee/workspace/ros2_ex_mav/install/px4_msgs/include/px4_msgs/px4_msgs/msg/detail/gripper__functions.h\n'}
[0.408711] (px4_msgs) StdoutLine: {'line': b'-- Up-to-date symlink: /home/lee/workspace/ros2_ex_mav/install/px4_msgs/include/px4_msgs/px4_msgs/msg/detail/gripper__struct.h\n'}
[0.408758] (px4_msgs) StdoutLine: {'line': b'-- Up-to-date symlink: /home/lee/workspace/ros2_ex_mav/install/px4_msgs/include/px4_msgs/px4_msgs/msg/detail/gripper__type_support.h\n'}
[0.408804] (px4_msgs) StdoutLine: {'line': b'-- Up-to-date symlink: /home/lee/workspace/ros2_ex_mav/install/px4_msgs/include/px4_msgs/px4_msgs/msg/detail/health_report__functions.h\n'}
[0.408849] (px4_msgs) StdoutLine: {'line': b'-- Up-to-date symlink: /home/lee/workspace/ros2_ex_mav/install/px4_msgs/include/px4_msgs/px4_msgs/msg/detail/health_report__struct.h\n'}
[0.408895] (px4_msgs) StdoutLine: {'line': b'-- Up-to-date symlink: /home/lee/workspace/ros2_ex_mav/install/px4_msgs/include/px4_msgs/px4_msgs/msg/detail/health_report__type_support.h\n'}
[0.408941] (px4_msgs) StdoutLine: {'line': b'-- Up-to-date symlink: /home/lee/workspace/ros2_ex_mav/install/px4_msgs/include/px4_msgs/px4_msgs/msg/detail/heater_status__functions.h\n'}
[0.408987] (px4_msgs) StdoutLine: {'line': b'-- Up-to-date symlink: /home/lee/workspace/ros2_ex_mav/install/px4_msgs/include/px4_msgs/px4_msgs/msg/detail/heater_status__struct.h\n'}
[0.409033] (px4_msgs) StdoutLine: {'line': b'-- Up-to-date symlink: /home/lee/workspace/ros2_ex_mav/install/px4_msgs/include/px4_msgs/px4_msgs/msg/detail/heater_status__type_support.h\n'}
[0.409113] (px4_msgs) StdoutLine: {'line': b'-- Up-to-date symlink: /home/lee/workspace/ros2_ex_mav/install/px4_msgs/include/px4_msgs/px4_msgs/msg/detail/home_position__functions.h\n'}
[0.409169] (px4_msgs) StdoutLine: {'line': b'-- Up-to-date symlink: /home/lee/workspace/ros2_ex_mav/install/px4_msgs/include/px4_msgs/px4_msgs/msg/detail/home_position__struct.h\n'}
[0.409324] (px4_msgs) StdoutLine: {'line': b'-- Up-to-date symlink: /home/lee/workspace/ros2_ex_mav/install/px4_msgs/include/px4_msgs/px4_msgs/msg/detail/home_position__type_support.h\n'}
[0.409362] (px4_msgs) StdoutLine: {'line': b'-- Up-to-date symlink: /home/lee/workspace/ros2_ex_mav/install/px4_msgs/include/px4_msgs/px4_msgs/msg/detail/hover_thrust_estimate__functions.h\n'}
[0.409391] (px4_msgs) StdoutLine: {'line': b'-- Up-to-date symlink: /home/lee/workspace/ros2_ex_mav/install/px4_msgs/include/px4_msgs/px4_msgs/msg/detail/hover_thrust_estimate__struct.h\n'}
[0.409412] (px4_msgs) StdoutLine: {'line': b'-- Up-to-date symlink: /home/lee/workspace/ros2_ex_mav/install/px4_msgs/include/px4_msgs/px4_msgs/msg/detail/hover_thrust_estimate__type_support.h\n'}
[0.409432] (px4_msgs) StdoutLine: {'line': b'-- Up-to-date symlink: /home/lee/workspace/ros2_ex_mav/install/px4_msgs/include/px4_msgs/px4_msgs/msg/detail/input_rc__functions.h\n'}
[0.409454] (px4_msgs) StdoutLine: {'line': b'-- Up-to-date symlink: /home/lee/workspace/ros2_ex_mav/install/px4_msgs/include/px4_msgs/px4_msgs/msg/detail/input_rc__struct.h\n'}
[0.409475] (px4_msgs) StdoutLine: {'line': b'-- Up-to-date symlink: /home/lee/workspace/ros2_ex_mav/install/px4_msgs/include/px4_msgs/px4_msgs/msg/detail/input_rc__type_support.h\n'}
[0.409495] (px4_msgs) StdoutLine: {'line': b'-- Up-to-date symlink: /home/lee/workspace/ros2_ex_mav/install/px4_msgs/include/px4_msgs/px4_msgs/msg/detail/internal_combustion_engine_status__functions.h\n'}
[0.409515] (px4_msgs) StdoutLine: {'line': b'-- Up-to-date symlink: /home/lee/workspace/ros2_ex_mav/install/px4_msgs/include/px4_msgs/px4_msgs/msg/detail/internal_combustion_engine_status__struct.h\n'}
[0.409575] (px4_msgs) StdoutLine: {'line': b'-- Up-to-date symlink: /home/lee/workspace/ros2_ex_mav/install/px4_msgs/include/px4_msgs/px4_msgs/msg/detail/internal_combustion_engine_status__type_support.h\n'}
[0.409659] (px4_msgs) StdoutLine: {'line': b'-- Up-to-date symlink: /home/lee/workspace/ros2_ex_mav/install/px4_msgs/include/px4_msgs/px4_msgs/msg/detail/iridiumsbd_status__functions.h\n'}
[0.409708] (px4_msgs) StdoutLine: {'line': b'-- Up-to-date symlink: /home/lee/workspace/ros2_ex_mav/install/px4_msgs/include/px4_msgs/px4_msgs/msg/detail/iridiumsbd_status__struct.h\n'}
[0.409761] (px4_msgs) StdoutLine: {'line': b'-- Up-to-date symlink: /home/lee/workspace/ros2_ex_mav/install/px4_msgs/include/px4_msgs/px4_msgs/msg/detail/iridiumsbd_status__type_support.h\n'}
[0.409806] (px4_msgs) StdoutLine: {'line': b'-- Up-to-date symlink: /home/lee/workspace/ros2_ex_mav/install/px4_msgs/include/px4_msgs/px4_msgs/msg/detail/irlock_report__functions.h\n'}
[0.409854] (px4_msgs) StdoutLine: {'line': b'-- Up-to-date symlink: /home/lee/workspace/ros2_ex_mav/install/px4_msgs/include/px4_msgs/px4_msgs/msg/detail/irlock_report__struct.h\n'}
[0.409904] (px4_msgs) StdoutLine: {'line': b'-- Up-to-date symlink: /home/lee/workspace/ros2_ex_mav/install/px4_msgs/include/px4_msgs/px4_msgs/msg/detail/irlock_report__type_support.h\n'}
[0.409952] (px4_msgs) StdoutLine: {'line': b'-- Up-to-date symlink: /home/lee/workspace/ros2_ex_mav/install/px4_msgs/include/px4_msgs/px4_msgs/msg/detail/landing_gear__functions.h\n'}
[0.410044] (px4_msgs) StdoutLine: {'line': b'-- Up-to-date symlink: /home/lee/workspace/ros2_ex_mav/install/px4_msgs/include/px4_msgs/px4_msgs/msg/detail/landing_gear__struct.h\n'}
[0.410092] (px4_msgs) StdoutLine: {'line': b'-- Up-to-date symlink: /home/lee/workspace/ros2_ex_mav/install/px4_msgs/include/px4_msgs/px4_msgs/msg/detail/landing_gear__type_support.h\n'}
[0.410138] (px4_msgs) StdoutLine: {'line': b'-- Up-to-date symlink: /home/lee/workspace/ros2_ex_mav/install/px4_msgs/include/px4_msgs/px4_msgs/msg/detail/landing_gear_wheel__functions.h\n'}
[0.410189] (px4_msgs) StdoutLine: {'line': b'-- Up-to-date symlink: /home/lee/workspace/ros2_ex_mav/install/px4_msgs/include/px4_msgs/px4_msgs/msg/detail/landing_gear_wheel__struct.h\n'}
[0.410237] (px4_msgs) StdoutLine: {'line': b'-- Up-to-date symlink: /home/lee/workspace/ros2_ex_mav/install/px4_msgs/include/px4_msgs/px4_msgs/msg/detail/landing_gear_wheel__type_support.h\n'}
[0.410284] (px4_msgs) StdoutLine: {'line': b'-- Up-to-date symlink: /home/lee/workspace/ros2_ex_mav/install/px4_msgs/include/px4_msgs/px4_msgs/msg/detail/landing_target_innovations__functions.h\n'}
[0.410332] (px4_msgs) StdoutLine: {'line': b'-- Up-to-date symlink: /home/lee/workspace/ros2_ex_mav/install/px4_msgs/include/px4_msgs/px4_msgs/msg/detail/landing_target_innovations__struct.h\n'}
[0.410380] (px4_msgs) StdoutLine: {'line': b'-- Up-to-date symlink: /home/lee/workspace/ros2_ex_mav/install/px4_msgs/include/px4_msgs/px4_msgs/msg/detail/landing_target_innovations__type_support.h\n'}
[0.410428] (px4_msgs) StdoutLine: {'line': b'-- Up-to-date symlink: /home/lee/workspace/ros2_ex_mav/install/px4_msgs/include/px4_msgs/px4_msgs/msg/detail/landing_target_pose__functions.h\n'}
[0.410510] (px4_msgs) StdoutLine: {'line': b'-- Up-to-date symlink: /home/lee/workspace/ros2_ex_mav/install/px4_msgs/include/px4_msgs/px4_msgs/msg/detail/landing_target_pose__struct.h\n'}
[0.410557] (px4_msgs) StdoutLine: {'line': b'-- Up-to-date symlink: /home/lee/workspace/ros2_ex_mav/install/px4_msgs/include/px4_msgs/px4_msgs/msg/detail/landing_target_pose__type_support.h\n'}
[0.410604] (px4_msgs) StdoutLine: {'line': b'-- Up-to-date symlink: /home/lee/workspace/ros2_ex_mav/install/px4_msgs/include/px4_msgs/px4_msgs/msg/detail/launch_detection_status__functions.h\n'}
[0.410650] (px4_msgs) StdoutLine: {'line': b'-- Up-to-date symlink: /home/lee/workspace/ros2_ex_mav/install/px4_msgs/include/px4_msgs/px4_msgs/msg/detail/launch_detection_status__struct.h\n'}
[0.410697] (px4_msgs) StdoutLine: {'line': b'-- Up-to-date symlink: /home/lee/workspace/ros2_ex_mav/install/px4_msgs/include/px4_msgs/px4_msgs/msg/detail/launch_detection_status__type_support.h\n'}
[0.410784] (px4_msgs) StdoutLine: {'line': b'-- Up-to-date symlink: /home/lee/workspace/ros2_ex_mav/install/px4_msgs/include/px4_msgs/px4_msgs/msg/detail/led_control__functions.h\n'}
[0.410832] (px4_msgs) StdoutLine: {'line': b'-- Up-to-date symlink: /home/lee/workspace/ros2_ex_mav/install/px4_msgs/include/px4_msgs/px4_msgs/msg/detail/led_control__struct.h\n'}
[0.410893] (px4_msgs) StdoutLine: {'line': b'-- Up-to-date symlink: /home/lee/workspace/ros2_ex_mav/install/px4_msgs/include/px4_msgs/px4_msgs/msg/detail/led_control__type_support.h\n'}
[0.410940] (px4_msgs) StdoutLine: {'line': b'-- Up-to-date symlink: /home/lee/workspace/ros2_ex_mav/install/px4_msgs/include/px4_msgs/px4_msgs/msg/detail/log_message__functions.h\n'}
[0.410986] (px4_msgs) StdoutLine: {'line': b'-- Up-to-date symlink: /home/lee/workspace/ros2_ex_mav/install/px4_msgs/include/px4_msgs/px4_msgs/msg/detail/log_message__struct.h\n'}
[0.411033] (px4_msgs) StdoutLine: {'line': b'-- Up-to-date symlink: /home/lee/workspace/ros2_ex_mav/install/px4_msgs/include/px4_msgs/px4_msgs/msg/detail/log_message__type_support.h\n'}
[0.411103] (px4_msgs) StdoutLine: {'line': b'-- Up-to-date symlink: /home/lee/workspace/ros2_ex_mav/install/px4_msgs/include/px4_msgs/px4_msgs/msg/detail/logger_status__functions.h\n'}
[0.411151] (px4_msgs) StdoutLine: {'line': b'-- Up-to-date symlink: /home/lee/workspace/ros2_ex_mav/install/px4_msgs/include/px4_msgs/px4_msgs/msg/detail/logger_status__struct.h\n'}
[0.411227] (px4_msgs) StdoutLine: {'line': b'-- Up-to-date symlink: /home/lee/workspace/ros2_ex_mav/install/px4_msgs/include/px4_msgs/px4_msgs/msg/detail/logger_status__type_support.h\n'}
[0.411284] (px4_msgs) StdoutLine: {'line': b'-- Up-to-date symlink: /home/lee/workspace/ros2_ex_mav/install/px4_msgs/include/px4_msgs/px4_msgs/msg/detail/mag_worker_data__functions.h\n'}
[0.411331] (px4_msgs) StdoutLine: {'line': b'-- Up-to-date symlink: /home/lee/workspace/ros2_ex_mav/install/px4_msgs/include/px4_msgs/px4_msgs/msg/detail/mag_worker_data__struct.h\n'}
[0.411378] (px4_msgs) StdoutLine: {'line': b'-- Up-to-date symlink: /home/lee/workspace/ros2_ex_mav/install/px4_msgs/include/px4_msgs/px4_msgs/msg/detail/mag_worker_data__type_support.h\n'}
[0.411424] (px4_msgs) StdoutLine: {'line': b'-- Up-to-date symlink: /home/lee/workspace/ros2_ex_mav/install/px4_msgs/include/px4_msgs/px4_msgs/msg/detail/magnetometer_bias_estimate__functions.h\n'}
[0.411471] (px4_msgs) StdoutLine: {'line': b'-- Up-to-date symlink: /home/lee/workspace/ros2_ex_mav/install/px4_msgs/include/px4_msgs/px4_msgs/msg/detail/magnetometer_bias_estimate__struct.h\n'}
[0.411517] (px4_msgs) StdoutLine: {'line': b'-- Up-to-date symlink: /home/lee/workspace/ros2_ex_mav/install/px4_msgs/include/px4_msgs/px4_msgs/msg/detail/magnetometer_bias_estimate__type_support.h\n'}
[0.411563] (px4_msgs) StdoutLine: {'line': b'-- Up-to-date symlink: /home/lee/workspace/ros2_ex_mav/install/px4_msgs/include/px4_msgs/px4_msgs/msg/detail/manual_control_setpoint__functions.h\n'}
[0.411610] (px4_msgs) StdoutLine: {'line': b'-- Up-to-date symlink: /home/lee/workspace/ros2_ex_mav/install/px4_msgs/include/px4_msgs/px4_msgs/msg/detail/manual_control_setpoint__struct.h\n'}
[0.411656] (px4_msgs) StdoutLine: {'line': b'-- Up-to-date symlink: /home/lee/workspace/ros2_ex_mav/install/px4_msgs/include/px4_msgs/px4_msgs/msg/detail/manual_control_setpoint__type_support.h\n'}
[0.411702] (px4_msgs) StdoutLine: {'line': b'-- Up-to-date symlink: /home/lee/workspace/ros2_ex_mav/install/px4_msgs/include/px4_msgs/px4_msgs/msg/detail/manual_control_switches__functions.h\n'}
[0.411749] (px4_msgs) StdoutLine: {'line': b'-- Up-to-date symlink: /home/lee/workspace/ros2_ex_mav/install/px4_msgs/include/px4_msgs/px4_msgs/msg/detail/manual_control_switches__struct.h\n'}
[0.411795] (px4_msgs) StdoutLine: {'line': b'-- Up-to-date symlink: /home/lee/workspace/ros2_ex_mav/install/px4_msgs/include/px4_msgs/px4_msgs/msg/detail/manual_control_switches__type_support.h\n'}
[0.411841] (px4_msgs) StdoutLine: {'line': b'-- Up-to-date symlink: /home/lee/workspace/ros2_ex_mav/install/px4_msgs/include/px4_msgs/px4_msgs/msg/detail/mavlink_log__functions.h\n'}
[0.411887] (px4_msgs) StdoutLine: {'line': b'-- Up-to-date symlink: /home/lee/workspace/ros2_ex_mav/install/px4_msgs/include/px4_msgs/px4_msgs/msg/detail/mavlink_log__struct.h\n'}
[0.411933] (px4_msgs) StdoutLine: {'line': b'-- Up-to-date symlink: /home/lee/workspace/ros2_ex_mav/install/px4_msgs/include/px4_msgs/px4_msgs/msg/detail/mavlink_log__type_support.h\n'}
[0.411990] (px4_msgs) StdoutLine: {'line': b'-- Up-to-date symlink: /home/lee/workspace/ros2_ex_mav/install/px4_msgs/include/px4_msgs/px4_msgs/msg/detail/mavlink_tunnel__functions.h\n'}
[0.412037] (px4_msgs) StdoutLine: {'line': b'-- Up-to-date symlink: /home/lee/workspace/ros2_ex_mav/install/px4_msgs/include/px4_msgs/px4_msgs/msg/detail/mavlink_tunnel__struct.h\n'}
[0.412083] (px4_msgs) StdoutLine: {'line': b'-- Up-to-date symlink: /home/lee/workspace/ros2_ex_mav/install/px4_msgs/include/px4_msgs/px4_msgs/msg/detail/mavlink_tunnel__type_support.h\n'}
[0.412129] (px4_msgs) StdoutLine: {'line': b'-- Up-to-date symlink: /home/lee/workspace/ros2_ex_mav/install/px4_msgs/include/px4_msgs/px4_msgs/msg/detail/mission__functions.h\n'}
[0.412227] (px4_msgs) StdoutLine: {'line': b'-- Up-to-date symlink: /home/lee/workspace/ros2_ex_mav/install/px4_msgs/include/px4_msgs/px4_msgs/msg/detail/mission__struct.h\n'}
[0.412293] (px4_msgs) StdoutLine: {'line': b'-- Up-to-date symlink: /home/lee/workspace/ros2_ex_mav/install/px4_msgs/include/px4_msgs/px4_msgs/msg/detail/mission__type_support.h\n'}
[0.412340] (px4_msgs) StdoutLine: {'line': b'-- Up-to-date symlink: /home/lee/workspace/ros2_ex_mav/install/px4_msgs/include/px4_msgs/px4_msgs/msg/detail/mission_result__functions.h\n'}
[0.412386] (px4_msgs) StdoutLine: {'line': b'-- Up-to-date symlink: /home/lee/workspace/ros2_ex_mav/install/px4_msgs/include/px4_msgs/px4_msgs/msg/detail/mission_result__struct.h\n'}
[0.412432] (px4_msgs) StdoutLine: {'line': b'-- Up-to-date symlink: /home/lee/workspace/ros2_ex_mav/install/px4_msgs/include/px4_msgs/px4_msgs/msg/detail/mission_result__type_support.h\n'}
[0.412497] (px4_msgs) StdoutLine: {'line': b'-- Up-to-date symlink: /home/lee/workspace/ros2_ex_mav/install/px4_msgs/include/px4_msgs/px4_msgs/msg/detail/mode_completed__functions.h\n'}
[0.412545] (px4_msgs) StdoutLine: {'line': b'-- Up-to-date symlink: /home/lee/workspace/ros2_ex_mav/install/px4_msgs/include/px4_msgs/px4_msgs/msg/detail/mode_completed__struct.h\n'}
[0.412591] (px4_msgs) StdoutLine: {'line': b'-- Up-to-date symlink: /home/lee/workspace/ros2_ex_mav/install/px4_msgs/include/px4_msgs/px4_msgs/msg/detail/mode_completed__type_support.h\n'}
[0.412637] (px4_msgs) StdoutLine: {'line': b'-- Up-to-date symlink: /home/lee/workspace/ros2_ex_mav/install/px4_msgs/include/px4_msgs/px4_msgs/msg/detail/mount_orientation__functions.h\n'}
[0.412703] (px4_msgs) StdoutLine: {'line': b'-- Up-to-date symlink: /home/lee/workspace/ros2_ex_mav/install/px4_msgs/include/px4_msgs/px4_msgs/msg/detail/mount_orientation__struct.h\n'}
[0.412750] (px4_msgs) StdoutLine: {'line': b'-- Up-to-date symlink: /home/lee/workspace/ros2_ex_mav/install/px4_msgs/include/px4_msgs/px4_msgs/msg/detail/mount_orientation__type_support.h\n'}
[0.412796] (px4_msgs) StdoutLine: {'line': b'-- Up-to-date symlink: /home/lee/workspace/ros2_ex_mav/install/px4_msgs/include/px4_msgs/px4_msgs/msg/detail/navigator_mission_item__functions.h\n'}
[0.412843] (px4_msgs) StdoutLine: {'line': b'-- Up-to-date symlink: /home/lee/workspace/ros2_ex_mav/install/px4_msgs/include/px4_msgs/px4_msgs/msg/detail/navigator_mission_item__struct.h\n'}
[0.412889] (px4_msgs) StdoutLine: {'line': b'-- Up-to-date symlink: /home/lee/workspace/ros2_ex_mav/install/px4_msgs/include/px4_msgs/px4_msgs/msg/detail/navigator_mission_item__type_support.h\n'}
[0.412935] (px4_msgs) StdoutLine: {'line': b'-- Up-to-date symlink: /home/lee/workspace/ros2_ex_mav/install/px4_msgs/include/px4_msgs/px4_msgs/msg/detail/normalized_unsigned_setpoint__functions.h\n'}
[0.412982] (px4_msgs) StdoutLine: {'line': b'-- Up-to-date symlink: /home/lee/workspace/ros2_ex_mav/install/px4_msgs/include/px4_msgs/px4_msgs/msg/detail/normalized_unsigned_setpoint__struct.h\n'}
[0.413028] (px4_msgs) StdoutLine: {'line': b'-- Up-to-date symlink: /home/lee/workspace/ros2_ex_mav/install/px4_msgs/include/px4_msgs/px4_msgs/msg/detail/normalized_unsigned_setpoint__type_support.h\n'}
[0.413107] (px4_msgs) StdoutLine: {'line': b'-- Up-to-date symlink: /home/lee/workspace/ros2_ex_mav/install/px4_msgs/include/px4_msgs/px4_msgs/msg/detail/npfg_status__functions.h\n'}
[0.413154] (px4_msgs) StdoutLine: {'line': b'-- Up-to-date symlink: /home/lee/workspace/ros2_ex_mav/install/px4_msgs/include/px4_msgs/px4_msgs/msg/detail/npfg_status__struct.h\n'}
[0.413232] (px4_msgs) StdoutLine: {'line': b'-- Up-to-date symlink: /home/lee/workspace/ros2_ex_mav/install/px4_msgs/include/px4_msgs/px4_msgs/msg/detail/npfg_status__type_support.h\n'}
[0.413280] (px4_msgs) StdoutLine: {'line': b'-- Up-to-date symlink: /home/lee/workspace/ros2_ex_mav/install/px4_msgs/include/px4_msgs/px4_msgs/msg/detail/obstacle_distance__functions.h\n'}
[0.413327] (px4_msgs) StdoutLine: {'line': b'-- Up-to-date symlink: /home/lee/workspace/ros2_ex_mav/install/px4_msgs/include/px4_msgs/px4_msgs/msg/detail/obstacle_distance__struct.h\n'}
[0.413374] (px4_msgs) StdoutLine: {'line': b'-- Up-to-date symlink: /home/lee/workspace/ros2_ex_mav/install/px4_msgs/include/px4_msgs/px4_msgs/msg/detail/obstacle_distance__type_support.h\n'}
[0.413420] (px4_msgs) StdoutLine: {'line': b'-- Up-to-date symlink: /home/lee/workspace/ros2_ex_mav/install/px4_msgs/include/px4_msgs/px4_msgs/msg/detail/offboard_control_mode__functions.h\n'}
[0.413468] (px4_msgs) StdoutLine: {'line': b'-- Up-to-date symlink: /home/lee/workspace/ros2_ex_mav/install/px4_msgs/include/px4_msgs/px4_msgs/msg/detail/offboard_control_mode__struct.h\n'}
[0.413516] (px4_msgs) StdoutLine: {'line': b'-- Up-to-date symlink: /home/lee/workspace/ros2_ex_mav/install/px4_msgs/include/px4_msgs/px4_msgs/msg/detail/offboard_control_mode__type_support.h\n'}
[0.413564] (px4_msgs) StdoutLine: {'line': b'-- Up-to-date symlink: /home/lee/workspace/ros2_ex_mav/install/px4_msgs/include/px4_msgs/px4_msgs/msg/detail/onboard_computer_status__functions.h\n'}
[0.413612] (px4_msgs) StdoutLine: {'line': b'-- Up-to-date symlink: /home/lee/workspace/ros2_ex_mav/install/px4_msgs/include/px4_msgs/px4_msgs/msg/detail/onboard_computer_status__struct.h\n'}
[0.413659] (px4_msgs) StdoutLine: {'line': b'-- Up-to-date symlink: /home/lee/workspace/ros2_ex_mav/install/px4_msgs/include/px4_msgs/px4_msgs/msg/detail/onboard_computer_status__type_support.h\n'}
[0.413708] (px4_msgs) StdoutLine: {'line': b'-- Up-to-date symlink: /home/lee/workspace/ros2_ex_mav/install/px4_msgs/include/px4_msgs/px4_msgs/msg/detail/orb_test__functions.h\n'}
[0.413809] (px4_msgs) StdoutLine: {'line': b'-- Up-to-date symlink: /home/lee/workspace/ros2_ex_mav/install/px4_msgs/include/px4_msgs/px4_msgs/msg/detail/orb_test__struct.h\n'}
[0.413866] (px4_msgs) StdoutLine: {'line': b'-- Up-to-date symlink: /home/lee/workspace/ros2_ex_mav/install/px4_msgs/include/px4_msgs/px4_msgs/msg/detail/orb_test__type_support.h\n'}
[0.413915] (px4_msgs) StdoutLine: {'line': b'-- Up-to-date symlink: /home/lee/workspace/ros2_ex_mav/install/px4_msgs/include/px4_msgs/px4_msgs/msg/detail/orb_test_large__functions.h\n'}
[0.414062] (px4_msgs) StdoutLine: {'line': b'-- Up-to-date symlink: /home/lee/workspace/ros2_ex_mav/install/px4_msgs/include/px4_msgs/px4_msgs/msg/detail/orb_test_large__struct.h\n'}
[0.414112] (px4_msgs) StdoutLine: {'line': b'-- Up-to-date symlink: /home/lee/workspace/ros2_ex_mav/install/px4_msgs/include/px4_msgs/px4_msgs/msg/detail/orb_test_large__type_support.h\n'}
[0.414135] (px4_msgs) StdoutLine: {'line': b'-- Up-to-date symlink: /home/lee/workspace/ros2_ex_mav/install/px4_msgs/include/px4_msgs/px4_msgs/msg/detail/orb_test_medium__functions.h\n'}
[0.414156] (px4_msgs) StdoutLine: {'line': b'-- Up-to-date symlink: /home/lee/workspace/ros2_ex_mav/install/px4_msgs/include/px4_msgs/px4_msgs/msg/detail/orb_test_medium__struct.h\n'}
[0.414197] (px4_msgs) StdoutLine: {'line': b'-- Up-to-date symlink: /home/lee/workspace/ros2_ex_mav/install/px4_msgs/include/px4_msgs/px4_msgs/msg/detail/orb_test_medium__type_support.h\n'}
[0.414221] (px4_msgs) StdoutLine: {'line': b'-- Up-to-date symlink: /home/lee/workspace/ros2_ex_mav/install/px4_msgs/include/px4_msgs/px4_msgs/msg/detail/orbit_status__functions.h\n'}
[0.414258] (px4_msgs) StdoutLine: {'line': b'-- Up-to-date symlink: /home/lee/workspace/ros2_ex_mav/install/px4_msgs/include/px4_msgs/px4_msgs/msg/detail/orbit_status__struct.h\n'}
[0.414278] (px4_msgs) StdoutLine: {'line': b'-- Up-to-date symlink: /home/lee/workspace/ros2_ex_mav/install/px4_msgs/include/px4_msgs/px4_msgs/msg/detail/orbit_status__type_support.h\n'}
[0.414298] (px4_msgs) StdoutLine: {'line': b'-- Up-to-date symlink: /home/lee/workspace/ros2_ex_mav/install/px4_msgs/include/px4_msgs/px4_msgs/msg/detail/parameter_update__functions.h\n'}
[0.414318] (px4_msgs) StdoutLine: {'line': b'-- Up-to-date symlink: /home/lee/workspace/ros2_ex_mav/install/px4_msgs/include/px4_msgs/px4_msgs/msg/detail/parameter_update__struct.h\n'}
[0.414338] (px4_msgs) StdoutLine: {'line': b'-- Up-to-date symlink: /home/lee/workspace/ros2_ex_mav/install/px4_msgs/include/px4_msgs/px4_msgs/msg/detail/parameter_update__type_support.h\n'}
[0.414357] (px4_msgs) StdoutLine: {'line': b'-- Up-to-date symlink: /home/lee/workspace/ros2_ex_mav/install/px4_msgs/include/px4_msgs/px4_msgs/msg/detail/ping__functions.h\n'}
[0.414377] (px4_msgs) StdoutLine: {'line': b'-- Up-to-date symlink: /home/lee/workspace/ros2_ex_mav/install/px4_msgs/include/px4_msgs/px4_msgs/msg/detail/ping__struct.h\n'}
[0.414396] (px4_msgs) StdoutLine: {'line': b'-- Up-to-date symlink: /home/lee/workspace/ros2_ex_mav/install/px4_msgs/include/px4_msgs/px4_msgs/msg/detail/ping__type_support.h\n'}
[0.414427] (px4_msgs) StdoutLine: {'line': b'-- Up-to-date symlink: /home/lee/workspace/ros2_ex_mav/install/px4_msgs/include/px4_msgs/px4_msgs/msg/detail/position_controller_landing_status__functions.h\n'}
[0.414447] (px4_msgs) StdoutLine: {'line': b'-- Up-to-date symlink: /home/lee/workspace/ros2_ex_mav/install/px4_msgs/include/px4_msgs/px4_msgs/msg/detail/position_controller_landing_status__struct.h\n'}
[0.414467] (px4_msgs) StdoutLine: {'line': b'-- Up-to-date symlink: /home/lee/workspace/ros2_ex_mav/install/px4_msgs/include/px4_msgs/px4_msgs/msg/detail/position_controller_landing_status__type_support.h\n'}
[0.414486] (px4_msgs) StdoutLine: {'line': b'-- Up-to-date symlink: /home/lee/workspace/ros2_ex_mav/install/px4_msgs/include/px4_msgs/px4_msgs/msg/detail/position_controller_status__functions.h\n'}
[0.414506] (px4_msgs) StdoutLine: {'line': b'-- Up-to-date symlink: /home/lee/workspace/ros2_ex_mav/install/px4_msgs/include/px4_msgs/px4_msgs/msg/detail/position_controller_status__struct.h\n'}
[0.414525] (px4_msgs) StdoutLine: {'line': b'-- Up-to-date symlink: /home/lee/workspace/ros2_ex_mav/install/px4_msgs/include/px4_msgs/px4_msgs/msg/detail/position_controller_status__type_support.h\n'}
[0.414545] (px4_msgs) StdoutLine: {'line': b'-- Up-to-date symlink: /home/lee/workspace/ros2_ex_mav/install/px4_msgs/include/px4_msgs/px4_msgs/msg/detail/position_setpoint__functions.h\n'}
[0.414565] (px4_msgs) StdoutLine: {'line': b'-- Up-to-date symlink: /home/lee/workspace/ros2_ex_mav/install/px4_msgs/include/px4_msgs/px4_msgs/msg/detail/position_setpoint__struct.h\n'}
[0.414584] (px4_msgs) StdoutLine: {'line': b'-- Up-to-date symlink: /home/lee/workspace/ros2_ex_mav/install/px4_msgs/include/px4_msgs/px4_msgs/msg/detail/position_setpoint__type_support.h\n'}
[0.414604] (px4_msgs) StdoutLine: {'line': b'-- Up-to-date symlink: /home/lee/workspace/ros2_ex_mav/install/px4_msgs/include/px4_msgs/px4_msgs/msg/detail/position_setpoint_triplet__functions.h\n'}
[0.414623] (px4_msgs) StdoutLine: {'line': b'-- Up-to-date symlink: /home/lee/workspace/ros2_ex_mav/install/px4_msgs/include/px4_msgs/px4_msgs/msg/detail/position_setpoint_triplet__struct.h\n'}
[0.414642] (px4_msgs) StdoutLine: {'line': b'-- Up-to-date symlink: /home/lee/workspace/ros2_ex_mav/install/px4_msgs/include/px4_msgs/px4_msgs/msg/detail/position_setpoint_triplet__type_support.h\n'}
[0.414681] (px4_msgs) StdoutLine: {'line': b'-- Up-to-date symlink: /home/lee/workspace/ros2_ex_mav/install/px4_msgs/include/px4_msgs/px4_msgs/msg/detail/power_button_state__functions.h\n'}
[0.414704] (px4_msgs) StdoutLine: {'line': b'-- Up-to-date symlink: /home/lee/workspace/ros2_ex_mav/install/px4_msgs/include/px4_msgs/px4_msgs/msg/detail/power_button_state__struct.h\n'}
[0.414745] (px4_msgs) StdoutLine: {'line': b'-- Up-to-date symlink: /home/lee/workspace/ros2_ex_mav/install/px4_msgs/include/px4_msgs/px4_msgs/msg/detail/power_button_state__type_support.h\n'}
[0.414766] (px4_msgs) StdoutLine: {'line': b'-- Up-to-date symlink: /home/lee/workspace/ros2_ex_mav/install/px4_msgs/include/px4_msgs/px4_msgs/msg/detail/power_monitor__functions.h\n'}
[0.414786] (px4_msgs) StdoutLine: {'line': b'-- Up-to-date symlink: /home/lee/workspace/ros2_ex_mav/install/px4_msgs/include/px4_msgs/px4_msgs/msg/detail/power_monitor__struct.h\n'}
[0.414805] (px4_msgs) StdoutLine: {'line': b'-- Up-to-date symlink: /home/lee/workspace/ros2_ex_mav/install/px4_msgs/include/px4_msgs/px4_msgs/msg/detail/power_monitor__type_support.h\n'}
[0.414825] (px4_msgs) StdoutLine: {'line': b'-- Up-to-date symlink: /home/lee/workspace/ros2_ex_mav/install/px4_msgs/include/px4_msgs/px4_msgs/msg/detail/pps_capture__functions.h\n'}
[0.414844] (px4_msgs) StdoutLine: {'line': b'-- Up-to-date symlink: /home/lee/workspace/ros2_ex_mav/install/px4_msgs/include/px4_msgs/px4_msgs/msg/detail/pps_capture__struct.h\n'}
[0.414864] (px4_msgs) StdoutLine: {'line': b'-- Up-to-date symlink: /home/lee/workspace/ros2_ex_mav/install/px4_msgs/include/px4_msgs/px4_msgs/msg/detail/pps_capture__type_support.h\n'}
[0.414883] (px4_msgs) StdoutLine: {'line': b'-- Up-to-date symlink: /home/lee/workspace/ros2_ex_mav/install/px4_msgs/include/px4_msgs/px4_msgs/msg/detail/pwm_input__functions.h\n'}
[0.414914] (px4_msgs) StdoutLine: {'line': b'-- Up-to-date symlink: /home/lee/workspace/ros2_ex_mav/install/px4_msgs/include/px4_msgs/px4_msgs/msg/detail/pwm_input__struct.h\n'}
[0.414933] (px4_msgs) StdoutLine: {'line': b'-- Up-to-date symlink: /home/lee/workspace/ros2_ex_mav/install/px4_msgs/include/px4_msgs/px4_msgs/msg/detail/pwm_input__type_support.h\n'}
[0.414954] (px4_msgs) StdoutLine: {'line': b'-- Up-to-date symlink: /home/lee/workspace/ros2_ex_mav/install/px4_msgs/include/px4_msgs/px4_msgs/msg/detail/px4io_status__functions.h\n'}
[0.414974] (px4_msgs) StdoutLine: {'line': b'-- Up-to-date symlink: /home/lee/workspace/ros2_ex_mav/install/px4_msgs/include/px4_msgs/px4_msgs/msg/detail/px4io_status__struct.h\n'}
[0.414993] (px4_msgs) StdoutLine: {'line': b'-- Up-to-date symlink: /home/lee/workspace/ros2_ex_mav/install/px4_msgs/include/px4_msgs/px4_msgs/msg/detail/px4io_status__type_support.h\n'}
[0.415012] (px4_msgs) StdoutLine: {'line': b'-- Up-to-date symlink: /home/lee/workspace/ros2_ex_mav/install/px4_msgs/include/px4_msgs/px4_msgs/msg/detail/qshell_req__functions.h\n'}
[0.415032] (px4_msgs) StdoutLine: {'line': b'-- Up-to-date symlink: /home/lee/workspace/ros2_ex_mav/install/px4_msgs/include/px4_msgs/px4_msgs/msg/detail/qshell_req__struct.h\n'}
[0.415051] (px4_msgs) StdoutLine: {'line': b'-- Up-to-date symlink: /home/lee/workspace/ros2_ex_mav/install/px4_msgs/include/px4_msgs/px4_msgs/msg/detail/qshell_req__type_support.h\n'}
[0.415070] (px4_msgs) StdoutLine: {'line': b'-- Up-to-date symlink: /home/lee/workspace/ros2_ex_mav/install/px4_msgs/include/px4_msgs/px4_msgs/msg/detail/qshell_retval__functions.h\n'}
[0.415091] (px4_msgs) StdoutLine: {'line': b'-- Up-to-date symlink: /home/lee/workspace/ros2_ex_mav/install/px4_msgs/include/px4_msgs/px4_msgs/msg/detail/qshell_retval__struct.h\n'}
[0.415110] (px4_msgs) StdoutLine: {'line': b'-- Up-to-date symlink: /home/lee/workspace/ros2_ex_mav/install/px4_msgs/include/px4_msgs/px4_msgs/msg/detail/qshell_retval__type_support.h\n'}
[0.415131] (px4_msgs) StdoutLine: {'line': b'-- Up-to-date symlink: /home/lee/workspace/ros2_ex_mav/install/px4_msgs/include/px4_msgs/px4_msgs/msg/detail/radio_status__functions.h\n'}
[0.415151] (px4_msgs) StdoutLine: {'line': b'-- Up-to-date symlink: /home/lee/workspace/ros2_ex_mav/install/px4_msgs/include/px4_msgs/px4_msgs/msg/detail/radio_status__struct.h\n'}
[0.415173] (px4_msgs) StdoutLine: {'line': b'-- Up-to-date symlink: /home/lee/workspace/ros2_ex_mav/install/px4_msgs/include/px4_msgs/px4_msgs/msg/detail/radio_status__type_support.h\n'}
[0.415237] (px4_msgs) StdoutLine: {'line': b'-- Up-to-date symlink: /home/lee/workspace/ros2_ex_mav/install/px4_msgs/include/px4_msgs/px4_msgs/msg/detail/rate_ctrl_status__functions.h\n'}
[0.415257] (px4_msgs) StdoutLine: {'line': b'-- Up-to-date symlink: /home/lee/workspace/ros2_ex_mav/install/px4_msgs/include/px4_msgs/px4_msgs/msg/detail/rate_ctrl_status__struct.h\n'}
[0.415277] (px4_msgs) StdoutLine: {'line': b'-- Up-to-date symlink: /home/lee/workspace/ros2_ex_mav/install/px4_msgs/include/px4_msgs/px4_msgs/msg/detail/rate_ctrl_status__type_support.h\n'}
[0.415297] (px4_msgs) StdoutLine: {'line': b'-- Up-to-date symlink: /home/lee/workspace/ros2_ex_mav/install/px4_msgs/include/px4_msgs/px4_msgs/msg/detail/rc_channels__functions.h\n'}
[0.415317] (px4_msgs) StdoutLine: {'line': b'-- Up-to-date symlink: /home/lee/workspace/ros2_ex_mav/install/px4_msgs/include/px4_msgs/px4_msgs/msg/detail/rc_channels__struct.h\n'}
[0.415337] (px4_msgs) StdoutLine: {'line': b'-- Up-to-date symlink: /home/lee/workspace/ros2_ex_mav/install/px4_msgs/include/px4_msgs/px4_msgs/msg/detail/rc_channels__type_support.h\n'}
[0.415356] (px4_msgs) StdoutLine: {'line': b'-- Up-to-date symlink: /home/lee/workspace/ros2_ex_mav/install/px4_msgs/include/px4_msgs/px4_msgs/msg/detail/rc_parameter_map__functions.h\n'}
[0.415388] (px4_msgs) StdoutLine: {'line': b'-- Up-to-date symlink: /home/lee/workspace/ros2_ex_mav/install/px4_msgs/include/px4_msgs/px4_msgs/msg/detail/rc_parameter_map__struct.h\n'}
[0.415408] (px4_msgs) StdoutLine: {'line': b'-- Up-to-date symlink: /home/lee/workspace/ros2_ex_mav/install/px4_msgs/include/px4_msgs/px4_msgs/msg/detail/rc_parameter_map__type_support.h\n'}
[0.415427] (px4_msgs) StdoutLine: {'line': b'-- Up-to-date symlink: /home/lee/workspace/ros2_ex_mav/install/px4_msgs/include/px4_msgs/px4_msgs/msg/detail/rpm__functions.h\n'}
[0.415445] (px4_msgs) StdoutLine: {'line': b'-- Up-to-date symlink: /home/lee/workspace/ros2_ex_mav/install/px4_msgs/include/px4_msgs/px4_msgs/msg/detail/rpm__struct.h\n'}
[0.415465] (px4_msgs) StdoutLine: {'line': b'-- Up-to-date symlink: /home/lee/workspace/ros2_ex_mav/install/px4_msgs/include/px4_msgs/px4_msgs/msg/detail/rpm__type_support.h\n'}
[0.415483] (px4_msgs) StdoutLine: {'line': b'-- Up-to-date symlink: /home/lee/workspace/ros2_ex_mav/install/px4_msgs/include/px4_msgs/px4_msgs/msg/detail/rtl_time_estimate__functions.h\n'}
[0.415502] (px4_msgs) StdoutLine: {'line': b'-- Up-to-date symlink: /home/lee/workspace/ros2_ex_mav/install/px4_msgs/include/px4_msgs/px4_msgs/msg/detail/rtl_time_estimate__struct.h\n'}
[0.415522] (px4_msgs) StdoutLine: {'line': b'-- Up-to-date symlink: /home/lee/workspace/ros2_ex_mav/install/px4_msgs/include/px4_msgs/px4_msgs/msg/detail/rtl_time_estimate__type_support.h\n'}
[0.415541] (px4_msgs) StdoutLine: {'line': b'-- Up-to-date symlink: /home/lee/workspace/ros2_ex_mav/install/px4_msgs/include/px4_msgs/px4_msgs/msg/detail/satellite_info__functions.h\n'}
[0.415560] (px4_msgs) StdoutLine: {'line': b'-- Up-to-date symlink: /home/lee/workspace/ros2_ex_mav/install/px4_msgs/include/px4_msgs/px4_msgs/msg/detail/satellite_info__struct.h\n'}
[0.415580] (px4_msgs) StdoutLine: {'line': b'-- Up-to-date symlink: /home/lee/workspace/ros2_ex_mav/install/px4_msgs/include/px4_msgs/px4_msgs/msg/detail/satellite_info__type_support.h\n'}
[0.415599] (px4_msgs) StdoutLine: {'line': b'-- Up-to-date symlink: /home/lee/workspace/ros2_ex_mav/install/px4_msgs/include/px4_msgs/px4_msgs/msg/detail/sensor_accel__functions.h\n'}
[0.415618] (px4_msgs) StdoutLine: {'line': b'-- Up-to-date symlink: /home/lee/workspace/ros2_ex_mav/install/px4_msgs/include/px4_msgs/px4_msgs/msg/detail/sensor_accel__struct.h\n'}
[0.415638] (px4_msgs) StdoutLine: {'line': b'-- Up-to-date symlink: /home/lee/workspace/ros2_ex_mav/install/px4_msgs/include/px4_msgs/px4_msgs/msg/detail/sensor_accel__type_support.h\n'}
[0.415657] (px4_msgs) StdoutLine: {'line': b'-- Up-to-date symlink: /home/lee/workspace/ros2_ex_mav/install/px4_msgs/include/px4_msgs/px4_msgs/msg/detail/sensor_accel_fifo__functions.h\n'}
[0.415717] (px4_msgs) StdoutLine: {'line': b'-- Up-to-date symlink: /home/lee/workspace/ros2_ex_mav/install/px4_msgs/include/px4_msgs/px4_msgs/msg/detail/sensor_accel_fifo__struct.h\n'}
[0.415736] (px4_msgs) StdoutLine: {'line': b'-- Up-to-date symlink: /home/lee/workspace/ros2_ex_mav/install/px4_msgs/include/px4_msgs/px4_msgs/msg/detail/sensor_accel_fifo__type_support.h\n'}
[0.415755] (px4_msgs) StdoutLine: {'line': b'-- Up-to-date symlink: /home/lee/workspace/ros2_ex_mav/install/px4_msgs/include/px4_msgs/px4_msgs/msg/detail/sensor_baro__functions.h\n'}
[0.415773] (px4_msgs) StdoutLine: {'line': b'-- Up-to-date symlink: /home/lee/workspace/ros2_ex_mav/install/px4_msgs/include/px4_msgs/px4_msgs/msg/detail/sensor_baro__struct.h\n'}
[0.415792] (px4_msgs) StdoutLine: {'line': b'-- Up-to-date symlink: /home/lee/workspace/ros2_ex_mav/install/px4_msgs/include/px4_msgs/px4_msgs/msg/detail/sensor_baro__type_support.h\n'}
[0.415811] (px4_msgs) StdoutLine: {'line': b'-- Up-to-date symlink: /home/lee/workspace/ros2_ex_mav/install/px4_msgs/include/px4_msgs/px4_msgs/msg/detail/sensor_combined__functions.h\n'}
[0.415838] (px4_msgs) StdoutLine: {'line': b'-- Up-to-date symlink: /home/lee/workspace/ros2_ex_mav/install/px4_msgs/include/px4_msgs/px4_msgs/msg/detail/sensor_combined__struct.h\n'}
[0.415858] (px4_msgs) StdoutLine: {'line': b'-- Up-to-date symlink: /home/lee/workspace/ros2_ex_mav/install/px4_msgs/include/px4_msgs/px4_msgs/msg/detail/sensor_combined__type_support.h\n'}
[0.415877] (px4_msgs) StdoutLine: {'line': b'-- Up-to-date symlink: /home/lee/workspace/ros2_ex_mav/install/px4_msgs/include/px4_msgs/px4_msgs/msg/detail/sensor_correction__functions.h\n'}
[0.415896] (px4_msgs) StdoutLine: {'line': b'-- Up-to-date symlink: /home/lee/workspace/ros2_ex_mav/install/px4_msgs/include/px4_msgs/px4_msgs/msg/detail/sensor_correction__struct.h\n'}
[0.415915] (px4_msgs) StdoutLine: {'line': b'-- Up-to-date symlink: /home/lee/workspace/ros2_ex_mav/install/px4_msgs/include/px4_msgs/px4_msgs/msg/detail/sensor_correction__type_support.h\n'}
[0.415934] (px4_msgs) StdoutLine: {'line': b'-- Up-to-date symlink: /home/lee/workspace/ros2_ex_mav/install/px4_msgs/include/px4_msgs/px4_msgs/msg/detail/sensor_gnss_relative__functions.h\n'}
[0.415955] (px4_msgs) StdoutLine: {'line': b'-- Up-to-date symlink: /home/lee/workspace/ros2_ex_mav/install/px4_msgs/include/px4_msgs/px4_msgs/msg/detail/sensor_gnss_relative__struct.h\n'}
[0.415974] (px4_msgs) StdoutLine: {'line': b'-- Up-to-date symlink: /home/lee/workspace/ros2_ex_mav/install/px4_msgs/include/px4_msgs/px4_msgs/msg/detail/sensor_gnss_relative__type_support.h\n'}
[0.416010] (px4_msgs) StdoutLine: {'line': b'-- Up-to-date symlink: /home/lee/workspace/ros2_ex_mav/install/px4_msgs/include/px4_msgs/px4_msgs/msg/detail/sensor_gps__functions.h\n'}
[0.416029] (px4_msgs) StdoutLine: {'line': b'-- Up-to-date symlink: /home/lee/workspace/ros2_ex_mav/install/px4_msgs/include/px4_msgs/px4_msgs/msg/detail/sensor_gps__struct.h\n'}
[0.416049] (px4_msgs) StdoutLine: {'line': b'-- Up-to-date symlink: /home/lee/workspace/ros2_ex_mav/install/px4_msgs/include/px4_msgs/px4_msgs/msg/detail/sensor_gps__type_support.h\n'}
[0.416068] (px4_msgs) StdoutLine: {'line': b'-- Up-to-date symlink: /home/lee/workspace/ros2_ex_mav/install/px4_msgs/include/px4_msgs/px4_msgs/msg/detail/sensor_gyro__functions.h\n'}
[0.416086] (px4_msgs) StdoutLine: {'line': b'-- Up-to-date symlink: /home/lee/workspace/ros2_ex_mav/install/px4_msgs/include/px4_msgs/px4_msgs/msg/detail/sensor_gyro__struct.h\n'}
[0.416106] (px4_msgs) StdoutLine: {'line': b'-- Up-to-date symlink: /home/lee/workspace/ros2_ex_mav/install/px4_msgs/include/px4_msgs/px4_msgs/msg/detail/sensor_gyro__type_support.h\n'}
[0.416125] (px4_msgs) StdoutLine: {'line': b'-- Up-to-date symlink: /home/lee/workspace/ros2_ex_mav/install/px4_msgs/include/px4_msgs/px4_msgs/msg/detail/sensor_gyro_fft__functions.h\n'}
[0.416144] (px4_msgs) StdoutLine: {'line': b'-- Up-to-date symlink: /home/lee/workspace/ros2_ex_mav/install/px4_msgs/include/px4_msgs/px4_msgs/msg/detail/sensor_gyro_fft__struct.h\n'}
[0.416164] (px4_msgs) StdoutLine: {'line': b'-- Up-to-date symlink: /home/lee/workspace/ros2_ex_mav/install/px4_msgs/include/px4_msgs/px4_msgs/msg/detail/sensor_gyro_fft__type_support.h\n'}
[0.416187] (px4_msgs) StdoutLine: {'line': b'-- Up-to-date symlink: /home/lee/workspace/ros2_ex_mav/install/px4_msgs/include/px4_msgs/px4_msgs/msg/detail/sensor_gyro_fifo__functions.h\n'}
[0.416206] (px4_msgs) StdoutLine: {'line': b'-- Up-to-date symlink: /home/lee/workspace/ros2_ex_mav/install/px4_msgs/include/px4_msgs/px4_msgs/msg/detail/sensor_gyro_fifo__struct.h\n'}
[0.416225] (px4_msgs) StdoutLine: {'line': b'-- Up-to-date symlink: /home/lee/workspace/ros2_ex_mav/install/px4_msgs/include/px4_msgs/px4_msgs/msg/detail/sensor_gyro_fifo__type_support.h\n'}
[0.416244] (px4_msgs) StdoutLine: {'line': b'-- Up-to-date symlink: /home/lee/workspace/ros2_ex_mav/install/px4_msgs/include/px4_msgs/px4_msgs/msg/detail/sensor_hygrometer__functions.h\n'}
[0.416262] (px4_msgs) StdoutLine: {'line': b'-- Up-to-date symlink: /home/lee/workspace/ros2_ex_mav/install/px4_msgs/include/px4_msgs/px4_msgs/msg/detail/sensor_hygrometer__struct.h\n'}
[0.416281] (px4_msgs) StdoutLine: {'line': b'-- Up-to-date symlink: /home/lee/workspace/ros2_ex_mav/install/px4_msgs/include/px4_msgs/px4_msgs/msg/detail/sensor_hygrometer__type_support.h\n'}
[0.416300] (px4_msgs) StdoutLine: {'line': b'-- Up-to-date symlink: /home/lee/workspace/ros2_ex_mav/install/px4_msgs/include/px4_msgs/px4_msgs/msg/detail/sensor_mag__functions.h\n'}
[0.416320] (px4_msgs) StdoutLine: {'line': b'-- Up-to-date symlink: /home/lee/workspace/ros2_ex_mav/install/px4_msgs/include/px4_msgs/px4_msgs/msg/detail/sensor_mag__struct.h\n'}
[0.416339] (px4_msgs) StdoutLine: {'line': b'-- Up-to-date symlink: /home/lee/workspace/ros2_ex_mav/install/px4_msgs/include/px4_msgs/px4_msgs/msg/detail/sensor_mag__type_support.h\n'}
[0.416358] (px4_msgs) StdoutLine: {'line': b'-- Up-to-date symlink: /home/lee/workspace/ros2_ex_mav/install/px4_msgs/include/px4_msgs/px4_msgs/msg/detail/sensor_optical_flow__functions.h\n'}
[0.416377] (px4_msgs) StdoutLine: {'line': b'-- Up-to-date symlink: /home/lee/workspace/ros2_ex_mav/install/px4_msgs/include/px4_msgs/px4_msgs/msg/detail/sensor_optical_flow__struct.h\n'}
[0.416395] (px4_msgs) StdoutLine: {'line': b'-- Up-to-date symlink: /home/lee/workspace/ros2_ex_mav/install/px4_msgs/include/px4_msgs/px4_msgs/msg/detail/sensor_optical_flow__type_support.h\n'}
[0.416414] (px4_msgs) StdoutLine: {'line': b'-- Up-to-date symlink: /home/lee/workspace/ros2_ex_mav/install/px4_msgs/include/px4_msgs/px4_msgs/msg/detail/sensor_preflight_mag__functions.h\n'}
[0.416453] (px4_msgs) StdoutLine: {'line': b'-- Up-to-date symlink: /home/lee/workspace/ros2_ex_mav/install/px4_msgs/include/px4_msgs/px4_msgs/msg/detail/sensor_preflight_mag__struct.h\n'}
[0.416472] (px4_msgs) StdoutLine: {'line': b'-- Up-to-date symlink: /home/lee/workspace/ros2_ex_mav/install/px4_msgs/include/px4_msgs/px4_msgs/msg/detail/sensor_preflight_mag__type_support.h\n'}
[0.416491] (px4_msgs) StdoutLine: {'line': b'-- Up-to-date symlink: /home/lee/workspace/ros2_ex_mav/install/px4_msgs/include/px4_msgs/px4_msgs/msg/detail/sensor_selection__functions.h\n'}
[0.416510] (px4_msgs) StdoutLine: {'line': b'-- Up-to-date symlink: /home/lee/workspace/ros2_ex_mav/install/px4_msgs/include/px4_msgs/px4_msgs/msg/detail/sensor_selection__struct.h\n'}
[0.416529] (px4_msgs) StdoutLine: {'line': b'-- Up-to-date symlink: /home/lee/workspace/ros2_ex_mav/install/px4_msgs/include/px4_msgs/px4_msgs/msg/detail/sensor_selection__type_support.h\n'}
[0.416548] (px4_msgs) StdoutLine: {'line': b'-- Up-to-date symlink: /home/lee/workspace/ros2_ex_mav/install/px4_msgs/include/px4_msgs/px4_msgs/msg/detail/sensor_uwb__functions.h\n'}
[0.416568] (px4_msgs) StdoutLine: {'line': b'-- Up-to-date symlink: /home/lee/workspace/ros2_ex_mav/install/px4_msgs/include/px4_msgs/px4_msgs/msg/detail/sensor_uwb__struct.h\n'}
[0.416586] (px4_msgs) StdoutLine: {'line': b'-- Up-to-date symlink: /home/lee/workspace/ros2_ex_mav/install/px4_msgs/include/px4_msgs/px4_msgs/msg/detail/sensor_uwb__type_support.h\n'}
[0.416636] (px4_msgs) StdoutLine: {'line': b'-- Up-to-date symlink: /home/lee/workspace/ros2_ex_mav/install/px4_msgs/include/px4_msgs/px4_msgs/msg/detail/sensors_status__functions.h\n'}
[0.416655] (px4_msgs) StdoutLine: {'line': b'-- Up-to-date symlink: /home/lee/workspace/ros2_ex_mav/install/px4_msgs/include/px4_msgs/px4_msgs/msg/detail/sensors_status__struct.h\n'}
[0.416675] (px4_msgs) StdoutLine: {'line': b'-- Up-to-date symlink: /home/lee/workspace/ros2_ex_mav/install/px4_msgs/include/px4_msgs/px4_msgs/msg/detail/sensors_status__type_support.h\n'}
[0.416710] (px4_msgs) StdoutLine: {'line': b'-- Up-to-date symlink: /home/lee/workspace/ros2_ex_mav/install/px4_msgs/include/px4_msgs/px4_msgs/msg/detail/sensors_status_imu__functions.h\n'}
[0.416729] (px4_msgs) StdoutLine: {'line': b'-- Up-to-date symlink: /home/lee/workspace/ros2_ex_mav/install/px4_msgs/include/px4_msgs/px4_msgs/msg/detail/sensors_status_imu__struct.h\n'}
[0.416748] (px4_msgs) StdoutLine: {'line': b'-- Up-to-date symlink: /home/lee/workspace/ros2_ex_mav/install/px4_msgs/include/px4_msgs/px4_msgs/msg/detail/sensors_status_imu__type_support.h\n'}
[0.416767] (px4_msgs) StdoutLine: {'line': b'-- Up-to-date symlink: /home/lee/workspace/ros2_ex_mav/install/px4_msgs/include/px4_msgs/px4_msgs/msg/detail/system_power__functions.h\n'}
[0.416786] (px4_msgs) StdoutLine: {'line': b'-- Up-to-date symlink: /home/lee/workspace/ros2_ex_mav/install/px4_msgs/include/px4_msgs/px4_msgs/msg/detail/system_power__struct.h\n'}
[0.416805] (px4_msgs) StdoutLine: {'line': b'-- Up-to-date symlink: /home/lee/workspace/ros2_ex_mav/install/px4_msgs/include/px4_msgs/px4_msgs/msg/detail/system_power__type_support.h\n'}
[0.416824] (px4_msgs) StdoutLine: {'line': b'-- Up-to-date symlink: /home/lee/workspace/ros2_ex_mav/install/px4_msgs/include/px4_msgs/px4_msgs/msg/detail/takeoff_status__functions.h\n'}
[0.416843] (px4_msgs) StdoutLine: {'line': b'-- Up-to-date symlink: /home/lee/workspace/ros2_ex_mav/install/px4_msgs/include/px4_msgs/px4_msgs/msg/detail/takeoff_status__struct.h\n'}
[0.416862] (px4_msgs) StdoutLine: {'line': b'-- Up-to-date symlink: /home/lee/workspace/ros2_ex_mav/install/px4_msgs/include/px4_msgs/px4_msgs/msg/detail/takeoff_status__type_support.h\n'}
[0.416881] (px4_msgs) StdoutLine: {'line': b'-- Up-to-date symlink: /home/lee/workspace/ros2_ex_mav/install/px4_msgs/include/px4_msgs/px4_msgs/msg/detail/task_stack_info__functions.h\n'}
[0.416899] (px4_msgs) StdoutLine: {'line': b'-- Up-to-date symlink: /home/lee/workspace/ros2_ex_mav/install/px4_msgs/include/px4_msgs/px4_msgs/msg/detail/task_stack_info__struct.h\n'}
[0.416918] (px4_msgs) StdoutLine: {'line': b'-- Up-to-date symlink: /home/lee/workspace/ros2_ex_mav/install/px4_msgs/include/px4_msgs/px4_msgs/msg/detail/task_stack_info__type_support.h\n'}
[0.416937] (px4_msgs) StdoutLine: {'line': b'-- Up-to-date symlink: /home/lee/workspace/ros2_ex_mav/install/px4_msgs/include/px4_msgs/px4_msgs/msg/detail/tecs_status__functions.h\n'}
[0.416955] (px4_msgs) StdoutLine: {'line': b'-- Up-to-date symlink: /home/lee/workspace/ros2_ex_mav/install/px4_msgs/include/px4_msgs/px4_msgs/msg/detail/tecs_status__struct.h\n'}
[0.416974] (px4_msgs) StdoutLine: {'line': b'-- Up-to-date symlink: /home/lee/workspace/ros2_ex_mav/install/px4_msgs/include/px4_msgs/px4_msgs/msg/detail/tecs_status__type_support.h\n'}
[0.416992] (px4_msgs) StdoutLine: {'line': b'-- Up-to-date symlink: /home/lee/workspace/ros2_ex_mav/install/px4_msgs/include/px4_msgs/px4_msgs/msg/detail/telemetry_status__functions.h\n'}
[0.417011] (px4_msgs) StdoutLine: {'line': b'-- Up-to-date symlink: /home/lee/workspace/ros2_ex_mav/install/px4_msgs/include/px4_msgs/px4_msgs/msg/detail/telemetry_status__struct.h\n'}
[0.417029] (px4_msgs) StdoutLine: {'line': b'-- Up-to-date symlink: /home/lee/workspace/ros2_ex_mav/install/px4_msgs/include/px4_msgs/px4_msgs/msg/detail/telemetry_status__type_support.h\n'}
[0.417048] (px4_msgs) StdoutLine: {'line': b'-- Up-to-date symlink: /home/lee/workspace/ros2_ex_mav/install/px4_msgs/include/px4_msgs/px4_msgs/msg/detail/tiltrotor_extra_controls__functions.h\n'}
[0.417069] (px4_msgs) StdoutLine: {'line': b'-- Up-to-date symlink: /home/lee/workspace/ros2_ex_mav/install/px4_msgs/include/px4_msgs/px4_msgs/msg/detail/tiltrotor_extra_controls__struct.h\n'}
[0.417100] (px4_msgs) StdoutLine: {'line': b'-- Up-to-date symlink: /home/lee/workspace/ros2_ex_mav/install/px4_msgs/include/px4_msgs/px4_msgs/msg/detail/tiltrotor_extra_controls__type_support.h\n'}
[0.417120] (px4_msgs) StdoutLine: {'line': b'-- Up-to-date symlink: /home/lee/workspace/ros2_ex_mav/install/px4_msgs/include/px4_msgs/px4_msgs/msg/detail/timesync_status__functions.h\n'}
[0.417139] (px4_msgs) StdoutLine: {'line': b'-- Up-to-date symlink: /home/lee/workspace/ros2_ex_mav/install/px4_msgs/include/px4_msgs/px4_msgs/msg/detail/timesync_status__struct.h\n'}
[0.417158] (px4_msgs) StdoutLine: {'line': b'-- Up-to-date symlink: /home/lee/workspace/ros2_ex_mav/install/px4_msgs/include/px4_msgs/px4_msgs/msg/detail/timesync_status__type_support.h\n'}
[0.417181] (px4_msgs) StdoutLine: {'line': b'-- Up-to-date symlink: /home/lee/workspace/ros2_ex_mav/install/px4_msgs/include/px4_msgs/px4_msgs/msg/detail/trajectory_bezier__functions.h\n'}
[0.417201] (px4_msgs) StdoutLine: {'line': b'-- Up-to-date symlink: /home/lee/workspace/ros2_ex_mav/install/px4_msgs/include/px4_msgs/px4_msgs/msg/detail/trajectory_bezier__struct.h\n'}
[0.417220] (px4_msgs) StdoutLine: {'line': b'-- Up-to-date symlink: /home/lee/workspace/ros2_ex_mav/install/px4_msgs/include/px4_msgs/px4_msgs/msg/detail/trajectory_bezier__type_support.h\n'}
[0.417242] (px4_msgs) StdoutLine: {'line': b'-- Up-to-date symlink: /home/lee/workspace/ros2_ex_mav/install/px4_msgs/include/px4_msgs/px4_msgs/msg/detail/trajectory_setpoint__functions.h\n'}
[0.417260] (px4_msgs) StdoutLine: {'line': b'-- Up-to-date symlink: /home/lee/workspace/ros2_ex_mav/install/px4_msgs/include/px4_msgs/px4_msgs/msg/detail/trajectory_setpoint__struct.h\n'}
[0.417279] (px4_msgs) StdoutLine: {'line': b'-- Up-to-date symlink: /home/lee/workspace/ros2_ex_mav/install/px4_msgs/include/px4_msgs/px4_msgs/msg/detail/trajectory_setpoint__type_support.h\n'}
[0.417298] (px4_msgs) StdoutLine: {'line': b'-- Up-to-date symlink: /home/lee/workspace/ros2_ex_mav/install/px4_msgs/include/px4_msgs/px4_msgs/msg/detail/trajectory_waypoint__functions.h\n'}
[0.417316] (px4_msgs) StdoutLine: {'line': b'-- Up-to-date symlink: /home/lee/workspace/ros2_ex_mav/install/px4_msgs/include/px4_msgs/px4_msgs/msg/detail/trajectory_waypoint__struct.h\n'}
[0.417334] (px4_msgs) StdoutLine: {'line': b'-- Up-to-date symlink: /home/lee/workspace/ros2_ex_mav/install/px4_msgs/include/px4_msgs/px4_msgs/msg/detail/trajectory_waypoint__type_support.h\n'}
[0.417353] (px4_msgs) StdoutLine: {'line': b'-- Up-to-date symlink: /home/lee/workspace/ros2_ex_mav/install/px4_msgs/include/px4_msgs/px4_msgs/msg/detail/transponder_report__functions.h\n'}
[0.417372] (px4_msgs) StdoutLine: {'line': b'-- Up-to-date symlink: /home/lee/workspace/ros2_ex_mav/install/px4_msgs/include/px4_msgs/px4_msgs/msg/detail/transponder_report__struct.h\n'}
[0.417391] (px4_msgs) StdoutLine: {'line': b'-- Up-to-date symlink: /home/lee/workspace/ros2_ex_mav/install/px4_msgs/include/px4_msgs/px4_msgs/msg/detail/transponder_report__type_support.h\n'}
[0.417410] (px4_msgs) StdoutLine: {'line': b'-- Up-to-date symlink: /home/lee/workspace/ros2_ex_mav/install/px4_msgs/include/px4_msgs/px4_msgs/msg/detail/tune_control__functions.h\n'}
[0.417430] (px4_msgs) StdoutLine: {'line': b'-- Up-to-date symlink: /home/lee/workspace/ros2_ex_mav/install/px4_msgs/include/px4_msgs/px4_msgs/msg/detail/tune_control__struct.h\n'}
[0.417458] (px4_msgs) StdoutLine: {'line': b'-- Up-to-date symlink: /home/lee/workspace/ros2_ex_mav/install/px4_msgs/include/px4_msgs/px4_msgs/msg/detail/tune_control__type_support.h\n'}
[0.417478] (px4_msgs) StdoutLine: {'line': b'-- Up-to-date symlink: /home/lee/workspace/ros2_ex_mav/install/px4_msgs/include/px4_msgs/px4_msgs/msg/detail/uavcan_parameter_request__functions.h\n'}
[0.417501] (px4_msgs) StdoutLine: {'line': b'-- Up-to-date symlink: /home/lee/workspace/ros2_ex_mav/install/px4_msgs/include/px4_msgs/px4_msgs/msg/detail/uavcan_parameter_request__struct.h\n'}
[0.417532] (px4_msgs) StdoutLine: {'line': b'-- Up-to-date symlink: /home/lee/workspace/ros2_ex_mav/install/px4_msgs/include/px4_msgs/px4_msgs/msg/detail/uavcan_parameter_request__type_support.h\n'}
[0.417556] (px4_msgs) StdoutLine: {'line': b'-- Up-to-date symlink: /home/lee/workspace/ros2_ex_mav/install/px4_msgs/include/px4_msgs/px4_msgs/msg/detail/uavcan_parameter_value__functions.h\n'}
[0.417579] (px4_msgs) StdoutLine: {'line': b'-- Up-to-date symlink: /home/lee/workspace/ros2_ex_mav/install/px4_msgs/include/px4_msgs/px4_msgs/msg/detail/uavcan_parameter_value__struct.h\n'}
[0.417602] (px4_msgs) StdoutLine: {'line': b'-- Up-to-date symlink: /home/lee/workspace/ros2_ex_mav/install/px4_msgs/include/px4_msgs/px4_msgs/msg/detail/uavcan_parameter_value__type_support.h\n'}
[0.417622] (px4_msgs) StdoutLine: {'line': b'-- Up-to-date symlink: /home/lee/workspace/ros2_ex_mav/install/px4_msgs/include/px4_msgs/px4_msgs/msg/detail/ulog_stream__functions.h\n'}
[0.417680] (px4_msgs) StdoutLine: {'line': b'-- Up-to-date symlink: /home/lee/workspace/ros2_ex_mav/install/px4_msgs/include/px4_msgs/px4_msgs/msg/detail/ulog_stream__struct.h\n'}
[0.417699] (px4_msgs) StdoutLine: {'line': b'-- Up-to-date symlink: /home/lee/workspace/ros2_ex_mav/install/px4_msgs/include/px4_msgs/px4_msgs/msg/detail/ulog_stream__type_support.h\n'}
[0.417720] (px4_msgs) StdoutLine: {'line': b'-- Up-to-date symlink: /home/lee/workspace/ros2_ex_mav/install/px4_msgs/include/px4_msgs/px4_msgs/msg/detail/ulog_stream_ack__functions.h\n'}
[0.417740] (px4_msgs) StdoutLine: {'line': b'-- Up-to-date symlink: /home/lee/workspace/ros2_ex_mav/install/px4_msgs/include/px4_msgs/px4_msgs/msg/detail/ulog_stream_ack__struct.h\n'}
[0.417760] (px4_msgs) StdoutLine: {'line': b'-- Up-to-date symlink: /home/lee/workspace/ros2_ex_mav/install/px4_msgs/include/px4_msgs/px4_msgs/msg/detail/ulog_stream_ack__type_support.h\n'}
[0.417779] (px4_msgs) StdoutLine: {'line': b'-- Up-to-date symlink: /home/lee/workspace/ros2_ex_mav/install/px4_msgs/include/px4_msgs/px4_msgs/msg/detail/vehicle_acceleration__functions.h\n'}
[0.417798] (px4_msgs) StdoutLine: {'line': b'-- Up-to-date symlink: /home/lee/workspace/ros2_ex_mav/install/px4_msgs/include/px4_msgs/px4_msgs/msg/detail/vehicle_acceleration__struct.h\n'}
[0.417817] (px4_msgs) StdoutLine: {'line': b'-- Up-to-date symlink: /home/lee/workspace/ros2_ex_mav/install/px4_msgs/include/px4_msgs/px4_msgs/msg/detail/vehicle_acceleration__type_support.h\n'}
[0.417836] (px4_msgs) StdoutLine: {'line': b'-- Up-to-date symlink: /home/lee/workspace/ros2_ex_mav/install/px4_msgs/include/px4_msgs/px4_msgs/msg/detail/vehicle_air_data__functions.h\n'}
[0.417856] (px4_msgs) StdoutLine: {'line': b'-- Up-to-date symlink: /home/lee/workspace/ros2_ex_mav/install/px4_msgs/include/px4_msgs/px4_msgs/msg/detail/vehicle_air_data__struct.h\n'}
[0.417878] (px4_msgs) StdoutLine: {'line': b'-- Up-to-date symlink: /home/lee/workspace/ros2_ex_mav/install/px4_msgs/include/px4_msgs/px4_msgs/msg/detail/vehicle_air_data__type_support.h\n'}
[0.417931] (px4_msgs) StdoutLine: {'line': b'-- Up-to-date symlink: /home/lee/workspace/ros2_ex_mav/install/px4_msgs/include/px4_msgs/px4_msgs/msg/detail/vehicle_angular_acceleration_setpoint__functions.h\n'}
[0.417951] (px4_msgs) StdoutLine: {'line': b'-- Up-to-date symlink: /home/lee/workspace/ros2_ex_mav/install/px4_msgs/include/px4_msgs/px4_msgs/msg/detail/vehicle_angular_acceleration_setpoint__struct.h\n'}
[0.417971] (px4_msgs) StdoutLine: {'line': b'-- Up-to-date symlink: /home/lee/workspace/ros2_ex_mav/install/px4_msgs/include/px4_msgs/px4_msgs/msg/detail/vehicle_angular_acceleration_setpoint__type_support.h\n'}
[0.417991] (px4_msgs) StdoutLine: {'line': b'-- Up-to-date symlink: /home/lee/workspace/ros2_ex_mav/install/px4_msgs/include/px4_msgs/px4_msgs/msg/detail/vehicle_angular_velocity__functions.h\n'}
[0.418010] (px4_msgs) StdoutLine: {'line': b'-- Up-to-date symlink: /home/lee/workspace/ros2_ex_mav/install/px4_msgs/include/px4_msgs/px4_msgs/msg/detail/vehicle_angular_velocity__struct.h\n'}
[0.418055] (px4_msgs) StdoutLine: {'line': b'-- Up-to-date symlink: /home/lee/workspace/ros2_ex_mav/install/px4_msgs/include/px4_msgs/px4_msgs/msg/detail/vehicle_angular_velocity__type_support.h\n'}
[0.418076] (px4_msgs) StdoutLine: {'line': b'-- Up-to-date symlink: /home/lee/workspace/ros2_ex_mav/install/px4_msgs/include/px4_msgs/px4_msgs/msg/detail/vehicle_attitude__functions.h\n'}
[0.418096] (px4_msgs) StdoutLine: {'line': b'-- Up-to-date symlink: /home/lee/workspace/ros2_ex_mav/install/px4_msgs/include/px4_msgs/px4_msgs/msg/detail/vehicle_attitude__struct.h\n'}
[0.418115] (px4_msgs) StdoutLine: {'line': b'-- Up-to-date symlink: /home/lee/workspace/ros2_ex_mav/install/px4_msgs/include/px4_msgs/px4_msgs/msg/detail/vehicle_attitude__type_support.h\n'}
[0.418136] (px4_msgs) StdoutLine: {'line': b'-- Up-to-date symlink: /home/lee/workspace/ros2_ex_mav/install/px4_msgs/include/px4_msgs/px4_msgs/msg/detail/vehicle_attitude_setpoint__functions.h\n'}
[0.418155] (px4_msgs) StdoutLine: {'line': b'-- Up-to-date symlink: /home/lee/workspace/ros2_ex_mav/install/px4_msgs/include/px4_msgs/px4_msgs/msg/detail/vehicle_attitude_setpoint__struct.h\n'}
[0.418191] (px4_msgs) StdoutLine: {'line': b'-- Up-to-date symlink: /home/lee/workspace/ros2_ex_mav/install/px4_msgs/include/px4_msgs/px4_msgs/msg/detail/vehicle_attitude_setpoint__type_support.h\n'}
[0.418212] (px4_msgs) StdoutLine: {'line': b'-- Up-to-date symlink: /home/lee/workspace/ros2_ex_mav/install/px4_msgs/include/px4_msgs/px4_msgs/msg/detail/vehicle_command__functions.h\n'}
[0.418231] (px4_msgs) StdoutLine: {'line': b'-- Up-to-date symlink: /home/lee/workspace/ros2_ex_mav/install/px4_msgs/include/px4_msgs/px4_msgs/msg/detail/vehicle_command__struct.h\n'}
[0.418250] (px4_msgs) StdoutLine: {'line': b'-- Up-to-date symlink: /home/lee/workspace/ros2_ex_mav/install/px4_msgs/include/px4_msgs/px4_msgs/msg/detail/vehicle_command__type_support.h\n'}
[0.418271] (px4_msgs) StdoutLine: {'line': b'-- Up-to-date symlink: /home/lee/workspace/ros2_ex_mav/install/px4_msgs/include/px4_msgs/px4_msgs/msg/detail/vehicle_command_ack__functions.h\n'}
[0.418291] (px4_msgs) StdoutLine: {'line': b'-- Up-to-date symlink: /home/lee/workspace/ros2_ex_mav/install/px4_msgs/include/px4_msgs/px4_msgs/msg/detail/vehicle_command_ack__struct.h\n'}
[0.418310] (px4_msgs) StdoutLine: {'line': b'-- Up-to-date symlink: /home/lee/workspace/ros2_ex_mav/install/px4_msgs/include/px4_msgs/px4_msgs/msg/detail/vehicle_command_ack__type_support.h\n'}
[0.418331] (px4_msgs) StdoutLine: {'line': b'-- Up-to-date symlink: /home/lee/workspace/ros2_ex_mav/install/px4_msgs/include/px4_msgs/px4_msgs/msg/detail/vehicle_constraints__functions.h\n'}
[0.418350] (px4_msgs) StdoutLine: {'line': b'-- Up-to-date symlink: /home/lee/workspace/ros2_ex_mav/install/px4_msgs/include/px4_msgs/px4_msgs/msg/detail/vehicle_constraints__struct.h\n'}
[0.418369] (px4_msgs) StdoutLine: {'line': b'-- Up-to-date symlink: /home/lee/workspace/ros2_ex_mav/install/px4_msgs/include/px4_msgs/px4_msgs/msg/detail/vehicle_constraints__type_support.h\n'}
[0.418388] (px4_msgs) StdoutLine: {'line': b'-- Up-to-date symlink: /home/lee/workspace/ros2_ex_mav/install/px4_msgs/include/px4_msgs/px4_msgs/msg/detail/vehicle_control_mode__functions.h\n'}
[0.418407] (px4_msgs) StdoutLine: {'line': b'-- Up-to-date symlink: /home/lee/workspace/ros2_ex_mav/install/px4_msgs/include/px4_msgs/px4_msgs/msg/detail/vehicle_control_mode__struct.h\n'}
[0.418428] (px4_msgs) StdoutLine: {'line': b'-- Up-to-date symlink: /home/lee/workspace/ros2_ex_mav/install/px4_msgs/include/px4_msgs/px4_msgs/msg/detail/vehicle_control_mode__type_support.h\n'}
[0.418446] (px4_msgs) StdoutLine: {'line': b'-- Up-to-date symlink: /home/lee/workspace/ros2_ex_mav/install/px4_msgs/include/px4_msgs/px4_msgs/msg/detail/vehicle_global_position__functions.h\n'}
[0.418465] (px4_msgs) StdoutLine: {'line': b'-- Up-to-date symlink: /home/lee/workspace/ros2_ex_mav/install/px4_msgs/include/px4_msgs/px4_msgs/msg/detail/vehicle_global_position__struct.h\n'}
[0.418501] (px4_msgs) StdoutLine: {'line': b'-- Up-to-date symlink: /home/lee/workspace/ros2_ex_mav/install/px4_msgs/include/px4_msgs/px4_msgs/msg/detail/vehicle_global_position__type_support.h\n'}
[0.418544] (px4_msgs) StdoutLine: {'line': b'-- Up-to-date symlink: /home/lee/workspace/ros2_ex_mav/install/px4_msgs/include/px4_msgs/px4_msgs/msg/detail/vehicle_imu__functions.h\n'}
[0.418563] (px4_msgs) StdoutLine: {'line': b'-- Up-to-date symlink: /home/lee/workspace/ros2_ex_mav/install/px4_msgs/include/px4_msgs/px4_msgs/msg/detail/vehicle_imu__struct.h\n'}
[0.418582] (px4_msgs) StdoutLine: {'line': b'-- Up-to-date symlink: /home/lee/workspace/ros2_ex_mav/install/px4_msgs/include/px4_msgs/px4_msgs/msg/detail/vehicle_imu__type_support.h\n'}
[0.418601] (px4_msgs) StdoutLine: {'line': b'-- Up-to-date symlink: /home/lee/workspace/ros2_ex_mav/install/px4_msgs/include/px4_msgs/px4_msgs/msg/detail/vehicle_imu_status__functions.h\n'}
[0.418620] (px4_msgs) StdoutLine: {'line': b'-- Up-to-date symlink: /home/lee/workspace/ros2_ex_mav/install/px4_msgs/include/px4_msgs/px4_msgs/msg/detail/vehicle_imu_status__struct.h\n'}
[0.418650] (px4_msgs) StdoutLine: {'line': b'-- Up-to-date symlink: /home/lee/workspace/ros2_ex_mav/install/px4_msgs/include/px4_msgs/px4_msgs/msg/detail/vehicle_imu_status__type_support.h\n'}
[0.418680] (px4_msgs) StdoutLine: {'line': b'-- Up-to-date symlink: /home/lee/workspace/ros2_ex_mav/install/px4_msgs/include/px4_msgs/px4_msgs/msg/detail/vehicle_land_detected__functions.h\n'}
[0.418699] (px4_msgs) StdoutLine: {'line': b'-- Up-to-date symlink: /home/lee/workspace/ros2_ex_mav/install/px4_msgs/include/px4_msgs/px4_msgs/msg/detail/vehicle_land_detected__struct.h\n'}
[0.418718] (px4_msgs) StdoutLine: {'line': b'-- Up-to-date symlink: /home/lee/workspace/ros2_ex_mav/install/px4_msgs/include/px4_msgs/px4_msgs/msg/detail/vehicle_land_detected__type_support.h\n'}
[0.418737] (px4_msgs) StdoutLine: {'line': b'-- Up-to-date symlink: /home/lee/workspace/ros2_ex_mav/install/px4_msgs/include/px4_msgs/px4_msgs/msg/detail/vehicle_local_position__functions.h\n'}
[0.418755] (px4_msgs) StdoutLine: {'line': b'-- Up-to-date symlink: /home/lee/workspace/ros2_ex_mav/install/px4_msgs/include/px4_msgs/px4_msgs/msg/detail/vehicle_local_position__struct.h\n'}
[0.418773] (px4_msgs) StdoutLine: {'line': b'-- Up-to-date symlink: /home/lee/workspace/ros2_ex_mav/install/px4_msgs/include/px4_msgs/px4_msgs/msg/detail/vehicle_local_position__type_support.h\n'}
[0.418792] (px4_msgs) StdoutLine: {'line': b'-- Up-to-date symlink: /home/lee/workspace/ros2_ex_mav/install/px4_msgs/include/px4_msgs/px4_msgs/msg/detail/vehicle_local_position_setpoint__functions.h\n'}
[0.418810] (px4_msgs) StdoutLine: {'line': b'-- Up-to-date symlink: /home/lee/workspace/ros2_ex_mav/install/px4_msgs/include/px4_msgs/px4_msgs/msg/detail/vehicle_local_position_setpoint__struct.h\n'}
[0.418829] (px4_msgs) StdoutLine: {'line': b'-- Up-to-date symlink: /home/lee/workspace/ros2_ex_mav/install/px4_msgs/include/px4_msgs/px4_msgs/msg/detail/vehicle_local_position_setpoint__type_support.h\n'}
[0.418848] (px4_msgs) StdoutLine: {'line': b'-- Up-to-date symlink: /home/lee/workspace/ros2_ex_mav/install/px4_msgs/include/px4_msgs/px4_msgs/msg/detail/vehicle_magnetometer__functions.h\n'}
[0.418866] (px4_msgs) StdoutLine: {'line': b'-- Up-to-date symlink: /home/lee/workspace/ros2_ex_mav/install/px4_msgs/include/px4_msgs/px4_msgs/msg/detail/vehicle_magnetometer__struct.h\n'}
[0.418893] (px4_msgs) StdoutLine: {'line': b'-- Up-to-date symlink: /home/lee/workspace/ros2_ex_mav/install/px4_msgs/include/px4_msgs/px4_msgs/msg/detail/vehicle_magnetometer__type_support.h\n'}
[0.418912] (px4_msgs) StdoutLine: {'line': b'-- Up-to-date symlink: /home/lee/workspace/ros2_ex_mav/install/px4_msgs/include/px4_msgs/px4_msgs/msg/detail/vehicle_odometry__functions.h\n'}
[0.418931] (px4_msgs) StdoutLine: {'line': b'-- Up-to-date symlink: /home/lee/workspace/ros2_ex_mav/install/px4_msgs/include/px4_msgs/px4_msgs/msg/detail/vehicle_odometry__struct.h\n'}
[0.418951] (px4_msgs) StdoutLine: {'line': b'-- Up-to-date symlink: /home/lee/workspace/ros2_ex_mav/install/px4_msgs/include/px4_msgs/px4_msgs/msg/detail/vehicle_odometry__type_support.h\n'}
[0.418970] (px4_msgs) StdoutLine: {'line': b'-- Up-to-date symlink: /home/lee/workspace/ros2_ex_mav/install/px4_msgs/include/px4_msgs/px4_msgs/msg/detail/vehicle_optical_flow__functions.h\n'}
[0.418990] (px4_msgs) StdoutLine: {'line': b'-- Up-to-date symlink: /home/lee/workspace/ros2_ex_mav/install/px4_msgs/include/px4_msgs/px4_msgs/msg/detail/vehicle_optical_flow__struct.h\n'}
[0.419008] (px4_msgs) StdoutLine: {'line': b'-- Up-to-date symlink: /home/lee/workspace/ros2_ex_mav/install/px4_msgs/include/px4_msgs/px4_msgs/msg/detail/vehicle_optical_flow__type_support.h\n'}
[0.419027] (px4_msgs) StdoutLine: {'line': b'-- Up-to-date symlink: /home/lee/workspace/ros2_ex_mav/install/px4_msgs/include/px4_msgs/px4_msgs/msg/detail/vehicle_optical_flow_vel__functions.h\n'}
[0.419046] (px4_msgs) StdoutLine: {'line': b'-- Up-to-date symlink: /home/lee/workspace/ros2_ex_mav/install/px4_msgs/include/px4_msgs/px4_msgs/msg/detail/vehicle_optical_flow_vel__struct.h\n'}
[0.419064] (px4_msgs) StdoutLine: {'line': b'-- Up-to-date symlink: /home/lee/workspace/ros2_ex_mav/install/px4_msgs/include/px4_msgs/px4_msgs/msg/detail/vehicle_optical_flow_vel__type_support.h\n'}
[0.419083] (px4_msgs) StdoutLine: {'line': b'-- Up-to-date symlink: /home/lee/workspace/ros2_ex_mav/install/px4_msgs/include/px4_msgs/px4_msgs/msg/detail/vehicle_rates_setpoint__functions.h\n'}
[0.419102] (px4_msgs) StdoutLine: {'line': b'-- Up-to-date symlink: /home/lee/workspace/ros2_ex_mav/install/px4_msgs/include/px4_msgs/px4_msgs/msg/detail/vehicle_rates_setpoint__struct.h\n'}
[0.419123] (px4_msgs) StdoutLine: {'line': b'-- Up-to-date symlink: /home/lee/workspace/ros2_ex_mav/install/px4_msgs/include/px4_msgs/px4_msgs/msg/detail/vehicle_rates_setpoint__type_support.h\n'}
[0.419142] (px4_msgs) StdoutLine: {'line': b'-- Up-to-date symlink: /home/lee/workspace/ros2_ex_mav/install/px4_msgs/include/px4_msgs/px4_msgs/msg/detail/vehicle_roi__functions.h\n'}
[0.419161] (px4_msgs) StdoutLine: {'line': b'-- Up-to-date symlink: /home/lee/workspace/ros2_ex_mav/install/px4_msgs/include/px4_msgs/px4_msgs/msg/detail/vehicle_roi__struct.h\n'}
[0.419183] (px4_msgs) StdoutLine: {'line': b'-- Up-to-date symlink: /home/lee/workspace/ros2_ex_mav/install/px4_msgs/include/px4_msgs/px4_msgs/msg/detail/vehicle_roi__type_support.h\n'}
[0.419203] (px4_msgs) StdoutLine: {'line': b'-- Up-to-date symlink: /home/lee/workspace/ros2_ex_mav/install/px4_msgs/include/px4_msgs/px4_msgs/msg/detail/vehicle_status__functions.h\n'}
[0.419221] (px4_msgs) StdoutLine: {'line': b'-- Up-to-date symlink: /home/lee/workspace/ros2_ex_mav/install/px4_msgs/include/px4_msgs/px4_msgs/msg/detail/vehicle_status__struct.h\n'}
[0.419240] (px4_msgs) StdoutLine: {'line': b'-- Up-to-date symlink: /home/lee/workspace/ros2_ex_mav/install/px4_msgs/include/px4_msgs/px4_msgs/msg/detail/vehicle_status__type_support.h\n'}
[0.419259] (px4_msgs) StdoutLine: {'line': b'-- Up-to-date symlink: /home/lee/workspace/ros2_ex_mav/install/px4_msgs/include/px4_msgs/px4_msgs/msg/detail/vehicle_thrust_setpoint__functions.h\n'}
[0.419278] (px4_msgs) StdoutLine: {'line': b'-- Up-to-date symlink: /home/lee/workspace/ros2_ex_mav/install/px4_msgs/include/px4_msgs/px4_msgs/msg/detail/vehicle_thrust_setpoint__struct.h\n'}
[0.419297] (px4_msgs) StdoutLine: {'line': b'-- Up-to-date symlink: /home/lee/workspace/ros2_ex_mav/install/px4_msgs/include/px4_msgs/px4_msgs/msg/detail/vehicle_thrust_setpoint__type_support.h\n'}
[0.419316] (px4_msgs) StdoutLine: {'line': b'-- Up-to-date symlink: /home/lee/workspace/ros2_ex_mav/install/px4_msgs/include/px4_msgs/px4_msgs/msg/detail/vehicle_torque_setpoint__functions.h\n'}
[0.419335] (px4_msgs) StdoutLine: {'line': b'-- Up-to-date symlink: /home/lee/workspace/ros2_ex_mav/install/px4_msgs/include/px4_msgs/px4_msgs/msg/detail/vehicle_torque_setpoint__struct.h\n'}
[0.419354] (px4_msgs) StdoutLine: {'line': b'-- Up-to-date symlink: /home/lee/workspace/ros2_ex_mav/install/px4_msgs/include/px4_msgs/px4_msgs/msg/detail/vehicle_torque_setpoint__type_support.h\n'}
[0.419393] (px4_msgs) StdoutLine: {'line': b'-- Up-to-date symlink: /home/lee/workspace/ros2_ex_mav/install/px4_msgs/include/px4_msgs/px4_msgs/msg/detail/vehicle_trajectory_bezier__functions.h\n'}
[0.419413] (px4_msgs) StdoutLine: {'line': b'-- Up-to-date symlink: /home/lee/workspace/ros2_ex_mav/install/px4_msgs/include/px4_msgs/px4_msgs/msg/detail/vehicle_trajectory_bezier__struct.h\n'}
[0.419433] (px4_msgs) StdoutLine: {'line': b'-- Up-to-date symlink: /home/lee/workspace/ros2_ex_mav/install/px4_msgs/include/px4_msgs/px4_msgs/msg/detail/vehicle_trajectory_bezier__type_support.h\n'}
[0.419452] (px4_msgs) StdoutLine: {'line': b'-- Up-to-date symlink: /home/lee/workspace/ros2_ex_mav/install/px4_msgs/include/px4_msgs/px4_msgs/msg/detail/vehicle_trajectory_waypoint__functions.h\n'}
[0.419472] (px4_msgs) StdoutLine: {'line': b'-- Up-to-date symlink: /home/lee/workspace/ros2_ex_mav/install/px4_msgs/include/px4_msgs/px4_msgs/msg/detail/vehicle_trajectory_waypoint__struct.h\n'}
[0.419491] (px4_msgs) StdoutLine: {'line': b'-- Up-to-date symlink: /home/lee/workspace/ros2_ex_mav/install/px4_msgs/include/px4_msgs/px4_msgs/msg/detail/vehicle_trajectory_waypoint__type_support.h\n'}
[0.419603] (px4_msgs) StdoutLine: {'line': b'-- Up-to-date symlink: /home/lee/workspace/ros2_ex_mav/install/px4_msgs/include/px4_msgs/px4_msgs/msg/detail/vtol_vehicle_status__functions.h\n'}
[0.419680] (px4_msgs) StdoutLine: {'line': b'-- Up-to-date symlink: /home/lee/workspace/ros2_ex_mav/install/px4_msgs/include/px4_msgs/px4_msgs/msg/detail/vtol_vehicle_status__struct.h\n'}
[0.419732] (px4_msgs) StdoutLine: {'line': b'-- Up-to-date symlink: /home/lee/workspace/ros2_ex_mav/install/px4_msgs/include/px4_msgs/px4_msgs/msg/detail/vtol_vehicle_status__type_support.h\n'}
[0.419782] (px4_msgs) StdoutLine: {'line': b'-- Up-to-date symlink: /home/lee/workspace/ros2_ex_mav/install/px4_msgs/include/px4_msgs/px4_msgs/msg/detail/wind__functions.h\n'}
[0.419831] (px4_msgs) StdoutLine: {'line': b'-- Up-to-date symlink: /home/lee/workspace/ros2_ex_mav/install/px4_msgs/include/px4_msgs/px4_msgs/msg/detail/wind__struct.h\n'}
[0.419879] (px4_msgs) StdoutLine: {'line': b'-- Up-to-date symlink: /home/lee/workspace/ros2_ex_mav/install/px4_msgs/include/px4_msgs/px4_msgs/msg/detail/wind__type_support.h\n'}
[0.419928] (px4_msgs) StdoutLine: {'line': b'-- Up-to-date symlink: /home/lee/workspace/ros2_ex_mav/install/px4_msgs/include/px4_msgs/px4_msgs/msg/detail/yaw_estimator_status__functions.h\n'}
[0.419975] (px4_msgs) StdoutLine: {'line': b'-- Up-to-date symlink: /home/lee/workspace/ros2_ex_mav/install/px4_msgs/include/px4_msgs/px4_msgs/msg/detail/yaw_estimator_status__struct.h\n'}
[0.420023] (px4_msgs) StdoutLine: {'line': b'-- Up-to-date symlink: /home/lee/workspace/ros2_ex_mav/install/px4_msgs/include/px4_msgs/px4_msgs/msg/detail/yaw_estimator_status__type_support.h\n'}
[0.420070] (px4_msgs) StdoutLine: {'line': b'-- Up-to-date symlink: /home/lee/workspace/ros2_ex_mav/install/px4_msgs/include/px4_msgs/px4_msgs/msg/differential_pressure.h\n'}
[0.420153] (px4_msgs) StdoutLine: {'line': b'-- Up-to-date symlink: /home/lee/workspace/ros2_ex_mav/install/px4_msgs/include/px4_msgs/px4_msgs/msg/distance_sensor.h\n'}
[0.420219] (px4_msgs) StdoutLine: {'line': b'-- Up-to-date symlink: /home/lee/workspace/ros2_ex_mav/install/px4_msgs/include/px4_msgs/px4_msgs/msg/ekf2_timestamps.h\n'}
[0.420276] (px4_msgs) StdoutLine: {'line': b'-- Up-to-date symlink: /home/lee/workspace/ros2_ex_mav/install/px4_msgs/include/px4_msgs/px4_msgs/msg/esc_report.h\n'}
[0.420323] (px4_msgs) StdoutLine: {'line': b'-- Up-to-date symlink: /home/lee/workspace/ros2_ex_mav/install/px4_msgs/include/px4_msgs/px4_msgs/msg/esc_status.h\n'}
[0.420370] (px4_msgs) StdoutLine: {'line': b'-- Up-to-date symlink: /home/lee/workspace/ros2_ex_mav/install/px4_msgs/include/px4_msgs/px4_msgs/msg/estimator_aid_source1d.h\n'}
[0.420418] (px4_msgs) StdoutLine: {'line': b'-- Up-to-date symlink: /home/lee/workspace/ros2_ex_mav/install/px4_msgs/include/px4_msgs/px4_msgs/msg/estimator_aid_source2d.h\n'}
[0.420491] (px4_msgs) StdoutLine: {'line': b'-- Up-to-date symlink: /home/lee/workspace/ros2_ex_mav/install/px4_msgs/include/px4_msgs/px4_msgs/msg/estimator_aid_source3d.h\n'}
[0.420539] (px4_msgs) StdoutLine: {'line': b'-- Up-to-date symlink: /home/lee/workspace/ros2_ex_mav/install/px4_msgs/include/px4_msgs/px4_msgs/msg/estimator_bias.h\n'}
[0.420586] (px4_msgs) StdoutLine: {'line': b'-- Up-to-date symlink: /home/lee/workspace/ros2_ex_mav/install/px4_msgs/include/px4_msgs/px4_msgs/msg/estimator_bias3d.h\n'}
[0.420633] (px4_msgs) StdoutLine: {'line': b'-- Up-to-date symlink: /home/lee/workspace/ros2_ex_mav/install/px4_msgs/include/px4_msgs/px4_msgs/msg/estimator_event_flags.h\n'}
[0.420678] (px4_msgs) StdoutLine: {'line': b'-- Up-to-date symlink: /home/lee/workspace/ros2_ex_mav/install/px4_msgs/include/px4_msgs/px4_msgs/msg/estimator_gps_status.h\n'}
[0.420724] (px4_msgs) StdoutLine: {'line': b'-- Up-to-date symlink: /home/lee/workspace/ros2_ex_mav/install/px4_msgs/include/px4_msgs/px4_msgs/msg/estimator_innovations.h\n'}
[0.420770] (px4_msgs) StdoutLine: {'line': b'-- Up-to-date symlink: /home/lee/workspace/ros2_ex_mav/install/px4_msgs/include/px4_msgs/px4_msgs/msg/estimator_selector_status.h\n'}
[0.420817] (px4_msgs) StdoutLine: {'line': b'-- Up-to-date symlink: /home/lee/workspace/ros2_ex_mav/install/px4_msgs/include/px4_msgs/px4_msgs/msg/estimator_sensor_bias.h\n'}
[0.420863] (px4_msgs) StdoutLine: {'line': b'-- Up-to-date symlink: /home/lee/workspace/ros2_ex_mav/install/px4_msgs/include/px4_msgs/px4_msgs/msg/estimator_states.h\n'}
[0.420909] (px4_msgs) StdoutLine: {'line': b'-- Up-to-date symlink: /home/lee/workspace/ros2_ex_mav/install/px4_msgs/include/px4_msgs/px4_msgs/msg/estimator_status.h\n'}
[0.420964] (px4_msgs) StdoutLine: {'line': b'-- Up-to-date symlink: /home/lee/workspace/ros2_ex_mav/install/px4_msgs/include/px4_msgs/px4_msgs/msg/estimator_status_flags.h\n'}
[0.421011] (px4_msgs) StdoutLine: {'line': b'-- Up-to-date symlink: /home/lee/workspace/ros2_ex_mav/install/px4_msgs/include/px4_msgs/px4_msgs/msg/event.h\n'}
[0.421058] (px4_msgs) StdoutLine: {'line': b'-- Up-to-date symlink: /home/lee/workspace/ros2_ex_mav/install/px4_msgs/include/px4_msgs/px4_msgs/msg/failsafe_flags.h\n'}
[0.421104] (px4_msgs) StdoutLine: {'line': b'-- Up-to-date symlink: /home/lee/workspace/ros2_ex_mav/install/px4_msgs/include/px4_msgs/px4_msgs/msg/failure_detector_status.h\n'}
[0.421150] (px4_msgs) StdoutLine: {'line': b'-- Up-to-date symlink: /home/lee/workspace/ros2_ex_mav/install/px4_msgs/include/px4_msgs/px4_msgs/msg/follow_target.h\n'}
[0.421233] (px4_msgs) StdoutLine: {'line': b'-- Up-to-date symlink: /home/lee/workspace/ros2_ex_mav/install/px4_msgs/include/px4_msgs/px4_msgs/msg/follow_target_estimator.h\n'}
[0.421278] (px4_msgs) StdoutLine: {'line': b'-- Up-to-date symlink: /home/lee/workspace/ros2_ex_mav/install/px4_msgs/include/px4_msgs/px4_msgs/msg/follow_target_status.h\n'}
[0.421321] (px4_msgs) StdoutLine: {'line': b'-- Up-to-date symlink: /home/lee/workspace/ros2_ex_mav/install/px4_msgs/include/px4_msgs/px4_msgs/msg/generator_status.h\n'}
[0.421365] (px4_msgs) StdoutLine: {'line': b'-- Up-to-date symlink: /home/lee/workspace/ros2_ex_mav/install/px4_msgs/include/px4_msgs/px4_msgs/msg/geofence_result.h\n'}
[0.421408] (px4_msgs) StdoutLine: {'line': b'-- Up-to-date symlink: /home/lee/workspace/ros2_ex_mav/install/px4_msgs/include/px4_msgs/px4_msgs/msg/gimbal_controls.h\n'}
[0.421451] (px4_msgs) StdoutLine: {'line': b'-- Up-to-date symlink: /home/lee/workspace/ros2_ex_mav/install/px4_msgs/include/px4_msgs/px4_msgs/msg/gimbal_device_attitude_status.h\n'}
[0.421493] (px4_msgs) StdoutLine: {'line': b'-- Up-to-date symlink: /home/lee/workspace/ros2_ex_mav/install/px4_msgs/include/px4_msgs/px4_msgs/msg/gimbal_device_information.h\n'}
[0.421536] (px4_msgs) StdoutLine: {'line': b'-- Up-to-date symlink: /home/lee/workspace/ros2_ex_mav/install/px4_msgs/include/px4_msgs/px4_msgs/msg/gimbal_device_set_attitude.h\n'}
[0.421580] (px4_msgs) StdoutLine: {'line': b'-- Up-to-date symlink: /home/lee/workspace/ros2_ex_mav/install/px4_msgs/include/px4_msgs/px4_msgs/msg/gimbal_manager_information.h\n'}
[0.421626] (px4_msgs) StdoutLine: {'line': b'-- Up-to-date symlink: /home/lee/workspace/ros2_ex_mav/install/px4_msgs/include/px4_msgs/px4_msgs/msg/gimbal_manager_set_attitude.h\n'}
[0.421669] (px4_msgs) StdoutLine: {'line': b'-- Up-to-date symlink: /home/lee/workspace/ros2_ex_mav/install/px4_msgs/include/px4_msgs/px4_msgs/msg/gimbal_manager_set_manual_control.h\n'}
[0.421712] (px4_msgs) StdoutLine: {'line': b'-- Up-to-date symlink: /home/lee/workspace/ros2_ex_mav/install/px4_msgs/include/px4_msgs/px4_msgs/msg/gimbal_manager_status.h\n'}
[0.421760] (px4_msgs) StdoutLine: {'line': b'-- Up-to-date symlink: /home/lee/workspace/ros2_ex_mav/install/px4_msgs/include/px4_msgs/px4_msgs/msg/gps_dump.h\n'}
[0.421803] (px4_msgs) StdoutLine: {'line': b'-- Up-to-date symlink: /home/lee/workspace/ros2_ex_mav/install/px4_msgs/include/px4_msgs/px4_msgs/msg/gps_inject_data.h\n'}
[0.421846] (px4_msgs) StdoutLine: {'line': b'-- Up-to-date symlink: /home/lee/workspace/ros2_ex_mav/install/px4_msgs/include/px4_msgs/px4_msgs/msg/gripper.h\n'}
[0.421889] (px4_msgs) StdoutLine: {'line': b'-- Up-to-date symlink: /home/lee/workspace/ros2_ex_mav/install/px4_msgs/include/px4_msgs/px4_msgs/msg/health_report.h\n'}
[0.421932] (px4_msgs) StdoutLine: {'line': b'-- Up-to-date symlink: /home/lee/workspace/ros2_ex_mav/install/px4_msgs/include/px4_msgs/px4_msgs/msg/heater_status.h\n'}
[0.421975] (px4_msgs) StdoutLine: {'line': b'-- Up-to-date symlink: /home/lee/workspace/ros2_ex_mav/install/px4_msgs/include/px4_msgs/px4_msgs/msg/home_position.h\n'}
[0.422018] (px4_msgs) StdoutLine: {'line': b'-- Up-to-date symlink: /home/lee/workspace/ros2_ex_mav/install/px4_msgs/include/px4_msgs/px4_msgs/msg/hover_thrust_estimate.h\n'}
[0.422062] (px4_msgs) StdoutLine: {'line': b'-- Up-to-date symlink: /home/lee/workspace/ros2_ex_mav/install/px4_msgs/include/px4_msgs/px4_msgs/msg/input_rc.h\n'}
[0.422106] (px4_msgs) StdoutLine: {'line': b'-- Up-to-date symlink: /home/lee/workspace/ros2_ex_mav/install/px4_msgs/include/px4_msgs/px4_msgs/msg/internal_combustion_engine_status.h\n'}
[0.422150] (px4_msgs) StdoutLine: {'line': b'-- Up-to-date symlink: /home/lee/workspace/ros2_ex_mav/install/px4_msgs/include/px4_msgs/px4_msgs/msg/iridiumsbd_status.h\n'}
[0.422201] (px4_msgs) StdoutLine: {'line': b'-- Up-to-date symlink: /home/lee/workspace/ros2_ex_mav/install/px4_msgs/include/px4_msgs/px4_msgs/msg/irlock_report.h\n'}
[0.422245] (px4_msgs) StdoutLine: {'line': b'-- Up-to-date symlink: /home/lee/workspace/ros2_ex_mav/install/px4_msgs/include/px4_msgs/px4_msgs/msg/landing_gear.h\n'}
[0.422288] (px4_msgs) StdoutLine: {'line': b'-- Up-to-date symlink: /home/lee/workspace/ros2_ex_mav/install/px4_msgs/include/px4_msgs/px4_msgs/msg/landing_gear_wheel.h\n'}
[0.422331] (px4_msgs) StdoutLine: {'line': b'-- Up-to-date symlink: /home/lee/workspace/ros2_ex_mav/install/px4_msgs/include/px4_msgs/px4_msgs/msg/landing_target_innovations.h\n'}
[0.422379] (px4_msgs) StdoutLine: {'line': b'-- Up-to-date symlink: /home/lee/workspace/ros2_ex_mav/install/px4_msgs/include/px4_msgs/px4_msgs/msg/landing_target_pose.h\n'}
[0.422424] (px4_msgs) StdoutLine: {'line': b'-- Up-to-date symlink: /home/lee/workspace/ros2_ex_mav/install/px4_msgs/include/px4_msgs/px4_msgs/msg/launch_detection_status.h\n'}
[0.422468] (px4_msgs) StdoutLine: {'line': b'-- Up-to-date symlink: /home/lee/workspace/ros2_ex_mav/install/px4_msgs/include/px4_msgs/px4_msgs/msg/led_control.h\n'}
[0.422512] (px4_msgs) StdoutLine: {'line': b'-- Up-to-date symlink: /home/lee/workspace/ros2_ex_mav/install/px4_msgs/include/px4_msgs/px4_msgs/msg/log_message.h\n'}
[0.422556] (px4_msgs) StdoutLine: {'line': b'-- Up-to-date symlink: /home/lee/workspace/ros2_ex_mav/install/px4_msgs/include/px4_msgs/px4_msgs/msg/logger_status.h\n'}
[0.422600] (px4_msgs) StdoutLine: {'line': b'-- Up-to-date symlink: /home/lee/workspace/ros2_ex_mav/install/px4_msgs/include/px4_msgs/px4_msgs/msg/mag_worker_data.h\n'}
[0.422646] (px4_msgs) StdoutLine: {'line': b'-- Up-to-date symlink: /home/lee/workspace/ros2_ex_mav/install/px4_msgs/include/px4_msgs/px4_msgs/msg/magnetometer_bias_estimate.h\n'}
[0.422693] (px4_msgs) StdoutLine: {'line': b'-- Up-to-date symlink: /home/lee/workspace/ros2_ex_mav/install/px4_msgs/include/px4_msgs/px4_msgs/msg/manual_control_setpoint.h\n'}
[0.422738] (px4_msgs) StdoutLine: {'line': b'-- Up-to-date symlink: /home/lee/workspace/ros2_ex_mav/install/px4_msgs/include/px4_msgs/px4_msgs/msg/manual_control_switches.h\n'}
[0.422783] (px4_msgs) StdoutLine: {'line': b'-- Up-to-date symlink: /home/lee/workspace/ros2_ex_mav/install/px4_msgs/include/px4_msgs/px4_msgs/msg/mavlink_log.h\n'}
[0.422828] (px4_msgs) StdoutLine: {'line': b'-- Up-to-date symlink: /home/lee/workspace/ros2_ex_mav/install/px4_msgs/include/px4_msgs/px4_msgs/msg/mavlink_tunnel.h\n'}
[0.422873] (px4_msgs) StdoutLine: {'line': b'-- Up-to-date symlink: /home/lee/workspace/ros2_ex_mav/install/px4_msgs/include/px4_msgs/px4_msgs/msg/mission.h\n'}
[0.422917] (px4_msgs) StdoutLine: {'line': b'-- Up-to-date symlink: /home/lee/workspace/ros2_ex_mav/install/px4_msgs/include/px4_msgs/px4_msgs/msg/mission_result.h\n'}
[0.422961] (px4_msgs) StdoutLine: {'line': b'-- Up-to-date symlink: /home/lee/workspace/ros2_ex_mav/install/px4_msgs/include/px4_msgs/px4_msgs/msg/mode_completed.h\n'}
[0.423006] (px4_msgs) StdoutLine: {'line': b'-- Up-to-date symlink: /home/lee/workspace/ros2_ex_mav/install/px4_msgs/include/px4_msgs/px4_msgs/msg/mount_orientation.h\n'}
[0.423051] (px4_msgs) StdoutLine: {'line': b'-- Up-to-date symlink: /home/lee/workspace/ros2_ex_mav/install/px4_msgs/include/px4_msgs/px4_msgs/msg/navigator_mission_item.h\n'}
[0.423095] (px4_msgs) StdoutLine: {'line': b'-- Up-to-date symlink: /home/lee/workspace/ros2_ex_mav/install/px4_msgs/include/px4_msgs/px4_msgs/msg/normalized_unsigned_setpoint.h\n'}
[0.423139] (px4_msgs) StdoutLine: {'line': b'-- Up-to-date symlink: /home/lee/workspace/ros2_ex_mav/install/px4_msgs/include/px4_msgs/px4_msgs/msg/npfg_status.h\n'}
[0.423245] (px4_msgs) StdoutLine: {'line': b'-- Up-to-date symlink: /home/lee/workspace/ros2_ex_mav/install/px4_msgs/include/px4_msgs/px4_msgs/msg/obstacle_distance.h\n'}
[0.423364] (px4_msgs) StdoutLine: {'line': b'-- Up-to-date symlink: /home/lee/workspace/ros2_ex_mav/install/px4_msgs/include/px4_msgs/px4_msgs/msg/offboard_control_mode.h\n'}
[0.423400] (px4_msgs) StdoutLine: {'line': b'-- Up-to-date symlink: /home/lee/workspace/ros2_ex_mav/install/px4_msgs/include/px4_msgs/px4_msgs/msg/onboard_computer_status.h\n'}
[0.423429] (px4_msgs) StdoutLine: {'line': b'-- Up-to-date symlink: /home/lee/workspace/ros2_ex_mav/install/px4_msgs/include/px4_msgs/px4_msgs/msg/orb_test.h\n'}
[0.423456] (px4_msgs) StdoutLine: {'line': b'-- Up-to-date symlink: /home/lee/workspace/ros2_ex_mav/install/px4_msgs/include/px4_msgs/px4_msgs/msg/orb_test_large.h\n'}
[0.423482] (px4_msgs) StdoutLine: {'line': b'-- Up-to-date symlink: /home/lee/workspace/ros2_ex_mav/install/px4_msgs/include/px4_msgs/px4_msgs/msg/orb_test_medium.h\n'}
[0.423506] (px4_msgs) StdoutLine: {'line': b'-- Up-to-date symlink: /home/lee/workspace/ros2_ex_mav/install/px4_msgs/include/px4_msgs/px4_msgs/msg/orbit_status.h\n'}
[0.423543] (px4_msgs) StdoutLine: {'line': b'-- Up-to-date symlink: /home/lee/workspace/ros2_ex_mav/install/px4_msgs/include/px4_msgs/px4_msgs/msg/parameter_update.h\n'}
[0.423567] (px4_msgs) StdoutLine: {'line': b'-- Up-to-date symlink: /home/lee/workspace/ros2_ex_mav/install/px4_msgs/include/px4_msgs/px4_msgs/msg/ping.h\n'}
[0.423591] (px4_msgs) StdoutLine: {'line': b'-- Up-to-date symlink: /home/lee/workspace/ros2_ex_mav/install/px4_msgs/include/px4_msgs/px4_msgs/msg/position_controller_landing_status.h\n'}
[0.423616] (px4_msgs) StdoutLine: {'line': b'-- Up-to-date symlink: /home/lee/workspace/ros2_ex_mav/install/px4_msgs/include/px4_msgs/px4_msgs/msg/position_controller_status.h\n'}
[0.423641] (px4_msgs) StdoutLine: {'line': b'-- Up-to-date symlink: /home/lee/workspace/ros2_ex_mav/install/px4_msgs/include/px4_msgs/px4_msgs/msg/position_setpoint.h\n'}
[0.423681] (px4_msgs) StdoutLine: {'line': b'-- Up-to-date symlink: /home/lee/workspace/ros2_ex_mav/install/px4_msgs/include/px4_msgs/px4_msgs/msg/position_setpoint_triplet.h\n'}
[0.423704] (px4_msgs) StdoutLine: {'line': b'-- Up-to-date symlink: /home/lee/workspace/ros2_ex_mav/install/px4_msgs/include/px4_msgs/px4_msgs/msg/power_button_state.h\n'}
[0.423724] (px4_msgs) StdoutLine: {'line': b'-- Up-to-date symlink: /home/lee/workspace/ros2_ex_mav/install/px4_msgs/include/px4_msgs/px4_msgs/msg/power_monitor.h\n'}
[0.423745] (px4_msgs) StdoutLine: {'line': b'-- Up-to-date symlink: /home/lee/workspace/ros2_ex_mav/install/px4_msgs/include/px4_msgs/px4_msgs/msg/pps_capture.h\n'}
[0.423765] (px4_msgs) StdoutLine: {'line': b'-- Up-to-date symlink: /home/lee/workspace/ros2_ex_mav/install/px4_msgs/include/px4_msgs/px4_msgs/msg/pwm_input.h\n'}
[0.423786] (px4_msgs) StdoutLine: {'line': b'-- Up-to-date symlink: /home/lee/workspace/ros2_ex_mav/install/px4_msgs/include/px4_msgs/px4_msgs/msg/px4io_status.h\n'}
[0.423805] (px4_msgs) StdoutLine: {'line': b'-- Up-to-date symlink: /home/lee/workspace/ros2_ex_mav/install/px4_msgs/include/px4_msgs/px4_msgs/msg/qshell_req.h\n'}
[0.423824] (px4_msgs) StdoutLine: {'line': b'-- Up-to-date symlink: /home/lee/workspace/ros2_ex_mav/install/px4_msgs/include/px4_msgs/px4_msgs/msg/qshell_retval.h\n'}
[0.423844] (px4_msgs) StdoutLine: {'line': b'-- Up-to-date symlink: /home/lee/workspace/ros2_ex_mav/install/px4_msgs/include/px4_msgs/px4_msgs/msg/radio_status.h\n'}
[0.423865] (px4_msgs) StdoutLine: {'line': b'-- Up-to-date symlink: /home/lee/workspace/ros2_ex_mav/install/px4_msgs/include/px4_msgs/px4_msgs/msg/rate_ctrl_status.h\n'}
[0.423886] (px4_msgs) StdoutLine: {'line': b'-- Up-to-date symlink: /home/lee/workspace/ros2_ex_mav/install/px4_msgs/include/px4_msgs/px4_msgs/msg/rc_channels.h\n'}
[0.423906] (px4_msgs) StdoutLine: {'line': b'-- Up-to-date symlink: /home/lee/workspace/ros2_ex_mav/install/px4_msgs/include/px4_msgs/px4_msgs/msg/rc_parameter_map.h\n'}
[0.423926] (px4_msgs) StdoutLine: {'line': b'-- Up-to-date symlink: /home/lee/workspace/ros2_ex_mav/install/px4_msgs/include/px4_msgs/px4_msgs/msg/rosidl_generator_c__visibility_control.h\n'}
[0.423947] (px4_msgs) StdoutLine: {'line': b'-- Up-to-date symlink: /home/lee/workspace/ros2_ex_mav/install/px4_msgs/include/px4_msgs/px4_msgs/msg/rpm.h\n'}
[0.423967] (px4_msgs) StdoutLine: {'line': b'-- Up-to-date symlink: /home/lee/workspace/ros2_ex_mav/install/px4_msgs/include/px4_msgs/px4_msgs/msg/rtl_time_estimate.h\n'}
[0.423987] (px4_msgs) StdoutLine: {'line': b'-- Up-to-date symlink: /home/lee/workspace/ros2_ex_mav/install/px4_msgs/include/px4_msgs/px4_msgs/msg/satellite_info.h\n'}
[0.424007] (px4_msgs) StdoutLine: {'line': b'-- Up-to-date symlink: /home/lee/workspace/ros2_ex_mav/install/px4_msgs/include/px4_msgs/px4_msgs/msg/sensor_accel.h\n'}
[0.424026] (px4_msgs) StdoutLine: {'line': b'-- Up-to-date symlink: /home/lee/workspace/ros2_ex_mav/install/px4_msgs/include/px4_msgs/px4_msgs/msg/sensor_accel_fifo.h\n'}
[0.424047] (px4_msgs) StdoutLine: {'line': b'-- Up-to-date symlink: /home/lee/workspace/ros2_ex_mav/install/px4_msgs/include/px4_msgs/px4_msgs/msg/sensor_baro.h\n'}
[0.424067] (px4_msgs) StdoutLine: {'line': b'-- Up-to-date symlink: /home/lee/workspace/ros2_ex_mav/install/px4_msgs/include/px4_msgs/px4_msgs/msg/sensor_combined.h\n'}
[0.424087] (px4_msgs) StdoutLine: {'line': b'-- Up-to-date symlink: /home/lee/workspace/ros2_ex_mav/install/px4_msgs/include/px4_msgs/px4_msgs/msg/sensor_correction.h\n'}
[0.424107] (px4_msgs) StdoutLine: {'line': b'-- Up-to-date symlink: /home/lee/workspace/ros2_ex_mav/install/px4_msgs/include/px4_msgs/px4_msgs/msg/sensor_gnss_relative.h\n'}
[0.424127] (px4_msgs) StdoutLine: {'line': b'-- Up-to-date symlink: /home/lee/workspace/ros2_ex_mav/install/px4_msgs/include/px4_msgs/px4_msgs/msg/sensor_gps.h\n'}
[0.424149] (px4_msgs) StdoutLine: {'line': b'-- Up-to-date symlink: /home/lee/workspace/ros2_ex_mav/install/px4_msgs/include/px4_msgs/px4_msgs/msg/sensor_gyro.h\n'}
[0.424188] (px4_msgs) StdoutLine: {'line': b'-- Up-to-date symlink: /home/lee/workspace/ros2_ex_mav/install/px4_msgs/include/px4_msgs/px4_msgs/msg/sensor_gyro_fft.h\n'}
[0.424245] (px4_msgs) StdoutLine: {'line': b'-- Up-to-date symlink: /home/lee/workspace/ros2_ex_mav/install/px4_msgs/include/px4_msgs/px4_msgs/msg/sensor_gyro_fifo.h\n'}
[0.424266] (px4_msgs) StdoutLine: {'line': b'-- Up-to-date symlink: /home/lee/workspace/ros2_ex_mav/install/px4_msgs/include/px4_msgs/px4_msgs/msg/sensor_hygrometer.h\n'}
[0.424286] (px4_msgs) StdoutLine: {'line': b'-- Up-to-date symlink: /home/lee/workspace/ros2_ex_mav/install/px4_msgs/include/px4_msgs/px4_msgs/msg/sensor_mag.h\n'}
[0.424306] (px4_msgs) StdoutLine: {'line': b'-- Up-to-date symlink: /home/lee/workspace/ros2_ex_mav/install/px4_msgs/include/px4_msgs/px4_msgs/msg/sensor_optical_flow.h\n'}
[0.424325] (px4_msgs) StdoutLine: {'line': b'-- Up-to-date symlink: /home/lee/workspace/ros2_ex_mav/install/px4_msgs/include/px4_msgs/px4_msgs/msg/sensor_preflight_mag.h\n'}
[0.424345] (px4_msgs) StdoutLine: {'line': b'-- Up-to-date symlink: /home/lee/workspace/ros2_ex_mav/install/px4_msgs/include/px4_msgs/px4_msgs/msg/sensor_selection.h\n'}
[0.424365] (px4_msgs) StdoutLine: {'line': b'-- Up-to-date symlink: /home/lee/workspace/ros2_ex_mav/install/px4_msgs/include/px4_msgs/px4_msgs/msg/sensor_uwb.h\n'}
[0.424384] (px4_msgs) StdoutLine: {'line': b'-- Up-to-date symlink: /home/lee/workspace/ros2_ex_mav/install/px4_msgs/include/px4_msgs/px4_msgs/msg/sensors_status.h\n'}
[0.424405] (px4_msgs) StdoutLine: {'line': b'-- Up-to-date symlink: /home/lee/workspace/ros2_ex_mav/install/px4_msgs/include/px4_msgs/px4_msgs/msg/sensors_status_imu.h\n'}
[0.424436] (px4_msgs) StdoutLine: {'line': b'-- Up-to-date symlink: /home/lee/workspace/ros2_ex_mav/install/px4_msgs/include/px4_msgs/px4_msgs/msg/system_power.h\n'}
[0.424456] (px4_msgs) StdoutLine: {'line': b'-- Up-to-date symlink: /home/lee/workspace/ros2_ex_mav/install/px4_msgs/include/px4_msgs/px4_msgs/msg/takeoff_status.h\n'}
[0.424476] (px4_msgs) StdoutLine: {'line': b'-- Up-to-date symlink: /home/lee/workspace/ros2_ex_mav/install/px4_msgs/include/px4_msgs/px4_msgs/msg/task_stack_info.h\n'}
[0.424496] (px4_msgs) StdoutLine: {'line': b'-- Up-to-date symlink: /home/lee/workspace/ros2_ex_mav/install/px4_msgs/include/px4_msgs/px4_msgs/msg/tecs_status.h\n'}
[0.424515] (px4_msgs) StdoutLine: {'line': b'-- Up-to-date symlink: /home/lee/workspace/ros2_ex_mav/install/px4_msgs/include/px4_msgs/px4_msgs/msg/telemetry_status.h\n'}
[0.424535] (px4_msgs) StdoutLine: {'line': b'-- Up-to-date symlink: /home/lee/workspace/ros2_ex_mav/install/px4_msgs/include/px4_msgs/px4_msgs/msg/tiltrotor_extra_controls.h\n'}
[0.424556] (px4_msgs) StdoutLine: {'line': b'-- Up-to-date symlink: /home/lee/workspace/ros2_ex_mav/install/px4_msgs/include/px4_msgs/px4_msgs/msg/timesync_status.h\n'}
[0.424575] (px4_msgs) StdoutLine: {'line': b'-- Up-to-date symlink: /home/lee/workspace/ros2_ex_mav/install/px4_msgs/include/px4_msgs/px4_msgs/msg/trajectory_bezier.h\n'}
[0.424595] (px4_msgs) StdoutLine: {'line': b'-- Up-to-date symlink: /home/lee/workspace/ros2_ex_mav/install/px4_msgs/include/px4_msgs/px4_msgs/msg/trajectory_setpoint.h\n'}
[0.424614] (px4_msgs) StdoutLine: {'line': b'-- Up-to-date symlink: /home/lee/workspace/ros2_ex_mav/install/px4_msgs/include/px4_msgs/px4_msgs/msg/trajectory_waypoint.h\n'}
[0.424633] (px4_msgs) StdoutLine: {'line': b'-- Up-to-date symlink: /home/lee/workspace/ros2_ex_mav/install/px4_msgs/include/px4_msgs/px4_msgs/msg/transponder_report.h\n'}
[0.424652] (px4_msgs) StdoutLine: {'line': b'-- Up-to-date symlink: /home/lee/workspace/ros2_ex_mav/install/px4_msgs/include/px4_msgs/px4_msgs/msg/tune_control.h\n'}
[0.424671] (px4_msgs) StdoutLine: {'line': b'-- Up-to-date symlink: /home/lee/workspace/ros2_ex_mav/install/px4_msgs/include/px4_msgs/px4_msgs/msg/uavcan_parameter_request.h\n'}
[0.424691] (px4_msgs) StdoutLine: {'line': b'-- Up-to-date symlink: /home/lee/workspace/ros2_ex_mav/install/px4_msgs/include/px4_msgs/px4_msgs/msg/uavcan_parameter_value.h\n'}
[0.424710] (px4_msgs) StdoutLine: {'line': b'-- Up-to-date symlink: /home/lee/workspace/ros2_ex_mav/install/px4_msgs/include/px4_msgs/px4_msgs/msg/ulog_stream.h\n'}
[0.424748] (px4_msgs) StdoutLine: {'line': b'-- Up-to-date symlink: /home/lee/workspace/ros2_ex_mav/install/px4_msgs/include/px4_msgs/px4_msgs/msg/ulog_stream_ack.h\n'}
[0.424768] (px4_msgs) StdoutLine: {'line': b'-- Up-to-date symlink: /home/lee/workspace/ros2_ex_mav/install/px4_msgs/include/px4_msgs/px4_msgs/msg/vehicle_acceleration.h\n'}
[0.424788] (px4_msgs) StdoutLine: {'line': b'-- Up-to-date symlink: /home/lee/workspace/ros2_ex_mav/install/px4_msgs/include/px4_msgs/px4_msgs/msg/vehicle_air_data.h\n'}
[0.424807] (px4_msgs) StdoutLine: {'line': b'-- Up-to-date symlink: /home/lee/workspace/ros2_ex_mav/install/px4_msgs/include/px4_msgs/px4_msgs/msg/vehicle_angular_acceleration_setpoint.h\n'}
[0.424826] (px4_msgs) StdoutLine: {'line': b'-- Up-to-date symlink: /home/lee/workspace/ros2_ex_mav/install/px4_msgs/include/px4_msgs/px4_msgs/msg/vehicle_angular_velocity.h\n'}
[0.424865] (px4_msgs) StdoutLine: {'line': b'-- Up-to-date symlink: /home/lee/workspace/ros2_ex_mav/install/px4_msgs/include/px4_msgs/px4_msgs/msg/vehicle_attitude.h\n'}
[0.424899] (px4_msgs) StdoutLine: {'line': b'-- Up-to-date symlink: /home/lee/workspace/ros2_ex_mav/install/px4_msgs/include/px4_msgs/px4_msgs/msg/vehicle_attitude_setpoint.h\n'}
[0.424918] (px4_msgs) StdoutLine: {'line': b'-- Up-to-date symlink: /home/lee/workspace/ros2_ex_mav/install/px4_msgs/include/px4_msgs/px4_msgs/msg/vehicle_command.h\n'}
[0.424950] (px4_msgs) StdoutLine: {'line': b'-- Up-to-date symlink: /home/lee/workspace/ros2_ex_mav/install/px4_msgs/include/px4_msgs/px4_msgs/msg/vehicle_command_ack.h\n'}
[0.424969] (px4_msgs) StdoutLine: {'line': b'-- Up-to-date symlink: /home/lee/workspace/ros2_ex_mav/install/px4_msgs/include/px4_msgs/px4_msgs/msg/vehicle_constraints.h\n'}
[0.424989] (px4_msgs) StdoutLine: {'line': b'-- Up-to-date symlink: /home/lee/workspace/ros2_ex_mav/install/px4_msgs/include/px4_msgs/px4_msgs/msg/vehicle_control_mode.h\n'}
[0.425008] (px4_msgs) StdoutLine: {'line': b'-- Up-to-date symlink: /home/lee/workspace/ros2_ex_mav/install/px4_msgs/include/px4_msgs/px4_msgs/msg/vehicle_global_position.h\n'}
[0.425028] (px4_msgs) StdoutLine: {'line': b'-- Up-to-date symlink: /home/lee/workspace/ros2_ex_mav/install/px4_msgs/include/px4_msgs/px4_msgs/msg/vehicle_imu.h\n'}
[0.425048] (px4_msgs) StdoutLine: {'line': b'-- Up-to-date symlink: /home/lee/workspace/ros2_ex_mav/install/px4_msgs/include/px4_msgs/px4_msgs/msg/vehicle_imu_status.h\n'}
[0.425068] (px4_msgs) StdoutLine: {'line': b'-- Up-to-date symlink: /home/lee/workspace/ros2_ex_mav/install/px4_msgs/include/px4_msgs/px4_msgs/msg/vehicle_land_detected.h\n'}
[0.425099] (px4_msgs) StdoutLine: {'line': b'-- Up-to-date symlink: /home/lee/workspace/ros2_ex_mav/install/px4_msgs/include/px4_msgs/px4_msgs/msg/vehicle_local_position.h\n'}
[0.425118] (px4_msgs) StdoutLine: {'line': b'-- Up-to-date symlink: /home/lee/workspace/ros2_ex_mav/install/px4_msgs/include/px4_msgs/px4_msgs/msg/vehicle_local_position_setpoint.h\n'}
[0.425137] (px4_msgs) StdoutLine: {'line': b'-- Up-to-date symlink: /home/lee/workspace/ros2_ex_mav/install/px4_msgs/include/px4_msgs/px4_msgs/msg/vehicle_magnetometer.h\n'}
[0.425156] (px4_msgs) StdoutLine: {'line': b'-- Up-to-date symlink: /home/lee/workspace/ros2_ex_mav/install/px4_msgs/include/px4_msgs/px4_msgs/msg/vehicle_odometry.h\n'}
[0.425195] (px4_msgs) StdoutLine: {'line': b'-- Up-to-date symlink: /home/lee/workspace/ros2_ex_mav/install/px4_msgs/include/px4_msgs/px4_msgs/msg/vehicle_optical_flow.h\n'}
[0.425215] (px4_msgs) StdoutLine: {'line': b'-- Up-to-date symlink: /home/lee/workspace/ros2_ex_mav/install/px4_msgs/include/px4_msgs/px4_msgs/msg/vehicle_optical_flow_vel.h\n'}
[0.425234] (px4_msgs) StdoutLine: {'line': b'-- Up-to-date symlink: /home/lee/workspace/ros2_ex_mav/install/px4_msgs/include/px4_msgs/px4_msgs/msg/vehicle_rates_setpoint.h\n'}
[0.425253] (px4_msgs) StdoutLine: {'line': b'-- Up-to-date symlink: /home/lee/workspace/ros2_ex_mav/install/px4_msgs/include/px4_msgs/px4_msgs/msg/vehicle_roi.h\n'}
[0.425287] (px4_msgs) StdoutLine: {'line': b'-- Up-to-date symlink: /home/lee/workspace/ros2_ex_mav/install/px4_msgs/include/px4_msgs/px4_msgs/msg/vehicle_status.h\n'}
[0.425310] (px4_msgs) StdoutLine: {'line': b'-- Up-to-date symlink: /home/lee/workspace/ros2_ex_mav/install/px4_msgs/include/px4_msgs/px4_msgs/msg/vehicle_thrust_setpoint.h\n'}
[0.425330] (px4_msgs) StdoutLine: {'line': b'-- Up-to-date symlink: /home/lee/workspace/ros2_ex_mav/install/px4_msgs/include/px4_msgs/px4_msgs/msg/vehicle_torque_setpoint.h\n'}
[0.425350] (px4_msgs) StdoutLine: {'line': b'-- Up-to-date symlink: /home/lee/workspace/ros2_ex_mav/install/px4_msgs/include/px4_msgs/px4_msgs/msg/vehicle_trajectory_bezier.h\n'}
[0.425370] (px4_msgs) StdoutLine: {'line': b'-- Up-to-date symlink: /home/lee/workspace/ros2_ex_mav/install/px4_msgs/include/px4_msgs/px4_msgs/msg/vehicle_trajectory_waypoint.h\n'}
[0.425389] (px4_msgs) StdoutLine: {'line': b'-- Up-to-date symlink: /home/lee/workspace/ros2_ex_mav/install/px4_msgs/include/px4_msgs/px4_msgs/msg/vtol_vehicle_status.h\n'}
[0.425409] (px4_msgs) StdoutLine: {'line': b'-- Up-to-date symlink: /home/lee/workspace/ros2_ex_mav/install/px4_msgs/include/px4_msgs/px4_msgs/msg/wind.h\n'}
[0.425429] (px4_msgs) StdoutLine: {'line': b'-- Up-to-date symlink: /home/lee/workspace/ros2_ex_mav/install/px4_msgs/include/px4_msgs/px4_msgs/msg/yaw_estimator_status.h\n'}
[0.425459] (px4_msgs) StdoutLine: {'line': b'-- Up-to-date symlink: /home/lee/workspace/ros2_ex_mav/install/px4_msgs/share/px4_msgs/environment/library_path.sh\n'}
[0.425479] (px4_msgs) StdoutLine: {'line': b'-- Up-to-date symlink: /home/lee/workspace/ros2_ex_mav/install/px4_msgs/share/px4_msgs/environment/library_path.dsv\n'}
[0.425498] (px4_msgs) StdoutLine: {'line': b'-- Up-to-date symlink: /home/lee/workspace/ros2_ex_mav/install/px4_msgs/include/px4_msgs/px4_msgs/msg/detail/action_request__rosidl_typesupport_fastrtps_c.h\n'}
[0.425518] (px4_msgs) StdoutLine: {'line': b'-- Up-to-date symlink: /home/lee/workspace/ros2_ex_mav/install/px4_msgs/include/px4_msgs/px4_msgs/msg/detail/actuator_armed__rosidl_typesupport_fastrtps_c.h\n'}
[0.425538] (px4_msgs) StdoutLine: {'line': b'-- Up-to-date symlink: /home/lee/workspace/ros2_ex_mav/install/px4_msgs/include/px4_msgs/px4_msgs/msg/detail/actuator_controls_status__rosidl_typesupport_fastrtps_c.h\n'}
[0.425558] (px4_msgs) StdoutLine: {'line': b'-- Up-to-date symlink: /home/lee/workspace/ros2_ex_mav/install/px4_msgs/include/px4_msgs/px4_msgs/msg/detail/actuator_motors__rosidl_typesupport_fastrtps_c.h\n'}
[0.425579] (px4_msgs) StdoutLine: {'line': b'-- Up-to-date symlink: /home/lee/workspace/ros2_ex_mav/install/px4_msgs/include/px4_msgs/px4_msgs/msg/detail/actuator_outputs__rosidl_typesupport_fastrtps_c.h\n'}
[0.425601] (px4_msgs) StdoutLine: {'line': b'-- Up-to-date symlink: /home/lee/workspace/ros2_ex_mav/install/px4_msgs/include/px4_msgs/px4_msgs/msg/detail/actuator_servos__rosidl_typesupport_fastrtps_c.h\n'}
[0.425624] (px4_msgs) StdoutLine: {'line': b'-- Up-to-date symlink: /home/lee/workspace/ros2_ex_mav/install/px4_msgs/include/px4_msgs/px4_msgs/msg/detail/actuator_servos_trim__rosidl_typesupport_fastrtps_c.h\n'}
[0.425645] (px4_msgs) StdoutLine: {'line': b'-- Up-to-date symlink: /home/lee/workspace/ros2_ex_mav/install/px4_msgs/include/px4_msgs/px4_msgs/msg/detail/actuator_test__rosidl_typesupport_fastrtps_c.h\n'}
[0.425665] (px4_msgs) StdoutLine: {'line': b'-- Up-to-date symlink: /home/lee/workspace/ros2_ex_mav/install/px4_msgs/include/px4_msgs/px4_msgs/msg/detail/adc_report__rosidl_typesupport_fastrtps_c.h\n'}
[0.425685] (px4_msgs) StdoutLine: {'line': b'-- Up-to-date symlink: /home/lee/workspace/ros2_ex_mav/install/px4_msgs/include/px4_msgs/px4_msgs/msg/detail/airspeed__rosidl_typesupport_fastrtps_c.h\n'}
[0.425706] (px4_msgs) StdoutLine: {'line': b'-- Up-to-date symlink: /home/lee/workspace/ros2_ex_mav/install/px4_msgs/include/px4_msgs/px4_msgs/msg/detail/airspeed_validated__rosidl_typesupport_fastrtps_c.h\n'}
[0.425726] (px4_msgs) StdoutLine: {'line': b'-- Up-to-date symlink: /home/lee/workspace/ros2_ex_mav/install/px4_msgs/include/px4_msgs/px4_msgs/msg/detail/airspeed_wind__rosidl_typesupport_fastrtps_c.h\n'}
[0.425768] (px4_msgs) StdoutLine: {'line': b'-- Up-to-date symlink: /home/lee/workspace/ros2_ex_mav/install/px4_msgs/include/px4_msgs/px4_msgs/msg/detail/autotune_attitude_control_status__rosidl_typesupport_fastrtps_c.h\n'}
[0.425789] (px4_msgs) StdoutLine: {'line': b'-- Up-to-date symlink: /home/lee/workspace/ros2_ex_mav/install/px4_msgs/include/px4_msgs/px4_msgs/msg/detail/battery_status__rosidl_typesupport_fastrtps_c.h\n'}
[0.425808] (px4_msgs) StdoutLine: {'line': b'-- Up-to-date symlink: /home/lee/workspace/ros2_ex_mav/install/px4_msgs/include/px4_msgs/px4_msgs/msg/detail/button_event__rosidl_typesupport_fastrtps_c.h\n'}
[0.425828] (px4_msgs) StdoutLine: {'line': b'-- Up-to-date symlink: /home/lee/workspace/ros2_ex_mav/install/px4_msgs/include/px4_msgs/px4_msgs/msg/detail/camera_capture__rosidl_typesupport_fastrtps_c.h\n'}
[0.425848] (px4_msgs) StdoutLine: {'line': b'-- Up-to-date symlink: /home/lee/workspace/ros2_ex_mav/install/px4_msgs/include/px4_msgs/px4_msgs/msg/detail/camera_status__rosidl_typesupport_fastrtps_c.h\n'}
[0.425867] (px4_msgs) StdoutLine: {'line': b'-- Up-to-date symlink: /home/lee/workspace/ros2_ex_mav/install/px4_msgs/include/px4_msgs/px4_msgs/msg/detail/camera_trigger__rosidl_typesupport_fastrtps_c.h\n'}
[0.425911] (px4_msgs) StdoutLine: {'line': b'-- Up-to-date symlink: /home/lee/workspace/ros2_ex_mav/install/px4_msgs/include/px4_msgs/px4_msgs/msg/detail/cellular_status__rosidl_typesupport_fastrtps_c.h\n'}
[0.425931] (px4_msgs) StdoutLine: {'line': b'-- Up-to-date symlink: /home/lee/workspace/ros2_ex_mav/install/px4_msgs/include/px4_msgs/px4_msgs/msg/detail/collision_constraints__rosidl_typesupport_fastrtps_c.h\n'}
[0.425952] (px4_msgs) StdoutLine: {'line': b'-- Up-to-date symlink: /home/lee/workspace/ros2_ex_mav/install/px4_msgs/include/px4_msgs/px4_msgs/msg/detail/collision_report__rosidl_typesupport_fastrtps_c.h\n'}
[0.425972] (px4_msgs) StdoutLine: {'line': b'-- Up-to-date symlink: /home/lee/workspace/ros2_ex_mav/install/px4_msgs/include/px4_msgs/px4_msgs/msg/detail/control_allocator_status__rosidl_typesupport_fastrtps_c.h\n'}
[0.425992] (px4_msgs) StdoutLine: {'line': b'-- Up-to-date symlink: /home/lee/workspace/ros2_ex_mav/install/px4_msgs/include/px4_msgs/px4_msgs/msg/detail/cpuload__rosidl_typesupport_fastrtps_c.h\n'}
[0.426025] (px4_msgs) StdoutLine: {'line': b'-- Up-to-date symlink: /home/lee/workspace/ros2_ex_mav/install/px4_msgs/include/px4_msgs/px4_msgs/msg/detail/debug_array__rosidl_typesupport_fastrtps_c.h\n'}
[0.426045] (px4_msgs) StdoutLine: {'line': b'-- Up-to-date symlink: /home/lee/workspace/ros2_ex_mav/install/px4_msgs/include/px4_msgs/px4_msgs/msg/detail/debug_key_value__rosidl_typesupport_fastrtps_c.h\n'}
[0.426065] (px4_msgs) StdoutLine: {'line': b'-- Up-to-date symlink: /home/lee/workspace/ros2_ex_mav/install/px4_msgs/include/px4_msgs/px4_msgs/msg/detail/debug_value__rosidl_typesupport_fastrtps_c.h\n'}
[0.426085] (px4_msgs) StdoutLine: {'line': b'-- Up-to-date symlink: /home/lee/workspace/ros2_ex_mav/install/px4_msgs/include/px4_msgs/px4_msgs/msg/detail/debug_vect__rosidl_typesupport_fastrtps_c.h\n'}
[0.426106] (px4_msgs) StdoutLine: {'line': b'-- Up-to-date symlink: /home/lee/workspace/ros2_ex_mav/install/px4_msgs/include/px4_msgs/px4_msgs/msg/detail/differential_pressure__rosidl_typesupport_fastrtps_c.h\n'}
[0.426125] (px4_msgs) StdoutLine: {'line': b'-- Up-to-date symlink: /home/lee/workspace/ros2_ex_mav/install/px4_msgs/include/px4_msgs/px4_msgs/msg/detail/distance_sensor__rosidl_typesupport_fastrtps_c.h\n'}
[0.426145] (px4_msgs) StdoutLine: {'line': b'-- Up-to-date symlink: /home/lee/workspace/ros2_ex_mav/install/px4_msgs/include/px4_msgs/px4_msgs/msg/detail/ekf2_timestamps__rosidl_typesupport_fastrtps_c.h\n'}
[0.426164] (px4_msgs) StdoutLine: {'line': b'-- Up-to-date symlink: /home/lee/workspace/ros2_ex_mav/install/px4_msgs/include/px4_msgs/px4_msgs/msg/detail/esc_report__rosidl_typesupport_fastrtps_c.h\n'}
[0.426193] (px4_msgs) StdoutLine: {'line': b'-- Up-to-date symlink: /home/lee/workspace/ros2_ex_mav/install/px4_msgs/include/px4_msgs/px4_msgs/msg/detail/esc_status__rosidl_typesupport_fastrtps_c.h\n'}
[0.426217] (px4_msgs) StdoutLine: {'line': b'-- Up-to-date symlink: /home/lee/workspace/ros2_ex_mav/install/px4_msgs/include/px4_msgs/px4_msgs/msg/detail/estimator_aid_source1d__rosidl_typesupport_fastrtps_c.h\n'}
[0.426237] (px4_msgs) StdoutLine: {'line': b'-- Up-to-date symlink: /home/lee/workspace/ros2_ex_mav/install/px4_msgs/include/px4_msgs/px4_msgs/msg/detail/estimator_aid_source2d__rosidl_typesupport_fastrtps_c.h\n'}
[0.426274] (px4_msgs) StdoutLine: {'line': b'-- Up-to-date symlink: /home/lee/workspace/ros2_ex_mav/install/px4_msgs/include/px4_msgs/px4_msgs/msg/detail/estimator_aid_source3d__rosidl_typesupport_fastrtps_c.h\n'}
[0.426294] (px4_msgs) StdoutLine: {'line': b'-- Up-to-date symlink: /home/lee/workspace/ros2_ex_mav/install/px4_msgs/include/px4_msgs/px4_msgs/msg/detail/estimator_bias3d__rosidl_typesupport_fastrtps_c.h\n'}
[0.426314] (px4_msgs) StdoutLine: {'line': b'-- Up-to-date symlink: /home/lee/workspace/ros2_ex_mav/install/px4_msgs/include/px4_msgs/px4_msgs/msg/detail/estimator_bias__rosidl_typesupport_fastrtps_c.h\n'}
[0.426334] (px4_msgs) StdoutLine: {'line': b'-- Up-to-date symlink: /home/lee/workspace/ros2_ex_mav/install/px4_msgs/include/px4_msgs/px4_msgs/msg/detail/estimator_event_flags__rosidl_typesupport_fastrtps_c.h\n'}
[0.426353] (px4_msgs) StdoutLine: {'line': b'-- Up-to-date symlink: /home/lee/workspace/ros2_ex_mav/install/px4_msgs/include/px4_msgs/px4_msgs/msg/detail/estimator_gps_status__rosidl_typesupport_fastrtps_c.h\n'}
[0.426372] (px4_msgs) StdoutLine: {'line': b'-- Up-to-date symlink: /home/lee/workspace/ros2_ex_mav/install/px4_msgs/include/px4_msgs/px4_msgs/msg/detail/estimator_innovations__rosidl_typesupport_fastrtps_c.h\n'}
[0.426392] (px4_msgs) StdoutLine: {'line': b'-- Up-to-date symlink: /home/lee/workspace/ros2_ex_mav/install/px4_msgs/include/px4_msgs/px4_msgs/msg/detail/estimator_selector_status__rosidl_typesupport_fastrtps_c.h\n'}
[0.426412] (px4_msgs) StdoutLine: {'line': b'-- Up-to-date symlink: /home/lee/workspace/ros2_ex_mav/install/px4_msgs/include/px4_msgs/px4_msgs/msg/detail/estimator_sensor_bias__rosidl_typesupport_fastrtps_c.h\n'}
[0.426431] (px4_msgs) StdoutLine: {'line': b'-- Up-to-date symlink: /home/lee/workspace/ros2_ex_mav/install/px4_msgs/include/px4_msgs/px4_msgs/msg/detail/estimator_states__rosidl_typesupport_fastrtps_c.h\n'}
[0.426451] (px4_msgs) StdoutLine: {'line': b'-- Up-to-date symlink: /home/lee/workspace/ros2_ex_mav/install/px4_msgs/include/px4_msgs/px4_msgs/msg/detail/estimator_status__rosidl_typesupport_fastrtps_c.h\n'}
[0.426471] (px4_msgs) StdoutLine: {'line': b'-- Up-to-date symlink: /home/lee/workspace/ros2_ex_mav/install/px4_msgs/include/px4_msgs/px4_msgs/msg/detail/estimator_status_flags__rosidl_typesupport_fastrtps_c.h\n'}
[0.426491] (px4_msgs) StdoutLine: {'line': b'-- Up-to-date symlink: /home/lee/workspace/ros2_ex_mav/install/px4_msgs/include/px4_msgs/px4_msgs/msg/detail/event__rosidl_typesupport_fastrtps_c.h\n'}
[0.426510] (px4_msgs) StdoutLine: {'line': b'-- Up-to-date symlink: /home/lee/workspace/ros2_ex_mav/install/px4_msgs/include/px4_msgs/px4_msgs/msg/detail/failsafe_flags__rosidl_typesupport_fastrtps_c.h\n'}
[0.426530] (px4_msgs) StdoutLine: {'line': b'-- Up-to-date symlink: /home/lee/workspace/ros2_ex_mav/install/px4_msgs/include/px4_msgs/px4_msgs/msg/detail/failure_detector_status__rosidl_typesupport_fastrtps_c.h\n'}
[0.426550] (px4_msgs) StdoutLine: {'line': b'-- Up-to-date symlink: /home/lee/workspace/ros2_ex_mav/install/px4_msgs/include/px4_msgs/px4_msgs/msg/detail/follow_target__rosidl_typesupport_fastrtps_c.h\n'}
[0.426569] (px4_msgs) StdoutLine: {'line': b'-- Up-to-date symlink: /home/lee/workspace/ros2_ex_mav/install/px4_msgs/include/px4_msgs/px4_msgs/msg/detail/follow_target_estimator__rosidl_typesupport_fastrtps_c.h\n'}
[0.426589] (px4_msgs) StdoutLine: {'line': b'-- Up-to-date symlink: /home/lee/workspace/ros2_ex_mav/install/px4_msgs/include/px4_msgs/px4_msgs/msg/detail/follow_target_status__rosidl_typesupport_fastrtps_c.h\n'}
[0.426630] (px4_msgs) StdoutLine: {'line': b'-- Up-to-date symlink: /home/lee/workspace/ros2_ex_mav/install/px4_msgs/include/px4_msgs/px4_msgs/msg/detail/generator_status__rosidl_typesupport_fastrtps_c.h\n'}
[0.426650] (px4_msgs) StdoutLine: {'line': b'-- Up-to-date symlink: /home/lee/workspace/ros2_ex_mav/install/px4_msgs/include/px4_msgs/px4_msgs/msg/detail/geofence_result__rosidl_typesupport_fastrtps_c.h\n'}
[0.426670] (px4_msgs) StdoutLine: {'line': b'-- Up-to-date symlink: /home/lee/workspace/ros2_ex_mav/install/px4_msgs/include/px4_msgs/px4_msgs/msg/detail/gimbal_controls__rosidl_typesupport_fastrtps_c.h\n'}
[0.426690] (px4_msgs) StdoutLine: {'line': b'-- Up-to-date symlink: /home/lee/workspace/ros2_ex_mav/install/px4_msgs/include/px4_msgs/px4_msgs/msg/detail/gimbal_device_attitude_status__rosidl_typesupport_fastrtps_c.h\n'}
[0.426709] (px4_msgs) StdoutLine: {'line': b'-- Up-to-date symlink: /home/lee/workspace/ros2_ex_mav/install/px4_msgs/include/px4_msgs/px4_msgs/msg/detail/gimbal_device_information__rosidl_typesupport_fastrtps_c.h\n'}
[0.426729] (px4_msgs) StdoutLine: {'line': b'-- Up-to-date symlink: /home/lee/workspace/ros2_ex_mav/install/px4_msgs/include/px4_msgs/px4_msgs/msg/detail/gimbal_device_set_attitude__rosidl_typesupport_fastrtps_c.h\n'}
[0.426748] (px4_msgs) StdoutLine: {'line': b'-- Up-to-date symlink: /home/lee/workspace/ros2_ex_mav/install/px4_msgs/include/px4_msgs/px4_msgs/msg/detail/gimbal_manager_information__rosidl_typesupport_fastrtps_c.h\n'}
[0.426795] (px4_msgs) StdoutLine: {'line': b'-- Up-to-date symlink: /home/lee/workspace/ros2_ex_mav/install/px4_msgs/include/px4_msgs/px4_msgs/msg/detail/gimbal_manager_set_attitude__rosidl_typesupport_fastrtps_c.h\n'}
[0.426815] (px4_msgs) StdoutLine: {'line': b'-- Up-to-date symlink: /home/lee/workspace/ros2_ex_mav/install/px4_msgs/include/px4_msgs/px4_msgs/msg/detail/gimbal_manager_set_manual_control__rosidl_typesupport_fastrtps_c.h\n'}
[0.426836] (px4_msgs) StdoutLine: {'line': b'-- Up-to-date symlink: /home/lee/workspace/ros2_ex_mav/install/px4_msgs/include/px4_msgs/px4_msgs/msg/detail/gimbal_manager_status__rosidl_typesupport_fastrtps_c.h\n'}
[0.426873] (px4_msgs) StdoutLine: {'line': b'-- Up-to-date symlink: /home/lee/workspace/ros2_ex_mav/install/px4_msgs/include/px4_msgs/px4_msgs/msg/detail/gps_dump__rosidl_typesupport_fastrtps_c.h\n'}
[0.426893] (px4_msgs) StdoutLine: {'line': b'-- Up-to-date symlink: /home/lee/workspace/ros2_ex_mav/install/px4_msgs/include/px4_msgs/px4_msgs/msg/detail/gps_inject_data__rosidl_typesupport_fastrtps_c.h\n'}
[0.426913] (px4_msgs) StdoutLine: {'line': b'-- Up-to-date symlink: /home/lee/workspace/ros2_ex_mav/install/px4_msgs/include/px4_msgs/px4_msgs/msg/detail/gripper__rosidl_typesupport_fastrtps_c.h\n'}
[0.426932] (px4_msgs) StdoutLine: {'line': b'-- Up-to-date symlink: /home/lee/workspace/ros2_ex_mav/install/px4_msgs/include/px4_msgs/px4_msgs/msg/detail/health_report__rosidl_typesupport_fastrtps_c.h\n'}
[0.426952] (px4_msgs) StdoutLine: {'line': b'-- Up-to-date symlink: /home/lee/workspace/ros2_ex_mav/install/px4_msgs/include/px4_msgs/px4_msgs/msg/detail/heater_status__rosidl_typesupport_fastrtps_c.h\n'}
[0.426973] (px4_msgs) StdoutLine: {'line': b'-- Up-to-date symlink: /home/lee/workspace/ros2_ex_mav/install/px4_msgs/include/px4_msgs/px4_msgs/msg/detail/home_position__rosidl_typesupport_fastrtps_c.h\n'}
[0.426994] (px4_msgs) StdoutLine: {'line': b'-- Up-to-date symlink: /home/lee/workspace/ros2_ex_mav/install/px4_msgs/include/px4_msgs/px4_msgs/msg/detail/hover_thrust_estimate__rosidl_typesupport_fastrtps_c.h\n'}
[0.427014] (px4_msgs) StdoutLine: {'line': b'-- Up-to-date symlink: /home/lee/workspace/ros2_ex_mav/install/px4_msgs/include/px4_msgs/px4_msgs/msg/detail/input_rc__rosidl_typesupport_fastrtps_c.h\n'}
[0.427034] (px4_msgs) StdoutLine: {'line': b'-- Up-to-date symlink: /home/lee/workspace/ros2_ex_mav/install/px4_msgs/include/px4_msgs/px4_msgs/msg/detail/internal_combustion_engine_status__rosidl_typesupport_fastrtps_c.h\n'}
[0.427054] (px4_msgs) StdoutLine: {'line': b'-- Up-to-date symlink: /home/lee/workspace/ros2_ex_mav/install/px4_msgs/include/px4_msgs/px4_msgs/msg/detail/iridiumsbd_status__rosidl_typesupport_fastrtps_c.h\n'}
[0.427089] (px4_msgs) StdoutLine: {'line': b'-- Up-to-date symlink: /home/lee/workspace/ros2_ex_mav/install/px4_msgs/include/px4_msgs/px4_msgs/msg/detail/irlock_report__rosidl_typesupport_fastrtps_c.h\n'}
[0.427110] (px4_msgs) StdoutLine: {'line': b'-- Up-to-date symlink: /home/lee/workspace/ros2_ex_mav/install/px4_msgs/include/px4_msgs/px4_msgs/msg/detail/landing_gear__rosidl_typesupport_fastrtps_c.h\n'}
[0.427129] (px4_msgs) StdoutLine: {'line': b'-- Up-to-date symlink: /home/lee/workspace/ros2_ex_mav/install/px4_msgs/include/px4_msgs/px4_msgs/msg/detail/landing_gear_wheel__rosidl_typesupport_fastrtps_c.h\n'}
[0.427148] (px4_msgs) StdoutLine: {'line': b'-- Up-to-date symlink: /home/lee/workspace/ros2_ex_mav/install/px4_msgs/include/px4_msgs/px4_msgs/msg/detail/landing_target_innovations__rosidl_typesupport_fastrtps_c.h\n'}
[0.427172] (px4_msgs) StdoutLine: {'line': b'-- Up-to-date symlink: /home/lee/workspace/ros2_ex_mav/install/px4_msgs/include/px4_msgs/px4_msgs/msg/detail/landing_target_pose__rosidl_typesupport_fastrtps_c.h\n'}
[0.427194] (px4_msgs) StdoutLine: {'line': b'-- Up-to-date symlink: /home/lee/workspace/ros2_ex_mav/install/px4_msgs/include/px4_msgs/px4_msgs/msg/detail/launch_detection_status__rosidl_typesupport_fastrtps_c.h\n'}
[0.427214] (px4_msgs) StdoutLine: {'line': b'-- Up-to-date symlink: /home/lee/workspace/ros2_ex_mav/install/px4_msgs/include/px4_msgs/px4_msgs/msg/detail/led_control__rosidl_typesupport_fastrtps_c.h\n'}
[0.427233] (px4_msgs) StdoutLine: {'line': b'-- Up-to-date symlink: /home/lee/workspace/ros2_ex_mav/install/px4_msgs/include/px4_msgs/px4_msgs/msg/detail/log_message__rosidl_typesupport_fastrtps_c.h\n'}
[0.427252] (px4_msgs) StdoutLine: {'line': b'-- Up-to-date symlink: /home/lee/workspace/ros2_ex_mav/install/px4_msgs/include/px4_msgs/px4_msgs/msg/detail/logger_status__rosidl_typesupport_fastrtps_c.h\n'}
[0.427271] (px4_msgs) StdoutLine: {'line': b'-- Up-to-date symlink: /home/lee/workspace/ros2_ex_mav/install/px4_msgs/include/px4_msgs/px4_msgs/msg/detail/mag_worker_data__rosidl_typesupport_fastrtps_c.h\n'}
[0.427307] (px4_msgs) StdoutLine: {'line': b'-- Up-to-date symlink: /home/lee/workspace/ros2_ex_mav/install/px4_msgs/include/px4_msgs/px4_msgs/msg/detail/magnetometer_bias_estimate__rosidl_typesupport_fastrtps_c.h\n'}
[0.427327] (px4_msgs) StdoutLine: {'line': b'-- Up-to-date symlink: /home/lee/workspace/ros2_ex_mav/install/px4_msgs/include/px4_msgs/px4_msgs/msg/detail/manual_control_setpoint__rosidl_typesupport_fastrtps_c.h\n'}
[0.427369] (px4_msgs) StdoutLine: {'line': b'-- Up-to-date symlink: /home/lee/workspace/ros2_ex_mav/install/px4_msgs/include/px4_msgs/px4_msgs/msg/detail/manual_control_switches__rosidl_typesupport_fastrtps_c.h\n'}
[0.427389] (px4_msgs) StdoutLine: {'line': b'-- Up-to-date symlink: /home/lee/workspace/ros2_ex_mav/install/px4_msgs/include/px4_msgs/px4_msgs/msg/detail/mavlink_log__rosidl_typesupport_fastrtps_c.h\n'}
[0.427408] (px4_msgs) StdoutLine: {'line': b'-- Up-to-date symlink: /home/lee/workspace/ros2_ex_mav/install/px4_msgs/include/px4_msgs/px4_msgs/msg/detail/mavlink_tunnel__rosidl_typesupport_fastrtps_c.h\n'}
[0.427427] (px4_msgs) StdoutLine: {'line': b'-- Up-to-date symlink: /home/lee/workspace/ros2_ex_mav/install/px4_msgs/include/px4_msgs/px4_msgs/msg/detail/mission__rosidl_typesupport_fastrtps_c.h\n'}
[0.427447] (px4_msgs) StdoutLine: {'line': b'-- Up-to-date symlink: /home/lee/workspace/ros2_ex_mav/install/px4_msgs/include/px4_msgs/px4_msgs/msg/detail/mission_result__rosidl_typesupport_fastrtps_c.h\n'}
[0.427466] (px4_msgs) StdoutLine: {'line': b'-- Up-to-date symlink: /home/lee/workspace/ros2_ex_mav/install/px4_msgs/include/px4_msgs/px4_msgs/msg/detail/mode_completed__rosidl_typesupport_fastrtps_c.h\n'}
[0.427487] (px4_msgs) StdoutLine: {'line': b'-- Up-to-date symlink: /home/lee/workspace/ros2_ex_mav/install/px4_msgs/include/px4_msgs/px4_msgs/msg/detail/mount_orientation__rosidl_typesupport_fastrtps_c.h\n'}
[0.427510] (px4_msgs) StdoutLine: {'line': b'-- Up-to-date symlink: /home/lee/workspace/ros2_ex_mav/install/px4_msgs/include/px4_msgs/px4_msgs/msg/detail/navigator_mission_item__rosidl_typesupport_fastrtps_c.h\n'}
[0.427530] (px4_msgs) StdoutLine: {'line': b'-- Up-to-date symlink: /home/lee/workspace/ros2_ex_mav/install/px4_msgs/include/px4_msgs/px4_msgs/msg/detail/normalized_unsigned_setpoint__rosidl_typesupport_fastrtps_c.h\n'}
[0.427550] (px4_msgs) StdoutLine: {'line': b'-- Up-to-date symlink: /home/lee/workspace/ros2_ex_mav/install/px4_msgs/include/px4_msgs/px4_msgs/msg/detail/npfg_status__rosidl_typesupport_fastrtps_c.h\n'}
[0.427571] (px4_msgs) StdoutLine: {'line': b'-- Up-to-date symlink: /home/lee/workspace/ros2_ex_mav/install/px4_msgs/include/px4_msgs/px4_msgs/msg/detail/obstacle_distance__rosidl_typesupport_fastrtps_c.h\n'}
[0.427591] (px4_msgs) StdoutLine: {'line': b'-- Up-to-date symlink: /home/lee/workspace/ros2_ex_mav/install/px4_msgs/include/px4_msgs/px4_msgs/msg/detail/offboard_control_mode__rosidl_typesupport_fastrtps_c.h\n'}
[0.427611] (px4_msgs) StdoutLine: {'line': b'-- Up-to-date symlink: /home/lee/workspace/ros2_ex_mav/install/px4_msgs/include/px4_msgs/px4_msgs/msg/detail/onboard_computer_status__rosidl_typesupport_fastrtps_c.h\n'}
[0.427631] (px4_msgs) StdoutLine: {'line': b'-- Up-to-date symlink: /home/lee/workspace/ros2_ex_mav/install/px4_msgs/include/px4_msgs/px4_msgs/msg/detail/orb_test__rosidl_typesupport_fastrtps_c.h\n'}
[0.427650] (px4_msgs) StdoutLine: {'line': b'-- Up-to-date symlink: /home/lee/workspace/ros2_ex_mav/install/px4_msgs/include/px4_msgs/px4_msgs/msg/detail/orb_test_large__rosidl_typesupport_fastrtps_c.h\n'}
[0.427670] (px4_msgs) StdoutLine: {'line': b'-- Up-to-date symlink: /home/lee/workspace/ros2_ex_mav/install/px4_msgs/include/px4_msgs/px4_msgs/msg/detail/orb_test_medium__rosidl_typesupport_fastrtps_c.h\n'}
[0.427690] (px4_msgs) StdoutLine: {'line': b'-- Up-to-date symlink: /home/lee/workspace/ros2_ex_mav/install/px4_msgs/include/px4_msgs/px4_msgs/msg/detail/orbit_status__rosidl_typesupport_fastrtps_c.h\n'}
[0.427709] (px4_msgs) StdoutLine: {'line': b'-- Up-to-date symlink: /home/lee/workspace/ros2_ex_mav/install/px4_msgs/include/px4_msgs/px4_msgs/msg/detail/parameter_update__rosidl_typesupport_fastrtps_c.h\n'}
[0.427729] (px4_msgs) StdoutLine: {'line': b'-- Up-to-date symlink: /home/lee/workspace/ros2_ex_mav/install/px4_msgs/include/px4_msgs/px4_msgs/msg/detail/ping__rosidl_typesupport_fastrtps_c.h\n'}
[0.427749] (px4_msgs) StdoutLine: {'line': b'-- Up-to-date symlink: /home/lee/workspace/ros2_ex_mav/install/px4_msgs/include/px4_msgs/px4_msgs/msg/detail/position_controller_landing_status__rosidl_typesupport_fastrtps_c.h\n'}
[0.427768] (px4_msgs) StdoutLine: {'line': b'-- Up-to-date symlink: /home/lee/workspace/ros2_ex_mav/install/px4_msgs/include/px4_msgs/px4_msgs/msg/detail/position_controller_status__rosidl_typesupport_fastrtps_c.h\n'}
[0.427788] (px4_msgs) StdoutLine: {'line': b'-- Up-to-date symlink: /home/lee/workspace/ros2_ex_mav/install/px4_msgs/include/px4_msgs/px4_msgs/msg/detail/position_setpoint__rosidl_typesupport_fastrtps_c.h\n'}
[0.427807] (px4_msgs) StdoutLine: {'line': b'-- Up-to-date symlink: /home/lee/workspace/ros2_ex_mav/install/px4_msgs/include/px4_msgs/px4_msgs/msg/detail/position_setpoint_triplet__rosidl_typesupport_fastrtps_c.h\n'}
[0.427827] (px4_msgs) StdoutLine: {'line': b'-- Up-to-date symlink: /home/lee/workspace/ros2_ex_mav/install/px4_msgs/include/px4_msgs/px4_msgs/msg/detail/power_button_state__rosidl_typesupport_fastrtps_c.h\n'}
[0.427848] (px4_msgs) StdoutLine: {'line': b'-- Up-to-date symlink: /home/lee/workspace/ros2_ex_mav/install/px4_msgs/include/px4_msgs/px4_msgs/msg/detail/power_monitor__rosidl_typesupport_fastrtps_c.h\n'}
[0.427867] (px4_msgs) StdoutLine: {'line': b'-- Up-to-date symlink: /home/lee/workspace/ros2_ex_mav/install/px4_msgs/include/px4_msgs/px4_msgs/msg/detail/pps_capture__rosidl_typesupport_fastrtps_c.h\n'}
[0.427890] (px4_msgs) StdoutLine: {'line': b'-- Up-to-date symlink: /home/lee/workspace/ros2_ex_mav/install/px4_msgs/include/px4_msgs/px4_msgs/msg/detail/pwm_input__rosidl_typesupport_fastrtps_c.h\n'}
[0.427911] (px4_msgs) StdoutLine: {'line': b'-- Up-to-date symlink: /home/lee/workspace/ros2_ex_mav/install/px4_msgs/include/px4_msgs/px4_msgs/msg/detail/px4io_status__rosidl_typesupport_fastrtps_c.h\n'}
[0.427931] (px4_msgs) StdoutLine: {'line': b'-- Up-to-date symlink: /home/lee/workspace/ros2_ex_mav/install/px4_msgs/include/px4_msgs/px4_msgs/msg/detail/qshell_req__rosidl_typesupport_fastrtps_c.h\n'}
[0.427951] (px4_msgs) StdoutLine: {'line': b'-- Up-to-date symlink: /home/lee/workspace/ros2_ex_mav/install/px4_msgs/include/px4_msgs/px4_msgs/msg/detail/qshell_retval__rosidl_typesupport_fastrtps_c.h\n'}
[0.427970] (px4_msgs) StdoutLine: {'line': b'-- Up-to-date symlink: /home/lee/workspace/ros2_ex_mav/install/px4_msgs/include/px4_msgs/px4_msgs/msg/detail/radio_status__rosidl_typesupport_fastrtps_c.h\n'}
[0.427991] (px4_msgs) StdoutLine: {'line': b'-- Up-to-date symlink: /home/lee/workspace/ros2_ex_mav/install/px4_msgs/include/px4_msgs/px4_msgs/msg/detail/rate_ctrl_status__rosidl_typesupport_fastrtps_c.h\n'}
[0.428010] (px4_msgs) StdoutLine: {'line': b'-- Up-to-date symlink: /home/lee/workspace/ros2_ex_mav/install/px4_msgs/include/px4_msgs/px4_msgs/msg/detail/rc_channels__rosidl_typesupport_fastrtps_c.h\n'}
[0.428030] (px4_msgs) StdoutLine: {'line': b'-- Up-to-date symlink: /home/lee/workspace/ros2_ex_mav/install/px4_msgs/include/px4_msgs/px4_msgs/msg/detail/rc_parameter_map__rosidl_typesupport_fastrtps_c.h\n'}
[0.428050] (px4_msgs) StdoutLine: {'line': b'-- Up-to-date symlink: /home/lee/workspace/ros2_ex_mav/install/px4_msgs/include/px4_msgs/px4_msgs/msg/detail/rpm__rosidl_typesupport_fastrtps_c.h\n'}
[0.428069] (px4_msgs) StdoutLine: {'line': b'-- Up-to-date symlink: /home/lee/workspace/ros2_ex_mav/install/px4_msgs/include/px4_msgs/px4_msgs/msg/detail/rtl_time_estimate__rosidl_typesupport_fastrtps_c.h\n'}
[0.428088] (px4_msgs) StdoutLine: {'line': b'-- Up-to-date symlink: /home/lee/workspace/ros2_ex_mav/install/px4_msgs/include/px4_msgs/px4_msgs/msg/detail/satellite_info__rosidl_typesupport_fastrtps_c.h\n'}
[0.428108] (px4_msgs) StdoutLine: {'line': b'-- Up-to-date symlink: /home/lee/workspace/ros2_ex_mav/install/px4_msgs/include/px4_msgs/px4_msgs/msg/detail/sensor_accel__rosidl_typesupport_fastrtps_c.h\n'}
[0.428139] (px4_msgs) StdoutLine: {'line': b'-- Up-to-date symlink: /home/lee/workspace/ros2_ex_mav/install/px4_msgs/include/px4_msgs/px4_msgs/msg/detail/sensor_accel_fifo__rosidl_typesupport_fastrtps_c.h\n'}
[0.428160] (px4_msgs) StdoutLine: {'line': b'-- Up-to-date symlink: /home/lee/workspace/ros2_ex_mav/install/px4_msgs/include/px4_msgs/px4_msgs/msg/detail/sensor_baro__rosidl_typesupport_fastrtps_c.h\n'}
[0.428188] (px4_msgs) StdoutLine: {'line': b'-- Up-to-date symlink: /home/lee/workspace/ros2_ex_mav/install/px4_msgs/include/px4_msgs/px4_msgs/msg/detail/sensor_combined__rosidl_typesupport_fastrtps_c.h\n'}
[0.428208] (px4_msgs) StdoutLine: {'line': b'-- Up-to-date symlink: /home/lee/workspace/ros2_ex_mav/install/px4_msgs/include/px4_msgs/px4_msgs/msg/detail/sensor_correction__rosidl_typesupport_fastrtps_c.h\n'}
[0.428228] (px4_msgs) StdoutLine: {'line': b'-- Up-to-date symlink: /home/lee/workspace/ros2_ex_mav/install/px4_msgs/include/px4_msgs/px4_msgs/msg/detail/sensor_gnss_relative__rosidl_typesupport_fastrtps_c.h\n'}
[0.428249] (px4_msgs) StdoutLine: {'line': b'-- Up-to-date symlink: /home/lee/workspace/ros2_ex_mav/install/px4_msgs/include/px4_msgs/px4_msgs/msg/detail/sensor_gps__rosidl_typesupport_fastrtps_c.h\n'}
[0.428322] (px4_msgs) StdoutLine: {'line': b'-- Up-to-date symlink: /home/lee/workspace/ros2_ex_mav/install/px4_msgs/include/px4_msgs/px4_msgs/msg/detail/sensor_gyro__rosidl_typesupport_fastrtps_c.h\n'}
[0.428345] (px4_msgs) StdoutLine: {'line': b'-- Up-to-date symlink: /home/lee/workspace/ros2_ex_mav/install/px4_msgs/include/px4_msgs/px4_msgs/msg/detail/sensor_gyro_fft__rosidl_typesupport_fastrtps_c.h\n'}
[0.428366] (px4_msgs) StdoutLine: {'line': b'-- Up-to-date symlink: /home/lee/workspace/ros2_ex_mav/install/px4_msgs/include/px4_msgs/px4_msgs/msg/detail/sensor_gyro_fifo__rosidl_typesupport_fastrtps_c.h\n'}
[0.428405] (px4_msgs) StdoutLine: {'line': b'-- Up-to-date symlink: /home/lee/workspace/ros2_ex_mav/install/px4_msgs/include/px4_msgs/px4_msgs/msg/detail/sensor_hygrometer__rosidl_typesupport_fastrtps_c.h\n'}
[0.428429] (px4_msgs) StdoutLine: {'line': b'-- Up-to-date symlink: /home/lee/workspace/ros2_ex_mav/install/px4_msgs/include/px4_msgs/px4_msgs/msg/detail/sensor_mag__rosidl_typesupport_fastrtps_c.h\n'}
[0.428462] (px4_msgs) StdoutLine: {'line': b'-- Up-to-date symlink: /home/lee/workspace/ros2_ex_mav/install/px4_msgs/include/px4_msgs/px4_msgs/msg/detail/sensor_optical_flow__rosidl_typesupport_fastrtps_c.h\n'}
[0.428484] (px4_msgs) StdoutLine: {'line': b'-- Up-to-date symlink: /home/lee/workspace/ros2_ex_mav/install/px4_msgs/include/px4_msgs/px4_msgs/msg/detail/sensor_preflight_mag__rosidl_typesupport_fastrtps_c.h\n'}
[0.428504] (px4_msgs) StdoutLine: {'line': b'-- Up-to-date symlink: /home/lee/workspace/ros2_ex_mav/install/px4_msgs/include/px4_msgs/px4_msgs/msg/detail/sensor_selection__rosidl_typesupport_fastrtps_c.h\n'}
[0.428547] (px4_msgs) StdoutLine: {'line': b'-- Up-to-date symlink: /home/lee/workspace/ros2_ex_mav/install/px4_msgs/include/px4_msgs/px4_msgs/msg/detail/sensor_uwb__rosidl_typesupport_fastrtps_c.h\n'}
[0.428570] (px4_msgs) StdoutLine: {'line': b'-- Up-to-date symlink: /home/lee/workspace/ros2_ex_mav/install/px4_msgs/include/px4_msgs/px4_msgs/msg/detail/sensors_status__rosidl_typesupport_fastrtps_c.h\n'}
[0.428589] (px4_msgs) StdoutLine: {'line': b'-- Up-to-date symlink: /home/lee/workspace/ros2_ex_mav/install/px4_msgs/include/px4_msgs/px4_msgs/msg/detail/sensors_status_imu__rosidl_typesupport_fastrtps_c.h\n'}
[0.428609] (px4_msgs) StdoutLine: {'line': b'-- Up-to-date symlink: /home/lee/workspace/ros2_ex_mav/install/px4_msgs/include/px4_msgs/px4_msgs/msg/detail/system_power__rosidl_typesupport_fastrtps_c.h\n'}
[0.428628] (px4_msgs) StdoutLine: {'line': b'-- Up-to-date symlink: /home/lee/workspace/ros2_ex_mav/install/px4_msgs/include/px4_msgs/px4_msgs/msg/detail/takeoff_status__rosidl_typesupport_fastrtps_c.h\n'}
[0.428657] (px4_msgs) StdoutLine: {'line': b'-- Up-to-date symlink: /home/lee/workspace/ros2_ex_mav/install/px4_msgs/include/px4_msgs/px4_msgs/msg/detail/task_stack_info__rosidl_typesupport_fastrtps_c.h\n'}
[0.428677] (px4_msgs) StdoutLine: {'line': b'-- Up-to-date symlink: /home/lee/workspace/ros2_ex_mav/install/px4_msgs/include/px4_msgs/px4_msgs/msg/detail/tecs_status__rosidl_typesupport_fastrtps_c.h\n'}
[0.428696] (px4_msgs) StdoutLine: {'line': b'-- Up-to-date symlink: /home/lee/workspace/ros2_ex_mav/install/px4_msgs/include/px4_msgs/px4_msgs/msg/detail/telemetry_status__rosidl_typesupport_fastrtps_c.h\n'}
[0.428715] (px4_msgs) StdoutLine: {'line': b'-- Up-to-date symlink: /home/lee/workspace/ros2_ex_mav/install/px4_msgs/include/px4_msgs/px4_msgs/msg/detail/tiltrotor_extra_controls__rosidl_typesupport_fastrtps_c.h\n'}
[0.428734] (px4_msgs) StdoutLine: {'line': b'-- Up-to-date symlink: /home/lee/workspace/ros2_ex_mav/install/px4_msgs/include/px4_msgs/px4_msgs/msg/detail/timesync_status__rosidl_typesupport_fastrtps_c.h\n'}
[0.428753] (px4_msgs) StdoutLine: {'line': b'-- Up-to-date symlink: /home/lee/workspace/ros2_ex_mav/install/px4_msgs/include/px4_msgs/px4_msgs/msg/detail/trajectory_bezier__rosidl_typesupport_fastrtps_c.h\n'}
[0.428773] (px4_msgs) StdoutLine: {'line': b'-- Up-to-date symlink: /home/lee/workspace/ros2_ex_mav/install/px4_msgs/include/px4_msgs/px4_msgs/msg/detail/trajectory_setpoint__rosidl_typesupport_fastrtps_c.h\n'}
[0.428792] (px4_msgs) StdoutLine: {'line': b'-- Up-to-date symlink: /home/lee/workspace/ros2_ex_mav/install/px4_msgs/include/px4_msgs/px4_msgs/msg/detail/trajectory_waypoint__rosidl_typesupport_fastrtps_c.h\n'}
[0.428811] (px4_msgs) StdoutLine: {'line': b'-- Up-to-date symlink: /home/lee/workspace/ros2_ex_mav/install/px4_msgs/include/px4_msgs/px4_msgs/msg/detail/transponder_report__rosidl_typesupport_fastrtps_c.h\n'}
[0.428847] (px4_msgs) StdoutLine: {'line': b'-- Up-to-date symlink: /home/lee/workspace/ros2_ex_mav/install/px4_msgs/include/px4_msgs/px4_msgs/msg/detail/tune_control__rosidl_typesupport_fastrtps_c.h\n'}
[0.428867] (px4_msgs) StdoutLine: {'line': b'-- Up-to-date symlink: /home/lee/workspace/ros2_ex_mav/install/px4_msgs/include/px4_msgs/px4_msgs/msg/detail/uavcan_parameter_request__rosidl_typesupport_fastrtps_c.h\n'}
[0.428886] (px4_msgs) StdoutLine: {'line': b'-- Up-to-date symlink: /home/lee/workspace/ros2_ex_mav/install/px4_msgs/include/px4_msgs/px4_msgs/msg/detail/uavcan_parameter_value__rosidl_typesupport_fastrtps_c.h\n'}
[0.428905] (px4_msgs) StdoutLine: {'line': b'-- Up-to-date symlink: /home/lee/workspace/ros2_ex_mav/install/px4_msgs/include/px4_msgs/px4_msgs/msg/detail/ulog_stream__rosidl_typesupport_fastrtps_c.h\n'}
[0.428925] (px4_msgs) StdoutLine: {'line': b'-- Up-to-date symlink: /home/lee/workspace/ros2_ex_mav/install/px4_msgs/include/px4_msgs/px4_msgs/msg/detail/ulog_stream_ack__rosidl_typesupport_fastrtps_c.h\n'}
[0.428944] (px4_msgs) StdoutLine: {'line': b'-- Up-to-date symlink: /home/lee/workspace/ros2_ex_mav/install/px4_msgs/include/px4_msgs/px4_msgs/msg/detail/vehicle_acceleration__rosidl_typesupport_fastrtps_c.h\n'}
[0.428964] (px4_msgs) StdoutLine: {'line': b'-- Up-to-date symlink: /home/lee/workspace/ros2_ex_mav/install/px4_msgs/include/px4_msgs/px4_msgs/msg/detail/vehicle_air_data__rosidl_typesupport_fastrtps_c.h\n'}
[0.428985] (px4_msgs) StdoutLine: {'line': b'-- Up-to-date symlink: /home/lee/workspace/ros2_ex_mav/install/px4_msgs/include/px4_msgs/px4_msgs/msg/detail/vehicle_angular_acceleration_setpoint__rosidl_typesupport_fastrtps_c.h\n'}
[0.429004] (px4_msgs) StdoutLine: {'line': b'-- Up-to-date symlink: /home/lee/workspace/ros2_ex_mav/install/px4_msgs/include/px4_msgs/px4_msgs/msg/detail/vehicle_angular_velocity__rosidl_typesupport_fastrtps_c.h\n'}
[0.429024] (px4_msgs) StdoutLine: {'line': b'-- Up-to-date symlink: /home/lee/workspace/ros2_ex_mav/install/px4_msgs/include/px4_msgs/px4_msgs/msg/detail/vehicle_attitude__rosidl_typesupport_fastrtps_c.h\n'}
[0.429043] (px4_msgs) StdoutLine: {'line': b'-- Up-to-date symlink: /home/lee/workspace/ros2_ex_mav/install/px4_msgs/include/px4_msgs/px4_msgs/msg/detail/vehicle_attitude_setpoint__rosidl_typesupport_fastrtps_c.h\n'}
[0.429082] (px4_msgs) StdoutLine: {'line': b'-- Up-to-date symlink: /home/lee/workspace/ros2_ex_mav/install/px4_msgs/include/px4_msgs/px4_msgs/msg/detail/vehicle_command__rosidl_typesupport_fastrtps_c.h\n'}
[0.429101] (px4_msgs) StdoutLine: {'line': b'-- Up-to-date symlink: /home/lee/workspace/ros2_ex_mav/install/px4_msgs/include/px4_msgs/px4_msgs/msg/detail/vehicle_command_ack__rosidl_typesupport_fastrtps_c.h\n'}
[0.429121] (px4_msgs) StdoutLine: {'line': b'-- Up-to-date symlink: /home/lee/workspace/ros2_ex_mav/install/px4_msgs/include/px4_msgs/px4_msgs/msg/detail/vehicle_constraints__rosidl_typesupport_fastrtps_c.h\n'}
[0.429141] (px4_msgs) StdoutLine: {'line': b'-- Up-to-date symlink: /home/lee/workspace/ros2_ex_mav/install/px4_msgs/include/px4_msgs/px4_msgs/msg/detail/vehicle_control_mode__rosidl_typesupport_fastrtps_c.h\n'}
[0.429160] (px4_msgs) StdoutLine: {'line': b'-- Up-to-date symlink: /home/lee/workspace/ros2_ex_mav/install/px4_msgs/include/px4_msgs/px4_msgs/msg/detail/vehicle_global_position__rosidl_typesupport_fastrtps_c.h\n'}
[0.429189] (px4_msgs) StdoutLine: {'line': b'-- Up-to-date symlink: /home/lee/workspace/ros2_ex_mav/install/px4_msgs/include/px4_msgs/px4_msgs/msg/detail/vehicle_imu__rosidl_typesupport_fastrtps_c.h\n'}
[0.429209] (px4_msgs) StdoutLine: {'line': b'-- Up-to-date symlink: /home/lee/workspace/ros2_ex_mav/install/px4_msgs/include/px4_msgs/px4_msgs/msg/detail/vehicle_imu_status__rosidl_typesupport_fastrtps_c.h\n'}
[0.429228] (px4_msgs) StdoutLine: {'line': b'-- Up-to-date symlink: /home/lee/workspace/ros2_ex_mav/install/px4_msgs/include/px4_msgs/px4_msgs/msg/detail/vehicle_land_detected__rosidl_typesupport_fastrtps_c.h\n'}
[0.429248] (px4_msgs) StdoutLine: {'line': b'-- Up-to-date symlink: /home/lee/workspace/ros2_ex_mav/install/px4_msgs/include/px4_msgs/px4_msgs/msg/detail/vehicle_local_position__rosidl_typesupport_fastrtps_c.h\n'}
[0.429289] (px4_msgs) StdoutLine: {'line': b'-- Up-to-date symlink: /home/lee/workspace/ros2_ex_mav/install/px4_msgs/include/px4_msgs/px4_msgs/msg/detail/vehicle_local_position_setpoint__rosidl_typesupport_fastrtps_c.h\n'}
[0.429309] (px4_msgs) StdoutLine: {'line': b'-- Up-to-date symlink: /home/lee/workspace/ros2_ex_mav/install/px4_msgs/include/px4_msgs/px4_msgs/msg/detail/vehicle_magnetometer__rosidl_typesupport_fastrtps_c.h\n'}
[0.429329] (px4_msgs) StdoutLine: {'line': b'-- Up-to-date symlink: /home/lee/workspace/ros2_ex_mav/install/px4_msgs/include/px4_msgs/px4_msgs/msg/detail/vehicle_odometry__rosidl_typesupport_fastrtps_c.h\n'}
[0.429349] (px4_msgs) StdoutLine: {'line': b'-- Up-to-date symlink: /home/lee/workspace/ros2_ex_mav/install/px4_msgs/include/px4_msgs/px4_msgs/msg/detail/vehicle_optical_flow__rosidl_typesupport_fastrtps_c.h\n'}
[0.429369] (px4_msgs) StdoutLine: {'line': b'-- Up-to-date symlink: /home/lee/workspace/ros2_ex_mav/install/px4_msgs/include/px4_msgs/px4_msgs/msg/detail/vehicle_optical_flow_vel__rosidl_typesupport_fastrtps_c.h\n'}
[0.429389] (px4_msgs) StdoutLine: {'line': b'-- Up-to-date symlink: /home/lee/workspace/ros2_ex_mav/install/px4_msgs/include/px4_msgs/px4_msgs/msg/detail/vehicle_rates_setpoint__rosidl_typesupport_fastrtps_c.h\n'}
[0.429408] (px4_msgs) StdoutLine: {'line': b'-- Up-to-date symlink: /home/lee/workspace/ros2_ex_mav/install/px4_msgs/include/px4_msgs/px4_msgs/msg/detail/vehicle_roi__rosidl_typesupport_fastrtps_c.h\n'}
[0.429428] (px4_msgs) StdoutLine: {'line': b'-- Up-to-date symlink: /home/lee/workspace/ros2_ex_mav/install/px4_msgs/include/px4_msgs/px4_msgs/msg/detail/vehicle_status__rosidl_typesupport_fastrtps_c.h\n'}
[0.429448] (px4_msgs) StdoutLine: {'line': b'-- Up-to-date symlink: /home/lee/workspace/ros2_ex_mav/install/px4_msgs/include/px4_msgs/px4_msgs/msg/detail/vehicle_thrust_setpoint__rosidl_typesupport_fastrtps_c.h\n'}
[0.429467] (px4_msgs) StdoutLine: {'line': b'-- Up-to-date symlink: /home/lee/workspace/ros2_ex_mav/install/px4_msgs/include/px4_msgs/px4_msgs/msg/detail/vehicle_torque_setpoint__rosidl_typesupport_fastrtps_c.h\n'}
[0.429511] (px4_msgs) StdoutLine: {'line': b'-- Up-to-date symlink: /home/lee/workspace/ros2_ex_mav/install/px4_msgs/include/px4_msgs/px4_msgs/msg/detail/vehicle_trajectory_bezier__rosidl_typesupport_fastrtps_c.h\n'}
[0.429533] (px4_msgs) StdoutLine: {'line': b'-- Up-to-date symlink: /home/lee/workspace/ros2_ex_mav/install/px4_msgs/include/px4_msgs/px4_msgs/msg/detail/vehicle_trajectory_waypoint__rosidl_typesupport_fastrtps_c.h\n'}
[0.429553] (px4_msgs) StdoutLine: {'line': b'-- Up-to-date symlink: /home/lee/workspace/ros2_ex_mav/install/px4_msgs/include/px4_msgs/px4_msgs/msg/detail/vtol_vehicle_status__rosidl_typesupport_fastrtps_c.h\n'}
[0.429570] (px4_msgs) StdoutLine: {'line': b'-- Up-to-date symlink: /home/lee/workspace/ros2_ex_mav/install/px4_msgs/include/px4_msgs/px4_msgs/msg/detail/wind__rosidl_typesupport_fastrtps_c.h\n'}
[0.429589] (px4_msgs) StdoutLine: {'line': b'-- Up-to-date symlink: /home/lee/workspace/ros2_ex_mav/install/px4_msgs/include/px4_msgs/px4_msgs/msg/detail/yaw_estimator_status__rosidl_typesupport_fastrtps_c.h\n'}
[0.429608] (px4_msgs) StdoutLine: {'line': b'-- Up-to-date symlink: /home/lee/workspace/ros2_ex_mav/install/px4_msgs/include/px4_msgs/px4_msgs/msg/rosidl_typesupport_fastrtps_c__visibility_control.h\n'}
[0.432269] (px4_msgs) StdoutLine: {'line': b'-- Up-to-date symlink: /home/lee/workspace/ros2_ex_mav/install/px4_msgs/include/px4_msgs/px4_msgs/msg/action_request.hpp\n'}
[0.432307] (px4_msgs) StdoutLine: {'line': b'-- Up-to-date symlink: /home/lee/workspace/ros2_ex_mav/install/px4_msgs/include/px4_msgs/px4_msgs/msg/actuator_armed.hpp\n'}
[0.432343] (px4_msgs) StdoutLine: {'line': b'-- Up-to-date symlink: /home/lee/workspace/ros2_ex_mav/install/px4_msgs/include/px4_msgs/px4_msgs/msg/actuator_controls_status.hpp\n'}
[0.432378] (px4_msgs) StdoutLine: {'line': b'-- Up-to-date symlink: /home/lee/workspace/ros2_ex_mav/install/px4_msgs/include/px4_msgs/px4_msgs/msg/actuator_motors.hpp\n'}
[0.432414] (px4_msgs) StdoutLine: {'line': b'-- Up-to-date symlink: /home/lee/workspace/ros2_ex_mav/install/px4_msgs/include/px4_msgs/px4_msgs/msg/actuator_outputs.hpp\n'}
[0.432449] (px4_msgs) StdoutLine: {'line': b'-- Up-to-date symlink: /home/lee/workspace/ros2_ex_mav/install/px4_msgs/include/px4_msgs/px4_msgs/msg/actuator_servos.hpp\n'}
[0.432484] (px4_msgs) StdoutLine: {'line': b'-- Up-to-date symlink: /home/lee/workspace/ros2_ex_mav/install/px4_msgs/include/px4_msgs/px4_msgs/msg/actuator_servos_trim.hpp\n'}
[0.432512] (px4_msgs) StdoutLine: {'line': b'-- Up-to-date symlink: /home/lee/workspace/ros2_ex_mav/install/px4_msgs/include/px4_msgs/px4_msgs/msg/actuator_test.hpp\n'}
[0.432544] (px4_msgs) StdoutLine: {'line': b'-- Up-to-date symlink: /home/lee/workspace/ros2_ex_mav/install/px4_msgs/include/px4_msgs/px4_msgs/msg/adc_report.hpp\n'}
[0.432578] (px4_msgs) StdoutLine: {'line': b'-- Up-to-date symlink: /home/lee/workspace/ros2_ex_mav/install/px4_msgs/include/px4_msgs/px4_msgs/msg/airspeed.hpp\n'}
[0.432613] (px4_msgs) StdoutLine: {'line': b'-- Up-to-date symlink: /home/lee/workspace/ros2_ex_mav/install/px4_msgs/include/px4_msgs/px4_msgs/msg/airspeed_validated.hpp\n'}
[0.432641] (px4_msgs) StdoutLine: {'line': b'-- Up-to-date symlink: /home/lee/workspace/ros2_ex_mav/install/px4_msgs/include/px4_msgs/px4_msgs/msg/airspeed_wind.hpp\n'}
[0.432673] (px4_msgs) StdoutLine: {'line': b'-- Up-to-date symlink: /home/lee/workspace/ros2_ex_mav/install/px4_msgs/include/px4_msgs/px4_msgs/msg/autotune_attitude_control_status.hpp\n'}
[0.432706] (px4_msgs) StdoutLine: {'line': b'-- Up-to-date symlink: /home/lee/workspace/ros2_ex_mav/install/px4_msgs/include/px4_msgs/px4_msgs/msg/battery_status.hpp\n'}
[0.432738] (px4_msgs) StdoutLine: {'line': b'-- Up-to-date symlink: /home/lee/workspace/ros2_ex_mav/install/px4_msgs/include/px4_msgs/px4_msgs/msg/button_event.hpp\n'}
[0.432773] (px4_msgs) StdoutLine: {'line': b'-- Up-to-date symlink: /home/lee/workspace/ros2_ex_mav/install/px4_msgs/include/px4_msgs/px4_msgs/msg/camera_capture.hpp\n'}
[0.432803] (px4_msgs) StdoutLine: {'line': b'-- Up-to-date symlink: /home/lee/workspace/ros2_ex_mav/install/px4_msgs/include/px4_msgs/px4_msgs/msg/camera_status.hpp\n'}
[0.432837] (px4_msgs) StdoutLine: {'line': b'-- Up-to-date symlink: /home/lee/workspace/ros2_ex_mav/install/px4_msgs/include/px4_msgs/px4_msgs/msg/camera_trigger.hpp\n'}
[0.432873] (px4_msgs) StdoutLine: {'line': b'-- Up-to-date symlink: /home/lee/workspace/ros2_ex_mav/install/px4_msgs/include/px4_msgs/px4_msgs/msg/cellular_status.hpp\n'}
[0.432902] (px4_msgs) StdoutLine: {'line': b'-- Up-to-date symlink: /home/lee/workspace/ros2_ex_mav/install/px4_msgs/include/px4_msgs/px4_msgs/msg/collision_constraints.hpp\n'}
[0.432936] (px4_msgs) StdoutLine: {'line': b'-- Up-to-date symlink: /home/lee/workspace/ros2_ex_mav/install/px4_msgs/include/px4_msgs/px4_msgs/msg/collision_report.hpp\n'}
[0.432970] (px4_msgs) StdoutLine: {'line': b'-- Up-to-date symlink: /home/lee/workspace/ros2_ex_mav/install/px4_msgs/include/px4_msgs/px4_msgs/msg/control_allocator_status.hpp\n'}
[0.433004] (px4_msgs) StdoutLine: {'line': b'-- Up-to-date symlink: /home/lee/workspace/ros2_ex_mav/install/px4_msgs/include/px4_msgs/px4_msgs/msg/cpuload.hpp\n'}
[0.433039] (px4_msgs) StdoutLine: {'line': b'-- Up-to-date symlink: /home/lee/workspace/ros2_ex_mav/install/px4_msgs/include/px4_msgs/px4_msgs/msg/debug_array.hpp\n'}
[0.433070] (px4_msgs) StdoutLine: {'line': b'-- Up-to-date symlink: /home/lee/workspace/ros2_ex_mav/install/px4_msgs/include/px4_msgs/px4_msgs/msg/debug_key_value.hpp\n'}
[0.433106] (px4_msgs) StdoutLine: {'line': b'-- Up-to-date symlink: /home/lee/workspace/ros2_ex_mav/install/px4_msgs/include/px4_msgs/px4_msgs/msg/debug_value.hpp\n'}
[0.433141] (px4_msgs) StdoutLine: {'line': b'-- Up-to-date symlink: /home/lee/workspace/ros2_ex_mav/install/px4_msgs/include/px4_msgs/px4_msgs/msg/debug_vect.hpp\n'}
[0.433176] (px4_msgs) StdoutLine: {'line': b'-- Up-to-date symlink: /home/lee/workspace/ros2_ex_mav/install/px4_msgs/include/px4_msgs/px4_msgs/msg/detail/action_request__builder.hpp\n'}
[0.433209] (px4_msgs) StdoutLine: {'line': b'-- Up-to-date symlink: /home/lee/workspace/ros2_ex_mav/install/px4_msgs/include/px4_msgs/px4_msgs/msg/detail/action_request__struct.hpp\n'}
[0.433243] (px4_msgs) StdoutLine: {'line': b'-- Up-to-date symlink: /home/lee/workspace/ros2_ex_mav/install/px4_msgs/include/px4_msgs/px4_msgs/msg/detail/action_request__traits.hpp\n'}
[0.433278] (px4_msgs) StdoutLine: {'line': b'-- Up-to-date symlink: /home/lee/workspace/ros2_ex_mav/install/px4_msgs/include/px4_msgs/px4_msgs/msg/detail/action_request__type_support.hpp\n'}
[0.433313] (px4_msgs) StdoutLine: {'line': b'-- Up-to-date symlink: /home/lee/workspace/ros2_ex_mav/install/px4_msgs/include/px4_msgs/px4_msgs/msg/detail/actuator_armed__builder.hpp\n'}
[0.433341] (px4_msgs) StdoutLine: {'line': b'-- Up-to-date symlink: /home/lee/workspace/ros2_ex_mav/install/px4_msgs/include/px4_msgs/px4_msgs/msg/detail/actuator_armed__struct.hpp\n'}
[0.433378] (px4_msgs) StdoutLine: {'line': b'-- Up-to-date symlink: /home/lee/workspace/ros2_ex_mav/install/px4_msgs/include/px4_msgs/px4_msgs/msg/detail/actuator_armed__traits.hpp\n'}
[0.433405] (px4_msgs) StdoutLine: {'line': b'-- Up-to-date symlink: /home/lee/workspace/ros2_ex_mav/install/px4_msgs/include/px4_msgs/px4_msgs/msg/detail/actuator_armed__type_support.hpp\n'}
[0.433439] (px4_msgs) StdoutLine: {'line': b'-- Up-to-date symlink: /home/lee/workspace/ros2_ex_mav/install/px4_msgs/include/px4_msgs/px4_msgs/msg/detail/actuator_controls_status__builder.hpp\n'}
[0.433473] (px4_msgs) StdoutLine: {'line': b'-- Up-to-date symlink: /home/lee/workspace/ros2_ex_mav/install/px4_msgs/include/px4_msgs/px4_msgs/msg/detail/actuator_controls_status__struct.hpp\n'}
[0.433507] (px4_msgs) StdoutLine: {'line': b'-- Up-to-date symlink: /home/lee/workspace/ros2_ex_mav/install/px4_msgs/include/px4_msgs/px4_msgs/msg/detail/actuator_controls_status__traits.hpp\n'}
[0.433541] (px4_msgs) StdoutLine: {'line': b'-- Up-to-date symlink: /home/lee/workspace/ros2_ex_mav/install/px4_msgs/include/px4_msgs/px4_msgs/msg/detail/actuator_controls_status__type_support.hpp\n'}
[0.433575] (px4_msgs) StdoutLine: {'line': b'-- Up-to-date symlink: /home/lee/workspace/ros2_ex_mav/install/px4_msgs/include/px4_msgs/px4_msgs/msg/detail/actuator_motors__builder.hpp\n'}
[0.433615] (px4_msgs) StdoutLine: {'line': b'-- Up-to-date symlink: /home/lee/workspace/ros2_ex_mav/install/px4_msgs/include/px4_msgs/px4_msgs/msg/detail/actuator_motors__struct.hpp\n'}
[0.433635] (px4_msgs) StdoutLine: {'line': b'-- Up-to-date symlink: /home/lee/workspace/ros2_ex_mav/install/px4_msgs/include/px4_msgs/px4_msgs/msg/detail/actuator_motors__traits.hpp\n'}
[0.433669] (px4_msgs) StdoutLine: {'line': b'-- Up-to-date symlink: /home/lee/workspace/ros2_ex_mav/install/px4_msgs/include/px4_msgs/px4_msgs/msg/detail/actuator_motors__type_support.hpp\n'}
[0.433703] (px4_msgs) StdoutLine: {'line': b'-- Up-to-date symlink: /home/lee/workspace/ros2_ex_mav/install/px4_msgs/include/px4_msgs/px4_msgs/msg/detail/actuator_outputs__builder.hpp\n'}
[0.433731] (px4_msgs) StdoutLine: {'line': b'-- Up-to-date symlink: /home/lee/workspace/ros2_ex_mav/install/px4_msgs/include/px4_msgs/px4_msgs/msg/detail/actuator_outputs__struct.hpp\n'}
[0.433765] (px4_msgs) StdoutLine: {'line': b'-- Up-to-date symlink: /home/lee/workspace/ros2_ex_mav/install/px4_msgs/include/px4_msgs/px4_msgs/msg/detail/actuator_outputs__traits.hpp\n'}
[0.433799] (px4_msgs) StdoutLine: {'line': b'-- Up-to-date symlink: /home/lee/workspace/ros2_ex_mav/install/px4_msgs/include/px4_msgs/px4_msgs/msg/detail/actuator_outputs__type_support.hpp\n'}
[0.433827] (px4_msgs) StdoutLine: {'line': b'-- Up-to-date symlink: /home/lee/workspace/ros2_ex_mav/install/px4_msgs/include/px4_msgs/px4_msgs/msg/detail/actuator_servos__builder.hpp\n'}
[0.433861] (px4_msgs) StdoutLine: {'line': b'-- Up-to-date symlink: /home/lee/workspace/ros2_ex_mav/install/px4_msgs/include/px4_msgs/px4_msgs/msg/detail/actuator_servos__struct.hpp\n'}
[0.433890] (px4_msgs) StdoutLine: {'line': b'-- Up-to-date symlink: /home/lee/workspace/ros2_ex_mav/install/px4_msgs/include/px4_msgs/px4_msgs/msg/detail/actuator_servos__traits.hpp\n'}
[0.433924] (px4_msgs) StdoutLine: {'line': b'-- Up-to-date symlink: /home/lee/workspace/ros2_ex_mav/install/px4_msgs/include/px4_msgs/px4_msgs/msg/detail/actuator_servos__type_support.hpp\n'}
[0.433958] (px4_msgs) StdoutLine: {'line': b'-- Up-to-date symlink: /home/lee/workspace/ros2_ex_mav/install/px4_msgs/include/px4_msgs/px4_msgs/msg/detail/actuator_servos_trim__builder.hpp\n'}
[0.433989] (px4_msgs) StdoutLine: {'line': b'-- Up-to-date symlink: /home/lee/workspace/ros2_ex_mav/install/px4_msgs/include/px4_msgs/px4_msgs/msg/detail/actuator_servos_trim__struct.hpp\n'}
[0.434016] (px4_msgs) StdoutLine: {'line': b'-- Up-to-date symlink: /home/lee/workspace/ros2_ex_mav/install/px4_msgs/include/px4_msgs/px4_msgs/msg/detail/actuator_servos_trim__traits.hpp\n'}
[0.434049] (px4_msgs) StdoutLine: {'line': b'-- Up-to-date symlink: /home/lee/workspace/ros2_ex_mav/install/px4_msgs/include/px4_msgs/px4_msgs/msg/detail/actuator_servos_trim__type_support.hpp\n'}
[0.434077] (px4_msgs) StdoutLine: {'line': b'-- Up-to-date symlink: /home/lee/workspace/ros2_ex_mav/install/px4_msgs/include/px4_msgs/px4_msgs/msg/detail/actuator_test__builder.hpp\n'}
[0.434110] (px4_msgs) StdoutLine: {'line': b'-- Up-to-date symlink: /home/lee/workspace/ros2_ex_mav/install/px4_msgs/include/px4_msgs/px4_msgs/msg/detail/actuator_test__struct.hpp\n'}
[0.434143] (px4_msgs) StdoutLine: {'line': b'-- Up-to-date symlink: /home/lee/workspace/ros2_ex_mav/install/px4_msgs/include/px4_msgs/px4_msgs/msg/detail/actuator_test__traits.hpp\n'}
[0.434175] (px4_msgs) StdoutLine: {'line': b'-- Up-to-date symlink: /home/lee/workspace/ros2_ex_mav/install/px4_msgs/include/px4_msgs/px4_msgs/msg/detail/actuator_test__type_support.hpp\n'}
[0.434207] (px4_msgs) StdoutLine: {'line': b'-- Up-to-date symlink: /home/lee/workspace/ros2_ex_mav/install/px4_msgs/include/px4_msgs/px4_msgs/msg/detail/adc_report__builder.hpp\n'}
[0.434250] (px4_msgs) StdoutLine: {'line': b'-- Up-to-date symlink: /home/lee/workspace/ros2_ex_mav/install/px4_msgs/include/px4_msgs/px4_msgs/msg/detail/adc_report__struct.hpp\n'}
[0.434294] (px4_msgs) StdoutLine: {'line': b'-- Up-to-date symlink: /home/lee/workspace/ros2_ex_mav/install/px4_msgs/include/px4_msgs/px4_msgs/msg/detail/adc_report__traits.hpp\n'}
[0.434315] (px4_msgs) StdoutLine: {'line': b'-- Up-to-date symlink: /home/lee/workspace/ros2_ex_mav/install/px4_msgs/include/px4_msgs/px4_msgs/msg/detail/adc_report__type_support.hpp\n'}
[0.434347] (px4_msgs) StdoutLine: {'line': b'-- Up-to-date symlink: /home/lee/workspace/ros2_ex_mav/install/px4_msgs/include/px4_msgs/px4_msgs/msg/detail/airspeed__builder.hpp\n'}
[0.434384] (px4_msgs) StdoutLine: {'line': b'-- Up-to-date symlink: /home/lee/workspace/ros2_ex_mav/install/px4_msgs/include/px4_msgs/px4_msgs/msg/detail/airspeed__struct.hpp\n'}
[0.434428] (px4_msgs) StdoutLine: {'line': b'-- Up-to-date symlink: /home/lee/workspace/ros2_ex_mav/install/px4_msgs/include/px4_msgs/px4_msgs/msg/detail/airspeed__traits.hpp\n'}
[0.434447] (px4_msgs) StdoutLine: {'line': b'-- Up-to-date symlink: /home/lee/workspace/ros2_ex_mav/install/px4_msgs/include/px4_msgs/px4_msgs/msg/detail/airspeed__type_support.hpp\n'}
[0.434484] (px4_msgs) StdoutLine: {'line': b'-- Up-to-date symlink: /home/lee/workspace/ros2_ex_mav/install/px4_msgs/include/px4_msgs/px4_msgs/msg/detail/airspeed_validated__builder.hpp\n'}
[0.434527] (px4_msgs) StdoutLine: {'line': b'-- Up-to-date symlink: /home/lee/workspace/ros2_ex_mav/install/px4_msgs/include/px4_msgs/px4_msgs/msg/detail/airspeed_validated__struct.hpp\n'}
[0.434546] (px4_msgs) StdoutLine: {'line': b'-- Up-to-date symlink: /home/lee/workspace/ros2_ex_mav/install/px4_msgs/include/px4_msgs/px4_msgs/msg/detail/airspeed_validated__traits.hpp\n'}
[0.434582] (px4_msgs) StdoutLine: {'line': b'-- Up-to-date symlink: /home/lee/workspace/ros2_ex_mav/install/px4_msgs/include/px4_msgs/px4_msgs/msg/detail/airspeed_validated__type_support.hpp\n'}
[0.434611] (px4_msgs) StdoutLine: {'line': b'-- Up-to-date symlink: /home/lee/workspace/ros2_ex_mav/install/px4_msgs/include/px4_msgs/px4_msgs/msg/detail/airspeed_wind__builder.hpp\n'}
[0.434647] (px4_msgs) StdoutLine: {'line': b'-- Up-to-date symlink: /home/lee/workspace/ros2_ex_mav/install/px4_msgs/include/px4_msgs/px4_msgs/msg/detail/airspeed_wind__struct.hpp\n'}
[0.434682] (px4_msgs) StdoutLine: {'line': b'-- Up-to-date symlink: /home/lee/workspace/ros2_ex_mav/install/px4_msgs/include/px4_msgs/px4_msgs/msg/detail/airspeed_wind__traits.hpp\n'}
[0.434710] (px4_msgs) StdoutLine: {'line': b'-- Up-to-date symlink: /home/lee/workspace/ros2_ex_mav/install/px4_msgs/include/px4_msgs/px4_msgs/msg/detail/airspeed_wind__type_support.hpp\n'}
[0.434740] (px4_msgs) StdoutLine: {'line': b'-- Up-to-date symlink: /home/lee/workspace/ros2_ex_mav/install/px4_msgs/include/px4_msgs/px4_msgs/msg/detail/autotune_attitude_control_status__builder.hpp\n'}
[0.434774] (px4_msgs) StdoutLine: {'line': b'-- Up-to-date symlink: /home/lee/workspace/ros2_ex_mav/install/px4_msgs/include/px4_msgs/px4_msgs/msg/detail/autotune_attitude_control_status__struct.hpp\n'}
[0.434808] (px4_msgs) StdoutLine: {'line': b'-- Up-to-date symlink: /home/lee/workspace/ros2_ex_mav/install/px4_msgs/include/px4_msgs/px4_msgs/msg/detail/autotune_attitude_control_status__traits.hpp\n'}
[0.434842] (px4_msgs) StdoutLine: {'line': b'-- Up-to-date symlink: /home/lee/workspace/ros2_ex_mav/install/px4_msgs/include/px4_msgs/px4_msgs/msg/detail/autotune_attitude_control_status__type_support.hpp\n'}
[0.434872] (px4_msgs) StdoutLine: {'line': b'-- Up-to-date symlink: /home/lee/workspace/ros2_ex_mav/install/px4_msgs/include/px4_msgs/px4_msgs/msg/detail/battery_status__builder.hpp\n'}
[0.434905] (px4_msgs) StdoutLine: {'line': b'-- Up-to-date symlink: /home/lee/workspace/ros2_ex_mav/install/px4_msgs/include/px4_msgs/px4_msgs/msg/detail/battery_status__struct.hpp\n'}
[0.434938] (px4_msgs) StdoutLine: {'line': b'-- Up-to-date symlink: /home/lee/workspace/ros2_ex_mav/install/px4_msgs/include/px4_msgs/px4_msgs/msg/detail/battery_status__traits.hpp\n'}
[0.434971] (px4_msgs) StdoutLine: {'line': b'-- Up-to-date symlink: /home/lee/workspace/ros2_ex_mav/install/px4_msgs/include/px4_msgs/px4_msgs/msg/detail/battery_status__type_support.hpp\n'}
[0.435005] (px4_msgs) StdoutLine: {'line': b'-- Up-to-date symlink: /home/lee/workspace/ros2_ex_mav/install/px4_msgs/include/px4_msgs/px4_msgs/msg/detail/button_event__builder.hpp\n'}
[0.435038] (px4_msgs) StdoutLine: {'line': b'-- Up-to-date symlink: /home/lee/workspace/ros2_ex_mav/install/px4_msgs/include/px4_msgs/px4_msgs/msg/detail/button_event__struct.hpp\n'}
[0.435072] (px4_msgs) StdoutLine: {'line': b'-- Up-to-date symlink: /home/lee/workspace/ros2_ex_mav/install/px4_msgs/include/px4_msgs/px4_msgs/msg/detail/button_event__traits.hpp\n'}
[0.435104] (px4_msgs) StdoutLine: {'line': b'-- Up-to-date symlink: /home/lee/workspace/ros2_ex_mav/install/px4_msgs/include/px4_msgs/px4_msgs/msg/detail/button_event__type_support.hpp\n'}
[0.435136] (px4_msgs) StdoutLine: {'line': b'-- Up-to-date symlink: /home/lee/workspace/ros2_ex_mav/install/px4_msgs/include/px4_msgs/px4_msgs/msg/detail/camera_capture__builder.hpp\n'}
[0.435163] (px4_msgs) StdoutLine: {'line': b'-- Up-to-date symlink: /home/lee/workspace/ros2_ex_mav/install/px4_msgs/include/px4_msgs/px4_msgs/msg/detail/camera_capture__struct.hpp\n'}
[0.435206] (px4_msgs) StdoutLine: {'line': b'-- Up-to-date symlink: /home/lee/workspace/ros2_ex_mav/install/px4_msgs/include/px4_msgs/px4_msgs/msg/detail/camera_capture__traits.hpp\n'}
[0.435240] (px4_msgs) StdoutLine: {'line': b'-- Up-to-date symlink: /home/lee/workspace/ros2_ex_mav/install/px4_msgs/include/px4_msgs/px4_msgs/msg/detail/camera_capture__type_support.hpp\n'}
[0.435274] (px4_msgs) StdoutLine: {'line': b'-- Up-to-date symlink: /home/lee/workspace/ros2_ex_mav/install/px4_msgs/include/px4_msgs/px4_msgs/msg/detail/camera_status__builder.hpp\n'}
[0.435306] (px4_msgs) StdoutLine: {'line': b'-- Up-to-date symlink: /home/lee/workspace/ros2_ex_mav/install/px4_msgs/include/px4_msgs/px4_msgs/msg/detail/camera_status__struct.hpp\n'}
[0.435340] (px4_msgs) StdoutLine: {'line': b'-- Up-to-date symlink: /home/lee/workspace/ros2_ex_mav/install/px4_msgs/include/px4_msgs/px4_msgs/msg/detail/camera_status__traits.hpp\n'}
[0.435411] (px4_msgs) StdoutLine: {'line': b'-- Up-to-date symlink: /home/lee/workspace/ros2_ex_mav/install/px4_msgs/include/px4_msgs/px4_msgs/msg/detail/camera_status__type_support.hpp\n'}
[0.435448] (px4_msgs) StdoutLine: {'line': b'-- Up-to-date symlink: /home/lee/workspace/ros2_ex_mav/install/px4_msgs/include/px4_msgs/px4_msgs/msg/detail/camera_trigger__builder.hpp\n'}
[0.435469] (px4_msgs) StdoutLine: {'line': b'-- Up-to-date symlink: /home/lee/workspace/ros2_ex_mav/install/px4_msgs/include/px4_msgs/px4_msgs/msg/detail/camera_trigger__struct.hpp\n'}
[0.435502] (px4_msgs) StdoutLine: {'line': b'-- Up-to-date symlink: /home/lee/workspace/ros2_ex_mav/install/px4_msgs/include/px4_msgs/px4_msgs/msg/detail/camera_trigger__traits.hpp\n'}
[0.435547] (px4_msgs) StdoutLine: {'line': b'-- Up-to-date symlink: /home/lee/workspace/ros2_ex_mav/install/px4_msgs/include/px4_msgs/px4_msgs/msg/detail/camera_trigger__type_support.hpp\n'}
[0.435567] (px4_msgs) StdoutLine: {'line': b'-- Up-to-date symlink: /home/lee/workspace/ros2_ex_mav/install/px4_msgs/include/px4_msgs/px4_msgs/msg/detail/cellular_status__builder.hpp\n'}
[0.435587] (px4_msgs) StdoutLine: {'line': b'-- Up-to-date symlink: /home/lee/workspace/ros2_ex_mav/install/px4_msgs/include/px4_msgs/px4_msgs/msg/detail/cellular_status__struct.hpp\n'}
[0.435626] (px4_msgs) StdoutLine: {'line': b'-- Up-to-date symlink: /home/lee/workspace/ros2_ex_mav/install/px4_msgs/include/px4_msgs/px4_msgs/msg/detail/cellular_status__traits.hpp\n'}
[0.435655] (px4_msgs) StdoutLine: {'line': b'-- Up-to-date symlink: /home/lee/workspace/ros2_ex_mav/install/px4_msgs/include/px4_msgs/px4_msgs/msg/detail/cellular_status__type_support.hpp\n'}
[0.435681] (px4_msgs) StdoutLine: {'line': b'-- Up-to-date symlink: /home/lee/workspace/ros2_ex_mav/install/px4_msgs/include/px4_msgs/px4_msgs/msg/detail/collision_constraints__builder.hpp\n'}
[0.435699] (px4_msgs) StdoutLine: {'line': b'-- Up-to-date symlink: /home/lee/workspace/ros2_ex_mav/install/px4_msgs/include/px4_msgs/px4_msgs/msg/detail/collision_constraints__struct.hpp\n'}
[0.435739] (px4_msgs) StdoutLine: {'line': b'-- Up-to-date symlink: /home/lee/workspace/ros2_ex_mav/install/px4_msgs/include/px4_msgs/px4_msgs/msg/detail/collision_constraints__traits.hpp\n'}
[0.435758] (px4_msgs) StdoutLine: {'line': b'-- Up-to-date symlink: /home/lee/workspace/ros2_ex_mav/install/px4_msgs/include/px4_msgs/px4_msgs/msg/detail/collision_constraints__type_support.hpp\n'}
[0.435787] (px4_msgs) StdoutLine: {'line': b'-- Up-to-date symlink: /home/lee/workspace/ros2_ex_mav/install/px4_msgs/include/px4_msgs/px4_msgs/msg/detail/collision_report__builder.hpp\n'}
[0.435820] (px4_msgs) StdoutLine: {'line': b'-- Up-to-date symlink: /home/lee/workspace/ros2_ex_mav/install/px4_msgs/include/px4_msgs/px4_msgs/msg/detail/collision_report__struct.hpp\n'}
[0.435855] (px4_msgs) StdoutLine: {'line': b'-- Up-to-date symlink: /home/lee/workspace/ros2_ex_mav/install/px4_msgs/include/px4_msgs/px4_msgs/msg/detail/collision_report__traits.hpp\n'}
[0.435889] (px4_msgs) StdoutLine: {'line': b'-- Up-to-date symlink: /home/lee/workspace/ros2_ex_mav/install/px4_msgs/include/px4_msgs/px4_msgs/msg/detail/collision_report__type_support.hpp\n'}
[0.435923] (px4_msgs) StdoutLine: {'line': b'-- Up-to-date symlink: /home/lee/workspace/ros2_ex_mav/install/px4_msgs/include/px4_msgs/px4_msgs/msg/detail/control_allocator_status__builder.hpp\n'}
[0.435957] (px4_msgs) StdoutLine: {'line': b'-- Up-to-date symlink: /home/lee/workspace/ros2_ex_mav/install/px4_msgs/include/px4_msgs/px4_msgs/msg/detail/control_allocator_status__struct.hpp\n'}
[0.435992] (px4_msgs) StdoutLine: {'line': b'-- Up-to-date symlink: /home/lee/workspace/ros2_ex_mav/install/px4_msgs/include/px4_msgs/px4_msgs/msg/detail/control_allocator_status__traits.hpp\n'}
[0.436020] (px4_msgs) StdoutLine: {'line': b'-- Up-to-date symlink: /home/lee/workspace/ros2_ex_mav/install/px4_msgs/include/px4_msgs/px4_msgs/msg/detail/control_allocator_status__type_support.hpp\n'}
[0.436055] (px4_msgs) StdoutLine: {'line': b'-- Up-to-date symlink: /home/lee/workspace/ros2_ex_mav/install/px4_msgs/include/px4_msgs/px4_msgs/msg/detail/cpuload__builder.hpp\n'}
[0.436089] (px4_msgs) StdoutLine: {'line': b'-- Up-to-date symlink: /home/lee/workspace/ros2_ex_mav/install/px4_msgs/include/px4_msgs/px4_msgs/msg/detail/cpuload__struct.hpp\n'}
[0.436123] (px4_msgs) StdoutLine: {'line': b'-- Up-to-date symlink: /home/lee/workspace/ros2_ex_mav/install/px4_msgs/include/px4_msgs/px4_msgs/msg/detail/cpuload__traits.hpp\n'}
[0.436156] (px4_msgs) StdoutLine: {'line': b'-- Up-to-date symlink: /home/lee/workspace/ros2_ex_mav/install/px4_msgs/include/px4_msgs/px4_msgs/msg/detail/cpuload__type_support.hpp\n'}
[0.436191] (px4_msgs) StdoutLine: {'line': b'-- Up-to-date symlink: /home/lee/workspace/ros2_ex_mav/install/px4_msgs/include/px4_msgs/px4_msgs/msg/detail/debug_array__builder.hpp\n'}
[0.436219] (px4_msgs) StdoutLine: {'line': b'-- Up-to-date symlink: /home/lee/workspace/ros2_ex_mav/install/px4_msgs/include/px4_msgs/px4_msgs/msg/detail/debug_array__struct.hpp\n'}
[0.436255] (px4_msgs) StdoutLine: {'line': b'-- Up-to-date symlink: /home/lee/workspace/ros2_ex_mav/install/px4_msgs/include/px4_msgs/px4_msgs/msg/detail/debug_array__traits.hpp\n'}
[0.436281] (px4_msgs) StdoutLine: {'line': b'-- Up-to-date symlink: /home/lee/workspace/ros2_ex_mav/install/px4_msgs/include/px4_msgs/px4_msgs/msg/detail/debug_array__type_support.hpp\n'}
[0.436309] (px4_msgs) StdoutLine: {'line': b'-- Up-to-date symlink: /home/lee/workspace/ros2_ex_mav/install/px4_msgs/include/px4_msgs/px4_msgs/msg/detail/debug_key_value__builder.hpp\n'}
[0.436337] (px4_msgs) StdoutLine: {'line': b'-- Up-to-date symlink: /home/lee/workspace/ros2_ex_mav/install/px4_msgs/include/px4_msgs/px4_msgs/msg/detail/debug_key_value__struct.hpp\n'}
[0.436369] (px4_msgs) StdoutLine: {'line': b'-- Up-to-date symlink: /home/lee/workspace/ros2_ex_mav/install/px4_msgs/include/px4_msgs/px4_msgs/msg/detail/debug_key_value__traits.hpp\n'}
[0.436403] (px4_msgs) StdoutLine: {'line': b'-- Up-to-date symlink: /home/lee/workspace/ros2_ex_mav/install/px4_msgs/include/px4_msgs/px4_msgs/msg/detail/debug_key_value__type_support.hpp\n'}
[0.436437] (px4_msgs) StdoutLine: {'line': b'-- Up-to-date symlink: /home/lee/workspace/ros2_ex_mav/install/px4_msgs/include/px4_msgs/px4_msgs/msg/detail/debug_value__builder.hpp\n'}
[0.436470] (px4_msgs) StdoutLine: {'line': b'-- Up-to-date symlink: /home/lee/workspace/ros2_ex_mav/install/px4_msgs/include/px4_msgs/px4_msgs/msg/detail/debug_value__struct.hpp\n'}
[0.436498] (px4_msgs) StdoutLine: {'line': b'-- Up-to-date symlink: /home/lee/workspace/ros2_ex_mav/install/px4_msgs/include/px4_msgs/px4_msgs/msg/detail/debug_value__traits.hpp\n'}
[0.436531] (px4_msgs) StdoutLine: {'line': b'-- Up-to-date symlink: /home/lee/workspace/ros2_ex_mav/install/px4_msgs/include/px4_msgs/px4_msgs/msg/detail/debug_value__type_support.hpp\n'}
[0.436565] (px4_msgs) StdoutLine: {'line': b'-- Up-to-date symlink: /home/lee/workspace/ros2_ex_mav/install/px4_msgs/include/px4_msgs/px4_msgs/msg/detail/debug_vect__builder.hpp\n'}
[0.436597] (px4_msgs) StdoutLine: {'line': b'-- Up-to-date symlink: /home/lee/workspace/ros2_ex_mav/install/px4_msgs/include/px4_msgs/px4_msgs/msg/detail/debug_vect__struct.hpp\n'}
[0.436630] (px4_msgs) StdoutLine: {'line': b'-- Up-to-date symlink: /home/lee/workspace/ros2_ex_mav/install/px4_msgs/include/px4_msgs/px4_msgs/msg/detail/debug_vect__traits.hpp\n'}
[0.436657] (px4_msgs) StdoutLine: {'line': b'-- Up-to-date symlink: /home/lee/workspace/ros2_ex_mav/install/px4_msgs/include/px4_msgs/px4_msgs/msg/detail/debug_vect__type_support.hpp\n'}
[0.436691] (px4_msgs) StdoutLine: {'line': b'-- Up-to-date symlink: /home/lee/workspace/ros2_ex_mav/install/px4_msgs/include/px4_msgs/px4_msgs/msg/detail/differential_pressure__builder.hpp\n'}
[0.436720] (px4_msgs) StdoutLine: {'line': b'-- Up-to-date symlink: /home/lee/workspace/ros2_ex_mav/install/px4_msgs/include/px4_msgs/px4_msgs/msg/detail/differential_pressure__struct.hpp\n'}
[0.436752] (px4_msgs) StdoutLine: {'line': b'-- Up-to-date symlink: /home/lee/workspace/ros2_ex_mav/install/px4_msgs/include/px4_msgs/px4_msgs/msg/detail/differential_pressure__traits.hpp\n'}
[0.436785] (px4_msgs) StdoutLine: {'line': b'-- Up-to-date symlink: /home/lee/workspace/ros2_ex_mav/install/px4_msgs/include/px4_msgs/px4_msgs/msg/detail/differential_pressure__type_support.hpp\n'}
[0.436820] (px4_msgs) StdoutLine: {'line': b'-- Up-to-date symlink: /home/lee/workspace/ros2_ex_mav/install/px4_msgs/include/px4_msgs/px4_msgs/msg/detail/distance_sensor__builder.hpp\n'}
[0.436854] (px4_msgs) StdoutLine: {'line': b'-- Up-to-date symlink: /home/lee/workspace/ros2_ex_mav/install/px4_msgs/include/px4_msgs/px4_msgs/msg/detail/distance_sensor__struct.hpp\n'}
[0.436888] (px4_msgs) StdoutLine: {'line': b'-- Up-to-date symlink: /home/lee/workspace/ros2_ex_mav/install/px4_msgs/include/px4_msgs/px4_msgs/msg/detail/distance_sensor__traits.hpp\n'}
[0.436922] (px4_msgs) StdoutLine: {'line': b'-- Up-to-date symlink: /home/lee/workspace/ros2_ex_mav/install/px4_msgs/include/px4_msgs/px4_msgs/msg/detail/distance_sensor__type_support.hpp\n'}
[0.436954] (px4_msgs) StdoutLine: {'line': b'-- Up-to-date symlink: /home/lee/workspace/ros2_ex_mav/install/px4_msgs/include/px4_msgs/px4_msgs/msg/detail/ekf2_timestamps__builder.hpp\n'}
[0.436986] (px4_msgs) StdoutLine: {'line': b'-- Up-to-date symlink: /home/lee/workspace/ros2_ex_mav/install/px4_msgs/include/px4_msgs/px4_msgs/msg/detail/ekf2_timestamps__struct.hpp\n'}
[0.437018] (px4_msgs) StdoutLine: {'line': b'-- Up-to-date symlink: /home/lee/workspace/ros2_ex_mav/install/px4_msgs/include/px4_msgs/px4_msgs/msg/detail/ekf2_timestamps__traits.hpp\n'}
[0.437052] (px4_msgs) StdoutLine: {'line': b'-- Up-to-date symlink: /home/lee/workspace/ros2_ex_mav/install/px4_msgs/include/px4_msgs/px4_msgs/msg/detail/ekf2_timestamps__type_support.hpp\n'}
[0.437083] (px4_msgs) StdoutLine: {'line': b'-- Up-to-date symlink: /home/lee/workspace/ros2_ex_mav/install/px4_msgs/include/px4_msgs/px4_msgs/msg/detail/esc_report__builder.hpp\n'}
[0.437116] (px4_msgs) StdoutLine: {'line': b'-- Up-to-date symlink: /home/lee/workspace/ros2_ex_mav/install/px4_msgs/include/px4_msgs/px4_msgs/msg/detail/esc_report__struct.hpp\n'}
[0.437147] (px4_msgs) StdoutLine: {'line': b'-- Up-to-date symlink: /home/lee/workspace/ros2_ex_mav/install/px4_msgs/include/px4_msgs/px4_msgs/msg/detail/esc_report__traits.hpp\n'}
[0.437181] (px4_msgs) StdoutLine: {'line': b'-- Up-to-date symlink: /home/lee/workspace/ros2_ex_mav/install/px4_msgs/include/px4_msgs/px4_msgs/msg/detail/esc_report__type_support.hpp\n'}
[0.437221] (px4_msgs) StdoutLine: {'line': b'-- Up-to-date symlink: /home/lee/workspace/ros2_ex_mav/install/px4_msgs/include/px4_msgs/px4_msgs/msg/detail/esc_status__builder.hpp\n'}
[0.437250] (px4_msgs) StdoutLine: {'line': b'-- Up-to-date symlink: /home/lee/workspace/ros2_ex_mav/install/px4_msgs/include/px4_msgs/px4_msgs/msg/detail/esc_status__struct.hpp\n'}
[0.437283] (px4_msgs) StdoutLine: {'line': b'-- Up-to-date symlink: /home/lee/workspace/ros2_ex_mav/install/px4_msgs/include/px4_msgs/px4_msgs/msg/detail/esc_status__traits.hpp\n'}
[0.437317] (px4_msgs) StdoutLine: {'line': b'-- Up-to-date symlink: /home/lee/workspace/ros2_ex_mav/install/px4_msgs/include/px4_msgs/px4_msgs/msg/detail/esc_status__type_support.hpp\n'}
[0.437350] (px4_msgs) StdoutLine: {'line': b'-- Up-to-date symlink: /home/lee/workspace/ros2_ex_mav/install/px4_msgs/include/px4_msgs/px4_msgs/msg/detail/estimator_aid_source1d__builder.hpp\n'}
[0.437383] (px4_msgs) StdoutLine: {'line': b'-- Up-to-date symlink: /home/lee/workspace/ros2_ex_mav/install/px4_msgs/include/px4_msgs/px4_msgs/msg/detail/estimator_aid_source1d__struct.hpp\n'}
[0.437416] (px4_msgs) StdoutLine: {'line': b'-- Up-to-date symlink: /home/lee/workspace/ros2_ex_mav/install/px4_msgs/include/px4_msgs/px4_msgs/msg/detail/estimator_aid_source1d__traits.hpp\n'}
[0.437450] (px4_msgs) StdoutLine: {'line': b'-- Up-to-date symlink: /home/lee/workspace/ros2_ex_mav/install/px4_msgs/include/px4_msgs/px4_msgs/msg/detail/estimator_aid_source1d__type_support.hpp\n'}
[0.437484] (px4_msgs) StdoutLine: {'line': b'-- Up-to-date symlink: /home/lee/workspace/ros2_ex_mav/install/px4_msgs/include/px4_msgs/px4_msgs/msg/detail/estimator_aid_source2d__builder.hpp\n'}
[0.437514] (px4_msgs) StdoutLine: {'line': b'-- Up-to-date symlink: /home/lee/workspace/ros2_ex_mav/install/px4_msgs/include/px4_msgs/px4_msgs/msg/detail/estimator_aid_source2d__struct.hpp\n'}
[0.437549] (px4_msgs) StdoutLine: {'line': b'-- Up-to-date symlink: /home/lee/workspace/ros2_ex_mav/install/px4_msgs/include/px4_msgs/px4_msgs/msg/detail/estimator_aid_source2d__traits.hpp\n'}
[0.437586] (px4_msgs) StdoutLine: {'line': b'-- Up-to-date symlink: /home/lee/workspace/ros2_ex_mav/install/px4_msgs/include/px4_msgs/px4_msgs/msg/detail/estimator_aid_source2d__type_support.hpp\n'}
[0.437622] (px4_msgs) StdoutLine: {'line': b'-- Up-to-date symlink: /home/lee/workspace/ros2_ex_mav/install/px4_msgs/include/px4_msgs/px4_msgs/msg/detail/estimator_aid_source3d__builder.hpp\n'}
[0.437656] (px4_msgs) StdoutLine: {'line': b'-- Up-to-date symlink: /home/lee/workspace/ros2_ex_mav/install/px4_msgs/include/px4_msgs/px4_msgs/msg/detail/estimator_aid_source3d__struct.hpp\n'}
[0.437690] (px4_msgs) StdoutLine: {'line': b'-- Up-to-date symlink: /home/lee/workspace/ros2_ex_mav/install/px4_msgs/include/px4_msgs/px4_msgs/msg/detail/estimator_aid_source3d__traits.hpp\n'}
[0.437722] (px4_msgs) StdoutLine: {'line': b'-- Up-to-date symlink: /home/lee/workspace/ros2_ex_mav/install/px4_msgs/include/px4_msgs/px4_msgs/msg/detail/estimator_aid_source3d__type_support.hpp\n'}
[0.437755] (px4_msgs) StdoutLine: {'line': b'-- Up-to-date symlink: /home/lee/workspace/ros2_ex_mav/install/px4_msgs/include/px4_msgs/px4_msgs/msg/detail/estimator_bias3d__builder.hpp\n'}
[0.437786] (px4_msgs) StdoutLine: {'line': b'-- Up-to-date symlink: /home/lee/workspace/ros2_ex_mav/install/px4_msgs/include/px4_msgs/px4_msgs/msg/detail/estimator_bias3d__struct.hpp\n'}
[0.437818] (px4_msgs) StdoutLine: {'line': b'-- Up-to-date symlink: /home/lee/workspace/ros2_ex_mav/install/px4_msgs/include/px4_msgs/px4_msgs/msg/detail/estimator_bias3d__traits.hpp\n'}
[0.437851] (px4_msgs) StdoutLine: {'line': b'-- Up-to-date symlink: /home/lee/workspace/ros2_ex_mav/install/px4_msgs/include/px4_msgs/px4_msgs/msg/detail/estimator_bias3d__type_support.hpp\n'}
[0.437884] (px4_msgs) StdoutLine: {'line': b'-- Up-to-date symlink: /home/lee/workspace/ros2_ex_mav/install/px4_msgs/include/px4_msgs/px4_msgs/msg/detail/estimator_bias__builder.hpp\n'}
[0.437916] (px4_msgs) StdoutLine: {'line': b'-- Up-to-date symlink: /home/lee/workspace/ros2_ex_mav/install/px4_msgs/include/px4_msgs/px4_msgs/msg/detail/estimator_bias__struct.hpp\n'}
[0.437947] (px4_msgs) StdoutLine: {'line': b'-- Up-to-date symlink: /home/lee/workspace/ros2_ex_mav/install/px4_msgs/include/px4_msgs/px4_msgs/msg/detail/estimator_bias__traits.hpp\n'}
[0.437980] (px4_msgs) StdoutLine: {'line': b'-- Up-to-date symlink: /home/lee/workspace/ros2_ex_mav/install/px4_msgs/include/px4_msgs/px4_msgs/msg/detail/estimator_bias__type_support.hpp\n'}
[0.438012] (px4_msgs) StdoutLine: {'line': b'-- Up-to-date symlink: /home/lee/workspace/ros2_ex_mav/install/px4_msgs/include/px4_msgs/px4_msgs/msg/detail/estimator_event_flags__builder.hpp\n'}
[0.438045] (px4_msgs) StdoutLine: {'line': b'-- Up-to-date symlink: /home/lee/workspace/ros2_ex_mav/install/px4_msgs/include/px4_msgs/px4_msgs/msg/detail/estimator_event_flags__struct.hpp\n'}
[0.438077] (px4_msgs) StdoutLine: {'line': b'-- Up-to-date symlink: /home/lee/workspace/ros2_ex_mav/install/px4_msgs/include/px4_msgs/px4_msgs/msg/detail/estimator_event_flags__traits.hpp\n'}
[0.438109] (px4_msgs) StdoutLine: {'line': b'-- Up-to-date symlink: /home/lee/workspace/ros2_ex_mav/install/px4_msgs/include/px4_msgs/px4_msgs/msg/detail/estimator_event_flags__type_support.hpp\n'}
[0.438142] (px4_msgs) StdoutLine: {'line': b'-- Up-to-date symlink: /home/lee/workspace/ros2_ex_mav/install/px4_msgs/include/px4_msgs/px4_msgs/msg/detail/estimator_gps_status__builder.hpp\n'}
[0.438182] (px4_msgs) StdoutLine: {'line': b'-- Up-to-date symlink: /home/lee/workspace/ros2_ex_mav/install/px4_msgs/include/px4_msgs/px4_msgs/msg/detail/estimator_gps_status__struct.hpp\n'}
[0.438218] (px4_msgs) StdoutLine: {'line': b'-- Up-to-date symlink: /home/lee/workspace/ros2_ex_mav/install/px4_msgs/include/px4_msgs/px4_msgs/msg/detail/estimator_gps_status__traits.hpp\n'}
[0.438252] (px4_msgs) StdoutLine: {'line': b'-- Up-to-date symlink: /home/lee/workspace/ros2_ex_mav/install/px4_msgs/include/px4_msgs/px4_msgs/msg/detail/estimator_gps_status__type_support.hpp\n'}
[0.438287] (px4_msgs) StdoutLine: {'line': b'-- Up-to-date symlink: /home/lee/workspace/ros2_ex_mav/install/px4_msgs/include/px4_msgs/px4_msgs/msg/detail/estimator_innovations__builder.hpp\n'}
[0.438314] (px4_msgs) StdoutLine: {'line': b'-- Up-to-date symlink: /home/lee/workspace/ros2_ex_mav/install/px4_msgs/include/px4_msgs/px4_msgs/msg/detail/estimator_innovations__struct.hpp\n'}
[0.438344] (px4_msgs) StdoutLine: {'line': b'-- Up-to-date symlink: /home/lee/workspace/ros2_ex_mav/install/px4_msgs/include/px4_msgs/px4_msgs/msg/detail/estimator_innovations__traits.hpp\n'}
[0.438371] (px4_msgs) StdoutLine: {'line': b'-- Up-to-date symlink: /home/lee/workspace/ros2_ex_mav/install/px4_msgs/include/px4_msgs/px4_msgs/msg/detail/estimator_innovations__type_support.hpp\n'}
[0.438404] (px4_msgs) StdoutLine: {'line': b'-- Up-to-date symlink: /home/lee/workspace/ros2_ex_mav/install/px4_msgs/include/px4_msgs/px4_msgs/msg/detail/estimator_selector_status__builder.hpp\n'}
[0.438431] (px4_msgs) StdoutLine: {'line': b'-- Up-to-date symlink: /home/lee/workspace/ros2_ex_mav/install/px4_msgs/include/px4_msgs/px4_msgs/msg/detail/estimator_selector_status__struct.hpp\n'}
[0.438464] (px4_msgs) StdoutLine: {'line': b'-- Up-to-date symlink: /home/lee/workspace/ros2_ex_mav/install/px4_msgs/include/px4_msgs/px4_msgs/msg/detail/estimator_selector_status__traits.hpp\n'}
[0.438498] (px4_msgs) StdoutLine: {'line': b'-- Up-to-date symlink: /home/lee/workspace/ros2_ex_mav/install/px4_msgs/include/px4_msgs/px4_msgs/msg/detail/estimator_selector_status__type_support.hpp\n'}
[0.438531] (px4_msgs) StdoutLine: {'line': b'-- Up-to-date symlink: /home/lee/workspace/ros2_ex_mav/install/px4_msgs/include/px4_msgs/px4_msgs/msg/detail/estimator_sensor_bias__builder.hpp\n'}
[0.438563] (px4_msgs) StdoutLine: {'line': b'-- Up-to-date symlink: /home/lee/workspace/ros2_ex_mav/install/px4_msgs/include/px4_msgs/px4_msgs/msg/detail/estimator_sensor_bias__struct.hpp\n'}
[0.438590] (px4_msgs) StdoutLine: {'line': b'-- Up-to-date symlink: /home/lee/workspace/ros2_ex_mav/install/px4_msgs/include/px4_msgs/px4_msgs/msg/detail/estimator_sensor_bias__traits.hpp\n'}
[0.438620] (px4_msgs) StdoutLine: {'line': b'-- Up-to-date symlink: /home/lee/workspace/ros2_ex_mav/install/px4_msgs/include/px4_msgs/px4_msgs/msg/detail/estimator_sensor_bias__type_support.hpp\n'}
[0.438653] (px4_msgs) StdoutLine: {'line': b'-- Up-to-date symlink: /home/lee/workspace/ros2_ex_mav/install/px4_msgs/include/px4_msgs/px4_msgs/msg/detail/estimator_states__builder.hpp\n'}
[0.438687] (px4_msgs) StdoutLine: {'line': b'-- Up-to-date symlink: /home/lee/workspace/ros2_ex_mav/install/px4_msgs/include/px4_msgs/px4_msgs/msg/detail/estimator_states__struct.hpp\n'}
[0.438718] (px4_msgs) StdoutLine: {'line': b'-- Up-to-date symlink: /home/lee/workspace/ros2_ex_mav/install/px4_msgs/include/px4_msgs/px4_msgs/msg/detail/estimator_states__traits.hpp\n'}
[0.438752] (px4_msgs) StdoutLine: {'line': b'-- Up-to-date symlink: /home/lee/workspace/ros2_ex_mav/install/px4_msgs/include/px4_msgs/px4_msgs/msg/detail/estimator_states__type_support.hpp\n'}
[0.438783] (px4_msgs) StdoutLine: {'line': b'-- Up-to-date symlink: /home/lee/workspace/ros2_ex_mav/install/px4_msgs/include/px4_msgs/px4_msgs/msg/detail/estimator_status__builder.hpp\n'}
[0.438815] (px4_msgs) StdoutLine: {'line': b'-- Up-to-date symlink: /home/lee/workspace/ros2_ex_mav/install/px4_msgs/include/px4_msgs/px4_msgs/msg/detail/estimator_status__struct.hpp\n'}
[0.438846] (px4_msgs) StdoutLine: {'line': b'-- Up-to-date symlink: /home/lee/workspace/ros2_ex_mav/install/px4_msgs/include/px4_msgs/px4_msgs/msg/detail/estimator_status__traits.hpp\n'}
[0.438878] (px4_msgs) StdoutLine: {'line': b'-- Up-to-date symlink: /home/lee/workspace/ros2_ex_mav/install/px4_msgs/include/px4_msgs/px4_msgs/msg/detail/estimator_status__type_support.hpp\n'}
[0.438911] (px4_msgs) StdoutLine: {'line': b'-- Up-to-date symlink: /home/lee/workspace/ros2_ex_mav/install/px4_msgs/include/px4_msgs/px4_msgs/msg/detail/estimator_status_flags__builder.hpp\n'}
[0.438942] (px4_msgs) StdoutLine: {'line': b'-- Up-to-date symlink: /home/lee/workspace/ros2_ex_mav/install/px4_msgs/include/px4_msgs/px4_msgs/msg/detail/estimator_status_flags__struct.hpp\n'}
[0.438974] (px4_msgs) StdoutLine: {'line': b'-- Up-to-date symlink: /home/lee/workspace/ros2_ex_mav/install/px4_msgs/include/px4_msgs/px4_msgs/msg/detail/estimator_status_flags__traits.hpp\n'}
[0.439006] (px4_msgs) StdoutLine: {'line': b'-- Up-to-date symlink: /home/lee/workspace/ros2_ex_mav/install/px4_msgs/include/px4_msgs/px4_msgs/msg/detail/estimator_status_flags__type_support.hpp\n'}
[0.439040] (px4_msgs) StdoutLine: {'line': b'-- Up-to-date symlink: /home/lee/workspace/ros2_ex_mav/install/px4_msgs/include/px4_msgs/px4_msgs/msg/detail/event__builder.hpp\n'}
[0.439072] (px4_msgs) StdoutLine: {'line': b'-- Up-to-date symlink: /home/lee/workspace/ros2_ex_mav/install/px4_msgs/include/px4_msgs/px4_msgs/msg/detail/event__struct.hpp\n'}
[0.439104] (px4_msgs) StdoutLine: {'line': b'-- Up-to-date symlink: /home/lee/workspace/ros2_ex_mav/install/px4_msgs/include/px4_msgs/px4_msgs/msg/detail/event__traits.hpp\n'}
[0.439137] (px4_msgs) StdoutLine: {'line': b'-- Up-to-date symlink: /home/lee/workspace/ros2_ex_mav/install/px4_msgs/include/px4_msgs/px4_msgs/msg/detail/event__type_support.hpp\n'}
[0.439171] (px4_msgs) StdoutLine: {'line': b'-- Up-to-date symlink: /home/lee/workspace/ros2_ex_mav/install/px4_msgs/include/px4_msgs/px4_msgs/msg/detail/failsafe_flags__builder.hpp\n'}
[0.439203] (px4_msgs) StdoutLine: {'line': b'-- Up-to-date symlink: /home/lee/workspace/ros2_ex_mav/install/px4_msgs/include/px4_msgs/px4_msgs/msg/detail/failsafe_flags__struct.hpp\n'}
[0.439234] (px4_msgs) StdoutLine: {'line': b'-- Up-to-date symlink: /home/lee/workspace/ros2_ex_mav/install/px4_msgs/include/px4_msgs/px4_msgs/msg/detail/failsafe_flags__traits.hpp\n'}
[0.439266] (px4_msgs) StdoutLine: {'line': b'-- Up-to-date symlink: /home/lee/workspace/ros2_ex_mav/install/px4_msgs/include/px4_msgs/px4_msgs/msg/detail/failsafe_flags__type_support.hpp\n'}
[0.439299] (px4_msgs) StdoutLine: {'line': b'-- Up-to-date symlink: /home/lee/workspace/ros2_ex_mav/install/px4_msgs/include/px4_msgs/px4_msgs/msg/detail/failure_detector_status__builder.hpp\n'}
[0.439331] (px4_msgs) StdoutLine: {'line': b'-- Up-to-date symlink: /home/lee/workspace/ros2_ex_mav/install/px4_msgs/include/px4_msgs/px4_msgs/msg/detail/failure_detector_status__struct.hpp\n'}
[0.439363] (px4_msgs) StdoutLine: {'line': b'-- Up-to-date symlink: /home/lee/workspace/ros2_ex_mav/install/px4_msgs/include/px4_msgs/px4_msgs/msg/detail/failure_detector_status__traits.hpp\n'}
[0.439396] (px4_msgs) StdoutLine: {'line': b'-- Up-to-date symlink: /home/lee/workspace/ros2_ex_mav/install/px4_msgs/include/px4_msgs/px4_msgs/msg/detail/failure_detector_status__type_support.hpp\n'}
[0.439429] (px4_msgs) StdoutLine: {'line': b'-- Up-to-date symlink: /home/lee/workspace/ros2_ex_mav/install/px4_msgs/include/px4_msgs/px4_msgs/msg/detail/follow_target__builder.hpp\n'}
[0.439461] (px4_msgs) StdoutLine: {'line': b'-- Up-to-date symlink: /home/lee/workspace/ros2_ex_mav/install/px4_msgs/include/px4_msgs/px4_msgs/msg/detail/follow_target__struct.hpp\n'}
[0.439494] (px4_msgs) StdoutLine: {'line': b'-- Up-to-date symlink: /home/lee/workspace/ros2_ex_mav/install/px4_msgs/include/px4_msgs/px4_msgs/msg/detail/follow_target__traits.hpp\n'}
[0.439525] (px4_msgs) StdoutLine: {'line': b'-- Up-to-date symlink: /home/lee/workspace/ros2_ex_mav/install/px4_msgs/include/px4_msgs/px4_msgs/msg/detail/follow_target__type_support.hpp\n'}
[0.439558] (px4_msgs) StdoutLine: {'line': b'-- Up-to-date symlink: /home/lee/workspace/ros2_ex_mav/install/px4_msgs/include/px4_msgs/px4_msgs/msg/detail/follow_target_estimator__builder.hpp\n'}
[0.439591] (px4_msgs) StdoutLine: {'line': b'-- Up-to-date symlink: /home/lee/workspace/ros2_ex_mav/install/px4_msgs/include/px4_msgs/px4_msgs/msg/detail/follow_target_estimator__struct.hpp\n'}
[0.439624] (px4_msgs) StdoutLine: {'line': b'-- Up-to-date symlink: /home/lee/workspace/ros2_ex_mav/install/px4_msgs/include/px4_msgs/px4_msgs/msg/detail/follow_target_estimator__traits.hpp\n'}
[0.439657] (px4_msgs) StdoutLine: {'line': b'-- Up-to-date symlink: /home/lee/workspace/ros2_ex_mav/install/px4_msgs/include/px4_msgs/px4_msgs/msg/detail/follow_target_estimator__type_support.hpp\n'}
[0.439688] (px4_msgs) StdoutLine: {'line': b'-- Up-to-date symlink: /home/lee/workspace/ros2_ex_mav/install/px4_msgs/include/px4_msgs/px4_msgs/msg/detail/follow_target_status__builder.hpp\n'}
[0.439721] (px4_msgs) StdoutLine: {'line': b'-- Up-to-date symlink: /home/lee/workspace/ros2_ex_mav/install/px4_msgs/include/px4_msgs/px4_msgs/msg/detail/follow_target_status__struct.hpp\n'}
[0.439753] (px4_msgs) StdoutLine: {'line': b'-- Up-to-date symlink: /home/lee/workspace/ros2_ex_mav/install/px4_msgs/include/px4_msgs/px4_msgs/msg/detail/follow_target_status__traits.hpp\n'}
[0.439785] (px4_msgs) StdoutLine: {'line': b'-- Up-to-date symlink: /home/lee/workspace/ros2_ex_mav/install/px4_msgs/include/px4_msgs/px4_msgs/msg/detail/follow_target_status__type_support.hpp\n'}
[0.439820] (px4_msgs) StdoutLine: {'line': b'-- Up-to-date symlink: /home/lee/workspace/ros2_ex_mav/install/px4_msgs/include/px4_msgs/px4_msgs/msg/detail/generator_status__builder.hpp\n'}
[0.439852] (px4_msgs) StdoutLine: {'line': b'-- Up-to-date symlink: /home/lee/workspace/ros2_ex_mav/install/px4_msgs/include/px4_msgs/px4_msgs/msg/detail/generator_status__struct.hpp\n'}
[0.439885] (px4_msgs) StdoutLine: {'line': b'-- Up-to-date symlink: /home/lee/workspace/ros2_ex_mav/install/px4_msgs/include/px4_msgs/px4_msgs/msg/detail/generator_status__traits.hpp\n'}
[0.439917] (px4_msgs) StdoutLine: {'line': b'-- Up-to-date symlink: /home/lee/workspace/ros2_ex_mav/install/px4_msgs/include/px4_msgs/px4_msgs/msg/detail/generator_status__type_support.hpp\n'}
[0.439951] (px4_msgs) StdoutLine: {'line': b'-- Up-to-date symlink: /home/lee/workspace/ros2_ex_mav/install/px4_msgs/include/px4_msgs/px4_msgs/msg/detail/geofence_result__builder.hpp\n'}
[0.439984] (px4_msgs) StdoutLine: {'line': b'-- Up-to-date symlink: /home/lee/workspace/ros2_ex_mav/install/px4_msgs/include/px4_msgs/px4_msgs/msg/detail/geofence_result__struct.hpp\n'}
[0.440017] (px4_msgs) StdoutLine: {'line': b'-- Up-to-date symlink: /home/lee/workspace/ros2_ex_mav/install/px4_msgs/include/px4_msgs/px4_msgs/msg/detail/geofence_result__traits.hpp\n'}
[0.440052] (px4_msgs) StdoutLine: {'line': b'-- Up-to-date symlink: /home/lee/workspace/ros2_ex_mav/install/px4_msgs/include/px4_msgs/px4_msgs/msg/detail/geofence_result__type_support.hpp\n'}
[0.440081] (px4_msgs) StdoutLine: {'line': b'-- Up-to-date symlink: /home/lee/workspace/ros2_ex_mav/install/px4_msgs/include/px4_msgs/px4_msgs/msg/detail/gimbal_controls__builder.hpp\n'}
[0.440113] (px4_msgs) StdoutLine: {'line': b'-- Up-to-date symlink: /home/lee/workspace/ros2_ex_mav/install/px4_msgs/include/px4_msgs/px4_msgs/msg/detail/gimbal_controls__struct.hpp\n'}
[0.440146] (px4_msgs) StdoutLine: {'line': b'-- Up-to-date symlink: /home/lee/workspace/ros2_ex_mav/install/px4_msgs/include/px4_msgs/px4_msgs/msg/detail/gimbal_controls__traits.hpp\n'}
[0.440179] (px4_msgs) StdoutLine: {'line': b'-- Up-to-date symlink: /home/lee/workspace/ros2_ex_mav/install/px4_msgs/include/px4_msgs/px4_msgs/msg/detail/gimbal_controls__type_support.hpp\n'}
[0.440215] (px4_msgs) StdoutLine: {'line': b'-- Up-to-date symlink: /home/lee/workspace/ros2_ex_mav/install/px4_msgs/include/px4_msgs/px4_msgs/msg/detail/gimbal_device_attitude_status__builder.hpp\n'}
[0.440248] (px4_msgs) StdoutLine: {'line': b'-- Up-to-date symlink: /home/lee/workspace/ros2_ex_mav/install/px4_msgs/include/px4_msgs/px4_msgs/msg/detail/gimbal_device_attitude_status__struct.hpp\n'}
[0.440280] (px4_msgs) StdoutLine: {'line': b'-- Up-to-date symlink: /home/lee/workspace/ros2_ex_mav/install/px4_msgs/include/px4_msgs/px4_msgs/msg/detail/gimbal_device_attitude_status__traits.hpp\n'}
[0.440314] (px4_msgs) StdoutLine: {'line': b'-- Up-to-date symlink: /home/lee/workspace/ros2_ex_mav/install/px4_msgs/include/px4_msgs/px4_msgs/msg/detail/gimbal_device_attitude_status__type_support.hpp\n'}
[0.440346] (px4_msgs) StdoutLine: {'line': b'-- Up-to-date symlink: /home/lee/workspace/ros2_ex_mav/install/px4_msgs/include/px4_msgs/px4_msgs/msg/detail/gimbal_device_information__builder.hpp\n'}
[0.440378] (px4_msgs) StdoutLine: {'line': b'-- Up-to-date symlink: /home/lee/workspace/ros2_ex_mav/install/px4_msgs/include/px4_msgs/px4_msgs/msg/detail/gimbal_device_information__struct.hpp\n'}
[0.440410] (px4_msgs) StdoutLine: {'line': b'-- Up-to-date symlink: /home/lee/workspace/ros2_ex_mav/install/px4_msgs/include/px4_msgs/px4_msgs/msg/detail/gimbal_device_information__traits.hpp\n'}
[0.440442] (px4_msgs) StdoutLine: {'line': b'-- Up-to-date symlink: /home/lee/workspace/ros2_ex_mav/install/px4_msgs/include/px4_msgs/px4_msgs/msg/detail/gimbal_device_information__type_support.hpp\n'}
[0.440474] (px4_msgs) StdoutLine: {'line': b'-- Up-to-date symlink: /home/lee/workspace/ros2_ex_mav/install/px4_msgs/include/px4_msgs/px4_msgs/msg/detail/gimbal_device_set_attitude__builder.hpp\n'}
[0.440506] (px4_msgs) StdoutLine: {'line': b'-- Up-to-date symlink: /home/lee/workspace/ros2_ex_mav/install/px4_msgs/include/px4_msgs/px4_msgs/msg/detail/gimbal_device_set_attitude__struct.hpp\n'}
[0.440537] (px4_msgs) StdoutLine: {'line': b'-- Up-to-date symlink: /home/lee/workspace/ros2_ex_mav/install/px4_msgs/include/px4_msgs/px4_msgs/msg/detail/gimbal_device_set_attitude__traits.hpp\n'}
[0.440570] (px4_msgs) StdoutLine: {'line': b'-- Up-to-date symlink: /home/lee/workspace/ros2_ex_mav/install/px4_msgs/include/px4_msgs/px4_msgs/msg/detail/gimbal_device_set_attitude__type_support.hpp\n'}
[0.440601] (px4_msgs) StdoutLine: {'line': b'-- Up-to-date symlink: /home/lee/workspace/ros2_ex_mav/install/px4_msgs/include/px4_msgs/px4_msgs/msg/detail/gimbal_manager_information__builder.hpp\n'}
[0.440633] (px4_msgs) StdoutLine: {'line': b'-- Up-to-date symlink: /home/lee/workspace/ros2_ex_mav/install/px4_msgs/include/px4_msgs/px4_msgs/msg/detail/gimbal_manager_information__struct.hpp\n'}
[0.440664] (px4_msgs) StdoutLine: {'line': b'-- Up-to-date symlink: /home/lee/workspace/ros2_ex_mav/install/px4_msgs/include/px4_msgs/px4_msgs/msg/detail/gimbal_manager_information__traits.hpp\n'}
[0.440696] (px4_msgs) StdoutLine: {'line': b'-- Up-to-date symlink: /home/lee/workspace/ros2_ex_mav/install/px4_msgs/include/px4_msgs/px4_msgs/msg/detail/gimbal_manager_information__type_support.hpp\n'}
[0.440728] (px4_msgs) StdoutLine: {'line': b'-- Up-to-date symlink: /home/lee/workspace/ros2_ex_mav/install/px4_msgs/include/px4_msgs/px4_msgs/msg/detail/gimbal_manager_set_attitude__builder.hpp\n'}
[0.440759] (px4_msgs) StdoutLine: {'line': b'-- Up-to-date symlink: /home/lee/workspace/ros2_ex_mav/install/px4_msgs/include/px4_msgs/px4_msgs/msg/detail/gimbal_manager_set_attitude__struct.hpp\n'}
[0.440791] (px4_msgs) StdoutLine: {'line': b'-- Up-to-date symlink: /home/lee/workspace/ros2_ex_mav/install/px4_msgs/include/px4_msgs/px4_msgs/msg/detail/gimbal_manager_set_attitude__traits.hpp\n'}
[0.440822] (px4_msgs) StdoutLine: {'line': b'-- Up-to-date symlink: /home/lee/workspace/ros2_ex_mav/install/px4_msgs/include/px4_msgs/px4_msgs/msg/detail/gimbal_manager_set_attitude__type_support.hpp\n'}
[0.440854] (px4_msgs) StdoutLine: {'line': b'-- Up-to-date symlink: /home/lee/workspace/ros2_ex_mav/install/px4_msgs/include/px4_msgs/px4_msgs/msg/detail/gimbal_manager_set_manual_control__builder.hpp\n'}
[0.440887] (px4_msgs) StdoutLine: {'line': b'-- Up-to-date symlink: /home/lee/workspace/ros2_ex_mav/install/px4_msgs/include/px4_msgs/px4_msgs/msg/detail/gimbal_manager_set_manual_control__struct.hpp\n'}
[0.440924] (px4_msgs) StdoutLine: {'line': b'-- Up-to-date symlink: /home/lee/workspace/ros2_ex_mav/install/px4_msgs/include/px4_msgs/px4_msgs/msg/detail/gimbal_manager_set_manual_control__traits.hpp\n'}
[0.440956] (px4_msgs) StdoutLine: {'line': b'-- Up-to-date symlink: /home/lee/workspace/ros2_ex_mav/install/px4_msgs/include/px4_msgs/px4_msgs/msg/detail/gimbal_manager_set_manual_control__type_support.hpp\n'}
[0.440986] (px4_msgs) StdoutLine: {'line': b'-- Up-to-date symlink: /home/lee/workspace/ros2_ex_mav/install/px4_msgs/include/px4_msgs/px4_msgs/msg/detail/gimbal_manager_status__builder.hpp\n'}
[0.441017] (px4_msgs) StdoutLine: {'line': b'-- Up-to-date symlink: /home/lee/workspace/ros2_ex_mav/install/px4_msgs/include/px4_msgs/px4_msgs/msg/detail/gimbal_manager_status__struct.hpp\n'}
[0.441050] (px4_msgs) StdoutLine: {'line': b'-- Up-to-date symlink: /home/lee/workspace/ros2_ex_mav/install/px4_msgs/include/px4_msgs/px4_msgs/msg/detail/gimbal_manager_status__traits.hpp\n'}
[0.441082] (px4_msgs) StdoutLine: {'line': b'-- Up-to-date symlink: /home/lee/workspace/ros2_ex_mav/install/px4_msgs/include/px4_msgs/px4_msgs/msg/detail/gimbal_manager_status__type_support.hpp\n'}
[0.441116] (px4_msgs) StdoutLine: {'line': b'-- Up-to-date symlink: /home/lee/workspace/ros2_ex_mav/install/px4_msgs/include/px4_msgs/px4_msgs/msg/detail/gps_dump__builder.hpp\n'}
[0.441149] (px4_msgs) StdoutLine: {'line': b'-- Up-to-date symlink: /home/lee/workspace/ros2_ex_mav/install/px4_msgs/include/px4_msgs/px4_msgs/msg/detail/gps_dump__struct.hpp\n'}
[0.441257] (px4_msgs) StdoutLine: {'line': b'-- Up-to-date symlink: /home/lee/workspace/ros2_ex_mav/install/px4_msgs/include/px4_msgs/px4_msgs/msg/detail/gps_dump__traits.hpp\n'}
[0.441365] (px4_msgs) StdoutLine: {'line': b'-- Up-to-date symlink: /home/lee/workspace/ros2_ex_mav/install/px4_msgs/include/px4_msgs/px4_msgs/msg/detail/gps_dump__type_support.hpp\n'}
[0.441406] (px4_msgs) StdoutLine: {'line': b'-- Up-to-date symlink: /home/lee/workspace/ros2_ex_mav/install/px4_msgs/include/px4_msgs/px4_msgs/msg/detail/gps_inject_data__builder.hpp\n'}
[0.441440] (px4_msgs) StdoutLine: {'line': b'-- Up-to-date symlink: /home/lee/workspace/ros2_ex_mav/install/px4_msgs/include/px4_msgs/px4_msgs/msg/detail/gps_inject_data__struct.hpp\n'}
[0.441475] (px4_msgs) StdoutLine: {'line': b'-- Up-to-date symlink: /home/lee/workspace/ros2_ex_mav/install/px4_msgs/include/px4_msgs/px4_msgs/msg/detail/gps_inject_data__traits.hpp\n'}
[0.441509] (px4_msgs) StdoutLine: {'line': b'-- Up-to-date symlink: /home/lee/workspace/ros2_ex_mav/install/px4_msgs/include/px4_msgs/px4_msgs/msg/detail/gps_inject_data__type_support.hpp\n'}
[0.441544] (px4_msgs) StdoutLine: {'line': b'-- Up-to-date symlink: /home/lee/workspace/ros2_ex_mav/install/px4_msgs/include/px4_msgs/px4_msgs/msg/detail/gripper__builder.hpp\n'}
[0.441579] (px4_msgs) StdoutLine: {'line': b'-- Up-to-date symlink: /home/lee/workspace/ros2_ex_mav/install/px4_msgs/include/px4_msgs/px4_msgs/msg/detail/gripper__struct.hpp\n'}
[0.441612] (px4_msgs) StdoutLine: {'line': b'-- Up-to-date symlink: /home/lee/workspace/ros2_ex_mav/install/px4_msgs/include/px4_msgs/px4_msgs/msg/detail/gripper__traits.hpp\n'}
[0.441646] (px4_msgs) StdoutLine: {'line': b'-- Up-to-date symlink: /home/lee/workspace/ros2_ex_mav/install/px4_msgs/include/px4_msgs/px4_msgs/msg/detail/gripper__type_support.hpp\n'}
[0.441679] (px4_msgs) StdoutLine: {'line': b'-- Up-to-date symlink: /home/lee/workspace/ros2_ex_mav/install/px4_msgs/include/px4_msgs/px4_msgs/msg/detail/health_report__builder.hpp\n'}
[0.441711] (px4_msgs) StdoutLine: {'line': b'-- Up-to-date symlink: /home/lee/workspace/ros2_ex_mav/install/px4_msgs/include/px4_msgs/px4_msgs/msg/detail/health_report__struct.hpp\n'}
[0.441744] (px4_msgs) StdoutLine: {'line': b'-- Up-to-date symlink: /home/lee/workspace/ros2_ex_mav/install/px4_msgs/include/px4_msgs/px4_msgs/msg/detail/health_report__traits.hpp\n'}
[0.441776] (px4_msgs) StdoutLine: {'line': b'-- Up-to-date symlink: /home/lee/workspace/ros2_ex_mav/install/px4_msgs/include/px4_msgs/px4_msgs/msg/detail/health_report__type_support.hpp\n'}
[0.441809] (px4_msgs) StdoutLine: {'line': b'-- Up-to-date symlink: /home/lee/workspace/ros2_ex_mav/install/px4_msgs/include/px4_msgs/px4_msgs/msg/detail/heater_status__builder.hpp\n'}
[0.441842] (px4_msgs) StdoutLine: {'line': b'-- Up-to-date symlink: /home/lee/workspace/ros2_ex_mav/install/px4_msgs/include/px4_msgs/px4_msgs/msg/detail/heater_status__struct.hpp\n'}
[0.441874] (px4_msgs) StdoutLine: {'line': b'-- Up-to-date symlink: /home/lee/workspace/ros2_ex_mav/install/px4_msgs/include/px4_msgs/px4_msgs/msg/detail/heater_status__traits.hpp\n'}
[0.441907] (px4_msgs) StdoutLine: {'line': b'-- Up-to-date symlink: /home/lee/workspace/ros2_ex_mav/install/px4_msgs/include/px4_msgs/px4_msgs/msg/detail/heater_status__type_support.hpp\n'}
[0.441940] (px4_msgs) StdoutLine: {'line': b'-- Up-to-date symlink: /home/lee/workspace/ros2_ex_mav/install/px4_msgs/include/px4_msgs/px4_msgs/msg/detail/home_position__builder.hpp\n'}
[0.441972] (px4_msgs) StdoutLine: {'line': b'-- Up-to-date symlink: /home/lee/workspace/ros2_ex_mav/install/px4_msgs/include/px4_msgs/px4_msgs/msg/detail/home_position__struct.hpp\n'}
[0.442004] (px4_msgs) StdoutLine: {'line': b'-- Up-to-date symlink: /home/lee/workspace/ros2_ex_mav/install/px4_msgs/include/px4_msgs/px4_msgs/msg/detail/home_position__traits.hpp\n'}
[0.442036] (px4_msgs) StdoutLine: {'line': b'-- Up-to-date symlink: /home/lee/workspace/ros2_ex_mav/install/px4_msgs/include/px4_msgs/px4_msgs/msg/detail/home_position__type_support.hpp\n'}
[0.442070] (px4_msgs) StdoutLine: {'line': b'-- Up-to-date symlink: /home/lee/workspace/ros2_ex_mav/install/px4_msgs/include/px4_msgs/px4_msgs/msg/detail/hover_thrust_estimate__builder.hpp\n'}
[0.442103] (px4_msgs) StdoutLine: {'line': b'-- Up-to-date symlink: /home/lee/workspace/ros2_ex_mav/install/px4_msgs/include/px4_msgs/px4_msgs/msg/detail/hover_thrust_estimate__struct.hpp\n'}
[0.442136] (px4_msgs) StdoutLine: {'line': b'-- Up-to-date symlink: /home/lee/workspace/ros2_ex_mav/install/px4_msgs/include/px4_msgs/px4_msgs/msg/detail/hover_thrust_estimate__traits.hpp\n'}
[0.442170] (px4_msgs) StdoutLine: {'line': b'-- Up-to-date symlink: /home/lee/workspace/ros2_ex_mav/install/px4_msgs/include/px4_msgs/px4_msgs/msg/detail/hover_thrust_estimate__type_support.hpp\n'}
[0.442208] (px4_msgs) StdoutLine: {'line': b'-- Up-to-date symlink: /home/lee/workspace/ros2_ex_mav/install/px4_msgs/include/px4_msgs/px4_msgs/msg/detail/input_rc__builder.hpp\n'}
[0.442240] (px4_msgs) StdoutLine: {'line': b'-- Up-to-date symlink: /home/lee/workspace/ros2_ex_mav/install/px4_msgs/include/px4_msgs/px4_msgs/msg/detail/input_rc__struct.hpp\n'}
[0.442272] (px4_msgs) StdoutLine: {'line': b'-- Up-to-date symlink: /home/lee/workspace/ros2_ex_mav/install/px4_msgs/include/px4_msgs/px4_msgs/msg/detail/input_rc__traits.hpp\n'}
[0.442304] (px4_msgs) StdoutLine: {'line': b'-- Up-to-date symlink: /home/lee/workspace/ros2_ex_mav/install/px4_msgs/include/px4_msgs/px4_msgs/msg/detail/input_rc__type_support.hpp\n'}
[0.442338] (px4_msgs) StdoutLine: {'line': b'-- Up-to-date symlink: /home/lee/workspace/ros2_ex_mav/install/px4_msgs/include/px4_msgs/px4_msgs/msg/detail/internal_combustion_engine_status__builder.hpp\n'}
[0.442372] (px4_msgs) StdoutLine: {'line': b'-- Up-to-date symlink: /home/lee/workspace/ros2_ex_mav/install/px4_msgs/include/px4_msgs/px4_msgs/msg/detail/internal_combustion_engine_status__struct.hpp\n'}
[0.442404] (px4_msgs) StdoutLine: {'line': b'-- Up-to-date symlink: /home/lee/workspace/ros2_ex_mav/install/px4_msgs/include/px4_msgs/px4_msgs/msg/detail/internal_combustion_engine_status__traits.hpp\n'}
[0.442438] (px4_msgs) StdoutLine: {'line': b'-- Up-to-date symlink: /home/lee/workspace/ros2_ex_mav/install/px4_msgs/include/px4_msgs/px4_msgs/msg/detail/internal_combustion_engine_status__type_support.hpp\n'}
[0.442472] (px4_msgs) StdoutLine: {'line': b'-- Up-to-date symlink: /home/lee/workspace/ros2_ex_mav/install/px4_msgs/include/px4_msgs/px4_msgs/msg/detail/iridiumsbd_status__builder.hpp\n'}
[0.442505] (px4_msgs) StdoutLine: {'line': b'-- Up-to-date symlink: /home/lee/workspace/ros2_ex_mav/install/px4_msgs/include/px4_msgs/px4_msgs/msg/detail/iridiumsbd_status__struct.hpp\n'}
[0.442537] (px4_msgs) StdoutLine: {'line': b'-- Up-to-date symlink: /home/lee/workspace/ros2_ex_mav/install/px4_msgs/include/px4_msgs/px4_msgs/msg/detail/iridiumsbd_status__traits.hpp\n'}
[0.442569] (px4_msgs) StdoutLine: {'line': b'-- Up-to-date symlink: /home/lee/workspace/ros2_ex_mav/install/px4_msgs/include/px4_msgs/px4_msgs/msg/detail/iridiumsbd_status__type_support.hpp\n'}
[0.442602] (px4_msgs) StdoutLine: {'line': b'-- Up-to-date symlink: /home/lee/workspace/ros2_ex_mav/install/px4_msgs/include/px4_msgs/px4_msgs/msg/detail/irlock_report__builder.hpp\n'}
[0.442634] (px4_msgs) StdoutLine: {'line': b'-- Up-to-date symlink: /home/lee/workspace/ros2_ex_mav/install/px4_msgs/include/px4_msgs/px4_msgs/msg/detail/irlock_report__struct.hpp\n'}
[0.442665] (px4_msgs) StdoutLine: {'line': b'-- Up-to-date symlink: /home/lee/workspace/ros2_ex_mav/install/px4_msgs/include/px4_msgs/px4_msgs/msg/detail/irlock_report__traits.hpp\n'}
[0.442697] (px4_msgs) StdoutLine: {'line': b'-- Up-to-date symlink: /home/lee/workspace/ros2_ex_mav/install/px4_msgs/include/px4_msgs/px4_msgs/msg/detail/irlock_report__type_support.hpp\n'}
[0.442729] (px4_msgs) StdoutLine: {'line': b'-- Up-to-date symlink: /home/lee/workspace/ros2_ex_mav/install/px4_msgs/include/px4_msgs/px4_msgs/msg/detail/landing_gear__builder.hpp\n'}
[0.442761] (px4_msgs) StdoutLine: {'line': b'-- Up-to-date symlink: /home/lee/workspace/ros2_ex_mav/install/px4_msgs/include/px4_msgs/px4_msgs/msg/detail/landing_gear__struct.hpp\n'}
[0.442793] (px4_msgs) StdoutLine: {'line': b'-- Up-to-date symlink: /home/lee/workspace/ros2_ex_mav/install/px4_msgs/include/px4_msgs/px4_msgs/msg/detail/landing_gear__traits.hpp\n'}
[0.442824] (px4_msgs) StdoutLine: {'line': b'-- Up-to-date symlink: /home/lee/workspace/ros2_ex_mav/install/px4_msgs/include/px4_msgs/px4_msgs/msg/detail/landing_gear__type_support.hpp\n'}
[0.442856] (px4_msgs) StdoutLine: {'line': b'-- Up-to-date symlink: /home/lee/workspace/ros2_ex_mav/install/px4_msgs/include/px4_msgs/px4_msgs/msg/detail/landing_gear_wheel__builder.hpp\n'}
[0.442887] (px4_msgs) StdoutLine: {'line': b'-- Up-to-date symlink: /home/lee/workspace/ros2_ex_mav/install/px4_msgs/include/px4_msgs/px4_msgs/msg/detail/landing_gear_wheel__struct.hpp\n'}
[0.442919] (px4_msgs) StdoutLine: {'line': b'-- Up-to-date symlink: /home/lee/workspace/ros2_ex_mav/install/px4_msgs/include/px4_msgs/px4_msgs/msg/detail/landing_gear_wheel__traits.hpp\n'}
[0.442951] (px4_msgs) StdoutLine: {'line': b'-- Up-to-date symlink: /home/lee/workspace/ros2_ex_mav/install/px4_msgs/include/px4_msgs/px4_msgs/msg/detail/landing_gear_wheel__type_support.hpp\n'}
[0.442985] (px4_msgs) StdoutLine: {'line': b'-- Up-to-date symlink: /home/lee/workspace/ros2_ex_mav/install/px4_msgs/include/px4_msgs/px4_msgs/msg/detail/landing_target_innovations__builder.hpp\n'}
[0.443017] (px4_msgs) StdoutLine: {'line': b'-- Up-to-date symlink: /home/lee/workspace/ros2_ex_mav/install/px4_msgs/include/px4_msgs/px4_msgs/msg/detail/landing_target_innovations__struct.hpp\n'}
[0.443048] (px4_msgs) StdoutLine: {'line': b'-- Up-to-date symlink: /home/lee/workspace/ros2_ex_mav/install/px4_msgs/include/px4_msgs/px4_msgs/msg/detail/landing_target_innovations__traits.hpp\n'}
[0.443082] (px4_msgs) StdoutLine: {'line': b'-- Up-to-date symlink: /home/lee/workspace/ros2_ex_mav/install/px4_msgs/include/px4_msgs/px4_msgs/msg/detail/landing_target_innovations__type_support.hpp\n'}
[0.443115] (px4_msgs) StdoutLine: {'line': b'-- Up-to-date symlink: /home/lee/workspace/ros2_ex_mav/install/px4_msgs/include/px4_msgs/px4_msgs/msg/detail/landing_target_pose__builder.hpp\n'}
[0.443149] (px4_msgs) StdoutLine: {'line': b'-- Up-to-date symlink: /home/lee/workspace/ros2_ex_mav/install/px4_msgs/include/px4_msgs/px4_msgs/msg/detail/landing_target_pose__struct.hpp\n'}
[0.443184] (px4_msgs) StdoutLine: {'line': b'-- Up-to-date symlink: /home/lee/workspace/ros2_ex_mav/install/px4_msgs/include/px4_msgs/px4_msgs/msg/detail/landing_target_pose__traits.hpp\n'}
[0.443218] (px4_msgs) StdoutLine: {'line': b'-- Up-to-date symlink: /home/lee/workspace/ros2_ex_mav/install/px4_msgs/include/px4_msgs/px4_msgs/msg/detail/landing_target_pose__type_support.hpp\n'}
[0.443249] (px4_msgs) StdoutLine: {'line': b'-- Up-to-date symlink: /home/lee/workspace/ros2_ex_mav/install/px4_msgs/include/px4_msgs/px4_msgs/msg/detail/launch_detection_status__builder.hpp\n'}
[0.443281] (px4_msgs) StdoutLine: {'line': b'-- Up-to-date symlink: /home/lee/workspace/ros2_ex_mav/install/px4_msgs/include/px4_msgs/px4_msgs/msg/detail/launch_detection_status__struct.hpp\n'}
[0.443314] (px4_msgs) StdoutLine: {'line': b'-- Up-to-date symlink: /home/lee/workspace/ros2_ex_mav/install/px4_msgs/include/px4_msgs/px4_msgs/msg/detail/launch_detection_status__traits.hpp\n'}
[0.443345] (px4_msgs) StdoutLine: {'line': b'-- Up-to-date symlink: /home/lee/workspace/ros2_ex_mav/install/px4_msgs/include/px4_msgs/px4_msgs/msg/detail/launch_detection_status__type_support.hpp\n'}
[0.443379] (px4_msgs) StdoutLine: {'line': b'-- Up-to-date symlink: /home/lee/workspace/ros2_ex_mav/install/px4_msgs/include/px4_msgs/px4_msgs/msg/detail/led_control__builder.hpp\n'}
[0.443412] (px4_msgs) StdoutLine: {'line': b'-- Up-to-date symlink: /home/lee/workspace/ros2_ex_mav/install/px4_msgs/include/px4_msgs/px4_msgs/msg/detail/led_control__struct.hpp\n'}
[0.443444] (px4_msgs) StdoutLine: {'line': b'-- Up-to-date symlink: /home/lee/workspace/ros2_ex_mav/install/px4_msgs/include/px4_msgs/px4_msgs/msg/detail/led_control__traits.hpp\n'}
[0.443478] (px4_msgs) StdoutLine: {'line': b'-- Up-to-date symlink: /home/lee/workspace/ros2_ex_mav/install/px4_msgs/include/px4_msgs/px4_msgs/msg/detail/led_control__type_support.hpp\n'}
[0.443510] (px4_msgs) StdoutLine: {'line': b'-- Up-to-date symlink: /home/lee/workspace/ros2_ex_mav/install/px4_msgs/include/px4_msgs/px4_msgs/msg/detail/log_message__builder.hpp\n'}
[0.443542] (px4_msgs) StdoutLine: {'line': b'-- Up-to-date symlink: /home/lee/workspace/ros2_ex_mav/install/px4_msgs/include/px4_msgs/px4_msgs/msg/detail/log_message__struct.hpp\n'}
[0.443573] (px4_msgs) StdoutLine: {'line': b'-- Up-to-date symlink: /home/lee/workspace/ros2_ex_mav/install/px4_msgs/include/px4_msgs/px4_msgs/msg/detail/log_message__traits.hpp\n'}
[0.443606] (px4_msgs) StdoutLine: {'line': b'-- Up-to-date symlink: /home/lee/workspace/ros2_ex_mav/install/px4_msgs/include/px4_msgs/px4_msgs/msg/detail/log_message__type_support.hpp\n'}
[0.443637] (px4_msgs) StdoutLine: {'line': b'-- Up-to-date symlink: /home/lee/workspace/ros2_ex_mav/install/px4_msgs/include/px4_msgs/px4_msgs/msg/detail/logger_status__builder.hpp\n'}
[0.443669] (px4_msgs) StdoutLine: {'line': b'-- Up-to-date symlink: /home/lee/workspace/ros2_ex_mav/install/px4_msgs/include/px4_msgs/px4_msgs/msg/detail/logger_status__struct.hpp\n'}
[0.443700] (px4_msgs) StdoutLine: {'line': b'-- Up-to-date symlink: /home/lee/workspace/ros2_ex_mav/install/px4_msgs/include/px4_msgs/px4_msgs/msg/detail/logger_status__traits.hpp\n'}
[0.443732] (px4_msgs) StdoutLine: {'line': b'-- Up-to-date symlink: /home/lee/workspace/ros2_ex_mav/install/px4_msgs/include/px4_msgs/px4_msgs/msg/detail/logger_status__type_support.hpp\n'}
[0.443764] (px4_msgs) StdoutLine: {'line': b'-- Up-to-date symlink: /home/lee/workspace/ros2_ex_mav/install/px4_msgs/include/px4_msgs/px4_msgs/msg/detail/mag_worker_data__builder.hpp\n'}
[0.443795] (px4_msgs) StdoutLine: {'line': b'-- Up-to-date symlink: /home/lee/workspace/ros2_ex_mav/install/px4_msgs/include/px4_msgs/px4_msgs/msg/detail/mag_worker_data__struct.hpp\n'}
[0.443827] (px4_msgs) StdoutLine: {'line': b'-- Up-to-date symlink: /home/lee/workspace/ros2_ex_mav/install/px4_msgs/include/px4_msgs/px4_msgs/msg/detail/mag_worker_data__traits.hpp\n'}
[0.443859] (px4_msgs) StdoutLine: {'line': b'-- Up-to-date symlink: /home/lee/workspace/ros2_ex_mav/install/px4_msgs/include/px4_msgs/px4_msgs/msg/detail/mag_worker_data__type_support.hpp\n'}
[0.443891] (px4_msgs) StdoutLine: {'line': b'-- Up-to-date symlink: /home/lee/workspace/ros2_ex_mav/install/px4_msgs/include/px4_msgs/px4_msgs/msg/detail/magnetometer_bias_estimate__builder.hpp\n'}
[0.443924] (px4_msgs) StdoutLine: {'line': b'-- Up-to-date symlink: /home/lee/workspace/ros2_ex_mav/install/px4_msgs/include/px4_msgs/px4_msgs/msg/detail/magnetometer_bias_estimate__struct.hpp\n'}
[0.443956] (px4_msgs) StdoutLine: {'line': b'-- Up-to-date symlink: /home/lee/workspace/ros2_ex_mav/install/px4_msgs/include/px4_msgs/px4_msgs/msg/detail/magnetometer_bias_estimate__traits.hpp\n'}
[0.443989] (px4_msgs) StdoutLine: {'line': b'-- Up-to-date symlink: /home/lee/workspace/ros2_ex_mav/install/px4_msgs/include/px4_msgs/px4_msgs/msg/detail/magnetometer_bias_estimate__type_support.hpp\n'}
[0.444021] (px4_msgs) StdoutLine: {'line': b'-- Up-to-date symlink: /home/lee/workspace/ros2_ex_mav/install/px4_msgs/include/px4_msgs/px4_msgs/msg/detail/manual_control_setpoint__builder.hpp\n'}
[0.444053] (px4_msgs) StdoutLine: {'line': b'-- Up-to-date symlink: /home/lee/workspace/ros2_ex_mav/install/px4_msgs/include/px4_msgs/px4_msgs/msg/detail/manual_control_setpoint__struct.hpp\n'}
[0.444085] (px4_msgs) StdoutLine: {'line': b'-- Up-to-date symlink: /home/lee/workspace/ros2_ex_mav/install/px4_msgs/include/px4_msgs/px4_msgs/msg/detail/manual_control_setpoint__traits.hpp\n'}
[0.444117] (px4_msgs) StdoutLine: {'line': b'-- Up-to-date symlink: /home/lee/workspace/ros2_ex_mav/install/px4_msgs/include/px4_msgs/px4_msgs/msg/detail/manual_control_setpoint__type_support.hpp\n'}
[0.444148] (px4_msgs) StdoutLine: {'line': b'-- Up-to-date symlink: /home/lee/workspace/ros2_ex_mav/install/px4_msgs/include/px4_msgs/px4_msgs/msg/detail/manual_control_switches__builder.hpp\n'}
[0.444183] (px4_msgs) StdoutLine: {'line': b'-- Up-to-date symlink: /home/lee/workspace/ros2_ex_mav/install/px4_msgs/include/px4_msgs/px4_msgs/msg/detail/manual_control_switches__struct.hpp\n'}
[0.444215] (px4_msgs) StdoutLine: {'line': b'-- Up-to-date symlink: /home/lee/workspace/ros2_ex_mav/install/px4_msgs/include/px4_msgs/px4_msgs/msg/detail/manual_control_switches__traits.hpp\n'}
[0.444247] (px4_msgs) StdoutLine: {'line': b'-- Up-to-date symlink: /home/lee/workspace/ros2_ex_mav/install/px4_msgs/include/px4_msgs/px4_msgs/msg/detail/manual_control_switches__type_support.hpp\n'}
[0.444281] (px4_msgs) StdoutLine: {'line': b'-- Up-to-date symlink: /home/lee/workspace/ros2_ex_mav/install/px4_msgs/include/px4_msgs/px4_msgs/msg/detail/mavlink_log__builder.hpp\n'}
[0.444314] (px4_msgs) StdoutLine: {'line': b'-- Up-to-date symlink: /home/lee/workspace/ros2_ex_mav/install/px4_msgs/include/px4_msgs/px4_msgs/msg/detail/mavlink_log__struct.hpp\n'}
[0.444345] (px4_msgs) StdoutLine: {'line': b'-- Up-to-date symlink: /home/lee/workspace/ros2_ex_mav/install/px4_msgs/include/px4_msgs/px4_msgs/msg/detail/mavlink_log__traits.hpp\n'}
[0.444377] (px4_msgs) StdoutLine: {'line': b'-- Up-to-date symlink: /home/lee/workspace/ros2_ex_mav/install/px4_msgs/include/px4_msgs/px4_msgs/msg/detail/mavlink_log__type_support.hpp\n'}
[0.444408] (px4_msgs) StdoutLine: {'line': b'-- Up-to-date symlink: /home/lee/workspace/ros2_ex_mav/install/px4_msgs/include/px4_msgs/px4_msgs/msg/detail/mavlink_tunnel__builder.hpp\n'}
[0.444441] (px4_msgs) StdoutLine: {'line': b'-- Up-to-date symlink: /home/lee/workspace/ros2_ex_mav/install/px4_msgs/include/px4_msgs/px4_msgs/msg/detail/mavlink_tunnel__struct.hpp\n'}
[0.444472] (px4_msgs) StdoutLine: {'line': b'-- Up-to-date symlink: /home/lee/workspace/ros2_ex_mav/install/px4_msgs/include/px4_msgs/px4_msgs/msg/detail/mavlink_tunnel__traits.hpp\n'}
[0.444504] (px4_msgs) StdoutLine: {'line': b'-- Up-to-date symlink: /home/lee/workspace/ros2_ex_mav/install/px4_msgs/include/px4_msgs/px4_msgs/msg/detail/mavlink_tunnel__type_support.hpp\n'}
[0.444536] (px4_msgs) StdoutLine: {'line': b'-- Up-to-date symlink: /home/lee/workspace/ros2_ex_mav/install/px4_msgs/include/px4_msgs/px4_msgs/msg/detail/mission__builder.hpp\n'}
[0.444567] (px4_msgs) StdoutLine: {'line': b'-- Up-to-date symlink: /home/lee/workspace/ros2_ex_mav/install/px4_msgs/include/px4_msgs/px4_msgs/msg/detail/mission__struct.hpp\n'}
[0.444598] (px4_msgs) StdoutLine: {'line': b'-- Up-to-date symlink: /home/lee/workspace/ros2_ex_mav/install/px4_msgs/include/px4_msgs/px4_msgs/msg/detail/mission__traits.hpp\n'}
[0.444629] (px4_msgs) StdoutLine: {'line': b'-- Up-to-date symlink: /home/lee/workspace/ros2_ex_mav/install/px4_msgs/include/px4_msgs/px4_msgs/msg/detail/mission__type_support.hpp\n'}
[0.444660] (px4_msgs) StdoutLine: {'line': b'-- Up-to-date symlink: /home/lee/workspace/ros2_ex_mav/install/px4_msgs/include/px4_msgs/px4_msgs/msg/detail/mission_result__builder.hpp\n'}
[0.444691] (px4_msgs) StdoutLine: {'line': b'-- Up-to-date symlink: /home/lee/workspace/ros2_ex_mav/install/px4_msgs/include/px4_msgs/px4_msgs/msg/detail/mission_result__struct.hpp\n'}
[0.444722] (px4_msgs) StdoutLine: {'line': b'-- Up-to-date symlink: /home/lee/workspace/ros2_ex_mav/install/px4_msgs/include/px4_msgs/px4_msgs/msg/detail/mission_result__traits.hpp\n'}
[0.444754] (px4_msgs) StdoutLine: {'line': b'-- Up-to-date symlink: /home/lee/workspace/ros2_ex_mav/install/px4_msgs/include/px4_msgs/px4_msgs/msg/detail/mission_result__type_support.hpp\n'}
[0.444786] (px4_msgs) StdoutLine: {'line': b'-- Up-to-date symlink: /home/lee/workspace/ros2_ex_mav/install/px4_msgs/include/px4_msgs/px4_msgs/msg/detail/mode_completed__builder.hpp\n'}
[0.444817] (px4_msgs) StdoutLine: {'line': b'-- Up-to-date symlink: /home/lee/workspace/ros2_ex_mav/install/px4_msgs/include/px4_msgs/px4_msgs/msg/detail/mode_completed__struct.hpp\n'}
[0.444849] (px4_msgs) StdoutLine: {'line': b'-- Up-to-date symlink: /home/lee/workspace/ros2_ex_mav/install/px4_msgs/include/px4_msgs/px4_msgs/msg/detail/mode_completed__traits.hpp\n'}
[0.444879] (px4_msgs) StdoutLine: {'line': b'-- Up-to-date symlink: /home/lee/workspace/ros2_ex_mav/install/px4_msgs/include/px4_msgs/px4_msgs/msg/detail/mode_completed__type_support.hpp\n'}
[0.444911] (px4_msgs) StdoutLine: {'line': b'-- Up-to-date symlink: /home/lee/workspace/ros2_ex_mav/install/px4_msgs/include/px4_msgs/px4_msgs/msg/detail/mount_orientation__builder.hpp\n'}
[0.444943] (px4_msgs) StdoutLine: {'line': b'-- Up-to-date symlink: /home/lee/workspace/ros2_ex_mav/install/px4_msgs/include/px4_msgs/px4_msgs/msg/detail/mount_orientation__struct.hpp\n'}
[0.444974] (px4_msgs) StdoutLine: {'line': b'-- Up-to-date symlink: /home/lee/workspace/ros2_ex_mav/install/px4_msgs/include/px4_msgs/px4_msgs/msg/detail/mount_orientation__traits.hpp\n'}
[0.445005] (px4_msgs) StdoutLine: {'line': b'-- Up-to-date symlink: /home/lee/workspace/ros2_ex_mav/install/px4_msgs/include/px4_msgs/px4_msgs/msg/detail/mount_orientation__type_support.hpp\n'}
[0.445036] (px4_msgs) StdoutLine: {'line': b'-- Up-to-date symlink: /home/lee/workspace/ros2_ex_mav/install/px4_msgs/include/px4_msgs/px4_msgs/msg/detail/navigator_mission_item__builder.hpp\n'}
[0.445068] (px4_msgs) StdoutLine: {'line': b'-- Up-to-date symlink: /home/lee/workspace/ros2_ex_mav/install/px4_msgs/include/px4_msgs/px4_msgs/msg/detail/navigator_mission_item__struct.hpp\n'}
[0.445099] (px4_msgs) StdoutLine: {'line': b'-- Up-to-date symlink: /home/lee/workspace/ros2_ex_mav/install/px4_msgs/include/px4_msgs/px4_msgs/msg/detail/navigator_mission_item__traits.hpp\n'}
[0.445131] (px4_msgs) StdoutLine: {'line': b'-- Up-to-date symlink: /home/lee/workspace/ros2_ex_mav/install/px4_msgs/include/px4_msgs/px4_msgs/msg/detail/navigator_mission_item__type_support.hpp\n'}
[0.445163] (px4_msgs) StdoutLine: {'line': b'-- Up-to-date symlink: /home/lee/workspace/ros2_ex_mav/install/px4_msgs/include/px4_msgs/px4_msgs/msg/detail/normalized_unsigned_setpoint__builder.hpp\n'}
[0.445198] (px4_msgs) StdoutLine: {'line': b'-- Up-to-date symlink: /home/lee/workspace/ros2_ex_mav/install/px4_msgs/include/px4_msgs/px4_msgs/msg/detail/normalized_unsigned_setpoint__struct.hpp\n'}
[0.445229] (px4_msgs) StdoutLine: {'line': b'-- Up-to-date symlink: /home/lee/workspace/ros2_ex_mav/install/px4_msgs/include/px4_msgs/px4_msgs/msg/detail/normalized_unsigned_setpoint__traits.hpp\n'}
[0.445262] (px4_msgs) StdoutLine: {'line': b'-- Up-to-date symlink: /home/lee/workspace/ros2_ex_mav/install/px4_msgs/include/px4_msgs/px4_msgs/msg/detail/normalized_unsigned_setpoint__type_support.hpp\n'}
[0.445295] (px4_msgs) StdoutLine: {'line': b'-- Up-to-date symlink: /home/lee/workspace/ros2_ex_mav/install/px4_msgs/include/px4_msgs/px4_msgs/msg/detail/npfg_status__builder.hpp\n'}
[0.445327] (px4_msgs) StdoutLine: {'line': b'-- Up-to-date symlink: /home/lee/workspace/ros2_ex_mav/install/px4_msgs/include/px4_msgs/px4_msgs/msg/detail/npfg_status__struct.hpp\n'}
[0.445359] (px4_msgs) StdoutLine: {'line': b'-- Up-to-date symlink: /home/lee/workspace/ros2_ex_mav/install/px4_msgs/include/px4_msgs/px4_msgs/msg/detail/npfg_status__traits.hpp\n'}
[0.445391] (px4_msgs) StdoutLine: {'line': b'-- Up-to-date symlink: /home/lee/workspace/ros2_ex_mav/install/px4_msgs/include/px4_msgs/px4_msgs/msg/detail/npfg_status__type_support.hpp\n'}
[0.445422] (px4_msgs) StdoutLine: {'line': b'-- Up-to-date symlink: /home/lee/workspace/ros2_ex_mav/install/px4_msgs/include/px4_msgs/px4_msgs/msg/detail/obstacle_distance__builder.hpp\n'}
[0.445454] (px4_msgs) StdoutLine: {'line': b'-- Up-to-date symlink: /home/lee/workspace/ros2_ex_mav/install/px4_msgs/include/px4_msgs/px4_msgs/msg/detail/obstacle_distance__struct.hpp\n'}
[0.445486] (px4_msgs) StdoutLine: {'line': b'-- Up-to-date symlink: /home/lee/workspace/ros2_ex_mav/install/px4_msgs/include/px4_msgs/px4_msgs/msg/detail/obstacle_distance__traits.hpp\n'}
[0.445518] (px4_msgs) StdoutLine: {'line': b'-- Up-to-date symlink: /home/lee/workspace/ros2_ex_mav/install/px4_msgs/include/px4_msgs/px4_msgs/msg/detail/obstacle_distance__type_support.hpp\n'}
[0.445551] (px4_msgs) StdoutLine: {'line': b'-- Up-to-date symlink: /home/lee/workspace/ros2_ex_mav/install/px4_msgs/include/px4_msgs/px4_msgs/msg/detail/offboard_control_mode__builder.hpp\n'}
[0.445583] (px4_msgs) StdoutLine: {'line': b'-- Up-to-date symlink: /home/lee/workspace/ros2_ex_mav/install/px4_msgs/include/px4_msgs/px4_msgs/msg/detail/offboard_control_mode__struct.hpp\n'}
[0.445615] (px4_msgs) StdoutLine: {'line': b'-- Up-to-date symlink: /home/lee/workspace/ros2_ex_mav/install/px4_msgs/include/px4_msgs/px4_msgs/msg/detail/offboard_control_mode__traits.hpp\n'}
[0.445646] (px4_msgs) StdoutLine: {'line': b'-- Up-to-date symlink: /home/lee/workspace/ros2_ex_mav/install/px4_msgs/include/px4_msgs/px4_msgs/msg/detail/offboard_control_mode__type_support.hpp\n'}
[0.445677] (px4_msgs) StdoutLine: {'line': b'-- Up-to-date symlink: /home/lee/workspace/ros2_ex_mav/install/px4_msgs/include/px4_msgs/px4_msgs/msg/detail/onboard_computer_status__builder.hpp\n'}
[0.445709] (px4_msgs) StdoutLine: {'line': b'-- Up-to-date symlink: /home/lee/workspace/ros2_ex_mav/install/px4_msgs/include/px4_msgs/px4_msgs/msg/detail/onboard_computer_status__struct.hpp\n'}
[0.445741] (px4_msgs) StdoutLine: {'line': b'-- Up-to-date symlink: /home/lee/workspace/ros2_ex_mav/install/px4_msgs/include/px4_msgs/px4_msgs/msg/detail/onboard_computer_status__traits.hpp\n'}
[0.445773] (px4_msgs) StdoutLine: {'line': b'-- Up-to-date symlink: /home/lee/workspace/ros2_ex_mav/install/px4_msgs/include/px4_msgs/px4_msgs/msg/detail/onboard_computer_status__type_support.hpp\n'}
[0.445807] (px4_msgs) StdoutLine: {'line': b'-- Up-to-date symlink: /home/lee/workspace/ros2_ex_mav/install/px4_msgs/include/px4_msgs/px4_msgs/msg/detail/orb_test__builder.hpp\n'}
[0.445841] (px4_msgs) StdoutLine: {'line': b'-- Up-to-date symlink: /home/lee/workspace/ros2_ex_mav/install/px4_msgs/include/px4_msgs/px4_msgs/msg/detail/orb_test__struct.hpp\n'}
[0.445874] (px4_msgs) StdoutLine: {'line': b'-- Up-to-date symlink: /home/lee/workspace/ros2_ex_mav/install/px4_msgs/include/px4_msgs/px4_msgs/msg/detail/orb_test__traits.hpp\n'}
[0.445907] (px4_msgs) StdoutLine: {'line': b'-- Up-to-date symlink: /home/lee/workspace/ros2_ex_mav/install/px4_msgs/include/px4_msgs/px4_msgs/msg/detail/orb_test__type_support.hpp\n'}
[0.445939] (px4_msgs) StdoutLine: {'line': b'-- Up-to-date symlink: /home/lee/workspace/ros2_ex_mav/install/px4_msgs/include/px4_msgs/px4_msgs/msg/detail/orb_test_large__builder.hpp\n'}
[0.445972] (px4_msgs) StdoutLine: {'line': b'-- Up-to-date symlink: /home/lee/workspace/ros2_ex_mav/install/px4_msgs/include/px4_msgs/px4_msgs/msg/detail/orb_test_large__struct.hpp\n'}
[0.446004] (px4_msgs) StdoutLine: {'line': b'-- Up-to-date symlink: /home/lee/workspace/ros2_ex_mav/install/px4_msgs/include/px4_msgs/px4_msgs/msg/detail/orb_test_large__traits.hpp\n'}
[0.446036] (px4_msgs) StdoutLine: {'line': b'-- Up-to-date symlink: /home/lee/workspace/ros2_ex_mav/install/px4_msgs/include/px4_msgs/px4_msgs/msg/detail/orb_test_large__type_support.hpp\n'}
[0.446069] (px4_msgs) StdoutLine: {'line': b'-- Up-to-date symlink: /home/lee/workspace/ros2_ex_mav/install/px4_msgs/include/px4_msgs/px4_msgs/msg/detail/orb_test_medium__builder.hpp\n'}
[0.446101] (px4_msgs) StdoutLine: {'line': b'-- Up-to-date symlink: /home/lee/workspace/ros2_ex_mav/install/px4_msgs/include/px4_msgs/px4_msgs/msg/detail/orb_test_medium__struct.hpp\n'}
[0.446133] (px4_msgs) StdoutLine: {'line': b'-- Up-to-date symlink: /home/lee/workspace/ros2_ex_mav/install/px4_msgs/include/px4_msgs/px4_msgs/msg/detail/orb_test_medium__traits.hpp\n'}
[0.446167] (px4_msgs) StdoutLine: {'line': b'-- Up-to-date symlink: /home/lee/workspace/ros2_ex_mav/install/px4_msgs/include/px4_msgs/px4_msgs/msg/detail/orb_test_medium__type_support.hpp\n'}
[0.446200] (px4_msgs) StdoutLine: {'line': b'-- Up-to-date symlink: /home/lee/workspace/ros2_ex_mav/install/px4_msgs/include/px4_msgs/px4_msgs/msg/detail/orbit_status__builder.hpp\n'}
[0.446232] (px4_msgs) StdoutLine: {'line': b'-- Up-to-date symlink: /home/lee/workspace/ros2_ex_mav/install/px4_msgs/include/px4_msgs/px4_msgs/msg/detail/orbit_status__struct.hpp\n'}
[0.446265] (px4_msgs) StdoutLine: {'line': b'-- Up-to-date symlink: /home/lee/workspace/ros2_ex_mav/install/px4_msgs/include/px4_msgs/px4_msgs/msg/detail/orbit_status__traits.hpp\n'}
[0.446297] (px4_msgs) StdoutLine: {'line': b'-- Up-to-date symlink: /home/lee/workspace/ros2_ex_mav/install/px4_msgs/include/px4_msgs/px4_msgs/msg/detail/orbit_status__type_support.hpp\n'}
[0.446328] (px4_msgs) StdoutLine: {'line': b'-- Up-to-date symlink: /home/lee/workspace/ros2_ex_mav/install/px4_msgs/include/px4_msgs/px4_msgs/msg/detail/parameter_update__builder.hpp\n'}
[0.446360] (px4_msgs) StdoutLine: {'line': b'-- Up-to-date symlink: /home/lee/workspace/ros2_ex_mav/install/px4_msgs/include/px4_msgs/px4_msgs/msg/detail/parameter_update__struct.hpp\n'}
[0.446391] (px4_msgs) StdoutLine: {'line': b'-- Up-to-date symlink: /home/lee/workspace/ros2_ex_mav/install/px4_msgs/include/px4_msgs/px4_msgs/msg/detail/parameter_update__traits.hpp\n'}
[0.446423] (px4_msgs) StdoutLine: {'line': b'-- Up-to-date symlink: /home/lee/workspace/ros2_ex_mav/install/px4_msgs/include/px4_msgs/px4_msgs/msg/detail/parameter_update__type_support.hpp\n'}
[0.446456] (px4_msgs) StdoutLine: {'line': b'-- Up-to-date symlink: /home/lee/workspace/ros2_ex_mav/install/px4_msgs/include/px4_msgs/px4_msgs/msg/detail/ping__builder.hpp\n'}
[0.446488] (px4_msgs) StdoutLine: {'line': b'-- Up-to-date symlink: /home/lee/workspace/ros2_ex_mav/install/px4_msgs/include/px4_msgs/px4_msgs/msg/detail/ping__struct.hpp\n'}
[0.446520] (px4_msgs) StdoutLine: {'line': b'-- Up-to-date symlink: /home/lee/workspace/ros2_ex_mav/install/px4_msgs/include/px4_msgs/px4_msgs/msg/detail/ping__traits.hpp\n'}
[0.446553] (px4_msgs) StdoutLine: {'line': b'-- Up-to-date symlink: /home/lee/workspace/ros2_ex_mav/install/px4_msgs/include/px4_msgs/px4_msgs/msg/detail/ping__type_support.hpp\n'}
[0.446586] (px4_msgs) StdoutLine: {'line': b'-- Up-to-date symlink: /home/lee/workspace/ros2_ex_mav/install/px4_msgs/include/px4_msgs/px4_msgs/msg/detail/position_controller_landing_status__builder.hpp\n'}
[0.446619] (px4_msgs) StdoutLine: {'line': b'-- Up-to-date symlink: /home/lee/workspace/ros2_ex_mav/install/px4_msgs/include/px4_msgs/px4_msgs/msg/detail/position_controller_landing_status__struct.hpp\n'}
[0.446652] (px4_msgs) StdoutLine: {'line': b'-- Up-to-date symlink: /home/lee/workspace/ros2_ex_mav/install/px4_msgs/include/px4_msgs/px4_msgs/msg/detail/position_controller_landing_status__traits.hpp\n'}
[0.446687] (px4_msgs) StdoutLine: {'line': b'-- Up-to-date symlink: /home/lee/workspace/ros2_ex_mav/install/px4_msgs/include/px4_msgs/px4_msgs/msg/detail/position_controller_landing_status__type_support.hpp\n'}
[0.446721] (px4_msgs) StdoutLine: {'line': b'-- Up-to-date symlink: /home/lee/workspace/ros2_ex_mav/install/px4_msgs/include/px4_msgs/px4_msgs/msg/detail/position_controller_status__builder.hpp\n'}
[0.446754] (px4_msgs) StdoutLine: {'line': b'-- Up-to-date symlink: /home/lee/workspace/ros2_ex_mav/install/px4_msgs/include/px4_msgs/px4_msgs/msg/detail/position_controller_status__struct.hpp\n'}
[0.446787] (px4_msgs) StdoutLine: {'line': b'-- Up-to-date symlink: /home/lee/workspace/ros2_ex_mav/install/px4_msgs/include/px4_msgs/px4_msgs/msg/detail/position_controller_status__traits.hpp\n'}
[0.446877] (px4_msgs) StdoutLine: {'line': b'-- Up-to-date symlink: /home/lee/workspace/ros2_ex_mav/install/px4_msgs/include/px4_msgs/px4_msgs/msg/detail/position_controller_status__type_support.hpp\n'}
[0.446981] (px4_msgs) StdoutLine: {'line': b'-- Up-to-date symlink: /home/lee/workspace/ros2_ex_mav/install/px4_msgs/include/px4_msgs/px4_msgs/msg/detail/position_setpoint__builder.hpp\n'}
[0.447008] (px4_msgs) StdoutLine: {'line': b'-- Up-to-date symlink: /home/lee/workspace/ros2_ex_mav/install/px4_msgs/include/px4_msgs/px4_msgs/msg/detail/position_setpoint__struct.hpp\n'}
[0.447031] (px4_msgs) StdoutLine: {'line': b'-- Up-to-date symlink: /home/lee/workspace/ros2_ex_mav/install/px4_msgs/include/px4_msgs/px4_msgs/msg/detail/position_setpoint__traits.hpp\n'}
[0.447067] (px4_msgs) StdoutLine: {'line': b'-- Up-to-date symlink: /home/lee/workspace/ros2_ex_mav/install/px4_msgs/include/px4_msgs/px4_msgs/msg/detail/position_setpoint__type_support.hpp\n'}
[0.447090] (px4_msgs) StdoutLine: {'line': b'-- Up-to-date symlink: /home/lee/workspace/ros2_ex_mav/install/px4_msgs/include/px4_msgs/px4_msgs/msg/detail/position_setpoint_triplet__builder.hpp\n'}
[0.447112] (px4_msgs) StdoutLine: {'line': b'-- Up-to-date symlink: /home/lee/workspace/ros2_ex_mav/install/px4_msgs/include/px4_msgs/px4_msgs/msg/detail/position_setpoint_triplet__struct.hpp\n'}
[0.447133] (px4_msgs) StdoutLine: {'line': b'-- Up-to-date symlink: /home/lee/workspace/ros2_ex_mav/install/px4_msgs/include/px4_msgs/px4_msgs/msg/detail/position_setpoint_triplet__traits.hpp\n'}
[0.447169] (px4_msgs) StdoutLine: {'line': b'-- Up-to-date symlink: /home/lee/workspace/ros2_ex_mav/install/px4_msgs/include/px4_msgs/px4_msgs/msg/detail/position_setpoint_triplet__type_support.hpp\n'}
[0.447193] (px4_msgs) StdoutLine: {'line': b'-- Up-to-date symlink: /home/lee/workspace/ros2_ex_mav/install/px4_msgs/include/px4_msgs/px4_msgs/msg/detail/power_button_state__builder.hpp\n'}
[0.447214] (px4_msgs) StdoutLine: {'line': b'-- Up-to-date symlink: /home/lee/workspace/ros2_ex_mav/install/px4_msgs/include/px4_msgs/px4_msgs/msg/detail/power_button_state__struct.hpp\n'}
[0.447246] (px4_msgs) StdoutLine: {'line': b'-- Up-to-date symlink: /home/lee/workspace/ros2_ex_mav/install/px4_msgs/include/px4_msgs/px4_msgs/msg/detail/power_button_state__traits.hpp\n'}
[0.447265] (px4_msgs) StdoutLine: {'line': b'-- Up-to-date symlink: /home/lee/workspace/ros2_ex_mav/install/px4_msgs/include/px4_msgs/px4_msgs/msg/detail/power_button_state__type_support.hpp\n'}
[0.447289] (px4_msgs) StdoutLine: {'line': b'-- Up-to-date symlink: /home/lee/workspace/ros2_ex_mav/install/px4_msgs/include/px4_msgs/px4_msgs/msg/detail/power_monitor__builder.hpp\n'}
[0.447308] (px4_msgs) StdoutLine: {'line': b'-- Up-to-date symlink: /home/lee/workspace/ros2_ex_mav/install/px4_msgs/include/px4_msgs/px4_msgs/msg/detail/power_monitor__struct.hpp\n'}
[0.447335] (px4_msgs) StdoutLine: {'line': b'-- Up-to-date symlink: /home/lee/workspace/ros2_ex_mav/install/px4_msgs/include/px4_msgs/px4_msgs/msg/detail/power_monitor__traits.hpp\n'}
[0.447371] (px4_msgs) StdoutLine: {'line': b'-- Up-to-date symlink: /home/lee/workspace/ros2_ex_mav/install/px4_msgs/include/px4_msgs/px4_msgs/msg/detail/power_monitor__type_support.hpp\n'}
[0.447403] (px4_msgs) StdoutLine: {'line': b'-- Up-to-date symlink: /home/lee/workspace/ros2_ex_mav/install/px4_msgs/include/px4_msgs/px4_msgs/msg/detail/pps_capture__builder.hpp\n'}
[0.447435] (px4_msgs) StdoutLine: {'line': b'-- Up-to-date symlink: /home/lee/workspace/ros2_ex_mav/install/px4_msgs/include/px4_msgs/px4_msgs/msg/detail/pps_capture__struct.hpp\n'}
[0.447468] (px4_msgs) StdoutLine: {'line': b'-- Up-to-date symlink: /home/lee/workspace/ros2_ex_mav/install/px4_msgs/include/px4_msgs/px4_msgs/msg/detail/pps_capture__traits.hpp\n'}
[0.447500] (px4_msgs) StdoutLine: {'line': b'-- Up-to-date symlink: /home/lee/workspace/ros2_ex_mav/install/px4_msgs/include/px4_msgs/px4_msgs/msg/detail/pps_capture__type_support.hpp\n'}
[0.447535] (px4_msgs) StdoutLine: {'line': b'-- Up-to-date symlink: /home/lee/workspace/ros2_ex_mav/install/px4_msgs/include/px4_msgs/px4_msgs/msg/detail/pwm_input__builder.hpp\n'}
[0.447566] (px4_msgs) StdoutLine: {'line': b'-- Up-to-date symlink: /home/lee/workspace/ros2_ex_mav/install/px4_msgs/include/px4_msgs/px4_msgs/msg/detail/pwm_input__struct.hpp\n'}
[0.447600] (px4_msgs) StdoutLine: {'line': b'-- Up-to-date symlink: /home/lee/workspace/ros2_ex_mav/install/px4_msgs/include/px4_msgs/px4_msgs/msg/detail/pwm_input__traits.hpp\n'}
[0.447632] (px4_msgs) StdoutLine: {'line': b'-- Up-to-date symlink: /home/lee/workspace/ros2_ex_mav/install/px4_msgs/include/px4_msgs/px4_msgs/msg/detail/pwm_input__type_support.hpp\n'}
[0.447665] (px4_msgs) StdoutLine: {'line': b'-- Up-to-date symlink: /home/lee/workspace/ros2_ex_mav/install/px4_msgs/include/px4_msgs/px4_msgs/msg/detail/px4io_status__builder.hpp\n'}
[0.447832] (px4_msgs) StdoutLine: {'line': b'-- Up-to-date symlink: /home/lee/workspace/ros2_ex_mav/install/px4_msgs/include/px4_msgs/px4_msgs/msg/detail/px4io_status__struct.hpp\n'}
[0.447852] (px4_msgs) StdoutLine: {'line': b'-- Up-to-date symlink: /home/lee/workspace/ros2_ex_mav/install/px4_msgs/include/px4_msgs/px4_msgs/msg/detail/px4io_status__traits.hpp\n'}
[0.447881] (px4_msgs) StdoutLine: {'line': b'-- Up-to-date symlink: /home/lee/workspace/ros2_ex_mav/install/px4_msgs/include/px4_msgs/px4_msgs/msg/detail/px4io_status__type_support.hpp\n'}
[0.447901] (px4_msgs) StdoutLine: {'line': b'-- Up-to-date symlink: /home/lee/workspace/ros2_ex_mav/install/px4_msgs/include/px4_msgs/px4_msgs/msg/detail/qshell_req__builder.hpp\n'}
[0.447920] (px4_msgs) StdoutLine: {'line': b'-- Up-to-date symlink: /home/lee/workspace/ros2_ex_mav/install/px4_msgs/include/px4_msgs/px4_msgs/msg/detail/qshell_req__struct.hpp\n'}
[0.447940] (px4_msgs) StdoutLine: {'line': b'-- Up-to-date symlink: /home/lee/workspace/ros2_ex_mav/install/px4_msgs/include/px4_msgs/px4_msgs/msg/detail/qshell_req__traits.hpp\n'}
[0.447972] (px4_msgs) StdoutLine: {'line': b'-- Up-to-date symlink: /home/lee/workspace/ros2_ex_mav/install/px4_msgs/include/px4_msgs/px4_msgs/msg/detail/qshell_req__type_support.hpp\n'}
[0.447993] (px4_msgs) StdoutLine: {'line': b'-- Up-to-date symlink: /home/lee/workspace/ros2_ex_mav/install/px4_msgs/include/px4_msgs/px4_msgs/msg/detail/qshell_retval__builder.hpp\n'}
[0.448013] (px4_msgs) StdoutLine: {'line': b'-- Up-to-date symlink: /home/lee/workspace/ros2_ex_mav/install/px4_msgs/include/px4_msgs/px4_msgs/msg/detail/qshell_retval__struct.hpp\n'}
[0.448044] (px4_msgs) StdoutLine: {'line': b'-- Up-to-date symlink: /home/lee/workspace/ros2_ex_mav/install/px4_msgs/include/px4_msgs/px4_msgs/msg/detail/qshell_retval__traits.hpp\n'}
[0.448065] (px4_msgs) StdoutLine: {'line': b'-- Up-to-date symlink: /home/lee/workspace/ros2_ex_mav/install/px4_msgs/include/px4_msgs/px4_msgs/msg/detail/qshell_retval__type_support.hpp\n'}
[0.448096] (px4_msgs) StdoutLine: {'line': b'-- Up-to-date symlink: /home/lee/workspace/ros2_ex_mav/install/px4_msgs/include/px4_msgs/px4_msgs/msg/detail/radio_status__builder.hpp\n'}
[0.448115] (px4_msgs) StdoutLine: {'line': b'-- Up-to-date symlink: /home/lee/workspace/ros2_ex_mav/install/px4_msgs/include/px4_msgs/px4_msgs/msg/detail/radio_status__struct.hpp\n'}
[0.448141] (px4_msgs) StdoutLine: {'line': b'-- Up-to-date symlink: /home/lee/workspace/ros2_ex_mav/install/px4_msgs/include/px4_msgs/px4_msgs/msg/detail/radio_status__traits.hpp\n'}
[0.448172] (px4_msgs) StdoutLine: {'line': b'-- Up-to-date symlink: /home/lee/workspace/ros2_ex_mav/install/px4_msgs/include/px4_msgs/px4_msgs/msg/detail/radio_status__type_support.hpp\n'}
[0.448203] (px4_msgs) StdoutLine: {'line': b'-- Up-to-date symlink: /home/lee/workspace/ros2_ex_mav/install/px4_msgs/include/px4_msgs/px4_msgs/msg/detail/rate_ctrl_status__builder.hpp\n'}
[0.448231] (px4_msgs) StdoutLine: {'line': b'-- Up-to-date symlink: /home/lee/workspace/ros2_ex_mav/install/px4_msgs/include/px4_msgs/px4_msgs/msg/detail/rate_ctrl_status__struct.hpp\n'}
[0.448255] (px4_msgs) StdoutLine: {'line': b'-- Up-to-date symlink: /home/lee/workspace/ros2_ex_mav/install/px4_msgs/include/px4_msgs/px4_msgs/msg/detail/rate_ctrl_status__traits.hpp\n'}
[0.448282] (px4_msgs) StdoutLine: {'line': b'-- Up-to-date symlink: /home/lee/workspace/ros2_ex_mav/install/px4_msgs/include/px4_msgs/px4_msgs/msg/detail/rate_ctrl_status__type_support.hpp\n'}
[0.448315] (px4_msgs) StdoutLine: {'line': b'-- Up-to-date symlink: /home/lee/workspace/ros2_ex_mav/install/px4_msgs/include/px4_msgs/px4_msgs/msg/detail/rc_channels__builder.hpp\n'}
[0.448347] (px4_msgs) StdoutLine: {'line': b'-- Up-to-date symlink: /home/lee/workspace/ros2_ex_mav/install/px4_msgs/include/px4_msgs/px4_msgs/msg/detail/rc_channels__struct.hpp\n'}
[0.448379] (px4_msgs) StdoutLine: {'line': b'-- Up-to-date symlink: /home/lee/workspace/ros2_ex_mav/install/px4_msgs/include/px4_msgs/px4_msgs/msg/detail/rc_channels__traits.hpp\n'}
[0.448413] (px4_msgs) StdoutLine: {'line': b'-- Up-to-date symlink: /home/lee/workspace/ros2_ex_mav/install/px4_msgs/include/px4_msgs/px4_msgs/msg/detail/rc_channels__type_support.hpp\n'}
[0.448444] (px4_msgs) StdoutLine: {'line': b'-- Up-to-date symlink: /home/lee/workspace/ros2_ex_mav/install/px4_msgs/include/px4_msgs/px4_msgs/msg/detail/rc_parameter_map__builder.hpp\n'}
[0.448476] (px4_msgs) StdoutLine: {'line': b'-- Up-to-date symlink: /home/lee/workspace/ros2_ex_mav/install/px4_msgs/include/px4_msgs/px4_msgs/msg/detail/rc_parameter_map__struct.hpp\n'}
[0.448510] (px4_msgs) StdoutLine: {'line': b'-- Up-to-date symlink: /home/lee/workspace/ros2_ex_mav/install/px4_msgs/include/px4_msgs/px4_msgs/msg/detail/rc_parameter_map__traits.hpp\n'}
[0.448542] (px4_msgs) StdoutLine: {'line': b'-- Up-to-date symlink: /home/lee/workspace/ros2_ex_mav/install/px4_msgs/include/px4_msgs/px4_msgs/msg/detail/rc_parameter_map__type_support.hpp\n'}
[0.448576] (px4_msgs) StdoutLine: {'line': b'-- Up-to-date symlink: /home/lee/workspace/ros2_ex_mav/install/px4_msgs/include/px4_msgs/px4_msgs/msg/detail/rpm__builder.hpp\n'}
[0.448610] (px4_msgs) StdoutLine: {'line': b'-- Up-to-date symlink: /home/lee/workspace/ros2_ex_mav/install/px4_msgs/include/px4_msgs/px4_msgs/msg/detail/rpm__struct.hpp\n'}
[0.448643] (px4_msgs) StdoutLine: {'line': b'-- Up-to-date symlink: /home/lee/workspace/ros2_ex_mav/install/px4_msgs/include/px4_msgs/px4_msgs/msg/detail/rpm__traits.hpp\n'}
[0.448675] (px4_msgs) StdoutLine: {'line': b'-- Up-to-date symlink: /home/lee/workspace/ros2_ex_mav/install/px4_msgs/include/px4_msgs/px4_msgs/msg/detail/rpm__type_support.hpp\n'}
[0.448708] (px4_msgs) StdoutLine: {'line': b'-- Up-to-date symlink: /home/lee/workspace/ros2_ex_mav/install/px4_msgs/include/px4_msgs/px4_msgs/msg/detail/rtl_time_estimate__builder.hpp\n'}
[0.448741] (px4_msgs) StdoutLine: {'line': b'-- Up-to-date symlink: /home/lee/workspace/ros2_ex_mav/install/px4_msgs/include/px4_msgs/px4_msgs/msg/detail/rtl_time_estimate__struct.hpp\n'}
[0.448773] (px4_msgs) StdoutLine: {'line': b'-- Up-to-date symlink: /home/lee/workspace/ros2_ex_mav/install/px4_msgs/include/px4_msgs/px4_msgs/msg/detail/rtl_time_estimate__traits.hpp\n'}
[0.448806] (px4_msgs) StdoutLine: {'line': b'-- Up-to-date symlink: /home/lee/workspace/ros2_ex_mav/install/px4_msgs/include/px4_msgs/px4_msgs/msg/detail/rtl_time_estimate__type_support.hpp\n'}
[0.448840] (px4_msgs) StdoutLine: {'line': b'-- Up-to-date symlink: /home/lee/workspace/ros2_ex_mav/install/px4_msgs/include/px4_msgs/px4_msgs/msg/detail/satellite_info__builder.hpp\n'}
[0.448871] (px4_msgs) StdoutLine: {'line': b'-- Up-to-date symlink: /home/lee/workspace/ros2_ex_mav/install/px4_msgs/include/px4_msgs/px4_msgs/msg/detail/satellite_info__struct.hpp\n'}
[0.448903] (px4_msgs) StdoutLine: {'line': b'-- Up-to-date symlink: /home/lee/workspace/ros2_ex_mav/install/px4_msgs/include/px4_msgs/px4_msgs/msg/detail/satellite_info__traits.hpp\n'}
[0.448936] (px4_msgs) StdoutLine: {'line': b'-- Up-to-date symlink: /home/lee/workspace/ros2_ex_mav/install/px4_msgs/include/px4_msgs/px4_msgs/msg/detail/satellite_info__type_support.hpp\n'}
[0.448969] (px4_msgs) StdoutLine: {'line': b'-- Up-to-date symlink: /home/lee/workspace/ros2_ex_mav/install/px4_msgs/include/px4_msgs/px4_msgs/msg/detail/sensor_accel__builder.hpp\n'}
[0.449002] (px4_msgs) StdoutLine: {'line': b'-- Up-to-date symlink: /home/lee/workspace/ros2_ex_mav/install/px4_msgs/include/px4_msgs/px4_msgs/msg/detail/sensor_accel__struct.hpp\n'}
[0.449034] (px4_msgs) StdoutLine: {'line': b'-- Up-to-date symlink: /home/lee/workspace/ros2_ex_mav/install/px4_msgs/include/px4_msgs/px4_msgs/msg/detail/sensor_accel__traits.hpp\n'}
[0.449070] (px4_msgs) StdoutLine: {'line': b'-- Up-to-date symlink: /home/lee/workspace/ros2_ex_mav/install/px4_msgs/include/px4_msgs/px4_msgs/msg/detail/sensor_accel__type_support.hpp\n'}
[0.449102] (px4_msgs) StdoutLine: {'line': b'-- Up-to-date symlink: /home/lee/workspace/ros2_ex_mav/install/px4_msgs/include/px4_msgs/px4_msgs/msg/detail/sensor_accel_fifo__builder.hpp\n'}
[0.449135] (px4_msgs) StdoutLine: {'line': b'-- Up-to-date symlink: /home/lee/workspace/ros2_ex_mav/install/px4_msgs/include/px4_msgs/px4_msgs/msg/detail/sensor_accel_fifo__struct.hpp\n'}
[0.449169] (px4_msgs) StdoutLine: {'line': b'-- Up-to-date symlink: /home/lee/workspace/ros2_ex_mav/install/px4_msgs/include/px4_msgs/px4_msgs/msg/detail/sensor_accel_fifo__traits.hpp\n'}
[0.449204] (px4_msgs) StdoutLine: {'line': b'-- Up-to-date symlink: /home/lee/workspace/ros2_ex_mav/install/px4_msgs/include/px4_msgs/px4_msgs/msg/detail/sensor_accel_fifo__type_support.hpp\n'}
[0.449236] (px4_msgs) StdoutLine: {'line': b'-- Up-to-date symlink: /home/lee/workspace/ros2_ex_mav/install/px4_msgs/include/px4_msgs/px4_msgs/msg/detail/sensor_baro__builder.hpp\n'}
[0.449269] (px4_msgs) StdoutLine: {'line': b'-- Up-to-date symlink: /home/lee/workspace/ros2_ex_mav/install/px4_msgs/include/px4_msgs/px4_msgs/msg/detail/sensor_baro__struct.hpp\n'}
[0.449301] (px4_msgs) StdoutLine: {'line': b'-- Up-to-date symlink: /home/lee/workspace/ros2_ex_mav/install/px4_msgs/include/px4_msgs/px4_msgs/msg/detail/sensor_baro__traits.hpp\n'}
[0.449334] (px4_msgs) StdoutLine: {'line': b'-- Up-to-date symlink: /home/lee/workspace/ros2_ex_mav/install/px4_msgs/include/px4_msgs/px4_msgs/msg/detail/sensor_baro__type_support.hpp\n'}
[0.449366] (px4_msgs) StdoutLine: {'line': b'-- Up-to-date symlink: /home/lee/workspace/ros2_ex_mav/install/px4_msgs/include/px4_msgs/px4_msgs/msg/detail/sensor_combined__builder.hpp\n'}
[0.449399] (px4_msgs) StdoutLine: {'line': b'-- Up-to-date symlink: /home/lee/workspace/ros2_ex_mav/install/px4_msgs/include/px4_msgs/px4_msgs/msg/detail/sensor_combined__struct.hpp\n'}
[0.449431] (px4_msgs) StdoutLine: {'line': b'-- Up-to-date symlink: /home/lee/workspace/ros2_ex_mav/install/px4_msgs/include/px4_msgs/px4_msgs/msg/detail/sensor_combined__traits.hpp\n'}
[0.449464] (px4_msgs) StdoutLine: {'line': b'-- Up-to-date symlink: /home/lee/workspace/ros2_ex_mav/install/px4_msgs/include/px4_msgs/px4_msgs/msg/detail/sensor_combined__type_support.hpp\n'}
[0.449497] (px4_msgs) StdoutLine: {'line': b'-- Up-to-date symlink: /home/lee/workspace/ros2_ex_mav/install/px4_msgs/include/px4_msgs/px4_msgs/msg/detail/sensor_correction__builder.hpp\n'}
[0.449530] (px4_msgs) StdoutLine: {'line': b'-- Up-to-date symlink: /home/lee/workspace/ros2_ex_mav/install/px4_msgs/include/px4_msgs/px4_msgs/msg/detail/sensor_correction__struct.hpp\n'}
[0.449563] (px4_msgs) StdoutLine: {'line': b'-- Up-to-date symlink: /home/lee/workspace/ros2_ex_mav/install/px4_msgs/include/px4_msgs/px4_msgs/msg/detail/sensor_correction__traits.hpp\n'}
[0.449596] (px4_msgs) StdoutLine: {'line': b'-- Up-to-date symlink: /home/lee/workspace/ros2_ex_mav/install/px4_msgs/include/px4_msgs/px4_msgs/msg/detail/sensor_correction__type_support.hpp\n'}
[0.449629] (px4_msgs) StdoutLine: {'line': b'-- Up-to-date symlink: /home/lee/workspace/ros2_ex_mav/install/px4_msgs/include/px4_msgs/px4_msgs/msg/detail/sensor_gnss_relative__builder.hpp\n'}
[0.449661] (px4_msgs) StdoutLine: {'line': b'-- Up-to-date symlink: /home/lee/workspace/ros2_ex_mav/install/px4_msgs/include/px4_msgs/px4_msgs/msg/detail/sensor_gnss_relative__struct.hpp\n'}
[0.449694] (px4_msgs) StdoutLine: {'line': b'-- Up-to-date symlink: /home/lee/workspace/ros2_ex_mav/install/px4_msgs/include/px4_msgs/px4_msgs/msg/detail/sensor_gnss_relative__traits.hpp\n'}
[0.449728] (px4_msgs) StdoutLine: {'line': b'-- Up-to-date symlink: /home/lee/workspace/ros2_ex_mav/install/px4_msgs/include/px4_msgs/px4_msgs/msg/detail/sensor_gnss_relative__type_support.hpp\n'}
[0.449761] (px4_msgs) StdoutLine: {'line': b'-- Up-to-date symlink: /home/lee/workspace/ros2_ex_mav/install/px4_msgs/include/px4_msgs/px4_msgs/msg/detail/sensor_gps__builder.hpp\n'}
[0.449793] (px4_msgs) StdoutLine: {'line': b'-- Up-to-date symlink: /home/lee/workspace/ros2_ex_mav/install/px4_msgs/include/px4_msgs/px4_msgs/msg/detail/sensor_gps__struct.hpp\n'}
[0.449825] (px4_msgs) StdoutLine: {'line': b'-- Up-to-date symlink: /home/lee/workspace/ros2_ex_mav/install/px4_msgs/include/px4_msgs/px4_msgs/msg/detail/sensor_gps__traits.hpp\n'}
[0.449857] (px4_msgs) StdoutLine: {'line': b'-- Up-to-date symlink: /home/lee/workspace/ros2_ex_mav/install/px4_msgs/include/px4_msgs/px4_msgs/msg/detail/sensor_gps__type_support.hpp\n'}
[0.449889] (px4_msgs) StdoutLine: {'line': b'-- Up-to-date symlink: /home/lee/workspace/ros2_ex_mav/install/px4_msgs/include/px4_msgs/px4_msgs/msg/detail/sensor_gyro__builder.hpp\n'}
[0.449921] (px4_msgs) StdoutLine: {'line': b'-- Up-to-date symlink: /home/lee/workspace/ros2_ex_mav/install/px4_msgs/include/px4_msgs/px4_msgs/msg/detail/sensor_gyro__struct.hpp\n'}
[0.449953] (px4_msgs) StdoutLine: {'line': b'-- Up-to-date symlink: /home/lee/workspace/ros2_ex_mav/install/px4_msgs/include/px4_msgs/px4_msgs/msg/detail/sensor_gyro__traits.hpp\n'}
[0.449985] (px4_msgs) StdoutLine: {'line': b'-- Up-to-date symlink: /home/lee/workspace/ros2_ex_mav/install/px4_msgs/include/px4_msgs/px4_msgs/msg/detail/sensor_gyro__type_support.hpp\n'}
[0.450016] (px4_msgs) StdoutLine: {'line': b'-- Up-to-date symlink: /home/lee/workspace/ros2_ex_mav/install/px4_msgs/include/px4_msgs/px4_msgs/msg/detail/sensor_gyro_fft__builder.hpp\n'}
[0.450048] (px4_msgs) StdoutLine: {'line': b'-- Up-to-date symlink: /home/lee/workspace/ros2_ex_mav/install/px4_msgs/include/px4_msgs/px4_msgs/msg/detail/sensor_gyro_fft__struct.hpp\n'}
[0.450082] (px4_msgs) StdoutLine: {'line': b'-- Up-to-date symlink: /home/lee/workspace/ros2_ex_mav/install/px4_msgs/include/px4_msgs/px4_msgs/msg/detail/sensor_gyro_fft__traits.hpp\n'}
[0.450113] (px4_msgs) StdoutLine: {'line': b'-- Up-to-date symlink: /home/lee/workspace/ros2_ex_mav/install/px4_msgs/include/px4_msgs/px4_msgs/msg/detail/sensor_gyro_fft__type_support.hpp\n'}
[0.450145] (px4_msgs) StdoutLine: {'line': b'-- Up-to-date symlink: /home/lee/workspace/ros2_ex_mav/install/px4_msgs/include/px4_msgs/px4_msgs/msg/detail/sensor_gyro_fifo__builder.hpp\n'}
[0.450180] (px4_msgs) StdoutLine: {'line': b'-- Up-to-date symlink: /home/lee/workspace/ros2_ex_mav/install/px4_msgs/include/px4_msgs/px4_msgs/msg/detail/sensor_gyro_fifo__struct.hpp\n'}
[0.450213] (px4_msgs) StdoutLine: {'line': b'-- Up-to-date symlink: /home/lee/workspace/ros2_ex_mav/install/px4_msgs/include/px4_msgs/px4_msgs/msg/detail/sensor_gyro_fifo__traits.hpp\n'}
[0.450246] (px4_msgs) StdoutLine: {'line': b'-- Up-to-date symlink: /home/lee/workspace/ros2_ex_mav/install/px4_msgs/include/px4_msgs/px4_msgs/msg/detail/sensor_gyro_fifo__type_support.hpp\n'}
[0.450280] (px4_msgs) StdoutLine: {'line': b'-- Up-to-date symlink: /home/lee/workspace/ros2_ex_mav/install/px4_msgs/include/px4_msgs/px4_msgs/msg/detail/sensor_hygrometer__builder.hpp\n'}
[0.450312] (px4_msgs) StdoutLine: {'line': b'-- Up-to-date symlink: /home/lee/workspace/ros2_ex_mav/install/px4_msgs/include/px4_msgs/px4_msgs/msg/detail/sensor_hygrometer__struct.hpp\n'}
[0.450344] (px4_msgs) StdoutLine: {'line': b'-- Up-to-date symlink: /home/lee/workspace/ros2_ex_mav/install/px4_msgs/include/px4_msgs/px4_msgs/msg/detail/sensor_hygrometer__traits.hpp\n'}
[0.450376] (px4_msgs) StdoutLine: {'line': b'-- Up-to-date symlink: /home/lee/workspace/ros2_ex_mav/install/px4_msgs/include/px4_msgs/px4_msgs/msg/detail/sensor_hygrometer__type_support.hpp\n'}
[0.450410] (px4_msgs) StdoutLine: {'line': b'-- Up-to-date symlink: /home/lee/workspace/ros2_ex_mav/install/px4_msgs/include/px4_msgs/px4_msgs/msg/detail/sensor_mag__builder.hpp\n'}
[0.450442] (px4_msgs) StdoutLine: {'line': b'-- Up-to-date symlink: /home/lee/workspace/ros2_ex_mav/install/px4_msgs/include/px4_msgs/px4_msgs/msg/detail/sensor_mag__struct.hpp\n'}
[0.450474] (px4_msgs) StdoutLine: {'line': b'-- Up-to-date symlink: /home/lee/workspace/ros2_ex_mav/install/px4_msgs/include/px4_msgs/px4_msgs/msg/detail/sensor_mag__traits.hpp\n'}
[0.450507] (px4_msgs) StdoutLine: {'line': b'-- Up-to-date symlink: /home/lee/workspace/ros2_ex_mav/install/px4_msgs/include/px4_msgs/px4_msgs/msg/detail/sensor_mag__type_support.hpp\n'}
[0.450539] (px4_msgs) StdoutLine: {'line': b'-- Up-to-date symlink: /home/lee/workspace/ros2_ex_mav/install/px4_msgs/include/px4_msgs/px4_msgs/msg/detail/sensor_optical_flow__builder.hpp\n'}
[0.450571] (px4_msgs) StdoutLine: {'line': b'-- Up-to-date symlink: /home/lee/workspace/ros2_ex_mav/install/px4_msgs/include/px4_msgs/px4_msgs/msg/detail/sensor_optical_flow__struct.hpp\n'}
[0.450604] (px4_msgs) StdoutLine: {'line': b'-- Up-to-date symlink: /home/lee/workspace/ros2_ex_mav/install/px4_msgs/include/px4_msgs/px4_msgs/msg/detail/sensor_optical_flow__traits.hpp\n'}
[0.450636] (px4_msgs) StdoutLine: {'line': b'-- Up-to-date symlink: /home/lee/workspace/ros2_ex_mav/install/px4_msgs/include/px4_msgs/px4_msgs/msg/detail/sensor_optical_flow__type_support.hpp\n'}
[0.450669] (px4_msgs) StdoutLine: {'line': b'-- Up-to-date symlink: /home/lee/workspace/ros2_ex_mav/install/px4_msgs/include/px4_msgs/px4_msgs/msg/detail/sensor_preflight_mag__builder.hpp\n'}
[0.450702] (px4_msgs) StdoutLine: {'line': b'-- Up-to-date symlink: /home/lee/workspace/ros2_ex_mav/install/px4_msgs/include/px4_msgs/px4_msgs/msg/detail/sensor_preflight_mag__struct.hpp\n'}
[0.450735] (px4_msgs) StdoutLine: {'line': b'-- Up-to-date symlink: /home/lee/workspace/ros2_ex_mav/install/px4_msgs/include/px4_msgs/px4_msgs/msg/detail/sensor_preflight_mag__traits.hpp\n'}
[0.450767] (px4_msgs) StdoutLine: {'line': b'-- Up-to-date symlink: /home/lee/workspace/ros2_ex_mav/install/px4_msgs/include/px4_msgs/px4_msgs/msg/detail/sensor_preflight_mag__type_support.hpp\n'}
[0.450800] (px4_msgs) StdoutLine: {'line': b'-- Up-to-date symlink: /home/lee/workspace/ros2_ex_mav/install/px4_msgs/include/px4_msgs/px4_msgs/msg/detail/sensor_selection__builder.hpp\n'}
[0.450834] (px4_msgs) StdoutLine: {'line': b'-- Up-to-date symlink: /home/lee/workspace/ros2_ex_mav/install/px4_msgs/include/px4_msgs/px4_msgs/msg/detail/sensor_selection__struct.hpp\n'}
[0.450866] (px4_msgs) StdoutLine: {'line': b'-- Up-to-date symlink: /home/lee/workspace/ros2_ex_mav/install/px4_msgs/include/px4_msgs/px4_msgs/msg/detail/sensor_selection__traits.hpp\n'}
[0.450899] (px4_msgs) StdoutLine: {'line': b'-- Up-to-date symlink: /home/lee/workspace/ros2_ex_mav/install/px4_msgs/include/px4_msgs/px4_msgs/msg/detail/sensor_selection__type_support.hpp\n'}
[0.450934] (px4_msgs) StdoutLine: {'line': b'-- Up-to-date symlink: /home/lee/workspace/ros2_ex_mav/install/px4_msgs/include/px4_msgs/px4_msgs/msg/detail/sensor_uwb__builder.hpp\n'}
[0.450968] (px4_msgs) StdoutLine: {'line': b'-- Up-to-date symlink: /home/lee/workspace/ros2_ex_mav/install/px4_msgs/include/px4_msgs/px4_msgs/msg/detail/sensor_uwb__struct.hpp\n'}
[0.451002] (px4_msgs) StdoutLine: {'line': b'-- Up-to-date symlink: /home/lee/workspace/ros2_ex_mav/install/px4_msgs/include/px4_msgs/px4_msgs/msg/detail/sensor_uwb__traits.hpp\n'}
[0.451035] (px4_msgs) StdoutLine: {'line': b'-- Up-to-date symlink: /home/lee/workspace/ros2_ex_mav/install/px4_msgs/include/px4_msgs/px4_msgs/msg/detail/sensor_uwb__type_support.hpp\n'}
[0.451225] (px4_msgs) StdoutLine: {'line': b'-- Up-to-date symlink: /home/lee/workspace/ros2_ex_mav/install/px4_msgs/include/px4_msgs/px4_msgs/msg/detail/sensors_status__builder.hpp\n'}
[0.451248] (px4_msgs) StdoutLine: {'line': b'-- Up-to-date symlink: /home/lee/workspace/ros2_ex_mav/install/px4_msgs/include/px4_msgs/px4_msgs/msg/detail/sensors_status__struct.hpp\n'}
[0.451269] (px4_msgs) StdoutLine: {'line': b'-- Up-to-date symlink: /home/lee/workspace/ros2_ex_mav/install/px4_msgs/include/px4_msgs/px4_msgs/msg/detail/sensors_status__traits.hpp\n'}
[0.451299] (px4_msgs) StdoutLine: {'line': b'-- Up-to-date symlink: /home/lee/workspace/ros2_ex_mav/install/px4_msgs/include/px4_msgs/px4_msgs/msg/detail/sensors_status__type_support.hpp\n'}
[0.451320] (px4_msgs) StdoutLine: {'line': b'-- Up-to-date symlink: /home/lee/workspace/ros2_ex_mav/install/px4_msgs/include/px4_msgs/px4_msgs/msg/detail/sensors_status_imu__builder.hpp\n'}
[0.451339] (px4_msgs) StdoutLine: {'line': b'-- Up-to-date symlink: /home/lee/workspace/ros2_ex_mav/install/px4_msgs/include/px4_msgs/px4_msgs/msg/detail/sensors_status_imu__struct.hpp\n'}
[0.451359] (px4_msgs) StdoutLine: {'line': b'-- Up-to-date symlink: /home/lee/workspace/ros2_ex_mav/install/px4_msgs/include/px4_msgs/px4_msgs/msg/detail/sensors_status_imu__traits.hpp\n'}
[0.451391] (px4_msgs) StdoutLine: {'line': b'-- Up-to-date symlink: /home/lee/workspace/ros2_ex_mav/install/px4_msgs/include/px4_msgs/px4_msgs/msg/detail/sensors_status_imu__type_support.hpp\n'}
[0.451412] (px4_msgs) StdoutLine: {'line': b'-- Up-to-date symlink: /home/lee/workspace/ros2_ex_mav/install/px4_msgs/include/px4_msgs/px4_msgs/msg/detail/system_power__builder.hpp\n'}
[0.451433] (px4_msgs) StdoutLine: {'line': b'-- Up-to-date symlink: /home/lee/workspace/ros2_ex_mav/install/px4_msgs/include/px4_msgs/px4_msgs/msg/detail/system_power__struct.hpp\n'}
[0.451465] (px4_msgs) StdoutLine: {'line': b'-- Up-to-date symlink: /home/lee/workspace/ros2_ex_mav/install/px4_msgs/include/px4_msgs/px4_msgs/msg/detail/system_power__traits.hpp\n'}
[0.451485] (px4_msgs) StdoutLine: {'line': b'-- Up-to-date symlink: /home/lee/workspace/ros2_ex_mav/install/px4_msgs/include/px4_msgs/px4_msgs/msg/detail/system_power__type_support.hpp\n'}
[0.451503] (px4_msgs) StdoutLine: {'line': b'-- Up-to-date symlink: /home/lee/workspace/ros2_ex_mav/install/px4_msgs/include/px4_msgs/px4_msgs/msg/detail/takeoff_status__builder.hpp\n'}
[0.451534] (px4_msgs) StdoutLine: {'line': b'-- Up-to-date symlink: /home/lee/workspace/ros2_ex_mav/install/px4_msgs/include/px4_msgs/px4_msgs/msg/detail/takeoff_status__struct.hpp\n'}
[0.451553] (px4_msgs) StdoutLine: {'line': b'-- Up-to-date symlink: /home/lee/workspace/ros2_ex_mav/install/px4_msgs/include/px4_msgs/px4_msgs/msg/detail/takeoff_status__traits.hpp\n'}
[0.451581] (px4_msgs) StdoutLine: {'line': b'-- Up-to-date symlink: /home/lee/workspace/ros2_ex_mav/install/px4_msgs/include/px4_msgs/px4_msgs/msg/detail/takeoff_status__type_support.hpp\n'}
[0.451610] (px4_msgs) StdoutLine: {'line': b'-- Up-to-date symlink: /home/lee/workspace/ros2_ex_mav/install/px4_msgs/include/px4_msgs/px4_msgs/msg/detail/task_stack_info__builder.hpp\n'}
[0.451636] (px4_msgs) StdoutLine: {'line': b'-- Up-to-date symlink: /home/lee/workspace/ros2_ex_mav/install/px4_msgs/include/px4_msgs/px4_msgs/msg/detail/task_stack_info__struct.hpp\n'}
[0.451667] (px4_msgs) StdoutLine: {'line': b'-- Up-to-date symlink: /home/lee/workspace/ros2_ex_mav/install/px4_msgs/include/px4_msgs/px4_msgs/msg/detail/task_stack_info__traits.hpp\n'}
[0.451694] (px4_msgs) StdoutLine: {'line': b'-- Up-to-date symlink: /home/lee/workspace/ros2_ex_mav/install/px4_msgs/include/px4_msgs/px4_msgs/msg/detail/task_stack_info__type_support.hpp\n'}
[0.451723] (px4_msgs) StdoutLine: {'line': b'-- Up-to-date symlink: /home/lee/workspace/ros2_ex_mav/install/px4_msgs/include/px4_msgs/px4_msgs/msg/detail/tecs_status__builder.hpp\n'}
[0.451755] (px4_msgs) StdoutLine: {'line': b'-- Up-to-date symlink: /home/lee/workspace/ros2_ex_mav/install/px4_msgs/include/px4_msgs/px4_msgs/msg/detail/tecs_status__struct.hpp\n'}
[0.451787] (px4_msgs) StdoutLine: {'line': b'-- Up-to-date symlink: /home/lee/workspace/ros2_ex_mav/install/px4_msgs/include/px4_msgs/px4_msgs/msg/detail/tecs_status__traits.hpp\n'}
[0.451818] (px4_msgs) StdoutLine: {'line': b'-- Up-to-date symlink: /home/lee/workspace/ros2_ex_mav/install/px4_msgs/include/px4_msgs/px4_msgs/msg/detail/tecs_status__type_support.hpp\n'}
[0.451850] (px4_msgs) StdoutLine: {'line': b'-- Up-to-date symlink: /home/lee/workspace/ros2_ex_mav/install/px4_msgs/include/px4_msgs/px4_msgs/msg/detail/telemetry_status__builder.hpp\n'}
[0.451882] (px4_msgs) StdoutLine: {'line': b'-- Up-to-date symlink: /home/lee/workspace/ros2_ex_mav/install/px4_msgs/include/px4_msgs/px4_msgs/msg/detail/telemetry_status__struct.hpp\n'}
[0.451914] (px4_msgs) StdoutLine: {'line': b'-- Up-to-date symlink: /home/lee/workspace/ros2_ex_mav/install/px4_msgs/include/px4_msgs/px4_msgs/msg/detail/telemetry_status__traits.hpp\n'}
[0.451946] (px4_msgs) StdoutLine: {'line': b'-- Up-to-date symlink: /home/lee/workspace/ros2_ex_mav/install/px4_msgs/include/px4_msgs/px4_msgs/msg/detail/telemetry_status__type_support.hpp\n'}
[0.451979] (px4_msgs) StdoutLine: {'line': b'-- Up-to-date symlink: /home/lee/workspace/ros2_ex_mav/install/px4_msgs/include/px4_msgs/px4_msgs/msg/detail/tiltrotor_extra_controls__builder.hpp\n'}
[0.452011] (px4_msgs) StdoutLine: {'line': b'-- Up-to-date symlink: /home/lee/workspace/ros2_ex_mav/install/px4_msgs/include/px4_msgs/px4_msgs/msg/detail/tiltrotor_extra_controls__struct.hpp\n'}
[0.452043] (px4_msgs) StdoutLine: {'line': b'-- Up-to-date symlink: /home/lee/workspace/ros2_ex_mav/install/px4_msgs/include/px4_msgs/px4_msgs/msg/detail/tiltrotor_extra_controls__traits.hpp\n'}
[0.452077] (px4_msgs) StdoutLine: {'line': b'-- Up-to-date symlink: /home/lee/workspace/ros2_ex_mav/install/px4_msgs/include/px4_msgs/px4_msgs/msg/detail/tiltrotor_extra_controls__type_support.hpp\n'}
[0.452110] (px4_msgs) StdoutLine: {'line': b'-- Up-to-date symlink: /home/lee/workspace/ros2_ex_mav/install/px4_msgs/include/px4_msgs/px4_msgs/msg/detail/timesync_status__builder.hpp\n'}
[0.452142] (px4_msgs) StdoutLine: {'line': b'-- Up-to-date symlink: /home/lee/workspace/ros2_ex_mav/install/px4_msgs/include/px4_msgs/px4_msgs/msg/detail/timesync_status__struct.hpp\n'}
[0.452175] (px4_msgs) StdoutLine: {'line': b'-- Up-to-date symlink: /home/lee/workspace/ros2_ex_mav/install/px4_msgs/include/px4_msgs/px4_msgs/msg/detail/timesync_status__traits.hpp\n'}
[0.452207] (px4_msgs) StdoutLine: {'line': b'-- Up-to-date symlink: /home/lee/workspace/ros2_ex_mav/install/px4_msgs/include/px4_msgs/px4_msgs/msg/detail/timesync_status__type_support.hpp\n'}
[0.452239] (px4_msgs) StdoutLine: {'line': b'-- Up-to-date symlink: /home/lee/workspace/ros2_ex_mav/install/px4_msgs/include/px4_msgs/px4_msgs/msg/detail/trajectory_bezier__builder.hpp\n'}
[0.452270] (px4_msgs) StdoutLine: {'line': b'-- Up-to-date symlink: /home/lee/workspace/ros2_ex_mav/install/px4_msgs/include/px4_msgs/px4_msgs/msg/detail/trajectory_bezier__struct.hpp\n'}
[0.452301] (px4_msgs) StdoutLine: {'line': b'-- Up-to-date symlink: /home/lee/workspace/ros2_ex_mav/install/px4_msgs/include/px4_msgs/px4_msgs/msg/detail/trajectory_bezier__traits.hpp\n'}
[0.452334] (px4_msgs) StdoutLine: {'line': b'-- Up-to-date symlink: /home/lee/workspace/ros2_ex_mav/install/px4_msgs/include/px4_msgs/px4_msgs/msg/detail/trajectory_bezier__type_support.hpp\n'}
[0.452367] (px4_msgs) StdoutLine: {'line': b'-- Up-to-date symlink: /home/lee/workspace/ros2_ex_mav/install/px4_msgs/include/px4_msgs/px4_msgs/msg/detail/trajectory_setpoint__builder.hpp\n'}
[0.452399] (px4_msgs) StdoutLine: {'line': b'-- Up-to-date symlink: /home/lee/workspace/ros2_ex_mav/install/px4_msgs/include/px4_msgs/px4_msgs/msg/detail/trajectory_setpoint__struct.hpp\n'}
[0.452430] (px4_msgs) StdoutLine: {'line': b'-- Up-to-date symlink: /home/lee/workspace/ros2_ex_mav/install/px4_msgs/include/px4_msgs/px4_msgs/msg/detail/trajectory_setpoint__traits.hpp\n'}
[0.452463] (px4_msgs) StdoutLine: {'line': b'-- Up-to-date symlink: /home/lee/workspace/ros2_ex_mav/install/px4_msgs/include/px4_msgs/px4_msgs/msg/detail/trajectory_setpoint__type_support.hpp\n'}
[0.452497] (px4_msgs) StdoutLine: {'line': b'-- Up-to-date symlink: /home/lee/workspace/ros2_ex_mav/install/px4_msgs/include/px4_msgs/px4_msgs/msg/detail/trajectory_waypoint__builder.hpp\n'}
[0.452528] (px4_msgs) StdoutLine: {'line': b'-- Up-to-date symlink: /home/lee/workspace/ros2_ex_mav/install/px4_msgs/include/px4_msgs/px4_msgs/msg/detail/trajectory_waypoint__struct.hpp\n'}
[0.452560] (px4_msgs) StdoutLine: {'line': b'-- Up-to-date symlink: /home/lee/workspace/ros2_ex_mav/install/px4_msgs/include/px4_msgs/px4_msgs/msg/detail/trajectory_waypoint__traits.hpp\n'}
[0.452593] (px4_msgs) StdoutLine: {'line': b'-- Up-to-date symlink: /home/lee/workspace/ros2_ex_mav/install/px4_msgs/include/px4_msgs/px4_msgs/msg/detail/trajectory_waypoint__type_support.hpp\n'}
[0.452625] (px4_msgs) StdoutLine: {'line': b'-- Up-to-date symlink: /home/lee/workspace/ros2_ex_mav/install/px4_msgs/include/px4_msgs/px4_msgs/msg/detail/transponder_report__builder.hpp\n'}
[0.452657] (px4_msgs) StdoutLine: {'line': b'-- Up-to-date symlink: /home/lee/workspace/ros2_ex_mav/install/px4_msgs/include/px4_msgs/px4_msgs/msg/detail/transponder_report__struct.hpp\n'}
[0.452689] (px4_msgs) StdoutLine: {'line': b'-- Up-to-date symlink: /home/lee/workspace/ros2_ex_mav/install/px4_msgs/include/px4_msgs/px4_msgs/msg/detail/transponder_report__traits.hpp\n'}
[0.452722] (px4_msgs) StdoutLine: {'line': b'-- Up-to-date symlink: /home/lee/workspace/ros2_ex_mav/install/px4_msgs/include/px4_msgs/px4_msgs/msg/detail/transponder_report__type_support.hpp\n'}
[0.452755] (px4_msgs) StdoutLine: {'line': b'-- Up-to-date symlink: /home/lee/workspace/ros2_ex_mav/install/px4_msgs/include/px4_msgs/px4_msgs/msg/detail/tune_control__builder.hpp\n'}
[0.452788] (px4_msgs) StdoutLine: {'line': b'-- Up-to-date symlink: /home/lee/workspace/ros2_ex_mav/install/px4_msgs/include/px4_msgs/px4_msgs/msg/detail/tune_control__struct.hpp\n'}
[0.452820] (px4_msgs) StdoutLine: {'line': b'-- Up-to-date symlink: /home/lee/workspace/ros2_ex_mav/install/px4_msgs/include/px4_msgs/px4_msgs/msg/detail/tune_control__traits.hpp\n'}
[0.452852] (px4_msgs) StdoutLine: {'line': b'-- Up-to-date symlink: /home/lee/workspace/ros2_ex_mav/install/px4_msgs/include/px4_msgs/px4_msgs/msg/detail/tune_control__type_support.hpp\n'}
[0.452884] (px4_msgs) StdoutLine: {'line': b'-- Up-to-date symlink: /home/lee/workspace/ros2_ex_mav/install/px4_msgs/include/px4_msgs/px4_msgs/msg/detail/uavcan_parameter_request__builder.hpp\n'}
[0.452916] (px4_msgs) StdoutLine: {'line': b'-- Up-to-date symlink: /home/lee/workspace/ros2_ex_mav/install/px4_msgs/include/px4_msgs/px4_msgs/msg/detail/uavcan_parameter_request__struct.hpp\n'}
[0.452948] (px4_msgs) StdoutLine: {'line': b'-- Up-to-date symlink: /home/lee/workspace/ros2_ex_mav/install/px4_msgs/include/px4_msgs/px4_msgs/msg/detail/uavcan_parameter_request__traits.hpp\n'}
[0.452982] (px4_msgs) StdoutLine: {'line': b'-- Up-to-date symlink: /home/lee/workspace/ros2_ex_mav/install/px4_msgs/include/px4_msgs/px4_msgs/msg/detail/uavcan_parameter_request__type_support.hpp\n'}
[0.453014] (px4_msgs) StdoutLine: {'line': b'-- Up-to-date symlink: /home/lee/workspace/ros2_ex_mav/install/px4_msgs/include/px4_msgs/px4_msgs/msg/detail/uavcan_parameter_value__builder.hpp\n'}
[0.453049] (px4_msgs) StdoutLine: {'line': b'-- Up-to-date symlink: /home/lee/workspace/ros2_ex_mav/install/px4_msgs/include/px4_msgs/px4_msgs/msg/detail/uavcan_parameter_value__struct.hpp\n'}
[0.453080] (px4_msgs) StdoutLine: {'line': b'-- Up-to-date symlink: /home/lee/workspace/ros2_ex_mav/install/px4_msgs/include/px4_msgs/px4_msgs/msg/detail/uavcan_parameter_value__traits.hpp\n'}
[0.453113] (px4_msgs) StdoutLine: {'line': b'-- Up-to-date symlink: /home/lee/workspace/ros2_ex_mav/install/px4_msgs/include/px4_msgs/px4_msgs/msg/detail/uavcan_parameter_value__type_support.hpp\n'}
[0.453144] (px4_msgs) StdoutLine: {'line': b'-- Up-to-date symlink: /home/lee/workspace/ros2_ex_mav/install/px4_msgs/include/px4_msgs/px4_msgs/msg/detail/ulog_stream__builder.hpp\n'}
[0.453179] (px4_msgs) StdoutLine: {'line': b'-- Up-to-date symlink: /home/lee/workspace/ros2_ex_mav/install/px4_msgs/include/px4_msgs/px4_msgs/msg/detail/ulog_stream__struct.hpp\n'}
[0.453212] (px4_msgs) StdoutLine: {'line': b'-- Up-to-date symlink: /home/lee/workspace/ros2_ex_mav/install/px4_msgs/include/px4_msgs/px4_msgs/msg/detail/ulog_stream__traits.hpp\n'}
[0.453243] (px4_msgs) StdoutLine: {'line': b'-- Up-to-date symlink: /home/lee/workspace/ros2_ex_mav/install/px4_msgs/include/px4_msgs/px4_msgs/msg/detail/ulog_stream__type_support.hpp\n'}
[0.453275] (px4_msgs) StdoutLine: {'line': b'-- Up-to-date symlink: /home/lee/workspace/ros2_ex_mav/install/px4_msgs/include/px4_msgs/px4_msgs/msg/detail/ulog_stream_ack__builder.hpp\n'}
[0.453307] (px4_msgs) StdoutLine: {'line': b'-- Up-to-date symlink: /home/lee/workspace/ros2_ex_mav/install/px4_msgs/include/px4_msgs/px4_msgs/msg/detail/ulog_stream_ack__struct.hpp\n'}
[0.453339] (px4_msgs) StdoutLine: {'line': b'-- Up-to-date symlink: /home/lee/workspace/ros2_ex_mav/install/px4_msgs/include/px4_msgs/px4_msgs/msg/detail/ulog_stream_ack__traits.hpp\n'}
[0.453373] (px4_msgs) StdoutLine: {'line': b'-- Up-to-date symlink: /home/lee/workspace/ros2_ex_mav/install/px4_msgs/include/px4_msgs/px4_msgs/msg/detail/ulog_stream_ack__type_support.hpp\n'}
[0.453405] (px4_msgs) StdoutLine: {'line': b'-- Up-to-date symlink: /home/lee/workspace/ros2_ex_mav/install/px4_msgs/include/px4_msgs/px4_msgs/msg/detail/vehicle_acceleration__builder.hpp\n'}
[0.453437] (px4_msgs) StdoutLine: {'line': b'-- Up-to-date symlink: /home/lee/workspace/ros2_ex_mav/install/px4_msgs/include/px4_msgs/px4_msgs/msg/detail/vehicle_acceleration__struct.hpp\n'}
[0.453470] (px4_msgs) StdoutLine: {'line': b'-- Up-to-date symlink: /home/lee/workspace/ros2_ex_mav/install/px4_msgs/include/px4_msgs/px4_msgs/msg/detail/vehicle_acceleration__traits.hpp\n'}
[0.453503] (px4_msgs) StdoutLine: {'line': b'-- Up-to-date symlink: /home/lee/workspace/ros2_ex_mav/install/px4_msgs/include/px4_msgs/px4_msgs/msg/detail/vehicle_acceleration__type_support.hpp\n'}
[0.453536] (px4_msgs) StdoutLine: {'line': b'-- Up-to-date symlink: /home/lee/workspace/ros2_ex_mav/install/px4_msgs/include/px4_msgs/px4_msgs/msg/detail/vehicle_air_data__builder.hpp\n'}
[0.453569] (px4_msgs) StdoutLine: {'line': b'-- Up-to-date symlink: /home/lee/workspace/ros2_ex_mav/install/px4_msgs/include/px4_msgs/px4_msgs/msg/detail/vehicle_air_data__struct.hpp\n'}
[0.453601] (px4_msgs) StdoutLine: {'line': b'-- Up-to-date symlink: /home/lee/workspace/ros2_ex_mav/install/px4_msgs/include/px4_msgs/px4_msgs/msg/detail/vehicle_air_data__traits.hpp\n'}
[0.453634] (px4_msgs) StdoutLine: {'line': b'-- Up-to-date symlink: /home/lee/workspace/ros2_ex_mav/install/px4_msgs/include/px4_msgs/px4_msgs/msg/detail/vehicle_air_data__type_support.hpp\n'}
[0.453669] (px4_msgs) StdoutLine: {'line': b'-- Up-to-date symlink: /home/lee/workspace/ros2_ex_mav/install/px4_msgs/include/px4_msgs/px4_msgs/msg/detail/vehicle_angular_acceleration_setpoint__builder.hpp\n'}
[0.453703] (px4_msgs) StdoutLine: {'line': b'-- Up-to-date symlink: /home/lee/workspace/ros2_ex_mav/install/px4_msgs/include/px4_msgs/px4_msgs/msg/detail/vehicle_angular_acceleration_setpoint__struct.hpp\n'}
[0.453735] (px4_msgs) StdoutLine: {'line': b'-- Up-to-date symlink: /home/lee/workspace/ros2_ex_mav/install/px4_msgs/include/px4_msgs/px4_msgs/msg/detail/vehicle_angular_acceleration_setpoint__traits.hpp\n'}
[0.453768] (px4_msgs) StdoutLine: {'line': b'-- Up-to-date symlink: /home/lee/workspace/ros2_ex_mav/install/px4_msgs/include/px4_msgs/px4_msgs/msg/detail/vehicle_angular_acceleration_setpoint__type_support.hpp\n'}
[0.453802] (px4_msgs) StdoutLine: {'line': b'-- Up-to-date symlink: /home/lee/workspace/ros2_ex_mav/install/px4_msgs/include/px4_msgs/px4_msgs/msg/detail/vehicle_angular_velocity__builder.hpp\n'}
[0.453836] (px4_msgs) StdoutLine: {'line': b'-- Up-to-date symlink: /home/lee/workspace/ros2_ex_mav/install/px4_msgs/include/px4_msgs/px4_msgs/msg/detail/vehicle_angular_velocity__struct.hpp\n'}
[0.453871] (px4_msgs) StdoutLine: {'line': b'-- Up-to-date symlink: /home/lee/workspace/ros2_ex_mav/install/px4_msgs/include/px4_msgs/px4_msgs/msg/detail/vehicle_angular_velocity__traits.hpp\n'}
[0.453904] (px4_msgs) StdoutLine: {'line': b'-- Up-to-date symlink: /home/lee/workspace/ros2_ex_mav/install/px4_msgs/include/px4_msgs/px4_msgs/msg/detail/vehicle_angular_velocity__type_support.hpp\n'}
[0.453936] (px4_msgs) StdoutLine: {'line': b'-- Up-to-date symlink: /home/lee/workspace/ros2_ex_mav/install/px4_msgs/include/px4_msgs/px4_msgs/msg/detail/vehicle_attitude__builder.hpp\n'}
[0.453969] (px4_msgs) StdoutLine: {'line': b'-- Up-to-date symlink: /home/lee/workspace/ros2_ex_mav/install/px4_msgs/include/px4_msgs/px4_msgs/msg/detail/vehicle_attitude__struct.hpp\n'}
[0.454000] (px4_msgs) StdoutLine: {'line': b'-- Up-to-date symlink: /home/lee/workspace/ros2_ex_mav/install/px4_msgs/include/px4_msgs/px4_msgs/msg/detail/vehicle_attitude__traits.hpp\n'}
[0.454032] (px4_msgs) StdoutLine: {'line': b'-- Up-to-date symlink: /home/lee/workspace/ros2_ex_mav/install/px4_msgs/include/px4_msgs/px4_msgs/msg/detail/vehicle_attitude__type_support.hpp\n'}
[0.454064] (px4_msgs) StdoutLine: {'line': b'-- Up-to-date symlink: /home/lee/workspace/ros2_ex_mav/install/px4_msgs/include/px4_msgs/px4_msgs/msg/detail/vehicle_attitude_setpoint__builder.hpp\n'}
[0.454096] (px4_msgs) StdoutLine: {'line': b'-- Up-to-date symlink: /home/lee/workspace/ros2_ex_mav/install/px4_msgs/include/px4_msgs/px4_msgs/msg/detail/vehicle_attitude_setpoint__struct.hpp\n'}
[0.454129] (px4_msgs) StdoutLine: {'line': b'-- Up-to-date symlink: /home/lee/workspace/ros2_ex_mav/install/px4_msgs/include/px4_msgs/px4_msgs/msg/detail/vehicle_attitude_setpoint__traits.hpp\n'}
[0.454162] (px4_msgs) StdoutLine: {'line': b'-- Up-to-date symlink: /home/lee/workspace/ros2_ex_mav/install/px4_msgs/include/px4_msgs/px4_msgs/msg/detail/vehicle_attitude_setpoint__type_support.hpp\n'}
[0.454197] (px4_msgs) StdoutLine: {'line': b'-- Up-to-date symlink: /home/lee/workspace/ros2_ex_mav/install/px4_msgs/include/px4_msgs/px4_msgs/msg/detail/vehicle_command__builder.hpp\n'}
[0.454229] (px4_msgs) StdoutLine: {'line': b'-- Up-to-date symlink: /home/lee/workspace/ros2_ex_mav/install/px4_msgs/include/px4_msgs/px4_msgs/msg/detail/vehicle_command__struct.hpp\n'}
[0.454261] (px4_msgs) StdoutLine: {'line': b'-- Up-to-date symlink: /home/lee/workspace/ros2_ex_mav/install/px4_msgs/include/px4_msgs/px4_msgs/msg/detail/vehicle_command__traits.hpp\n'}
[0.454293] (px4_msgs) StdoutLine: {'line': b'-- Up-to-date symlink: /home/lee/workspace/ros2_ex_mav/install/px4_msgs/include/px4_msgs/px4_msgs/msg/detail/vehicle_command__type_support.hpp\n'}
[0.454324] (px4_msgs) StdoutLine: {'line': b'-- Up-to-date symlink: /home/lee/workspace/ros2_ex_mav/install/px4_msgs/include/px4_msgs/px4_msgs/msg/detail/vehicle_command_ack__builder.hpp\n'}
[0.454356] (px4_msgs) StdoutLine: {'line': b'-- Up-to-date symlink: /home/lee/workspace/ros2_ex_mav/install/px4_msgs/include/px4_msgs/px4_msgs/msg/detail/vehicle_command_ack__struct.hpp\n'}
[0.454388] (px4_msgs) StdoutLine: {'line': b'-- Up-to-date symlink: /home/lee/workspace/ros2_ex_mav/install/px4_msgs/include/px4_msgs/px4_msgs/msg/detail/vehicle_command_ack__traits.hpp\n'}
[0.454420] (px4_msgs) StdoutLine: {'line': b'-- Up-to-date symlink: /home/lee/workspace/ros2_ex_mav/install/px4_msgs/include/px4_msgs/px4_msgs/msg/detail/vehicle_command_ack__type_support.hpp\n'}
[0.454452] (px4_msgs) StdoutLine: {'line': b'-- Up-to-date symlink: /home/lee/workspace/ros2_ex_mav/install/px4_msgs/include/px4_msgs/px4_msgs/msg/detail/vehicle_constraints__builder.hpp\n'}
[0.454484] (px4_msgs) StdoutLine: {'line': b'-- Up-to-date symlink: /home/lee/workspace/ros2_ex_mav/install/px4_msgs/include/px4_msgs/px4_msgs/msg/detail/vehicle_constraints__struct.hpp\n'}
[0.454516] (px4_msgs) StdoutLine: {'line': b'-- Up-to-date symlink: /home/lee/workspace/ros2_ex_mav/install/px4_msgs/include/px4_msgs/px4_msgs/msg/detail/vehicle_constraints__traits.hpp\n'}
[0.454550] (px4_msgs) StdoutLine: {'line': b'-- Up-to-date symlink: /home/lee/workspace/ros2_ex_mav/install/px4_msgs/include/px4_msgs/px4_msgs/msg/detail/vehicle_constraints__type_support.hpp\n'}
[0.454581] (px4_msgs) StdoutLine: {'line': b'-- Up-to-date symlink: /home/lee/workspace/ros2_ex_mav/install/px4_msgs/include/px4_msgs/px4_msgs/msg/detail/vehicle_control_mode__builder.hpp\n'}
[0.454612] (px4_msgs) StdoutLine: {'line': b'-- Up-to-date symlink: /home/lee/workspace/ros2_ex_mav/install/px4_msgs/include/px4_msgs/px4_msgs/msg/detail/vehicle_control_mode__struct.hpp\n'}
[0.454643] (px4_msgs) StdoutLine: {'line': b'-- Up-to-date symlink: /home/lee/workspace/ros2_ex_mav/install/px4_msgs/include/px4_msgs/px4_msgs/msg/detail/vehicle_control_mode__traits.hpp\n'}
[0.454675] (px4_msgs) StdoutLine: {'line': b'-- Up-to-date symlink: /home/lee/workspace/ros2_ex_mav/install/px4_msgs/include/px4_msgs/px4_msgs/msg/detail/vehicle_control_mode__type_support.hpp\n'}
[0.454708] (px4_msgs) StdoutLine: {'line': b'-- Up-to-date symlink: /home/lee/workspace/ros2_ex_mav/install/px4_msgs/include/px4_msgs/px4_msgs/msg/detail/vehicle_global_position__builder.hpp\n'}
[0.454740] (px4_msgs) StdoutLine: {'line': b'-- Up-to-date symlink: /home/lee/workspace/ros2_ex_mav/install/px4_msgs/include/px4_msgs/px4_msgs/msg/detail/vehicle_global_position__struct.hpp\n'}
[0.454777] (px4_msgs) StdoutLine: {'line': b'-- Up-to-date symlink: /home/lee/workspace/ros2_ex_mav/install/px4_msgs/include/px4_msgs/px4_msgs/msg/detail/vehicle_global_position__traits.hpp\n'}
[0.454808] (px4_msgs) StdoutLine: {'line': b'-- Up-to-date symlink: /home/lee/workspace/ros2_ex_mav/install/px4_msgs/include/px4_msgs/px4_msgs/msg/detail/vehicle_global_position__type_support.hpp\n'}
[0.454841] (px4_msgs) StdoutLine: {'line': b'-- Up-to-date symlink: /home/lee/workspace/ros2_ex_mav/install/px4_msgs/include/px4_msgs/px4_msgs/msg/detail/vehicle_imu__builder.hpp\n'}
[0.454874] (px4_msgs) StdoutLine: {'line': b'-- Up-to-date symlink: /home/lee/workspace/ros2_ex_mav/install/px4_msgs/include/px4_msgs/px4_msgs/msg/detail/vehicle_imu__struct.hpp\n'}
[0.454905] (px4_msgs) StdoutLine: {'line': b'-- Up-to-date symlink: /home/lee/workspace/ros2_ex_mav/install/px4_msgs/include/px4_msgs/px4_msgs/msg/detail/vehicle_imu__traits.hpp\n'}
[0.454937] (px4_msgs) StdoutLine: {'line': b'-- Up-to-date symlink: /home/lee/workspace/ros2_ex_mav/install/px4_msgs/include/px4_msgs/px4_msgs/msg/detail/vehicle_imu__type_support.hpp\n'}
[0.454968] (px4_msgs) StdoutLine: {'line': b'-- Up-to-date symlink: /home/lee/workspace/ros2_ex_mav/install/px4_msgs/include/px4_msgs/px4_msgs/msg/detail/vehicle_imu_status__builder.hpp\n'}
[0.455000] (px4_msgs) StdoutLine: {'line': b'-- Up-to-date symlink: /home/lee/workspace/ros2_ex_mav/install/px4_msgs/include/px4_msgs/px4_msgs/msg/detail/vehicle_imu_status__struct.hpp\n'}
[0.455031] (px4_msgs) StdoutLine: {'line': b'-- Up-to-date symlink: /home/lee/workspace/ros2_ex_mav/install/px4_msgs/include/px4_msgs/px4_msgs/msg/detail/vehicle_imu_status__traits.hpp\n'}
[0.455063] (px4_msgs) StdoutLine: {'line': b'-- Up-to-date symlink: /home/lee/workspace/ros2_ex_mav/install/px4_msgs/include/px4_msgs/px4_msgs/msg/detail/vehicle_imu_status__type_support.hpp\n'}
[0.455095] (px4_msgs) StdoutLine: {'line': b'-- Up-to-date symlink: /home/lee/workspace/ros2_ex_mav/install/px4_msgs/include/px4_msgs/px4_msgs/msg/detail/vehicle_land_detected__builder.hpp\n'}
[0.455128] (px4_msgs) StdoutLine: {'line': b'-- Up-to-date symlink: /home/lee/workspace/ros2_ex_mav/install/px4_msgs/include/px4_msgs/px4_msgs/msg/detail/vehicle_land_detected__struct.hpp\n'}
[0.455159] (px4_msgs) StdoutLine: {'line': b'-- Up-to-date symlink: /home/lee/workspace/ros2_ex_mav/install/px4_msgs/include/px4_msgs/px4_msgs/msg/detail/vehicle_land_detected__traits.hpp\n'}
[0.455194] (px4_msgs) StdoutLine: {'line': b'-- Up-to-date symlink: /home/lee/workspace/ros2_ex_mav/install/px4_msgs/include/px4_msgs/px4_msgs/msg/detail/vehicle_land_detected__type_support.hpp\n'}
[0.455226] (px4_msgs) StdoutLine: {'line': b'-- Up-to-date symlink: /home/lee/workspace/ros2_ex_mav/install/px4_msgs/include/px4_msgs/px4_msgs/msg/detail/vehicle_local_position__builder.hpp\n'}
[0.455258] (px4_msgs) StdoutLine: {'line': b'-- Up-to-date symlink: /home/lee/workspace/ros2_ex_mav/install/px4_msgs/include/px4_msgs/px4_msgs/msg/detail/vehicle_local_position__struct.hpp\n'}
[0.455292] (px4_msgs) StdoutLine: {'line': b'-- Up-to-date symlink: /home/lee/workspace/ros2_ex_mav/install/px4_msgs/include/px4_msgs/px4_msgs/msg/detail/vehicle_local_position__traits.hpp\n'}
[0.455325] (px4_msgs) StdoutLine: {'line': b'-- Up-to-date symlink: /home/lee/workspace/ros2_ex_mav/install/px4_msgs/include/px4_msgs/px4_msgs/msg/detail/vehicle_local_position__type_support.hpp\n'}
[0.455357] (px4_msgs) StdoutLine: {'line': b'-- Up-to-date symlink: /home/lee/workspace/ros2_ex_mav/install/px4_msgs/include/px4_msgs/px4_msgs/msg/detail/vehicle_local_position_setpoint__builder.hpp\n'}
[0.455390] (px4_msgs) StdoutLine: {'line': b'-- Up-to-date symlink: /home/lee/workspace/ros2_ex_mav/install/px4_msgs/include/px4_msgs/px4_msgs/msg/detail/vehicle_local_position_setpoint__struct.hpp\n'}
[0.455423] (px4_msgs) StdoutLine: {'line': b'-- Up-to-date symlink: /home/lee/workspace/ros2_ex_mav/install/px4_msgs/include/px4_msgs/px4_msgs/msg/detail/vehicle_local_position_setpoint__traits.hpp\n'}
[0.455456] (px4_msgs) StdoutLine: {'line': b'-- Up-to-date symlink: /home/lee/workspace/ros2_ex_mav/install/px4_msgs/include/px4_msgs/px4_msgs/msg/detail/vehicle_local_position_setpoint__type_support.hpp\n'}
[0.455489] (px4_msgs) StdoutLine: {'line': b'-- Up-to-date symlink: /home/lee/workspace/ros2_ex_mav/install/px4_msgs/include/px4_msgs/px4_msgs/msg/detail/vehicle_magnetometer__builder.hpp\n'}
[0.455523] (px4_msgs) StdoutLine: {'line': b'-- Up-to-date symlink: /home/lee/workspace/ros2_ex_mav/install/px4_msgs/include/px4_msgs/px4_msgs/msg/detail/vehicle_magnetometer__struct.hpp\n'}
[0.455554] (px4_msgs) StdoutLine: {'line': b'-- Up-to-date symlink: /home/lee/workspace/ros2_ex_mav/install/px4_msgs/include/px4_msgs/px4_msgs/msg/detail/vehicle_magnetometer__traits.hpp\n'}
[0.455587] (px4_msgs) StdoutLine: {'line': b'-- Up-to-date symlink: /home/lee/workspace/ros2_ex_mav/install/px4_msgs/include/px4_msgs/px4_msgs/msg/detail/vehicle_magnetometer__type_support.hpp\n'}
[0.455621] (px4_msgs) StdoutLine: {'line': b'-- Up-to-date symlink: /home/lee/workspace/ros2_ex_mav/install/px4_msgs/include/px4_msgs/px4_msgs/msg/detail/vehicle_odometry__builder.hpp\n'}
[0.455653] (px4_msgs) StdoutLine: {'line': b'-- Up-to-date symlink: /home/lee/workspace/ros2_ex_mav/install/px4_msgs/include/px4_msgs/px4_msgs/msg/detail/vehicle_odometry__struct.hpp\n'}
[0.455685] (px4_msgs) StdoutLine: {'line': b'-- Up-to-date symlink: /home/lee/workspace/ros2_ex_mav/install/px4_msgs/include/px4_msgs/px4_msgs/msg/detail/vehicle_odometry__traits.hpp\n'}
[0.455717] (px4_msgs) StdoutLine: {'line': b'-- Up-to-date symlink: /home/lee/workspace/ros2_ex_mav/install/px4_msgs/include/px4_msgs/px4_msgs/msg/detail/vehicle_odometry__type_support.hpp\n'}
[0.455749] (px4_msgs) StdoutLine: {'line': b'-- Up-to-date symlink: /home/lee/workspace/ros2_ex_mav/install/px4_msgs/include/px4_msgs/px4_msgs/msg/detail/vehicle_optical_flow__builder.hpp\n'}
[0.455781] (px4_msgs) StdoutLine: {'line': b'-- Up-to-date symlink: /home/lee/workspace/ros2_ex_mav/install/px4_msgs/include/px4_msgs/px4_msgs/msg/detail/vehicle_optical_flow__struct.hpp\n'}
[0.455814] (px4_msgs) StdoutLine: {'line': b'-- Up-to-date symlink: /home/lee/workspace/ros2_ex_mav/install/px4_msgs/include/px4_msgs/px4_msgs/msg/detail/vehicle_optical_flow__traits.hpp\n'}
[0.455847] (px4_msgs) StdoutLine: {'line': b'-- Up-to-date symlink: /home/lee/workspace/ros2_ex_mav/install/px4_msgs/include/px4_msgs/px4_msgs/msg/detail/vehicle_optical_flow__type_support.hpp\n'}
[0.455880] (px4_msgs) StdoutLine: {'line': b'-- Up-to-date symlink: /home/lee/workspace/ros2_ex_mav/install/px4_msgs/include/px4_msgs/px4_msgs/msg/detail/vehicle_optical_flow_vel__builder.hpp\n'}
[0.455911] (px4_msgs) StdoutLine: {'line': b'-- Up-to-date symlink: /home/lee/workspace/ros2_ex_mav/install/px4_msgs/include/px4_msgs/px4_msgs/msg/detail/vehicle_optical_flow_vel__struct.hpp\n'}
[0.455943] (px4_msgs) StdoutLine: {'line': b'-- Up-to-date symlink: /home/lee/workspace/ros2_ex_mav/install/px4_msgs/include/px4_msgs/px4_msgs/msg/detail/vehicle_optical_flow_vel__traits.hpp\n'}
[0.455976] (px4_msgs) StdoutLine: {'line': b'-- Up-to-date symlink: /home/lee/workspace/ros2_ex_mav/install/px4_msgs/include/px4_msgs/px4_msgs/msg/detail/vehicle_optical_flow_vel__type_support.hpp\n'}
[0.456008] (px4_msgs) StdoutLine: {'line': b'-- Up-to-date symlink: /home/lee/workspace/ros2_ex_mav/install/px4_msgs/include/px4_msgs/px4_msgs/msg/detail/vehicle_rates_setpoint__builder.hpp\n'}
[0.456041] (px4_msgs) StdoutLine: {'line': b'-- Up-to-date symlink: /home/lee/workspace/ros2_ex_mav/install/px4_msgs/include/px4_msgs/px4_msgs/msg/detail/vehicle_rates_setpoint__struct.hpp\n'}
[0.456072] (px4_msgs) StdoutLine: {'line': b'-- Up-to-date symlink: /home/lee/workspace/ros2_ex_mav/install/px4_msgs/include/px4_msgs/px4_msgs/msg/detail/vehicle_rates_setpoint__traits.hpp\n'}
[0.456105] (px4_msgs) StdoutLine: {'line': b'-- Up-to-date symlink: /home/lee/workspace/ros2_ex_mav/install/px4_msgs/include/px4_msgs/px4_msgs/msg/detail/vehicle_rates_setpoint__type_support.hpp\n'}
[0.456137] (px4_msgs) StdoutLine: {'line': b'-- Up-to-date symlink: /home/lee/workspace/ros2_ex_mav/install/px4_msgs/include/px4_msgs/px4_msgs/msg/detail/vehicle_roi__builder.hpp\n'}
[0.456172] (px4_msgs) StdoutLine: {'line': b'-- Up-to-date symlink: /home/lee/workspace/ros2_ex_mav/install/px4_msgs/include/px4_msgs/px4_msgs/msg/detail/vehicle_roi__struct.hpp\n'}
[0.456204] (px4_msgs) StdoutLine: {'line': b'-- Up-to-date symlink: /home/lee/workspace/ros2_ex_mav/install/px4_msgs/include/px4_msgs/px4_msgs/msg/detail/vehicle_roi__traits.hpp\n'}
[0.456237] (px4_msgs) StdoutLine: {'line': b'-- Up-to-date symlink: /home/lee/workspace/ros2_ex_mav/install/px4_msgs/include/px4_msgs/px4_msgs/msg/detail/vehicle_roi__type_support.hpp\n'}
[0.456269] (px4_msgs) StdoutLine: {'line': b'-- Up-to-date symlink: /home/lee/workspace/ros2_ex_mav/install/px4_msgs/include/px4_msgs/px4_msgs/msg/detail/vehicle_status__builder.hpp\n'}
[0.456301] (px4_msgs) StdoutLine: {'line': b'-- Up-to-date symlink: /home/lee/workspace/ros2_ex_mav/install/px4_msgs/include/px4_msgs/px4_msgs/msg/detail/vehicle_status__struct.hpp\n'}
[0.456334] (px4_msgs) StdoutLine: {'line': b'-- Up-to-date symlink: /home/lee/workspace/ros2_ex_mav/install/px4_msgs/include/px4_msgs/px4_msgs/msg/detail/vehicle_status__traits.hpp\n'}
[0.456367] (px4_msgs) StdoutLine: {'line': b'-- Up-to-date symlink: /home/lee/workspace/ros2_ex_mav/install/px4_msgs/include/px4_msgs/px4_msgs/msg/detail/vehicle_status__type_support.hpp\n'}
[0.456399] (px4_msgs) StdoutLine: {'line': b'-- Up-to-date symlink: /home/lee/workspace/ros2_ex_mav/install/px4_msgs/include/px4_msgs/px4_msgs/msg/detail/vehicle_thrust_setpoint__builder.hpp\n'}
[0.456432] (px4_msgs) StdoutLine: {'line': b'-- Up-to-date symlink: /home/lee/workspace/ros2_ex_mav/install/px4_msgs/include/px4_msgs/px4_msgs/msg/detail/vehicle_thrust_setpoint__struct.hpp\n'}
[0.456465] (px4_msgs) StdoutLine: {'line': b'-- Up-to-date symlink: /home/lee/workspace/ros2_ex_mav/install/px4_msgs/include/px4_msgs/px4_msgs/msg/detail/vehicle_thrust_setpoint__traits.hpp\n'}
[0.456498] (px4_msgs) StdoutLine: {'line': b'-- Up-to-date symlink: /home/lee/workspace/ros2_ex_mav/install/px4_msgs/include/px4_msgs/px4_msgs/msg/detail/vehicle_thrust_setpoint__type_support.hpp\n'}
[0.456531] (px4_msgs) StdoutLine: {'line': b'-- Up-to-date symlink: /home/lee/workspace/ros2_ex_mav/install/px4_msgs/include/px4_msgs/px4_msgs/msg/detail/vehicle_torque_setpoint__builder.hpp\n'}
[0.456564] (px4_msgs) StdoutLine: {'line': b'-- Up-to-date symlink: /home/lee/workspace/ros2_ex_mav/install/px4_msgs/include/px4_msgs/px4_msgs/msg/detail/vehicle_torque_setpoint__struct.hpp\n'}
[0.456598] (px4_msgs) StdoutLine: {'line': b'-- Up-to-date symlink: /home/lee/workspace/ros2_ex_mav/install/px4_msgs/include/px4_msgs/px4_msgs/msg/detail/vehicle_torque_setpoint__traits.hpp\n'}
[0.456631] (px4_msgs) StdoutLine: {'line': b'-- Up-to-date symlink: /home/lee/workspace/ros2_ex_mav/install/px4_msgs/include/px4_msgs/px4_msgs/msg/detail/vehicle_torque_setpoint__type_support.hpp\n'}
[0.456665] (px4_msgs) StdoutLine: {'line': b'-- Up-to-date symlink: /home/lee/workspace/ros2_ex_mav/install/px4_msgs/include/px4_msgs/px4_msgs/msg/detail/vehicle_trajectory_bezier__builder.hpp\n'}
[0.456697] (px4_msgs) StdoutLine: {'line': b'-- Up-to-date symlink: /home/lee/workspace/ros2_ex_mav/install/px4_msgs/include/px4_msgs/px4_msgs/msg/detail/vehicle_trajectory_bezier__struct.hpp\n'}
[0.456730] (px4_msgs) StdoutLine: {'line': b'-- Up-to-date symlink: /home/lee/workspace/ros2_ex_mav/install/px4_msgs/include/px4_msgs/px4_msgs/msg/detail/vehicle_trajectory_bezier__traits.hpp\n'}
[0.456764] (px4_msgs) StdoutLine: {'line': b'-- Up-to-date symlink: /home/lee/workspace/ros2_ex_mav/install/px4_msgs/include/px4_msgs/px4_msgs/msg/detail/vehicle_trajectory_bezier__type_support.hpp\n'}
[0.456798] (px4_msgs) StdoutLine: {'line': b'-- Up-to-date symlink: /home/lee/workspace/ros2_ex_mav/install/px4_msgs/include/px4_msgs/px4_msgs/msg/detail/vehicle_trajectory_waypoint__builder.hpp\n'}
[0.456831] (px4_msgs) StdoutLine: {'line': b'-- Up-to-date symlink: /home/lee/workspace/ros2_ex_mav/install/px4_msgs/include/px4_msgs/px4_msgs/msg/detail/vehicle_trajectory_waypoint__struct.hpp\n'}
[0.456864] (px4_msgs) StdoutLine: {'line': b'-- Up-to-date symlink: /home/lee/workspace/ros2_ex_mav/install/px4_msgs/include/px4_msgs/px4_msgs/msg/detail/vehicle_trajectory_waypoint__traits.hpp\n'}
[0.456898] (px4_msgs) StdoutLine: {'line': b'-- Up-to-date symlink: /home/lee/workspace/ros2_ex_mav/install/px4_msgs/include/px4_msgs/px4_msgs/msg/detail/vehicle_trajectory_waypoint__type_support.hpp\n'}
[0.456933] (px4_msgs) StdoutLine: {'line': b'-- Up-to-date symlink: /home/lee/workspace/ros2_ex_mav/install/px4_msgs/include/px4_msgs/px4_msgs/msg/detail/vtol_vehicle_status__builder.hpp\n'}
[0.456968] (px4_msgs) StdoutLine: {'line': b'-- Up-to-date symlink: /home/lee/workspace/ros2_ex_mav/install/px4_msgs/include/px4_msgs/px4_msgs/msg/detail/vtol_vehicle_status__struct.hpp\n'}
[0.457002] (px4_msgs) StdoutLine: {'line': b'-- Up-to-date symlink: /home/lee/workspace/ros2_ex_mav/install/px4_msgs/include/px4_msgs/px4_msgs/msg/detail/vtol_vehicle_status__traits.hpp\n'}
[0.457035] (px4_msgs) StdoutLine: {'line': b'-- Up-to-date symlink: /home/lee/workspace/ros2_ex_mav/install/px4_msgs/include/px4_msgs/px4_msgs/msg/detail/vtol_vehicle_status__type_support.hpp\n'}
[0.457073] (px4_msgs) StdoutLine: {'line': b'-- Up-to-date symlink: /home/lee/workspace/ros2_ex_mav/install/px4_msgs/include/px4_msgs/px4_msgs/msg/detail/wind__builder.hpp\n'}
[0.457105] (px4_msgs) StdoutLine: {'line': b'-- Up-to-date symlink: /home/lee/workspace/ros2_ex_mav/install/px4_msgs/include/px4_msgs/px4_msgs/msg/detail/wind__struct.hpp\n'}
[0.457138] (px4_msgs) StdoutLine: {'line': b'-- Up-to-date symlink: /home/lee/workspace/ros2_ex_mav/install/px4_msgs/include/px4_msgs/px4_msgs/msg/detail/wind__traits.hpp\n'}
[0.457174] (px4_msgs) StdoutLine: {'line': b'-- Up-to-date symlink: /home/lee/workspace/ros2_ex_mav/install/px4_msgs/include/px4_msgs/px4_msgs/msg/detail/wind__type_support.hpp\n'}
[0.457208] (px4_msgs) StdoutLine: {'line': b'-- Up-to-date symlink: /home/lee/workspace/ros2_ex_mav/install/px4_msgs/include/px4_msgs/px4_msgs/msg/detail/yaw_estimator_status__builder.hpp\n'}
[0.457241] (px4_msgs) StdoutLine: {'line': b'-- Up-to-date symlink: /home/lee/workspace/ros2_ex_mav/install/px4_msgs/include/px4_msgs/px4_msgs/msg/detail/yaw_estimator_status__struct.hpp\n'}
[0.457274] (px4_msgs) StdoutLine: {'line': b'-- Up-to-date symlink: /home/lee/workspace/ros2_ex_mav/install/px4_msgs/include/px4_msgs/px4_msgs/msg/detail/yaw_estimator_status__traits.hpp\n'}
[0.457318] (px4_msgs) StdoutLine: {'line': b'-- Up-to-date symlink: /home/lee/workspace/ros2_ex_mav/install/px4_msgs/include/px4_msgs/px4_msgs/msg/detail/yaw_estimator_status__type_support.hpp\n'}
[0.457393] (px4_msgs) StdoutLine: {'line': b'-- Up-to-date symlink: /home/lee/workspace/ros2_ex_mav/install/px4_msgs/include/px4_msgs/px4_msgs/msg/differential_pressure.hpp\n'}
[0.457433] (px4_msgs) StdoutLine: {'line': b'-- Up-to-date symlink: /home/lee/workspace/ros2_ex_mav/install/px4_msgs/include/px4_msgs/px4_msgs/msg/distance_sensor.hpp\n'}
[0.457476] (px4_msgs) StdoutLine: {'line': b'-- Up-to-date symlink: /home/lee/workspace/ros2_ex_mav/install/px4_msgs/include/px4_msgs/px4_msgs/msg/ekf2_timestamps.hpp\n'}
[0.457517] (px4_msgs) StdoutLine: {'line': b'-- Up-to-date symlink: /home/lee/workspace/ros2_ex_mav/install/px4_msgs/include/px4_msgs/px4_msgs/msg/esc_report.hpp\n'}
[0.457538] (px4_msgs) StdoutLine: {'line': b'-- Up-to-date symlink: /home/lee/workspace/ros2_ex_mav/install/px4_msgs/include/px4_msgs/px4_msgs/msg/esc_status.hpp\n'}
[0.457580] (px4_msgs) StdoutLine: {'line': b'-- Up-to-date symlink: /home/lee/workspace/ros2_ex_mav/install/px4_msgs/include/px4_msgs/px4_msgs/msg/estimator_aid_source1d.hpp\n'}
[0.457599] (px4_msgs) StdoutLine: {'line': b'-- Up-to-date symlink: /home/lee/workspace/ros2_ex_mav/install/px4_msgs/include/px4_msgs/px4_msgs/msg/estimator_aid_source2d.hpp\n'}
[0.457641] (px4_msgs) StdoutLine: {'line': b'-- Up-to-date symlink: /home/lee/workspace/ros2_ex_mav/install/px4_msgs/include/px4_msgs/px4_msgs/msg/estimator_aid_source3d.hpp\n'}
[0.457683] (px4_msgs) StdoutLine: {'line': b'-- Up-to-date symlink: /home/lee/workspace/ros2_ex_mav/install/px4_msgs/include/px4_msgs/px4_msgs/msg/estimator_bias.hpp\n'}
[0.457713] (px4_msgs) StdoutLine: {'line': b'-- Up-to-date symlink: /home/lee/workspace/ros2_ex_mav/install/px4_msgs/include/px4_msgs/px4_msgs/msg/estimator_bias3d.hpp\n'}
[0.457733] (px4_msgs) StdoutLine: {'line': b'-- Up-to-date symlink: /home/lee/workspace/ros2_ex_mav/install/px4_msgs/include/px4_msgs/px4_msgs/msg/estimator_event_flags.hpp\n'}
[0.457774] (px4_msgs) StdoutLine: {'line': b'-- Up-to-date symlink: /home/lee/workspace/ros2_ex_mav/install/px4_msgs/include/px4_msgs/px4_msgs/msg/estimator_gps_status.hpp\n'}
[0.457795] (px4_msgs) StdoutLine: {'line': b'-- Up-to-date symlink: /home/lee/workspace/ros2_ex_mav/install/px4_msgs/include/px4_msgs/px4_msgs/msg/estimator_innovations.hpp\n'}
[0.457835] (px4_msgs) StdoutLine: {'line': b'-- Up-to-date symlink: /home/lee/workspace/ros2_ex_mav/install/px4_msgs/include/px4_msgs/px4_msgs/msg/estimator_selector_status.hpp\n'}
[0.457856] (px4_msgs) StdoutLine: {'line': b'-- Up-to-date symlink: /home/lee/workspace/ros2_ex_mav/install/px4_msgs/include/px4_msgs/px4_msgs/msg/estimator_sensor_bias.hpp\n'}
[0.457894] (px4_msgs) StdoutLine: {'line': b'-- Up-to-date symlink: /home/lee/workspace/ros2_ex_mav/install/px4_msgs/include/px4_msgs/px4_msgs/msg/estimator_states.hpp\n'}
[0.457915] (px4_msgs) StdoutLine: {'line': b'-- Up-to-date symlink: /home/lee/workspace/ros2_ex_mav/install/px4_msgs/include/px4_msgs/px4_msgs/msg/estimator_status.hpp\n'}
[0.457954] (px4_msgs) StdoutLine: {'line': b'-- Up-to-date symlink: /home/lee/workspace/ros2_ex_mav/install/px4_msgs/include/px4_msgs/px4_msgs/msg/estimator_status_flags.hpp\n'}
[0.457974] (px4_msgs) StdoutLine: {'line': b'-- Up-to-date symlink: /home/lee/workspace/ros2_ex_mav/install/px4_msgs/include/px4_msgs/px4_msgs/msg/event.hpp\n'}
[0.458012] (px4_msgs) StdoutLine: {'line': b'-- Up-to-date symlink: /home/lee/workspace/ros2_ex_mav/install/px4_msgs/include/px4_msgs/px4_msgs/msg/failsafe_flags.hpp\n'}
[0.458031] (px4_msgs) StdoutLine: {'line': b'-- Up-to-date symlink: /home/lee/workspace/ros2_ex_mav/install/px4_msgs/include/px4_msgs/px4_msgs/msg/failure_detector_status.hpp\n'}
[0.458070] (px4_msgs) StdoutLine: {'line': b'-- Up-to-date symlink: /home/lee/workspace/ros2_ex_mav/install/px4_msgs/include/px4_msgs/px4_msgs/msg/follow_target.hpp\n'}
[0.458092] (px4_msgs) StdoutLine: {'line': b'-- Up-to-date symlink: /home/lee/workspace/ros2_ex_mav/install/px4_msgs/include/px4_msgs/px4_msgs/msg/follow_target_estimator.hpp\n'}
[0.458122] (px4_msgs) StdoutLine: {'line': b'-- Up-to-date symlink: /home/lee/workspace/ros2_ex_mav/install/px4_msgs/include/px4_msgs/px4_msgs/msg/follow_target_status.hpp\n'}
[0.458149] (px4_msgs) StdoutLine: {'line': b'-- Up-to-date symlink: /home/lee/workspace/ros2_ex_mav/install/px4_msgs/include/px4_msgs/px4_msgs/msg/generator_status.hpp\n'}
[0.458185] (px4_msgs) StdoutLine: {'line': b'-- Up-to-date symlink: /home/lee/workspace/ros2_ex_mav/install/px4_msgs/include/px4_msgs/px4_msgs/msg/geofence_result.hpp\n'}
[0.458217] (px4_msgs) StdoutLine: {'line': b'-- Up-to-date symlink: /home/lee/workspace/ros2_ex_mav/install/px4_msgs/include/px4_msgs/px4_msgs/msg/gimbal_controls.hpp\n'}
[0.458253] (px4_msgs) StdoutLine: {'line': b'-- Up-to-date symlink: /home/lee/workspace/ros2_ex_mav/install/px4_msgs/include/px4_msgs/px4_msgs/msg/gimbal_device_attitude_status.hpp\n'}
[0.458289] (px4_msgs) StdoutLine: {'line': b'-- Up-to-date symlink: /home/lee/workspace/ros2_ex_mav/install/px4_msgs/include/px4_msgs/px4_msgs/msg/gimbal_device_information.hpp\n'}
[0.458324] (px4_msgs) StdoutLine: {'line': b'-- Up-to-date symlink: /home/lee/workspace/ros2_ex_mav/install/px4_msgs/include/px4_msgs/px4_msgs/msg/gimbal_device_set_attitude.hpp\n'}
[0.458363] (px4_msgs) StdoutLine: {'line': b'-- Up-to-date symlink: /home/lee/workspace/ros2_ex_mav/install/px4_msgs/include/px4_msgs/px4_msgs/msg/gimbal_manager_information.hpp\n'}
[0.458383] (px4_msgs) StdoutLine: {'line': b'-- Up-to-date symlink: /home/lee/workspace/ros2_ex_mav/install/px4_msgs/include/px4_msgs/px4_msgs/msg/gimbal_manager_set_attitude.hpp\n'}
[0.458411] (px4_msgs) StdoutLine: {'line': b'-- Up-to-date symlink: /home/lee/workspace/ros2_ex_mav/install/px4_msgs/include/px4_msgs/px4_msgs/msg/gimbal_manager_set_manual_control.hpp\n'}
[0.458445] (px4_msgs) StdoutLine: {'line': b'-- Up-to-date symlink: /home/lee/workspace/ros2_ex_mav/install/px4_msgs/include/px4_msgs/px4_msgs/msg/gimbal_manager_status.hpp\n'}
[0.458473] (px4_msgs) StdoutLine: {'line': b'-- Up-to-date symlink: /home/lee/workspace/ros2_ex_mav/install/px4_msgs/include/px4_msgs/px4_msgs/msg/gps_dump.hpp\n'}
[0.458508] (px4_msgs) StdoutLine: {'line': b'-- Up-to-date symlink: /home/lee/workspace/ros2_ex_mav/install/px4_msgs/include/px4_msgs/px4_msgs/msg/gps_inject_data.hpp\n'}
[0.458542] (px4_msgs) StdoutLine: {'line': b'-- Up-to-date symlink: /home/lee/workspace/ros2_ex_mav/install/px4_msgs/include/px4_msgs/px4_msgs/msg/gripper.hpp\n'}
[0.458582] (px4_msgs) StdoutLine: {'line': b'-- Up-to-date symlink: /home/lee/workspace/ros2_ex_mav/install/px4_msgs/include/px4_msgs/px4_msgs/msg/health_report.hpp\n'}
[0.458602] (px4_msgs) StdoutLine: {'line': b'-- Up-to-date symlink: /home/lee/workspace/ros2_ex_mav/install/px4_msgs/include/px4_msgs/px4_msgs/msg/heater_status.hpp\n'}
[0.458629] (px4_msgs) StdoutLine: {'line': b'-- Up-to-date symlink: /home/lee/workspace/ros2_ex_mav/install/px4_msgs/include/px4_msgs/px4_msgs/msg/home_position.hpp\n'}
[0.458664] (px4_msgs) StdoutLine: {'line': b'-- Up-to-date symlink: /home/lee/workspace/ros2_ex_mav/install/px4_msgs/include/px4_msgs/px4_msgs/msg/hover_thrust_estimate.hpp\n'}
[0.458699] (px4_msgs) StdoutLine: {'line': b'-- Up-to-date symlink: /home/lee/workspace/ros2_ex_mav/install/px4_msgs/include/px4_msgs/px4_msgs/msg/input_rc.hpp\n'}
[0.458738] (px4_msgs) StdoutLine: {'line': b'-- Up-to-date symlink: /home/lee/workspace/ros2_ex_mav/install/px4_msgs/include/px4_msgs/px4_msgs/msg/internal_combustion_engine_status.hpp\n'}
[0.458757] (px4_msgs) StdoutLine: {'line': b'-- Up-to-date symlink: /home/lee/workspace/ros2_ex_mav/install/px4_msgs/include/px4_msgs/px4_msgs/msg/iridiumsbd_status.hpp\n'}
[0.458791] (px4_msgs) StdoutLine: {'line': b'-- Up-to-date symlink: /home/lee/workspace/ros2_ex_mav/install/px4_msgs/include/px4_msgs/px4_msgs/msg/irlock_report.hpp\n'}
[0.458820] (px4_msgs) StdoutLine: {'line': b'-- Up-to-date symlink: /home/lee/workspace/ros2_ex_mav/install/px4_msgs/include/px4_msgs/px4_msgs/msg/landing_gear.hpp\n'}
[0.458855] (px4_msgs) StdoutLine: {'line': b'-- Up-to-date symlink: /home/lee/workspace/ros2_ex_mav/install/px4_msgs/include/px4_msgs/px4_msgs/msg/landing_gear_wheel.hpp\n'}
[0.458894] (px4_msgs) StdoutLine: {'line': b'-- Up-to-date symlink: /home/lee/workspace/ros2_ex_mav/install/px4_msgs/include/px4_msgs/px4_msgs/msg/landing_target_innovations.hpp\n'}
[0.458914] (px4_msgs) StdoutLine: {'line': b'-- Up-to-date symlink: /home/lee/workspace/ros2_ex_mav/install/px4_msgs/include/px4_msgs/px4_msgs/msg/landing_target_pose.hpp\n'}
[0.458948] (px4_msgs) StdoutLine: {'line': b'-- Up-to-date symlink: /home/lee/workspace/ros2_ex_mav/install/px4_msgs/include/px4_msgs/px4_msgs/msg/launch_detection_status.hpp\n'}
[0.458983] (px4_msgs) StdoutLine: {'line': b'-- Up-to-date symlink: /home/lee/workspace/ros2_ex_mav/install/px4_msgs/include/px4_msgs/px4_msgs/msg/led_control.hpp\n'}
[0.459010] (px4_msgs) StdoutLine: {'line': b'-- Up-to-date symlink: /home/lee/workspace/ros2_ex_mav/install/px4_msgs/include/px4_msgs/px4_msgs/msg/log_message.hpp\n'}
[0.459039] (px4_msgs) StdoutLine: {'line': b'-- Up-to-date symlink: /home/lee/workspace/ros2_ex_mav/install/px4_msgs/include/px4_msgs/px4_msgs/msg/logger_status.hpp\n'}
[0.459073] (px4_msgs) StdoutLine: {'line': b'-- Up-to-date symlink: /home/lee/workspace/ros2_ex_mav/install/px4_msgs/include/px4_msgs/px4_msgs/msg/mag_worker_data.hpp\n'}
[0.459107] (px4_msgs) StdoutLine: {'line': b'-- Up-to-date symlink: /home/lee/workspace/ros2_ex_mav/install/px4_msgs/include/px4_msgs/px4_msgs/msg/magnetometer_bias_estimate.hpp\n'}
[0.459133] (px4_msgs) StdoutLine: {'line': b'-- Up-to-date symlink: /home/lee/workspace/ros2_ex_mav/install/px4_msgs/include/px4_msgs/px4_msgs/msg/manual_control_setpoint.hpp\n'}
[0.459169] (px4_msgs) StdoutLine: {'line': b'-- Up-to-date symlink: /home/lee/workspace/ros2_ex_mav/install/px4_msgs/include/px4_msgs/px4_msgs/msg/manual_control_switches.hpp\n'}
[0.459301] (px4_msgs) StdoutLine: {'line': b'-- Up-to-date symlink: /home/lee/workspace/ros2_ex_mav/install/px4_msgs/include/px4_msgs/px4_msgs/msg/mavlink_log.hpp\n'}
[0.459323] (px4_msgs) StdoutLine: {'line': b'-- Up-to-date symlink: /home/lee/workspace/ros2_ex_mav/install/px4_msgs/include/px4_msgs/px4_msgs/msg/mavlink_tunnel.hpp\n'}
[0.459343] (px4_msgs) StdoutLine: {'line': b'-- Up-to-date symlink: /home/lee/workspace/ros2_ex_mav/install/px4_msgs/include/px4_msgs/px4_msgs/msg/mission.hpp\n'}
[0.459374] (px4_msgs) StdoutLine: {'line': b'-- Up-to-date symlink: /home/lee/workspace/ros2_ex_mav/install/px4_msgs/include/px4_msgs/px4_msgs/msg/mission_result.hpp\n'}
[0.459407] (px4_msgs) StdoutLine: {'line': b'-- Up-to-date symlink: /home/lee/workspace/ros2_ex_mav/install/px4_msgs/include/px4_msgs/px4_msgs/msg/mode_completed.hpp\n'}
[0.459426] (px4_msgs) StdoutLine: {'line': b'-- Up-to-date symlink: /home/lee/workspace/ros2_ex_mav/install/px4_msgs/include/px4_msgs/px4_msgs/msg/mount_orientation.hpp\n'}
[0.459455] (px4_msgs) StdoutLine: {'line': b'-- Up-to-date symlink: /home/lee/workspace/ros2_ex_mav/install/px4_msgs/include/px4_msgs/px4_msgs/msg/navigator_mission_item.hpp\n'}
[0.459475] (px4_msgs) StdoutLine: {'line': b'-- Up-to-date symlink: /home/lee/workspace/ros2_ex_mav/install/px4_msgs/include/px4_msgs/px4_msgs/msg/normalized_unsigned_setpoint.hpp\n'}
[0.459495] (px4_msgs) StdoutLine: {'line': b'-- Up-to-date symlink: /home/lee/workspace/ros2_ex_mav/install/px4_msgs/include/px4_msgs/px4_msgs/msg/npfg_status.hpp\n'}
[0.459528] (px4_msgs) StdoutLine: {'line': b'-- Up-to-date symlink: /home/lee/workspace/ros2_ex_mav/install/px4_msgs/include/px4_msgs/px4_msgs/msg/obstacle_distance.hpp\n'}
[0.459548] (px4_msgs) StdoutLine: {'line': b'-- Up-to-date symlink: /home/lee/workspace/ros2_ex_mav/install/px4_msgs/include/px4_msgs/px4_msgs/msg/offboard_control_mode.hpp\n'}
[0.459567] (px4_msgs) StdoutLine: {'line': b'-- Up-to-date symlink: /home/lee/workspace/ros2_ex_mav/install/px4_msgs/include/px4_msgs/px4_msgs/msg/onboard_computer_status.hpp\n'}
[0.459594] (px4_msgs) StdoutLine: {'line': b'-- Up-to-date symlink: /home/lee/workspace/ros2_ex_mav/install/px4_msgs/include/px4_msgs/px4_msgs/msg/orb_test.hpp\n'}
[0.459626] (px4_msgs) StdoutLine: {'line': b'-- Up-to-date symlink: /home/lee/workspace/ros2_ex_mav/install/px4_msgs/include/px4_msgs/px4_msgs/msg/orb_test_large.hpp\n'}
[0.459646] (px4_msgs) StdoutLine: {'line': b'-- Up-to-date symlink: /home/lee/workspace/ros2_ex_mav/install/px4_msgs/include/px4_msgs/px4_msgs/msg/orb_test_medium.hpp\n'}
[0.459675] (px4_msgs) StdoutLine: {'line': b'-- Up-to-date symlink: /home/lee/workspace/ros2_ex_mav/install/px4_msgs/include/px4_msgs/px4_msgs/msg/orbit_status.hpp\n'}
[0.459701] (px4_msgs) StdoutLine: {'line': b'-- Up-to-date symlink: /home/lee/workspace/ros2_ex_mav/install/px4_msgs/include/px4_msgs/px4_msgs/msg/parameter_update.hpp\n'}
[0.459730] (px4_msgs) StdoutLine: {'line': b'-- Up-to-date symlink: /home/lee/workspace/ros2_ex_mav/install/px4_msgs/include/px4_msgs/px4_msgs/msg/ping.hpp\n'}
[0.459759] (px4_msgs) StdoutLine: {'line': b'-- Up-to-date symlink: /home/lee/workspace/ros2_ex_mav/install/px4_msgs/include/px4_msgs/px4_msgs/msg/position_controller_landing_status.hpp\n'}
[0.459786] (px4_msgs) StdoutLine: {'line': b'-- Up-to-date symlink: /home/lee/workspace/ros2_ex_mav/install/px4_msgs/include/px4_msgs/px4_msgs/msg/position_controller_status.hpp\n'}
[0.459813] (px4_msgs) StdoutLine: {'line': b'-- Up-to-date symlink: /home/lee/workspace/ros2_ex_mav/install/px4_msgs/include/px4_msgs/px4_msgs/msg/position_setpoint.hpp\n'}
[0.459843] (px4_msgs) StdoutLine: {'line': b'-- Up-to-date symlink: /home/lee/workspace/ros2_ex_mav/install/px4_msgs/include/px4_msgs/px4_msgs/msg/position_setpoint_triplet.hpp\n'}
[0.459874] (px4_msgs) StdoutLine: {'line': b'-- Up-to-date symlink: /home/lee/workspace/ros2_ex_mav/install/px4_msgs/include/px4_msgs/px4_msgs/msg/power_button_state.hpp\n'}
[0.459906] (px4_msgs) StdoutLine: {'line': b'-- Up-to-date symlink: /home/lee/workspace/ros2_ex_mav/install/px4_msgs/include/px4_msgs/px4_msgs/msg/power_monitor.hpp\n'}
[0.459937] (px4_msgs) StdoutLine: {'line': b'-- Up-to-date symlink: /home/lee/workspace/ros2_ex_mav/install/px4_msgs/include/px4_msgs/px4_msgs/msg/pps_capture.hpp\n'}
[0.459968] (px4_msgs) StdoutLine: {'line': b'-- Up-to-date symlink: /home/lee/workspace/ros2_ex_mav/install/px4_msgs/include/px4_msgs/px4_msgs/msg/pwm_input.hpp\n'}
[0.459999] (px4_msgs) StdoutLine: {'line': b'-- Up-to-date symlink: /home/lee/workspace/ros2_ex_mav/install/px4_msgs/include/px4_msgs/px4_msgs/msg/px4io_status.hpp\n'}
[0.460030] (px4_msgs) StdoutLine: {'line': b'-- Up-to-date symlink: /home/lee/workspace/ros2_ex_mav/install/px4_msgs/include/px4_msgs/px4_msgs/msg/qshell_req.hpp\n'}
[0.460073] (px4_msgs) StdoutLine: {'line': b'-- Up-to-date symlink: /home/lee/workspace/ros2_ex_mav/install/px4_msgs/include/px4_msgs/px4_msgs/msg/qshell_retval.hpp\n'}
[0.460107] (px4_msgs) StdoutLine: {'line': b'-- Up-to-date symlink: /home/lee/workspace/ros2_ex_mav/install/px4_msgs/include/px4_msgs/px4_msgs/msg/radio_status.hpp\n'}
[0.460141] (px4_msgs) StdoutLine: {'line': b'-- Up-to-date symlink: /home/lee/workspace/ros2_ex_mav/install/px4_msgs/include/px4_msgs/px4_msgs/msg/rate_ctrl_status.hpp\n'}
[0.460172] (px4_msgs) StdoutLine: {'line': b'-- Up-to-date symlink: /home/lee/workspace/ros2_ex_mav/install/px4_msgs/include/px4_msgs/px4_msgs/msg/rc_channels.hpp\n'}
[0.460204] (px4_msgs) StdoutLine: {'line': b'-- Up-to-date symlink: /home/lee/workspace/ros2_ex_mav/install/px4_msgs/include/px4_msgs/px4_msgs/msg/rc_parameter_map.hpp\n'}
[0.460237] (px4_msgs) StdoutLine: {'line': b'-- Up-to-date symlink: /home/lee/workspace/ros2_ex_mav/install/px4_msgs/include/px4_msgs/px4_msgs/msg/rosidl_generator_cpp__visibility_control.hpp\n'}
[0.460272] (px4_msgs) StdoutLine: {'line': b'-- Up-to-date symlink: /home/lee/workspace/ros2_ex_mav/install/px4_msgs/include/px4_msgs/px4_msgs/msg/rpm.hpp\n'}
[0.460304] (px4_msgs) StdoutLine: {'line': b'-- Up-to-date symlink: /home/lee/workspace/ros2_ex_mav/install/px4_msgs/include/px4_msgs/px4_msgs/msg/rtl_time_estimate.hpp\n'}
[0.460342] (px4_msgs) StdoutLine: {'line': b'-- Up-to-date symlink: /home/lee/workspace/ros2_ex_mav/install/px4_msgs/include/px4_msgs/px4_msgs/msg/satellite_info.hpp\n'}
[0.460384] (px4_msgs) StdoutLine: {'line': b'-- Up-to-date symlink: /home/lee/workspace/ros2_ex_mav/install/px4_msgs/include/px4_msgs/px4_msgs/msg/sensor_accel.hpp\n'}
[0.460403] (px4_msgs) StdoutLine: {'line': b'-- Up-to-date symlink: /home/lee/workspace/ros2_ex_mav/install/px4_msgs/include/px4_msgs/px4_msgs/msg/sensor_accel_fifo.hpp\n'}
[0.460435] (px4_msgs) StdoutLine: {'line': b'-- Up-to-date symlink: /home/lee/workspace/ros2_ex_mav/install/px4_msgs/include/px4_msgs/px4_msgs/msg/sensor_baro.hpp\n'}
[0.460463] (px4_msgs) StdoutLine: {'line': b'-- Up-to-date symlink: /home/lee/workspace/ros2_ex_mav/install/px4_msgs/include/px4_msgs/px4_msgs/msg/sensor_combined.hpp\n'}
[0.460497] (px4_msgs) StdoutLine: {'line': b'-- Up-to-date symlink: /home/lee/workspace/ros2_ex_mav/install/px4_msgs/include/px4_msgs/px4_msgs/msg/sensor_correction.hpp\n'}
[0.460532] (px4_msgs) StdoutLine: {'line': b'-- Up-to-date symlink: /home/lee/workspace/ros2_ex_mav/install/px4_msgs/include/px4_msgs/px4_msgs/msg/sensor_gnss_relative.hpp\n'}
[0.460571] (px4_msgs) StdoutLine: {'line': b'-- Up-to-date symlink: /home/lee/workspace/ros2_ex_mav/install/px4_msgs/include/px4_msgs/px4_msgs/msg/sensor_gps.hpp\n'}
[0.460591] (px4_msgs) StdoutLine: {'line': b'-- Up-to-date symlink: /home/lee/workspace/ros2_ex_mav/install/px4_msgs/include/px4_msgs/px4_msgs/msg/sensor_gyro.hpp\n'}
[0.460625] (px4_msgs) StdoutLine: {'line': b'-- Up-to-date symlink: /home/lee/workspace/ros2_ex_mav/install/px4_msgs/include/px4_msgs/px4_msgs/msg/sensor_gyro_fft.hpp\n'}
[0.460654] (px4_msgs) StdoutLine: {'line': b'-- Up-to-date symlink: /home/lee/workspace/ros2_ex_mav/install/px4_msgs/include/px4_msgs/px4_msgs/msg/sensor_gyro_fifo.hpp\n'}
[0.460689] (px4_msgs) StdoutLine: {'line': b'-- Up-to-date symlink: /home/lee/workspace/ros2_ex_mav/install/px4_msgs/include/px4_msgs/px4_msgs/msg/sensor_hygrometer.hpp\n'}
[0.460719] (px4_msgs) StdoutLine: {'line': b'-- Up-to-date symlink: /home/lee/workspace/ros2_ex_mav/install/px4_msgs/include/px4_msgs/px4_msgs/msg/sensor_mag.hpp\n'}
[0.460754] (px4_msgs) StdoutLine: {'line': b'-- Up-to-date symlink: /home/lee/workspace/ros2_ex_mav/install/px4_msgs/include/px4_msgs/px4_msgs/msg/sensor_optical_flow.hpp\n'}
[0.460788] (px4_msgs) StdoutLine: {'line': b'-- Up-to-date symlink: /home/lee/workspace/ros2_ex_mav/install/px4_msgs/include/px4_msgs/px4_msgs/msg/sensor_preflight_mag.hpp\n'}
[0.460815] (px4_msgs) StdoutLine: {'line': b'-- Up-to-date symlink: /home/lee/workspace/ros2_ex_mav/install/px4_msgs/include/px4_msgs/px4_msgs/msg/sensor_selection.hpp\n'}
[0.460849] (px4_msgs) StdoutLine: {'line': b'-- Up-to-date symlink: /home/lee/workspace/ros2_ex_mav/install/px4_msgs/include/px4_msgs/px4_msgs/msg/sensor_uwb.hpp\n'}
[0.460885] (px4_msgs) StdoutLine: {'line': b'-- Up-to-date symlink: /home/lee/workspace/ros2_ex_mav/install/px4_msgs/include/px4_msgs/px4_msgs/msg/sensors_status.hpp\n'}
[0.460924] (px4_msgs) StdoutLine: {'line': b'-- Up-to-date symlink: /home/lee/workspace/ros2_ex_mav/install/px4_msgs/include/px4_msgs/px4_msgs/msg/sensors_status_imu.hpp\n'}
[0.460945] (px4_msgs) StdoutLine: {'line': b'-- Up-to-date symlink: /home/lee/workspace/ros2_ex_mav/install/px4_msgs/include/px4_msgs/px4_msgs/msg/system_power.hpp\n'}
[0.460979] (px4_msgs) StdoutLine: {'line': b'-- Up-to-date symlink: /home/lee/workspace/ros2_ex_mav/install/px4_msgs/include/px4_msgs/px4_msgs/msg/takeoff_status.hpp\n'}
[0.461019] (px4_msgs) StdoutLine: {'line': b'-- Up-to-date symlink: /home/lee/workspace/ros2_ex_mav/install/px4_msgs/include/px4_msgs/px4_msgs/msg/task_stack_info.hpp\n'}
[0.461038] (px4_msgs) StdoutLine: {'line': b'-- Up-to-date symlink: /home/lee/workspace/ros2_ex_mav/install/px4_msgs/include/px4_msgs/px4_msgs/msg/tecs_status.hpp\n'}
[0.461072] (px4_msgs) StdoutLine: {'line': b'-- Up-to-date symlink: /home/lee/workspace/ros2_ex_mav/install/px4_msgs/include/px4_msgs/px4_msgs/msg/telemetry_status.hpp\n'}
[0.461099] (px4_msgs) StdoutLine: {'line': b'-- Up-to-date symlink: /home/lee/workspace/ros2_ex_mav/install/px4_msgs/include/px4_msgs/px4_msgs/msg/tiltrotor_extra_controls.hpp\n'}
[0.461133] (px4_msgs) StdoutLine: {'line': b'-- Up-to-date symlink: /home/lee/workspace/ros2_ex_mav/install/px4_msgs/include/px4_msgs/px4_msgs/msg/timesync_status.hpp\n'}
[0.461170] (px4_msgs) StdoutLine: {'line': b'-- Up-to-date symlink: /home/lee/workspace/ros2_ex_mav/install/px4_msgs/include/px4_msgs/px4_msgs/msg/trajectory_bezier.hpp\n'}
[0.461212] (px4_msgs) StdoutLine: {'line': b'-- Up-to-date symlink: /home/lee/workspace/ros2_ex_mav/install/px4_msgs/include/px4_msgs/px4_msgs/msg/trajectory_setpoint.hpp\n'}
[0.461232] (px4_msgs) StdoutLine: {'line': b'-- Up-to-date symlink: /home/lee/workspace/ros2_ex_mav/install/px4_msgs/include/px4_msgs/px4_msgs/msg/trajectory_waypoint.hpp\n'}
[0.461265] (px4_msgs) StdoutLine: {'line': b'-- Up-to-date symlink: /home/lee/workspace/ros2_ex_mav/install/px4_msgs/include/px4_msgs/px4_msgs/msg/transponder_report.hpp\n'}
[0.461301] (px4_msgs) StdoutLine: {'line': b'-- Up-to-date symlink: /home/lee/workspace/ros2_ex_mav/install/px4_msgs/include/px4_msgs/px4_msgs/msg/tune_control.hpp\n'}
[0.461334] (px4_msgs) StdoutLine: {'line': b'-- Up-to-date symlink: /home/lee/workspace/ros2_ex_mav/install/px4_msgs/include/px4_msgs/px4_msgs/msg/uavcan_parameter_request.hpp\n'}
[0.461373] (px4_msgs) StdoutLine: {'line': b'-- Up-to-date symlink: /home/lee/workspace/ros2_ex_mav/install/px4_msgs/include/px4_msgs/px4_msgs/msg/uavcan_parameter_value.hpp\n'}
[0.461392] (px4_msgs) StdoutLine: {'line': b'-- Up-to-date symlink: /home/lee/workspace/ros2_ex_mav/install/px4_msgs/include/px4_msgs/px4_msgs/msg/ulog_stream.hpp\n'}
[0.461430] (px4_msgs) StdoutLine: {'line': b'-- Up-to-date symlink: /home/lee/workspace/ros2_ex_mav/install/px4_msgs/include/px4_msgs/px4_msgs/msg/ulog_stream_ack.hpp\n'}
[0.461449] (px4_msgs) StdoutLine: {'line': b'-- Up-to-date symlink: /home/lee/workspace/ros2_ex_mav/install/px4_msgs/include/px4_msgs/px4_msgs/msg/vehicle_acceleration.hpp\n'}
[0.461481] (px4_msgs) StdoutLine: {'line': b'-- Up-to-date symlink: /home/lee/workspace/ros2_ex_mav/install/px4_msgs/include/px4_msgs/px4_msgs/msg/vehicle_air_data.hpp\n'}
[0.461521] (px4_msgs) StdoutLine: {'line': b'-- Up-to-date symlink: /home/lee/workspace/ros2_ex_mav/install/px4_msgs/include/px4_msgs/px4_msgs/msg/vehicle_angular_acceleration_setpoint.hpp\n'}
[0.461540] (px4_msgs) StdoutLine: {'line': b'-- Up-to-date symlink: /home/lee/workspace/ros2_ex_mav/install/px4_msgs/include/px4_msgs/px4_msgs/msg/vehicle_angular_velocity.hpp\n'}
[0.461574] (px4_msgs) StdoutLine: {'line': b'-- Up-to-date symlink: /home/lee/workspace/ros2_ex_mav/install/px4_msgs/include/px4_msgs/px4_msgs/msg/vehicle_attitude.hpp\n'}
[0.461608] (px4_msgs) StdoutLine: {'line': b'-- Up-to-date symlink: /home/lee/workspace/ros2_ex_mav/install/px4_msgs/include/px4_msgs/px4_msgs/msg/vehicle_attitude_setpoint.hpp\n'}
[0.461649] (px4_msgs) StdoutLine: {'line': b'-- Up-to-date symlink: /home/lee/workspace/ros2_ex_mav/install/px4_msgs/include/px4_msgs/px4_msgs/msg/vehicle_command.hpp\n'}
[0.461668] (px4_msgs) StdoutLine: {'line': b'-- Up-to-date symlink: /home/lee/workspace/ros2_ex_mav/install/px4_msgs/include/px4_msgs/px4_msgs/msg/vehicle_command_ack.hpp\n'}
[0.461707] (px4_msgs) StdoutLine: {'line': b'-- Up-to-date symlink: /home/lee/workspace/ros2_ex_mav/install/px4_msgs/include/px4_msgs/px4_msgs/msg/vehicle_constraints.hpp\n'}
[0.461726] (px4_msgs) StdoutLine: {'line': b'-- Up-to-date symlink: /home/lee/workspace/ros2_ex_mav/install/px4_msgs/include/px4_msgs/px4_msgs/msg/vehicle_control_mode.hpp\n'}
[0.461758] (px4_msgs) StdoutLine: {'line': b'-- Up-to-date symlink: /home/lee/workspace/ros2_ex_mav/install/px4_msgs/include/px4_msgs/px4_msgs/msg/vehicle_global_position.hpp\n'}
[0.461792] (px4_msgs) StdoutLine: {'line': b'-- Up-to-date symlink: /home/lee/workspace/ros2_ex_mav/install/px4_msgs/include/px4_msgs/px4_msgs/msg/vehicle_imu.hpp\n'}
[0.461821] (px4_msgs) StdoutLine: {'line': b'-- Up-to-date symlink: /home/lee/workspace/ros2_ex_mav/install/px4_msgs/include/px4_msgs/px4_msgs/msg/vehicle_imu_status.hpp\n'}
[0.461855] (px4_msgs) StdoutLine: {'line': b'-- Up-to-date symlink: /home/lee/workspace/ros2_ex_mav/install/px4_msgs/include/px4_msgs/px4_msgs/msg/vehicle_land_detected.hpp\n'}
[0.461890] (px4_msgs) StdoutLine: {'line': b'-- Up-to-date symlink: /home/lee/workspace/ros2_ex_mav/install/px4_msgs/include/px4_msgs/px4_msgs/msg/vehicle_local_position.hpp\n'}
[0.461918] (px4_msgs) StdoutLine: {'line': b'-- Up-to-date symlink: /home/lee/workspace/ros2_ex_mav/install/px4_msgs/include/px4_msgs/px4_msgs/msg/vehicle_local_position_setpoint.hpp\n'}
[0.461952] (px4_msgs) StdoutLine: {'line': b'-- Up-to-date symlink: /home/lee/workspace/ros2_ex_mav/install/px4_msgs/include/px4_msgs/px4_msgs/msg/vehicle_magnetometer.hpp\n'}
[0.461991] (px4_msgs) StdoutLine: {'line': b'-- Up-to-date symlink: /home/lee/workspace/ros2_ex_mav/install/px4_msgs/include/px4_msgs/px4_msgs/msg/vehicle_odometry.hpp\n'}
[0.462011] (px4_msgs) StdoutLine: {'line': b'-- Up-to-date symlink: /home/lee/workspace/ros2_ex_mav/install/px4_msgs/include/px4_msgs/px4_msgs/msg/vehicle_optical_flow.hpp\n'}
[0.462039] (px4_msgs) StdoutLine: {'line': b'-- Up-to-date symlink: /home/lee/workspace/ros2_ex_mav/install/px4_msgs/include/px4_msgs/px4_msgs/msg/vehicle_optical_flow_vel.hpp\n'}
[0.462068] (px4_msgs) StdoutLine: {'line': b'-- Up-to-date symlink: /home/lee/workspace/ros2_ex_mav/install/px4_msgs/include/px4_msgs/px4_msgs/msg/vehicle_rates_setpoint.hpp\n'}
[0.462102] (px4_msgs) StdoutLine: {'line': b'-- Up-to-date symlink: /home/lee/workspace/ros2_ex_mav/install/px4_msgs/include/px4_msgs/px4_msgs/msg/vehicle_roi.hpp\n'}
[0.462137] (px4_msgs) StdoutLine: {'line': b'-- Up-to-date symlink: /home/lee/workspace/ros2_ex_mav/install/px4_msgs/include/px4_msgs/px4_msgs/msg/vehicle_status.hpp\n'}
[0.462172] (px4_msgs) StdoutLine: {'line': b'-- Up-to-date symlink: /home/lee/workspace/ros2_ex_mav/install/px4_msgs/include/px4_msgs/px4_msgs/msg/vehicle_thrust_setpoint.hpp\n'}
[0.462208] (px4_msgs) StdoutLine: {'line': b'-- Up-to-date symlink: /home/lee/workspace/ros2_ex_mav/install/px4_msgs/include/px4_msgs/px4_msgs/msg/vehicle_torque_setpoint.hpp\n'}
[0.462238] (px4_msgs) StdoutLine: {'line': b'-- Up-to-date symlink: /home/lee/workspace/ros2_ex_mav/install/px4_msgs/include/px4_msgs/px4_msgs/msg/vehicle_trajectory_bezier.hpp\n'}
[0.462272] (px4_msgs) StdoutLine: {'line': b'-- Up-to-date symlink: /home/lee/workspace/ros2_ex_mav/install/px4_msgs/include/px4_msgs/px4_msgs/msg/vehicle_trajectory_waypoint.hpp\n'}
[0.462300] (px4_msgs) StdoutLine: {'line': b'-- Up-to-date symlink: /home/lee/workspace/ros2_ex_mav/install/px4_msgs/include/px4_msgs/px4_msgs/msg/vtol_vehicle_status.hpp\n'}
[0.462336] (px4_msgs) StdoutLine: {'line': b'-- Up-to-date symlink: /home/lee/workspace/ros2_ex_mav/install/px4_msgs/include/px4_msgs/px4_msgs/msg/wind.hpp\n'}
[0.462363] (px4_msgs) StdoutLine: {'line': b'-- Up-to-date symlink: /home/lee/workspace/ros2_ex_mav/install/px4_msgs/include/px4_msgs/px4_msgs/msg/yaw_estimator_status.hpp\n'}
[0.464550] (px4_msgs) StdoutLine: {'line': b'-- Up-to-date symlink: /home/lee/workspace/ros2_ex_mav/install/px4_msgs/include/px4_msgs/px4_msgs/msg/detail/action_request__rosidl_typesupport_fastrtps_cpp.hpp\n'}
[0.464611] (px4_msgs) StdoutLine: {'line': b'-- Up-to-date symlink: /home/lee/workspace/ros2_ex_mav/install/px4_msgs/include/px4_msgs/px4_msgs/msg/detail/actuator_armed__rosidl_typesupport_fastrtps_cpp.hpp\n'}
[0.464633] (px4_msgs) StdoutLine: {'line': b'-- Up-to-date symlink: /home/lee/workspace/ros2_ex_mav/install/px4_msgs/include/px4_msgs/px4_msgs/msg/detail/actuator_controls_status__rosidl_typesupport_fastrtps_cpp.hpp\n'}
[0.464665] (px4_msgs) StdoutLine: {'line': b'-- Up-to-date symlink: /home/lee/workspace/ros2_ex_mav/install/px4_msgs/include/px4_msgs/px4_msgs/msg/detail/actuator_motors__rosidl_typesupport_fastrtps_cpp.hpp\n'}
[0.464701] (px4_msgs) StdoutLine: {'line': b'-- Up-to-date symlink: /home/lee/workspace/ros2_ex_mav/install/px4_msgs/include/px4_msgs/px4_msgs/msg/detail/actuator_outputs__rosidl_typesupport_fastrtps_cpp.hpp\n'}
[0.464738] (px4_msgs) StdoutLine: {'line': b'-- Up-to-date symlink: /home/lee/workspace/ros2_ex_mav/install/px4_msgs/include/px4_msgs/px4_msgs/msg/detail/actuator_servos__rosidl_typesupport_fastrtps_cpp.hpp\n'}
[0.464776] (px4_msgs) StdoutLine: {'line': b'-- Up-to-date symlink: /home/lee/workspace/ros2_ex_mav/install/px4_msgs/include/px4_msgs/px4_msgs/msg/detail/actuator_servos_trim__rosidl_typesupport_fastrtps_cpp.hpp\n'}
[0.464811] (px4_msgs) StdoutLine: {'line': b'-- Up-to-date symlink: /home/lee/workspace/ros2_ex_mav/install/px4_msgs/include/px4_msgs/px4_msgs/msg/detail/actuator_test__rosidl_typesupport_fastrtps_cpp.hpp\n'}
[0.464847] (px4_msgs) StdoutLine: {'line': b'-- Up-to-date symlink: /home/lee/workspace/ros2_ex_mav/install/px4_msgs/include/px4_msgs/px4_msgs/msg/detail/adc_report__rosidl_typesupport_fastrtps_cpp.hpp\n'}
[0.464887] (px4_msgs) StdoutLine: {'line': b'-- Up-to-date symlink: /home/lee/workspace/ros2_ex_mav/install/px4_msgs/include/px4_msgs/px4_msgs/msg/detail/airspeed__rosidl_typesupport_fastrtps_cpp.hpp\n'}
[0.464908] (px4_msgs) StdoutLine: {'line': b'-- Up-to-date symlink: /home/lee/workspace/ros2_ex_mav/install/px4_msgs/include/px4_msgs/px4_msgs/msg/detail/airspeed_validated__rosidl_typesupport_fastrtps_cpp.hpp\n'}
[0.464954] (px4_msgs) StdoutLine: {'line': b'-- Up-to-date symlink: /home/lee/workspace/ros2_ex_mav/install/px4_msgs/include/px4_msgs/px4_msgs/msg/detail/airspeed_wind__rosidl_typesupport_fastrtps_cpp.hpp\n'}
[0.464975] (px4_msgs) StdoutLine: {'line': b'-- Up-to-date symlink: /home/lee/workspace/ros2_ex_mav/install/px4_msgs/include/px4_msgs/px4_msgs/msg/detail/autotune_attitude_control_status__rosidl_typesupport_fastrtps_cpp.hpp\n'}
[0.465015] (px4_msgs) StdoutLine: {'line': b'-- Up-to-date symlink: /home/lee/workspace/ros2_ex_mav/install/px4_msgs/include/px4_msgs/px4_msgs/msg/detail/battery_status__rosidl_typesupport_fastrtps_cpp.hpp\n'}
[0.465035] (px4_msgs) StdoutLine: {'line': b'-- Up-to-date symlink: /home/lee/workspace/ros2_ex_mav/install/px4_msgs/include/px4_msgs/px4_msgs/msg/detail/button_event__rosidl_typesupport_fastrtps_cpp.hpp\n'}
[0.465073] (px4_msgs) StdoutLine: {'line': b'-- Up-to-date symlink: /home/lee/workspace/ros2_ex_mav/install/px4_msgs/include/px4_msgs/px4_msgs/msg/detail/camera_capture__rosidl_typesupport_fastrtps_cpp.hpp\n'}
[0.465092] (px4_msgs) StdoutLine: {'line': b'-- Up-to-date symlink: /home/lee/workspace/ros2_ex_mav/install/px4_msgs/include/px4_msgs/px4_msgs/msg/detail/camera_status__rosidl_typesupport_fastrtps_cpp.hpp\n'}
[0.465126] (px4_msgs) StdoutLine: {'line': b'-- Up-to-date symlink: /home/lee/workspace/ros2_ex_mav/install/px4_msgs/include/px4_msgs/px4_msgs/msg/detail/camera_trigger__rosidl_typesupport_fastrtps_cpp.hpp\n'}
[0.465154] (px4_msgs) StdoutLine: {'line': b'-- Up-to-date symlink: /home/lee/workspace/ros2_ex_mav/install/px4_msgs/include/px4_msgs/px4_msgs/msg/detail/cellular_status__rosidl_typesupport_fastrtps_cpp.hpp\n'}
[0.465194] (px4_msgs) StdoutLine: {'line': b'-- Up-to-date symlink: /home/lee/workspace/ros2_ex_mav/install/px4_msgs/include/px4_msgs/px4_msgs/msg/detail/collision_constraints__rosidl_typesupport_fastrtps_cpp.hpp\n'}
[0.465227] (px4_msgs) StdoutLine: {'line': b'-- Up-to-date symlink: /home/lee/workspace/ros2_ex_mav/install/px4_msgs/include/px4_msgs/px4_msgs/msg/detail/collision_report__rosidl_typesupport_fastrtps_cpp.hpp\n'}
[0.465262] (px4_msgs) StdoutLine: {'line': b'-- Up-to-date symlink: /home/lee/workspace/ros2_ex_mav/install/px4_msgs/include/px4_msgs/px4_msgs/msg/detail/control_allocator_status__rosidl_typesupport_fastrtps_cpp.hpp\n'}
[0.465291] (px4_msgs) StdoutLine: {'line': b'-- Up-to-date symlink: /home/lee/workspace/ros2_ex_mav/install/px4_msgs/include/px4_msgs/px4_msgs/msg/detail/cpuload__rosidl_typesupport_fastrtps_cpp.hpp\n'}
[0.465324] (px4_msgs) StdoutLine: {'line': b'-- Up-to-date symlink: /home/lee/workspace/ros2_ex_mav/install/px4_msgs/include/px4_msgs/px4_msgs/msg/detail/debug_array__rosidl_typesupport_fastrtps_cpp.hpp\n'}
[0.465356] (px4_msgs) StdoutLine: {'line': b'-- Up-to-date symlink: /home/lee/workspace/ros2_ex_mav/install/px4_msgs/include/px4_msgs/px4_msgs/msg/detail/debug_key_value__rosidl_typesupport_fastrtps_cpp.hpp\n'}
[0.465384] (px4_msgs) StdoutLine: {'line': b'-- Up-to-date symlink: /home/lee/workspace/ros2_ex_mav/install/px4_msgs/include/px4_msgs/px4_msgs/msg/detail/debug_value__rosidl_typesupport_fastrtps_cpp.hpp\n'}
[0.465419] (px4_msgs) StdoutLine: {'line': b'-- Up-to-date symlink: /home/lee/workspace/ros2_ex_mav/install/px4_msgs/include/px4_msgs/px4_msgs/msg/detail/debug_vect__rosidl_typesupport_fastrtps_cpp.hpp\n'}
[0.465454] (px4_msgs) StdoutLine: {'line': b'-- Up-to-date symlink: /home/lee/workspace/ros2_ex_mav/install/px4_msgs/include/px4_msgs/px4_msgs/msg/detail/differential_pressure__rosidl_typesupport_fastrtps_cpp.hpp\n'}
[0.465490] (px4_msgs) StdoutLine: {'line': b'-- Up-to-date symlink: /home/lee/workspace/ros2_ex_mav/install/px4_msgs/include/px4_msgs/px4_msgs/msg/detail/distance_sensor__rosidl_typesupport_fastrtps_cpp.hpp\n'}
[0.465524] (px4_msgs) StdoutLine: {'line': b'-- Up-to-date symlink: /home/lee/workspace/ros2_ex_mav/install/px4_msgs/include/px4_msgs/px4_msgs/msg/detail/ekf2_timestamps__rosidl_typesupport_fastrtps_cpp.hpp\n'}
[0.465559] (px4_msgs) StdoutLine: {'line': b'-- Up-to-date symlink: /home/lee/workspace/ros2_ex_mav/install/px4_msgs/include/px4_msgs/px4_msgs/msg/detail/esc_report__rosidl_typesupport_fastrtps_cpp.hpp\n'}
[0.465597] (px4_msgs) StdoutLine: {'line': b'-- Up-to-date symlink: /home/lee/workspace/ros2_ex_mav/install/px4_msgs/include/px4_msgs/px4_msgs/msg/detail/esc_status__rosidl_typesupport_fastrtps_cpp.hpp\n'}
[0.465633] (px4_msgs) StdoutLine: {'line': b'-- Up-to-date symlink: /home/lee/workspace/ros2_ex_mav/install/px4_msgs/include/px4_msgs/px4_msgs/msg/detail/estimator_aid_source1d__rosidl_typesupport_fastrtps_cpp.hpp\n'}
[0.465663] (px4_msgs) StdoutLine: {'line': b'-- Up-to-date symlink: /home/lee/workspace/ros2_ex_mav/install/px4_msgs/include/px4_msgs/px4_msgs/msg/detail/estimator_aid_source2d__rosidl_typesupport_fastrtps_cpp.hpp\n'}
[0.465699] (px4_msgs) StdoutLine: {'line': b'-- Up-to-date symlink: /home/lee/workspace/ros2_ex_mav/install/px4_msgs/include/px4_msgs/px4_msgs/msg/detail/estimator_aid_source3d__rosidl_typesupport_fastrtps_cpp.hpp\n'}
[0.465735] (px4_msgs) StdoutLine: {'line': b'-- Up-to-date symlink: /home/lee/workspace/ros2_ex_mav/install/px4_msgs/include/px4_msgs/px4_msgs/msg/detail/estimator_bias3d__rosidl_typesupport_fastrtps_cpp.hpp\n'}
[0.465773] (px4_msgs) StdoutLine: {'line': b'-- Up-to-date symlink: /home/lee/workspace/ros2_ex_mav/install/px4_msgs/include/px4_msgs/px4_msgs/msg/detail/estimator_bias__rosidl_typesupport_fastrtps_cpp.hpp\n'}
[0.465815] (px4_msgs) StdoutLine: {'line': b'-- Up-to-date symlink: /home/lee/workspace/ros2_ex_mav/install/px4_msgs/include/px4_msgs/px4_msgs/msg/detail/estimator_event_flags__rosidl_typesupport_fastrtps_cpp.hpp\n'}
[0.465836] (px4_msgs) StdoutLine: {'line': b'-- Up-to-date symlink: /home/lee/workspace/ros2_ex_mav/install/px4_msgs/include/px4_msgs/px4_msgs/msg/detail/estimator_gps_status__rosidl_typesupport_fastrtps_cpp.hpp\n'}
[0.465877] (px4_msgs) StdoutLine: {'line': b'-- Up-to-date symlink: /home/lee/workspace/ros2_ex_mav/install/px4_msgs/include/px4_msgs/px4_msgs/msg/detail/estimator_innovations__rosidl_typesupport_fastrtps_cpp.hpp\n'}
[0.465898] (px4_msgs) StdoutLine: {'line': b'-- Up-to-date symlink: /home/lee/workspace/ros2_ex_mav/install/px4_msgs/include/px4_msgs/px4_msgs/msg/detail/estimator_selector_status__rosidl_typesupport_fastrtps_cpp.hpp\n'}
[0.465934] (px4_msgs) StdoutLine: {'line': b'-- Up-to-date symlink: /home/lee/workspace/ros2_ex_mav/install/px4_msgs/include/px4_msgs/px4_msgs/msg/detail/estimator_sensor_bias__rosidl_typesupport_fastrtps_cpp.hpp\n'}
[0.465964] (px4_msgs) StdoutLine: {'line': b'-- Up-to-date symlink: /home/lee/workspace/ros2_ex_mav/install/px4_msgs/include/px4_msgs/px4_msgs/msg/detail/estimator_states__rosidl_typesupport_fastrtps_cpp.hpp\n'}
[0.465995] (px4_msgs) StdoutLine: {'line': b'-- Up-to-date symlink: /home/lee/workspace/ros2_ex_mav/install/px4_msgs/include/px4_msgs/px4_msgs/msg/detail/estimator_status__rosidl_typesupport_fastrtps_cpp.hpp\n'}
[0.466032] (px4_msgs) StdoutLine: {'line': b'-- Up-to-date symlink: /home/lee/workspace/ros2_ex_mav/install/px4_msgs/include/px4_msgs/px4_msgs/msg/detail/estimator_status_flags__rosidl_typesupport_fastrtps_cpp.hpp\n'}
[0.466068] (px4_msgs) StdoutLine: {'line': b'-- Up-to-date symlink: /home/lee/workspace/ros2_ex_mav/install/px4_msgs/include/px4_msgs/px4_msgs/msg/detail/event__rosidl_typesupport_fastrtps_cpp.hpp\n'}
[0.466105] (px4_msgs) StdoutLine: {'line': b'-- Up-to-date symlink: /home/lee/workspace/ros2_ex_mav/install/px4_msgs/include/px4_msgs/px4_msgs/msg/detail/failsafe_flags__rosidl_typesupport_fastrtps_cpp.hpp\n'}
[0.466146] (px4_msgs) StdoutLine: {'line': b'-- Up-to-date symlink: /home/lee/workspace/ros2_ex_mav/install/px4_msgs/include/px4_msgs/px4_msgs/msg/detail/failure_detector_status__rosidl_typesupport_fastrtps_cpp.hpp\n'}
[0.466171] (px4_msgs) StdoutLine: {'line': b'-- Up-to-date symlink: /home/lee/workspace/ros2_ex_mav/install/px4_msgs/include/px4_msgs/px4_msgs/msg/detail/follow_target__rosidl_typesupport_fastrtps_cpp.hpp\n'}
[0.466205] (px4_msgs) StdoutLine: {'line': b'-- Up-to-date symlink: /home/lee/workspace/ros2_ex_mav/install/px4_msgs/include/px4_msgs/px4_msgs/msg/detail/follow_target_estimator__rosidl_typesupport_fastrtps_cpp.hpp\n'}
[0.466234] (px4_msgs) StdoutLine: {'line': b'-- Up-to-date symlink: /home/lee/workspace/ros2_ex_mav/install/px4_msgs/include/px4_msgs/px4_msgs/msg/detail/follow_target_status__rosidl_typesupport_fastrtps_cpp.hpp\n'}
[0.466268] (px4_msgs) StdoutLine: {'line': b'-- Up-to-date symlink: /home/lee/workspace/ros2_ex_mav/install/px4_msgs/include/px4_msgs/px4_msgs/msg/detail/generator_status__rosidl_typesupport_fastrtps_cpp.hpp\n'}
[0.466304] (px4_msgs) StdoutLine: {'line': b'-- Up-to-date symlink: /home/lee/workspace/ros2_ex_mav/install/px4_msgs/include/px4_msgs/px4_msgs/msg/detail/geofence_result__rosidl_typesupport_fastrtps_cpp.hpp\n'}
[0.466509] (px4_msgs) StdoutLine: {'line': b'-- Up-to-date symlink: /home/lee/workspace/ros2_ex_mav/install/px4_msgs/include/px4_msgs/px4_msgs/msg/detail/gimbal_controls__rosidl_typesupport_fastrtps_cpp.hpp\n'}
[0.466531] (px4_msgs) StdoutLine: {'line': b'-- Up-to-date symlink: /home/lee/workspace/ros2_ex_mav/install/px4_msgs/include/px4_msgs/px4_msgs/msg/detail/gimbal_device_attitude_status__rosidl_typesupport_fastrtps_cpp.hpp\n'}
[0.466549] (px4_msgs) StdoutLine: {'line': b'-- Up-to-date symlink: /home/lee/workspace/ros2_ex_mav/install/px4_msgs/include/px4_msgs/px4_msgs/msg/detail/gimbal_device_information__rosidl_typesupport_fastrtps_cpp.hpp\n'}
[0.466569] (px4_msgs) StdoutLine: {'line': b'-- Up-to-date symlink: /home/lee/workspace/ros2_ex_mav/install/px4_msgs/include/px4_msgs/px4_msgs/msg/detail/gimbal_device_set_attitude__rosidl_typesupport_fastrtps_cpp.hpp\n'}
[0.466587] (px4_msgs) StdoutLine: {'line': b'-- Up-to-date symlink: /home/lee/workspace/ros2_ex_mav/install/px4_msgs/include/px4_msgs/px4_msgs/msg/detail/gimbal_manager_information__rosidl_typesupport_fastrtps_cpp.hpp\n'}
[0.466605] (px4_msgs) StdoutLine: {'line': b'-- Up-to-date symlink: /home/lee/workspace/ros2_ex_mav/install/px4_msgs/include/px4_msgs/px4_msgs/msg/detail/gimbal_manager_set_attitude__rosidl_typesupport_fastrtps_cpp.hpp\n'}
[0.466667] (px4_msgs) StdoutLine: {'line': b'-- Up-to-date symlink: /home/lee/workspace/ros2_ex_mav/install/px4_msgs/include/px4_msgs/px4_msgs/msg/detail/gimbal_manager_set_manual_control__rosidl_typesupport_fastrtps_cpp.hpp\n'}
[0.466687] (px4_msgs) StdoutLine: {'line': b'-- Up-to-date symlink: /home/lee/workspace/ros2_ex_mav/install/px4_msgs/include/px4_msgs/px4_msgs/msg/detail/gimbal_manager_status__rosidl_typesupport_fastrtps_cpp.hpp\n'}
[0.466705] (px4_msgs) StdoutLine: {'line': b'-- Up-to-date symlink: /home/lee/workspace/ros2_ex_mav/install/px4_msgs/include/px4_msgs/px4_msgs/msg/detail/gps_dump__rosidl_typesupport_fastrtps_cpp.hpp\n'}
[0.466725] (px4_msgs) StdoutLine: {'line': b'-- Up-to-date symlink: /home/lee/workspace/ros2_ex_mav/install/px4_msgs/include/px4_msgs/px4_msgs/msg/detail/gps_inject_data__rosidl_typesupport_fastrtps_cpp.hpp\n'}
[0.466743] (px4_msgs) StdoutLine: {'line': b'-- Up-to-date symlink: /home/lee/workspace/ros2_ex_mav/install/px4_msgs/include/px4_msgs/px4_msgs/msg/detail/gripper__rosidl_typesupport_fastrtps_cpp.hpp\n'}
[0.466824] (px4_msgs) StdoutLine: {'line': b'-- Up-to-date symlink: /home/lee/workspace/ros2_ex_mav/install/px4_msgs/include/px4_msgs/px4_msgs/msg/detail/health_report__rosidl_typesupport_fastrtps_cpp.hpp\n'}
[0.466853] (px4_msgs) StdoutLine: {'line': b'-- Up-to-date symlink: /home/lee/workspace/ros2_ex_mav/install/px4_msgs/include/px4_msgs/px4_msgs/msg/detail/heater_status__rosidl_typesupport_fastrtps_cpp.hpp\n'}
[0.466871] (px4_msgs) StdoutLine: {'line': b'-- Up-to-date symlink: /home/lee/workspace/ros2_ex_mav/install/px4_msgs/include/px4_msgs/px4_msgs/msg/detail/home_position__rosidl_typesupport_fastrtps_cpp.hpp\n'}
[0.466903] (px4_msgs) StdoutLine: {'line': b'-- Up-to-date symlink: /home/lee/workspace/ros2_ex_mav/install/px4_msgs/include/px4_msgs/px4_msgs/msg/detail/hover_thrust_estimate__rosidl_typesupport_fastrtps_cpp.hpp\n'}
[0.466930] (px4_msgs) StdoutLine: {'line': b'-- Up-to-date symlink: /home/lee/workspace/ros2_ex_mav/install/px4_msgs/include/px4_msgs/px4_msgs/msg/detail/input_rc__rosidl_typesupport_fastrtps_cpp.hpp\n'}
[0.466949] (px4_msgs) StdoutLine: {'line': b'-- Up-to-date symlink: /home/lee/workspace/ros2_ex_mav/install/px4_msgs/include/px4_msgs/px4_msgs/msg/detail/internal_combustion_engine_status__rosidl_typesupport_fastrtps_cpp.hpp\n'}
[0.466968] (px4_msgs) StdoutLine: {'line': b'-- Up-to-date symlink: /home/lee/workspace/ros2_ex_mav/install/px4_msgs/include/px4_msgs/px4_msgs/msg/detail/iridiumsbd_status__rosidl_typesupport_fastrtps_cpp.hpp\n'}
[0.466988] (px4_msgs) StdoutLine: {'line': b'-- Up-to-date symlink: /home/lee/workspace/ros2_ex_mav/install/px4_msgs/include/px4_msgs/px4_msgs/msg/detail/irlock_report__rosidl_typesupport_fastrtps_cpp.hpp\n'}
[0.467023] (px4_msgs) StdoutLine: {'line': b'-- Up-to-date symlink: /home/lee/workspace/ros2_ex_mav/install/px4_msgs/include/px4_msgs/px4_msgs/msg/detail/landing_gear__rosidl_typesupport_fastrtps_cpp.hpp\n'}
[0.467065] (px4_msgs) StdoutLine: {'line': b'-- Up-to-date symlink: /home/lee/workspace/ros2_ex_mav/install/px4_msgs/include/px4_msgs/px4_msgs/msg/detail/landing_gear_wheel__rosidl_typesupport_fastrtps_cpp.hpp\n'}
[0.467085] (px4_msgs) StdoutLine: {'line': b'-- Up-to-date symlink: /home/lee/workspace/ros2_ex_mav/install/px4_msgs/include/px4_msgs/px4_msgs/msg/detail/landing_target_innovations__rosidl_typesupport_fastrtps_cpp.hpp\n'}
[0.467106] (px4_msgs) StdoutLine: {'line': b'-- Up-to-date symlink: /home/lee/workspace/ros2_ex_mav/install/px4_msgs/include/px4_msgs/px4_msgs/msg/detail/landing_target_pose__rosidl_typesupport_fastrtps_cpp.hpp\n'}
[0.467140] (px4_msgs) StdoutLine: {'line': b'-- Up-to-date symlink: /home/lee/workspace/ros2_ex_mav/install/px4_msgs/include/px4_msgs/px4_msgs/msg/detail/launch_detection_status__rosidl_typesupport_fastrtps_cpp.hpp\n'}
[0.467184] (px4_msgs) StdoutLine: {'line': b'-- Up-to-date symlink: /home/lee/workspace/ros2_ex_mav/install/px4_msgs/include/px4_msgs/px4_msgs/msg/detail/led_control__rosidl_typesupport_fastrtps_cpp.hpp\n'}
[0.467209] (px4_msgs) StdoutLine: {'line': b'-- Up-to-date symlink: /home/lee/workspace/ros2_ex_mav/install/px4_msgs/include/px4_msgs/px4_msgs/msg/detail/log_message__rosidl_typesupport_fastrtps_cpp.hpp\n'}
[0.467229] (px4_msgs) StdoutLine: {'line': b'-- Up-to-date symlink: /home/lee/workspace/ros2_ex_mav/install/px4_msgs/include/px4_msgs/px4_msgs/msg/detail/logger_status__rosidl_typesupport_fastrtps_cpp.hpp\n'}
[0.467264] (px4_msgs) StdoutLine: {'line': b'-- Up-to-date symlink: /home/lee/workspace/ros2_ex_mav/install/px4_msgs/include/px4_msgs/px4_msgs/msg/detail/mag_worker_data__rosidl_typesupport_fastrtps_cpp.hpp\n'}
[0.467304] (px4_msgs) StdoutLine: {'line': b'-- Up-to-date symlink: /home/lee/workspace/ros2_ex_mav/install/px4_msgs/include/px4_msgs/px4_msgs/msg/detail/magnetometer_bias_estimate__rosidl_typesupport_fastrtps_cpp.hpp\n'}
[0.467327] (px4_msgs) StdoutLine: {'line': b'-- Up-to-date symlink: /home/lee/workspace/ros2_ex_mav/install/px4_msgs/include/px4_msgs/px4_msgs/msg/detail/manual_control_setpoint__rosidl_typesupport_fastrtps_cpp.hpp\n'}
[0.467363] (px4_msgs) StdoutLine: {'line': b'-- Up-to-date symlink: /home/lee/workspace/ros2_ex_mav/install/px4_msgs/include/px4_msgs/px4_msgs/msg/detail/manual_control_switches__rosidl_typesupport_fastrtps_cpp.hpp\n'}
[0.467397] (px4_msgs) StdoutLine: {'line': b'-- Up-to-date symlink: /home/lee/workspace/ros2_ex_mav/install/px4_msgs/include/px4_msgs/px4_msgs/msg/detail/mavlink_log__rosidl_typesupport_fastrtps_cpp.hpp\n'}
[0.467430] (px4_msgs) StdoutLine: {'line': b'-- Up-to-date symlink: /home/lee/workspace/ros2_ex_mav/install/px4_msgs/include/px4_msgs/px4_msgs/msg/detail/mavlink_tunnel__rosidl_typesupport_fastrtps_cpp.hpp\n'}
[0.467464] (px4_msgs) StdoutLine: {'line': b'-- Up-to-date symlink: /home/lee/workspace/ros2_ex_mav/install/px4_msgs/include/px4_msgs/px4_msgs/msg/detail/mission__rosidl_typesupport_fastrtps_cpp.hpp\n'}
[0.467498] (px4_msgs) StdoutLine: {'line': b'-- Up-to-date symlink: /home/lee/workspace/ros2_ex_mav/install/px4_msgs/include/px4_msgs/px4_msgs/msg/detail/mission_result__rosidl_typesupport_fastrtps_cpp.hpp\n'}
[0.467534] (px4_msgs) StdoutLine: {'line': b'-- Up-to-date symlink: /home/lee/workspace/ros2_ex_mav/install/px4_msgs/include/px4_msgs/px4_msgs/msg/detail/mode_completed__rosidl_typesupport_fastrtps_cpp.hpp\n'}
[0.467576] (px4_msgs) StdoutLine: {'line': b'-- Up-to-date symlink: /home/lee/workspace/ros2_ex_mav/install/px4_msgs/include/px4_msgs/px4_msgs/msg/detail/mount_orientation__rosidl_typesupport_fastrtps_cpp.hpp\n'}
[0.467595] (px4_msgs) StdoutLine: {'line': b'-- Up-to-date symlink: /home/lee/workspace/ros2_ex_mav/install/px4_msgs/include/px4_msgs/px4_msgs/msg/detail/navigator_mission_item__rosidl_typesupport_fastrtps_cpp.hpp\n'}
[0.467625] (px4_msgs) StdoutLine: {'line': b'-- Up-to-date symlink: /home/lee/workspace/ros2_ex_mav/install/px4_msgs/include/px4_msgs/px4_msgs/msg/detail/normalized_unsigned_setpoint__rosidl_typesupport_fastrtps_cpp.hpp\n'}
[0.467661] (px4_msgs) StdoutLine: {'line': b'-- Up-to-date symlink: /home/lee/workspace/ros2_ex_mav/install/px4_msgs/include/px4_msgs/px4_msgs/msg/detail/npfg_status__rosidl_typesupport_fastrtps_cpp.hpp\n'}
[0.467697] (px4_msgs) StdoutLine: {'line': b'-- Up-to-date symlink: /home/lee/workspace/ros2_ex_mav/install/px4_msgs/include/px4_msgs/px4_msgs/msg/detail/obstacle_distance__rosidl_typesupport_fastrtps_cpp.hpp\n'}
[0.467731] (px4_msgs) StdoutLine: {'line': b'-- Up-to-date symlink: /home/lee/workspace/ros2_ex_mav/install/px4_msgs/include/px4_msgs/px4_msgs/msg/detail/offboard_control_mode__rosidl_typesupport_fastrtps_cpp.hpp\n'}
[0.467758] (px4_msgs) StdoutLine: {'line': b'-- Up-to-date symlink: /home/lee/workspace/ros2_ex_mav/install/px4_msgs/include/px4_msgs/px4_msgs/msg/detail/onboard_computer_status__rosidl_typesupport_fastrtps_cpp.hpp\n'}
[0.467793] (px4_msgs) StdoutLine: {'line': b'-- Up-to-date symlink: /home/lee/workspace/ros2_ex_mav/install/px4_msgs/include/px4_msgs/px4_msgs/msg/detail/orb_test__rosidl_typesupport_fastrtps_cpp.hpp\n'}
[0.467828] (px4_msgs) StdoutLine: {'line': b'-- Up-to-date symlink: /home/lee/workspace/ros2_ex_mav/install/px4_msgs/include/px4_msgs/px4_msgs/msg/detail/orb_test_large__rosidl_typesupport_fastrtps_cpp.hpp\n'}
[0.467862] (px4_msgs) StdoutLine: {'line': b'-- Up-to-date symlink: /home/lee/workspace/ros2_ex_mav/install/px4_msgs/include/px4_msgs/px4_msgs/msg/detail/orb_test_medium__rosidl_typesupport_fastrtps_cpp.hpp\n'}
[0.467896] (px4_msgs) StdoutLine: {'line': b'-- Up-to-date symlink: /home/lee/workspace/ros2_ex_mav/install/px4_msgs/include/px4_msgs/px4_msgs/msg/detail/orbit_status__rosidl_typesupport_fastrtps_cpp.hpp\n'}
[0.467923] (px4_msgs) StdoutLine: {'line': b'-- Up-to-date symlink: /home/lee/workspace/ros2_ex_mav/install/px4_msgs/include/px4_msgs/px4_msgs/msg/detail/parameter_update__rosidl_typesupport_fastrtps_cpp.hpp\n'}
[0.467959] (px4_msgs) StdoutLine: {'line': b'-- Up-to-date symlink: /home/lee/workspace/ros2_ex_mav/install/px4_msgs/include/px4_msgs/px4_msgs/msg/detail/ping__rosidl_typesupport_fastrtps_cpp.hpp\n'}
[0.467992] (px4_msgs) StdoutLine: {'line': b'-- Up-to-date symlink: /home/lee/workspace/ros2_ex_mav/install/px4_msgs/include/px4_msgs/px4_msgs/msg/detail/position_controller_landing_status__rosidl_typesupport_fastrtps_cpp.hpp\n'}
[0.468024] (px4_msgs) StdoutLine: {'line': b'-- Up-to-date symlink: /home/lee/workspace/ros2_ex_mav/install/px4_msgs/include/px4_msgs/px4_msgs/msg/detail/position_controller_status__rosidl_typesupport_fastrtps_cpp.hpp\n'}
[0.468057] (px4_msgs) StdoutLine: {'line': b'-- Up-to-date symlink: /home/lee/workspace/ros2_ex_mav/install/px4_msgs/include/px4_msgs/px4_msgs/msg/detail/position_setpoint__rosidl_typesupport_fastrtps_cpp.hpp\n'}
[0.468092] (px4_msgs) StdoutLine: {'line': b'-- Up-to-date symlink: /home/lee/workspace/ros2_ex_mav/install/px4_msgs/include/px4_msgs/px4_msgs/msg/detail/position_setpoint_triplet__rosidl_typesupport_fastrtps_cpp.hpp\n'}
[0.468118] (px4_msgs) StdoutLine: {'line': b'-- Up-to-date symlink: /home/lee/workspace/ros2_ex_mav/install/px4_msgs/include/px4_msgs/px4_msgs/msg/detail/power_button_state__rosidl_typesupport_fastrtps_cpp.hpp\n'}
[0.468152] (px4_msgs) StdoutLine: {'line': b'-- Up-to-date symlink: /home/lee/workspace/ros2_ex_mav/install/px4_msgs/include/px4_msgs/px4_msgs/msg/detail/power_monitor__rosidl_typesupport_fastrtps_cpp.hpp\n'}
[0.468189] (px4_msgs) StdoutLine: {'line': b'-- Up-to-date symlink: /home/lee/workspace/ros2_ex_mav/install/px4_msgs/include/px4_msgs/px4_msgs/msg/detail/pps_capture__rosidl_typesupport_fastrtps_cpp.hpp\n'}
[0.468223] (px4_msgs) StdoutLine: {'line': b'-- Up-to-date symlink: /home/lee/workspace/ros2_ex_mav/install/px4_msgs/include/px4_msgs/px4_msgs/msg/detail/pwm_input__rosidl_typesupport_fastrtps_cpp.hpp\n'}
[0.468257] (px4_msgs) StdoutLine: {'line': b'-- Up-to-date symlink: /home/lee/workspace/ros2_ex_mav/install/px4_msgs/include/px4_msgs/px4_msgs/msg/detail/px4io_status__rosidl_typesupport_fastrtps_cpp.hpp\n'}
[0.468283] (px4_msgs) StdoutLine: {'line': b'-- Up-to-date symlink: /home/lee/workspace/ros2_ex_mav/install/px4_msgs/include/px4_msgs/px4_msgs/msg/detail/qshell_req__rosidl_typesupport_fastrtps_cpp.hpp\n'}
[0.468317] (px4_msgs) StdoutLine: {'line': b'-- Up-to-date symlink: /home/lee/workspace/ros2_ex_mav/install/px4_msgs/include/px4_msgs/px4_msgs/msg/detail/qshell_retval__rosidl_typesupport_fastrtps_cpp.hpp\n'}
[0.468352] (px4_msgs) StdoutLine: {'line': b'-- Up-to-date symlink: /home/lee/workspace/ros2_ex_mav/install/px4_msgs/include/px4_msgs/px4_msgs/msg/detail/radio_status__rosidl_typesupport_fastrtps_cpp.hpp\n'}
[0.468385] (px4_msgs) StdoutLine: {'line': b'-- Up-to-date symlink: /home/lee/workspace/ros2_ex_mav/install/px4_msgs/include/px4_msgs/px4_msgs/msg/detail/rate_ctrl_status__rosidl_typesupport_fastrtps_cpp.hpp\n'}
[0.468421] (px4_msgs) StdoutLine: {'line': b'-- Up-to-date symlink: /home/lee/workspace/ros2_ex_mav/install/px4_msgs/include/px4_msgs/px4_msgs/msg/detail/rc_channels__rosidl_typesupport_fastrtps_cpp.hpp\n'}
[0.468460] (px4_msgs) StdoutLine: {'line': b'-- Up-to-date symlink: /home/lee/workspace/ros2_ex_mav/install/px4_msgs/include/px4_msgs/px4_msgs/msg/detail/rc_parameter_map__rosidl_typesupport_fastrtps_cpp.hpp\n'}
[0.468480] (px4_msgs) StdoutLine: {'line': b'-- Up-to-date symlink: /home/lee/workspace/ros2_ex_mav/install/px4_msgs/include/px4_msgs/px4_msgs/msg/detail/rpm__rosidl_typesupport_fastrtps_cpp.hpp\n'}
[0.468507] (px4_msgs) StdoutLine: {'line': b'-- Up-to-date symlink: /home/lee/workspace/ros2_ex_mav/install/px4_msgs/include/px4_msgs/px4_msgs/msg/detail/rtl_time_estimate__rosidl_typesupport_fastrtps_cpp.hpp\n'}
[0.468541] (px4_msgs) StdoutLine: {'line': b'-- Up-to-date symlink: /home/lee/workspace/ros2_ex_mav/install/px4_msgs/include/px4_msgs/px4_msgs/msg/detail/satellite_info__rosidl_typesupport_fastrtps_cpp.hpp\n'}
[0.468569] (px4_msgs) StdoutLine: {'line': b'-- Up-to-date symlink: /home/lee/workspace/ros2_ex_mav/install/px4_msgs/include/px4_msgs/px4_msgs/msg/detail/sensor_accel__rosidl_typesupport_fastrtps_cpp.hpp\n'}
[0.468601] (px4_msgs) StdoutLine: {'line': b'-- Up-to-date symlink: /home/lee/workspace/ros2_ex_mav/install/px4_msgs/include/px4_msgs/px4_msgs/msg/detail/sensor_accel_fifo__rosidl_typesupport_fastrtps_cpp.hpp\n'}
[0.468634] (px4_msgs) StdoutLine: {'line': b'-- Up-to-date symlink: /home/lee/workspace/ros2_ex_mav/install/px4_msgs/include/px4_msgs/px4_msgs/msg/detail/sensor_baro__rosidl_typesupport_fastrtps_cpp.hpp\n'}
[0.468666] (px4_msgs) StdoutLine: {'line': b'-- Up-to-date symlink: /home/lee/workspace/ros2_ex_mav/install/px4_msgs/include/px4_msgs/px4_msgs/msg/detail/sensor_combined__rosidl_typesupport_fastrtps_cpp.hpp\n'}
[0.468699] (px4_msgs) StdoutLine: {'line': b'-- Up-to-date symlink: /home/lee/workspace/ros2_ex_mav/install/px4_msgs/include/px4_msgs/px4_msgs/msg/detail/sensor_correction__rosidl_typesupport_fastrtps_cpp.hpp\n'}
[0.468732] (px4_msgs) StdoutLine: {'line': b'-- Up-to-date symlink: /home/lee/workspace/ros2_ex_mav/install/px4_msgs/include/px4_msgs/px4_msgs/msg/detail/sensor_gnss_relative__rosidl_typesupport_fastrtps_cpp.hpp\n'}
[0.468763] (px4_msgs) StdoutLine: {'line': b'-- Up-to-date symlink: /home/lee/workspace/ros2_ex_mav/install/px4_msgs/include/px4_msgs/px4_msgs/msg/detail/sensor_gps__rosidl_typesupport_fastrtps_cpp.hpp\n'}
[0.468794] (px4_msgs) StdoutLine: {'line': b'-- Up-to-date symlink: /home/lee/workspace/ros2_ex_mav/install/px4_msgs/include/px4_msgs/px4_msgs/msg/detail/sensor_gyro__rosidl_typesupport_fastrtps_cpp.hpp\n'}
[0.468828] (px4_msgs) StdoutLine: {'line': b'-- Up-to-date symlink: /home/lee/workspace/ros2_ex_mav/install/px4_msgs/include/px4_msgs/px4_msgs/msg/detail/sensor_gyro_fft__rosidl_typesupport_fastrtps_cpp.hpp\n'}
[0.468860] (px4_msgs) StdoutLine: {'line': b'-- Up-to-date symlink: /home/lee/workspace/ros2_ex_mav/install/px4_msgs/include/px4_msgs/px4_msgs/msg/detail/sensor_gyro_fifo__rosidl_typesupport_fastrtps_cpp.hpp\n'}
[0.468892] (px4_msgs) StdoutLine: {'line': b'-- Up-to-date symlink: /home/lee/workspace/ros2_ex_mav/install/px4_msgs/include/px4_msgs/px4_msgs/msg/detail/sensor_hygrometer__rosidl_typesupport_fastrtps_cpp.hpp\n'}
[0.468924] (px4_msgs) StdoutLine: {'line': b'-- Up-to-date symlink: /home/lee/workspace/ros2_ex_mav/install/px4_msgs/include/px4_msgs/px4_msgs/msg/detail/sensor_mag__rosidl_typesupport_fastrtps_cpp.hpp\n'}
[0.468955] (px4_msgs) StdoutLine: {'line': b'-- Up-to-date symlink: /home/lee/workspace/ros2_ex_mav/install/px4_msgs/include/px4_msgs/px4_msgs/msg/detail/sensor_optical_flow__rosidl_typesupport_fastrtps_cpp.hpp\n'}
[0.468987] (px4_msgs) StdoutLine: {'line': b'-- Up-to-date symlink: /home/lee/workspace/ros2_ex_mav/install/px4_msgs/include/px4_msgs/px4_msgs/msg/detail/sensor_preflight_mag__rosidl_typesupport_fastrtps_cpp.hpp\n'}
[0.469020] (px4_msgs) StdoutLine: {'line': b'-- Up-to-date symlink: /home/lee/workspace/ros2_ex_mav/install/px4_msgs/include/px4_msgs/px4_msgs/msg/detail/sensor_selection__rosidl_typesupport_fastrtps_cpp.hpp\n'}
[0.469051] (px4_msgs) StdoutLine: {'line': b'-- Up-to-date symlink: /home/lee/workspace/ros2_ex_mav/install/px4_msgs/include/px4_msgs/px4_msgs/msg/detail/sensor_uwb__rosidl_typesupport_fastrtps_cpp.hpp\n'}
[0.469080] (px4_msgs) StdoutLine: {'line': b'-- Up-to-date symlink: /home/lee/workspace/ros2_ex_mav/install/px4_msgs/include/px4_msgs/px4_msgs/msg/detail/sensors_status__rosidl_typesupport_fastrtps_cpp.hpp\n'}
[0.469112] (px4_msgs) StdoutLine: {'line': b'-- Up-to-date symlink: /home/lee/workspace/ros2_ex_mav/install/px4_msgs/include/px4_msgs/px4_msgs/msg/detail/sensors_status_imu__rosidl_typesupport_fastrtps_cpp.hpp\n'}
[0.469146] (px4_msgs) StdoutLine: {'line': b'-- Up-to-date symlink: /home/lee/workspace/ros2_ex_mav/install/px4_msgs/include/px4_msgs/px4_msgs/msg/detail/system_power__rosidl_typesupport_fastrtps_cpp.hpp\n'}
[0.469182] (px4_msgs) StdoutLine: {'line': b'-- Up-to-date symlink: /home/lee/workspace/ros2_ex_mav/install/px4_msgs/include/px4_msgs/px4_msgs/msg/detail/takeoff_status__rosidl_typesupport_fastrtps_cpp.hpp\n'}
[0.469218] (px4_msgs) StdoutLine: {'line': b'-- Up-to-date symlink: /home/lee/workspace/ros2_ex_mav/install/px4_msgs/include/px4_msgs/px4_msgs/msg/detail/task_stack_info__rosidl_typesupport_fastrtps_cpp.hpp\n'}
[0.469245] (px4_msgs) StdoutLine: {'line': b'-- Up-to-date symlink: /home/lee/workspace/ros2_ex_mav/install/px4_msgs/include/px4_msgs/px4_msgs/msg/detail/tecs_status__rosidl_typesupport_fastrtps_cpp.hpp\n'}
[0.469276] (px4_msgs) StdoutLine: {'line': b'-- Up-to-date symlink: /home/lee/workspace/ros2_ex_mav/install/px4_msgs/include/px4_msgs/px4_msgs/msg/detail/telemetry_status__rosidl_typesupport_fastrtps_cpp.hpp\n'}
[0.469309] (px4_msgs) StdoutLine: {'line': b'-- Up-to-date symlink: /home/lee/workspace/ros2_ex_mav/install/px4_msgs/include/px4_msgs/px4_msgs/msg/detail/tiltrotor_extra_controls__rosidl_typesupport_fastrtps_cpp.hpp\n'}
[0.469341] (px4_msgs) StdoutLine: {'line': b'-- Up-to-date symlink: /home/lee/workspace/ros2_ex_mav/install/px4_msgs/include/px4_msgs/px4_msgs/msg/detail/timesync_status__rosidl_typesupport_fastrtps_cpp.hpp\n'}
[0.469374] (px4_msgs) StdoutLine: {'line': b'-- Up-to-date symlink: /home/lee/workspace/ros2_ex_mav/install/px4_msgs/include/px4_msgs/px4_msgs/msg/detail/trajectory_bezier__rosidl_typesupport_fastrtps_cpp.hpp\n'}
[0.469407] (px4_msgs) StdoutLine: {'line': b'-- Up-to-date symlink: /home/lee/workspace/ros2_ex_mav/install/px4_msgs/include/px4_msgs/px4_msgs/msg/detail/trajectory_setpoint__rosidl_typesupport_fastrtps_cpp.hpp\n'}
[0.469439] (px4_msgs) StdoutLine: {'line': b'-- Up-to-date symlink: /home/lee/workspace/ros2_ex_mav/install/px4_msgs/include/px4_msgs/px4_msgs/msg/detail/trajectory_waypoint__rosidl_typesupport_fastrtps_cpp.hpp\n'}
[0.469472] (px4_msgs) StdoutLine: {'line': b'-- Up-to-date symlink: /home/lee/workspace/ros2_ex_mav/install/px4_msgs/include/px4_msgs/px4_msgs/msg/detail/transponder_report__rosidl_typesupport_fastrtps_cpp.hpp\n'}
[0.469504] (px4_msgs) StdoutLine: {'line': b'-- Up-to-date symlink: /home/lee/workspace/ros2_ex_mav/install/px4_msgs/include/px4_msgs/px4_msgs/msg/detail/tune_control__rosidl_typesupport_fastrtps_cpp.hpp\n'}
[0.469536] (px4_msgs) StdoutLine: {'line': b'-- Up-to-date symlink: /home/lee/workspace/ros2_ex_mav/install/px4_msgs/include/px4_msgs/px4_msgs/msg/detail/uavcan_parameter_request__rosidl_typesupport_fastrtps_cpp.hpp\n'}
[0.469570] (px4_msgs) StdoutLine: {'line': b'-- Up-to-date symlink: /home/lee/workspace/ros2_ex_mav/install/px4_msgs/include/px4_msgs/px4_msgs/msg/detail/uavcan_parameter_value__rosidl_typesupport_fastrtps_cpp.hpp\n'}
[0.469603] (px4_msgs) StdoutLine: {'line': b'-- Up-to-date symlink: /home/lee/workspace/ros2_ex_mav/install/px4_msgs/include/px4_msgs/px4_msgs/msg/detail/ulog_stream__rosidl_typesupport_fastrtps_cpp.hpp\n'}
[0.469636] (px4_msgs) StdoutLine: {'line': b'-- Up-to-date symlink: /home/lee/workspace/ros2_ex_mav/install/px4_msgs/include/px4_msgs/px4_msgs/msg/detail/ulog_stream_ack__rosidl_typesupport_fastrtps_cpp.hpp\n'}
[0.469668] (px4_msgs) StdoutLine: {'line': b'-- Up-to-date symlink: /home/lee/workspace/ros2_ex_mav/install/px4_msgs/include/px4_msgs/px4_msgs/msg/detail/vehicle_acceleration__rosidl_typesupport_fastrtps_cpp.hpp\n'}
[0.469701] (px4_msgs) StdoutLine: {'line': b'-- Up-to-date symlink: /home/lee/workspace/ros2_ex_mav/install/px4_msgs/include/px4_msgs/px4_msgs/msg/detail/vehicle_air_data__rosidl_typesupport_fastrtps_cpp.hpp\n'}
[0.469734] (px4_msgs) StdoutLine: {'line': b'-- Up-to-date symlink: /home/lee/workspace/ros2_ex_mav/install/px4_msgs/include/px4_msgs/px4_msgs/msg/detail/vehicle_angular_acceleration_setpoint__rosidl_typesupport_fastrtps_cpp.hpp\n'}
[0.469767] (px4_msgs) StdoutLine: {'line': b'-- Up-to-date symlink: /home/lee/workspace/ros2_ex_mav/install/px4_msgs/include/px4_msgs/px4_msgs/msg/detail/vehicle_angular_velocity__rosidl_typesupport_fastrtps_cpp.hpp\n'}
[0.469800] (px4_msgs) StdoutLine: {'line': b'-- Up-to-date symlink: /home/lee/workspace/ros2_ex_mav/install/px4_msgs/include/px4_msgs/px4_msgs/msg/detail/vehicle_attitude__rosidl_typesupport_fastrtps_cpp.hpp\n'}
[0.469832] (px4_msgs) StdoutLine: {'line': b'-- Up-to-date symlink: /home/lee/workspace/ros2_ex_mav/install/px4_msgs/include/px4_msgs/px4_msgs/msg/detail/vehicle_attitude_setpoint__rosidl_typesupport_fastrtps_cpp.hpp\n'}
[0.469866] (px4_msgs) StdoutLine: {'line': b'-- Up-to-date symlink: /home/lee/workspace/ros2_ex_mav/install/px4_msgs/include/px4_msgs/px4_msgs/msg/detail/vehicle_command__rosidl_typesupport_fastrtps_cpp.hpp\n'}
[0.469898] (px4_msgs) StdoutLine: {'line': b'-- Up-to-date symlink: /home/lee/workspace/ros2_ex_mav/install/px4_msgs/include/px4_msgs/px4_msgs/msg/detail/vehicle_command_ack__rosidl_typesupport_fastrtps_cpp.hpp\n'}
[0.469931] (px4_msgs) StdoutLine: {'line': b'-- Up-to-date symlink: /home/lee/workspace/ros2_ex_mav/install/px4_msgs/include/px4_msgs/px4_msgs/msg/detail/vehicle_constraints__rosidl_typesupport_fastrtps_cpp.hpp\n'}
[0.469962] (px4_msgs) StdoutLine: {'line': b'-- Up-to-date symlink: /home/lee/workspace/ros2_ex_mav/install/px4_msgs/include/px4_msgs/px4_msgs/msg/detail/vehicle_control_mode__rosidl_typesupport_fastrtps_cpp.hpp\n'}
[0.469995] (px4_msgs) StdoutLine: {'line': b'-- Up-to-date symlink: /home/lee/workspace/ros2_ex_mav/install/px4_msgs/include/px4_msgs/px4_msgs/msg/detail/vehicle_global_position__rosidl_typesupport_fastrtps_cpp.hpp\n'}
[0.470028] (px4_msgs) StdoutLine: {'line': b'-- Up-to-date symlink: /home/lee/workspace/ros2_ex_mav/install/px4_msgs/include/px4_msgs/px4_msgs/msg/detail/vehicle_imu__rosidl_typesupport_fastrtps_cpp.hpp\n'}
[0.470061] (px4_msgs) StdoutLine: {'line': b'-- Up-to-date symlink: /home/lee/workspace/ros2_ex_mav/install/px4_msgs/include/px4_msgs/px4_msgs/msg/detail/vehicle_imu_status__rosidl_typesupport_fastrtps_cpp.hpp\n'}
[0.470094] (px4_msgs) StdoutLine: {'line': b'-- Up-to-date symlink: /home/lee/workspace/ros2_ex_mav/install/px4_msgs/include/px4_msgs/px4_msgs/msg/detail/vehicle_land_detected__rosidl_typesupport_fastrtps_cpp.hpp\n'}
[0.470128] (px4_msgs) StdoutLine: {'line': b'-- Up-to-date symlink: /home/lee/workspace/ros2_ex_mav/install/px4_msgs/include/px4_msgs/px4_msgs/msg/detail/vehicle_local_position__rosidl_typesupport_fastrtps_cpp.hpp\n'}
[0.470161] (px4_msgs) StdoutLine: {'line': b'-- Up-to-date symlink: /home/lee/workspace/ros2_ex_mav/install/px4_msgs/include/px4_msgs/px4_msgs/msg/detail/vehicle_local_position_setpoint__rosidl_typesupport_fastrtps_cpp.hpp\n'}
[0.470198] (px4_msgs) StdoutLine: {'line': b'-- Up-to-date symlink: /home/lee/workspace/ros2_ex_mav/install/px4_msgs/include/px4_msgs/px4_msgs/msg/detail/vehicle_magnetometer__rosidl_typesupport_fastrtps_cpp.hpp\n'}
[0.470229] (px4_msgs) StdoutLine: {'line': b'-- Up-to-date symlink: /home/lee/workspace/ros2_ex_mav/install/px4_msgs/include/px4_msgs/px4_msgs/msg/detail/vehicle_odometry__rosidl_typesupport_fastrtps_cpp.hpp\n'}
[0.470262] (px4_msgs) StdoutLine: {'line': b'-- Up-to-date symlink: /home/lee/workspace/ros2_ex_mav/install/px4_msgs/include/px4_msgs/px4_msgs/msg/detail/vehicle_optical_flow__rosidl_typesupport_fastrtps_cpp.hpp\n'}
[0.470294] (px4_msgs) StdoutLine: {'line': b'-- Up-to-date symlink: /home/lee/workspace/ros2_ex_mav/install/px4_msgs/include/px4_msgs/px4_msgs/msg/detail/vehicle_optical_flow_vel__rosidl_typesupport_fastrtps_cpp.hpp\n'}
[0.470326] (px4_msgs) StdoutLine: {'line': b'-- Up-to-date symlink: /home/lee/workspace/ros2_ex_mav/install/px4_msgs/include/px4_msgs/px4_msgs/msg/detail/vehicle_rates_setpoint__rosidl_typesupport_fastrtps_cpp.hpp\n'}
[0.470358] (px4_msgs) StdoutLine: {'line': b'-- Up-to-date symlink: /home/lee/workspace/ros2_ex_mav/install/px4_msgs/include/px4_msgs/px4_msgs/msg/detail/vehicle_roi__rosidl_typesupport_fastrtps_cpp.hpp\n'}
[0.470390] (px4_msgs) StdoutLine: {'line': b'-- Up-to-date symlink: /home/lee/workspace/ros2_ex_mav/install/px4_msgs/include/px4_msgs/px4_msgs/msg/detail/vehicle_status__rosidl_typesupport_fastrtps_cpp.hpp\n'}
[0.470424] (px4_msgs) StdoutLine: {'line': b'-- Up-to-date symlink: /home/lee/workspace/ros2_ex_mav/install/px4_msgs/include/px4_msgs/px4_msgs/msg/detail/vehicle_thrust_setpoint__rosidl_typesupport_fastrtps_cpp.hpp\n'}
[0.470460] (px4_msgs) StdoutLine: {'line': b'-- Up-to-date symlink: /home/lee/workspace/ros2_ex_mav/install/px4_msgs/include/px4_msgs/px4_msgs/msg/detail/vehicle_torque_setpoint__rosidl_typesupport_fastrtps_cpp.hpp\n'}
[0.470492] (px4_msgs) StdoutLine: {'line': b'-- Up-to-date symlink: /home/lee/workspace/ros2_ex_mav/install/px4_msgs/include/px4_msgs/px4_msgs/msg/detail/vehicle_trajectory_bezier__rosidl_typesupport_fastrtps_cpp.hpp\n'}
[0.470526] (px4_msgs) StdoutLine: {'line': b'-- Up-to-date symlink: /home/lee/workspace/ros2_ex_mav/install/px4_msgs/include/px4_msgs/px4_msgs/msg/detail/vehicle_trajectory_waypoint__rosidl_typesupport_fastrtps_cpp.hpp\n'}
[0.470561] (px4_msgs) StdoutLine: {'line': b'-- Up-to-date symlink: /home/lee/workspace/ros2_ex_mav/install/px4_msgs/include/px4_msgs/px4_msgs/msg/detail/vtol_vehicle_status__rosidl_typesupport_fastrtps_cpp.hpp\n'}
[0.470596] (px4_msgs) StdoutLine: {'line': b'-- Up-to-date symlink: /home/lee/workspace/ros2_ex_mav/install/px4_msgs/include/px4_msgs/px4_msgs/msg/detail/wind__rosidl_typesupport_fastrtps_cpp.hpp\n'}
[0.470628] (px4_msgs) StdoutLine: {'line': b'-- Up-to-date symlink: /home/lee/workspace/ros2_ex_mav/install/px4_msgs/include/px4_msgs/px4_msgs/msg/detail/yaw_estimator_status__rosidl_typesupport_fastrtps_cpp.hpp\n'}
[0.470662] (px4_msgs) StdoutLine: {'line': b'-- Up-to-date symlink: /home/lee/workspace/ros2_ex_mav/install/px4_msgs/include/px4_msgs/px4_msgs/msg/rosidl_typesupport_fastrtps_cpp__visibility_control.h\n'}
[0.471646] (px4_msgs) StdoutLine: {'line': b'-- Up-to-date symlink: /home/lee/workspace/ros2_ex_mav/install/px4_msgs/include/px4_msgs/px4_msgs/msg/detail/action_request__rosidl_typesupport_introspection_c.h\n'}
[0.471685] (px4_msgs) StdoutLine: {'line': b'-- Up-to-date symlink: /home/lee/workspace/ros2_ex_mav/install/px4_msgs/include/px4_msgs/px4_msgs/msg/detail/actuator_armed__rosidl_typesupport_introspection_c.h\n'}
[0.471721] (px4_msgs) StdoutLine: {'line': b'-- Up-to-date symlink: /home/lee/workspace/ros2_ex_mav/install/px4_msgs/include/px4_msgs/px4_msgs/msg/detail/actuator_controls_status__rosidl_typesupport_introspection_c.h\n'}
[0.471756] (px4_msgs) StdoutLine: {'line': b'-- Up-to-date symlink: /home/lee/workspace/ros2_ex_mav/install/px4_msgs/include/px4_msgs/px4_msgs/msg/detail/actuator_motors__rosidl_typesupport_introspection_c.h\n'}
[0.471790] (px4_msgs) StdoutLine: {'line': b'-- Up-to-date symlink: /home/lee/workspace/ros2_ex_mav/install/px4_msgs/include/px4_msgs/px4_msgs/msg/detail/actuator_outputs__rosidl_typesupport_introspection_c.h\n'}
[0.471824] (px4_msgs) StdoutLine: {'line': b'-- Up-to-date symlink: /home/lee/workspace/ros2_ex_mav/install/px4_msgs/include/px4_msgs/px4_msgs/msg/detail/actuator_servos__rosidl_typesupport_introspection_c.h\n'}
[0.471857] (px4_msgs) StdoutLine: {'line': b'-- Up-to-date symlink: /home/lee/workspace/ros2_ex_mav/install/px4_msgs/include/px4_msgs/px4_msgs/msg/detail/actuator_servos_trim__rosidl_typesupport_introspection_c.h\n'}
[0.471890] (px4_msgs) StdoutLine: {'line': b'-- Up-to-date symlink: /home/lee/workspace/ros2_ex_mav/install/px4_msgs/include/px4_msgs/px4_msgs/msg/detail/actuator_test__rosidl_typesupport_introspection_c.h\n'}
[0.471924] (px4_msgs) StdoutLine: {'line': b'-- Up-to-date symlink: /home/lee/workspace/ros2_ex_mav/install/px4_msgs/include/px4_msgs/px4_msgs/msg/detail/adc_report__rosidl_typesupport_introspection_c.h\n'}
[0.471957] (px4_msgs) StdoutLine: {'line': b'-- Up-to-date symlink: /home/lee/workspace/ros2_ex_mav/install/px4_msgs/include/px4_msgs/px4_msgs/msg/detail/airspeed__rosidl_typesupport_introspection_c.h\n'}
[0.471990] (px4_msgs) StdoutLine: {'line': b'-- Up-to-date symlink: /home/lee/workspace/ros2_ex_mav/install/px4_msgs/include/px4_msgs/px4_msgs/msg/detail/airspeed_validated__rosidl_typesupport_introspection_c.h\n'}
[0.472025] (px4_msgs) StdoutLine: {'line': b'-- Up-to-date symlink: /home/lee/workspace/ros2_ex_mav/install/px4_msgs/include/px4_msgs/px4_msgs/msg/detail/airspeed_wind__rosidl_typesupport_introspection_c.h\n'}
[0.472060] (px4_msgs) StdoutLine: {'line': b'-- Up-to-date symlink: /home/lee/workspace/ros2_ex_mav/install/px4_msgs/include/px4_msgs/px4_msgs/msg/detail/autotune_attitude_control_status__rosidl_typesupport_introspection_c.h\n'}
[0.472095] (px4_msgs) StdoutLine: {'line': b'-- Up-to-date symlink: /home/lee/workspace/ros2_ex_mav/install/px4_msgs/include/px4_msgs/px4_msgs/msg/detail/battery_status__rosidl_typesupport_introspection_c.h\n'}
[0.472127] (px4_msgs) StdoutLine: {'line': b'-- Up-to-date symlink: /home/lee/workspace/ros2_ex_mav/install/px4_msgs/include/px4_msgs/px4_msgs/msg/detail/button_event__rosidl_typesupport_introspection_c.h\n'}
[0.472159] (px4_msgs) StdoutLine: {'line': b'-- Up-to-date symlink: /home/lee/workspace/ros2_ex_mav/install/px4_msgs/include/px4_msgs/px4_msgs/msg/detail/camera_capture__rosidl_typesupport_introspection_c.h\n'}
[0.472194] (px4_msgs) StdoutLine: {'line': b'-- Up-to-date symlink: /home/lee/workspace/ros2_ex_mav/install/px4_msgs/include/px4_msgs/px4_msgs/msg/detail/camera_status__rosidl_typesupport_introspection_c.h\n'}
[0.472227] (px4_msgs) StdoutLine: {'line': b'-- Up-to-date symlink: /home/lee/workspace/ros2_ex_mav/install/px4_msgs/include/px4_msgs/px4_msgs/msg/detail/camera_trigger__rosidl_typesupport_introspection_c.h\n'}
[0.472260] (px4_msgs) StdoutLine: {'line': b'-- Up-to-date symlink: /home/lee/workspace/ros2_ex_mav/install/px4_msgs/include/px4_msgs/px4_msgs/msg/detail/cellular_status__rosidl_typesupport_introspection_c.h\n'}
[0.472292] (px4_msgs) StdoutLine: {'line': b'-- Up-to-date symlink: /home/lee/workspace/ros2_ex_mav/install/px4_msgs/include/px4_msgs/px4_msgs/msg/detail/collision_constraints__rosidl_typesupport_introspection_c.h\n'}
[0.472324] (px4_msgs) StdoutLine: {'line': b'-- Up-to-date symlink: /home/lee/workspace/ros2_ex_mav/install/px4_msgs/include/px4_msgs/px4_msgs/msg/detail/collision_report__rosidl_typesupport_introspection_c.h\n'}
[0.472357] (px4_msgs) StdoutLine: {'line': b'-- Up-to-date symlink: /home/lee/workspace/ros2_ex_mav/install/px4_msgs/include/px4_msgs/px4_msgs/msg/detail/control_allocator_status__rosidl_typesupport_introspection_c.h\n'}
[0.472390] (px4_msgs) StdoutLine: {'line': b'-- Up-to-date symlink: /home/lee/workspace/ros2_ex_mav/install/px4_msgs/include/px4_msgs/px4_msgs/msg/detail/cpuload__rosidl_typesupport_introspection_c.h\n'}
[0.472422] (px4_msgs) StdoutLine: {'line': b'-- Up-to-date symlink: /home/lee/workspace/ros2_ex_mav/install/px4_msgs/include/px4_msgs/px4_msgs/msg/detail/debug_array__rosidl_typesupport_introspection_c.h\n'}
[0.472454] (px4_msgs) StdoutLine: {'line': b'-- Up-to-date symlink: /home/lee/workspace/ros2_ex_mav/install/px4_msgs/include/px4_msgs/px4_msgs/msg/detail/debug_key_value__rosidl_typesupport_introspection_c.h\n'}
[0.472487] (px4_msgs) StdoutLine: {'line': b'-- Up-to-date symlink: /home/lee/workspace/ros2_ex_mav/install/px4_msgs/include/px4_msgs/px4_msgs/msg/detail/debug_value__rosidl_typesupport_introspection_c.h\n'}
[0.472520] (px4_msgs) StdoutLine: {'line': b'-- Up-to-date symlink: /home/lee/workspace/ros2_ex_mav/install/px4_msgs/include/px4_msgs/px4_msgs/msg/detail/debug_vect__rosidl_typesupport_introspection_c.h\n'}
[0.472553] (px4_msgs) StdoutLine: {'line': b'-- Up-to-date symlink: /home/lee/workspace/ros2_ex_mav/install/px4_msgs/include/px4_msgs/px4_msgs/msg/detail/differential_pressure__rosidl_typesupport_introspection_c.h\n'}
[0.472586] (px4_msgs) StdoutLine: {'line': b'-- Up-to-date symlink: /home/lee/workspace/ros2_ex_mav/install/px4_msgs/include/px4_msgs/px4_msgs/msg/detail/distance_sensor__rosidl_typesupport_introspection_c.h\n'}
[0.472618] (px4_msgs) StdoutLine: {'line': b'-- Up-to-date symlink: /home/lee/workspace/ros2_ex_mav/install/px4_msgs/include/px4_msgs/px4_msgs/msg/detail/ekf2_timestamps__rosidl_typesupport_introspection_c.h\n'}
[0.472651] (px4_msgs) StdoutLine: {'line': b'-- Up-to-date symlink: /home/lee/workspace/ros2_ex_mav/install/px4_msgs/include/px4_msgs/px4_msgs/msg/detail/esc_report__rosidl_typesupport_introspection_c.h\n'}
[0.472684] (px4_msgs) StdoutLine: {'line': b'-- Up-to-date symlink: /home/lee/workspace/ros2_ex_mav/install/px4_msgs/include/px4_msgs/px4_msgs/msg/detail/esc_status__rosidl_typesupport_introspection_c.h\n'}
[0.472716] (px4_msgs) StdoutLine: {'line': b'-- Up-to-date symlink: /home/lee/workspace/ros2_ex_mav/install/px4_msgs/include/px4_msgs/px4_msgs/msg/detail/estimator_aid_source1d__rosidl_typesupport_introspection_c.h\n'}
[0.472748] (px4_msgs) StdoutLine: {'line': b'-- Up-to-date symlink: /home/lee/workspace/ros2_ex_mav/install/px4_msgs/include/px4_msgs/px4_msgs/msg/detail/estimator_aid_source2d__rosidl_typesupport_introspection_c.h\n'}
[0.472781] (px4_msgs) StdoutLine: {'line': b'-- Up-to-date symlink: /home/lee/workspace/ros2_ex_mav/install/px4_msgs/include/px4_msgs/px4_msgs/msg/detail/estimator_aid_source3d__rosidl_typesupport_introspection_c.h\n'}
[0.472813] (px4_msgs) StdoutLine: {'line': b'-- Up-to-date symlink: /home/lee/workspace/ros2_ex_mav/install/px4_msgs/include/px4_msgs/px4_msgs/msg/detail/estimator_bias3d__rosidl_typesupport_introspection_c.h\n'}
[0.472844] (px4_msgs) StdoutLine: {'line': b'-- Up-to-date symlink: /home/lee/workspace/ros2_ex_mav/install/px4_msgs/include/px4_msgs/px4_msgs/msg/detail/estimator_bias__rosidl_typesupport_introspection_c.h\n'}
[0.472877] (px4_msgs) StdoutLine: {'line': b'-- Up-to-date symlink: /home/lee/workspace/ros2_ex_mav/install/px4_msgs/include/px4_msgs/px4_msgs/msg/detail/estimator_event_flags__rosidl_typesupport_introspection_c.h\n'}
[0.472909] (px4_msgs) StdoutLine: {'line': b'-- Up-to-date symlink: /home/lee/workspace/ros2_ex_mav/install/px4_msgs/include/px4_msgs/px4_msgs/msg/detail/estimator_gps_status__rosidl_typesupport_introspection_c.h\n'}
[0.472941] (px4_msgs) StdoutLine: {'line': b'-- Up-to-date symlink: /home/lee/workspace/ros2_ex_mav/install/px4_msgs/include/px4_msgs/px4_msgs/msg/detail/estimator_innovations__rosidl_typesupport_introspection_c.h\n'}
[0.472975] (px4_msgs) StdoutLine: {'line': b'-- Up-to-date symlink: /home/lee/workspace/ros2_ex_mav/install/px4_msgs/include/px4_msgs/px4_msgs/msg/detail/estimator_selector_status__rosidl_typesupport_introspection_c.h\n'}
[0.473007] (px4_msgs) StdoutLine: {'line': b'-- Up-to-date symlink: /home/lee/workspace/ros2_ex_mav/install/px4_msgs/include/px4_msgs/px4_msgs/msg/detail/estimator_sensor_bias__rosidl_typesupport_introspection_c.h\n'}
[0.473039] (px4_msgs) StdoutLine: {'line': b'-- Up-to-date symlink: /home/lee/workspace/ros2_ex_mav/install/px4_msgs/include/px4_msgs/px4_msgs/msg/detail/estimator_states__rosidl_typesupport_introspection_c.h\n'}
[0.473075] (px4_msgs) StdoutLine: {'line': b'-- Up-to-date symlink: /home/lee/workspace/ros2_ex_mav/install/px4_msgs/include/px4_msgs/px4_msgs/msg/detail/estimator_status__rosidl_typesupport_introspection_c.h\n'}
[0.473108] (px4_msgs) StdoutLine: {'line': b'-- Up-to-date symlink: /home/lee/workspace/ros2_ex_mav/install/px4_msgs/include/px4_msgs/px4_msgs/msg/detail/estimator_status_flags__rosidl_typesupport_introspection_c.h\n'}
[0.473139] (px4_msgs) StdoutLine: {'line': b'-- Up-to-date symlink: /home/lee/workspace/ros2_ex_mav/install/px4_msgs/include/px4_msgs/px4_msgs/msg/detail/event__rosidl_typesupport_introspection_c.h\n'}
[0.473181] (px4_msgs) StdoutLine: {'line': b'-- Up-to-date symlink: /home/lee/workspace/ros2_ex_mav/install/px4_msgs/include/px4_msgs/px4_msgs/msg/detail/failsafe_flags__rosidl_typesupport_introspection_c.h\n'}
[0.473220] (px4_msgs) StdoutLine: {'line': b'-- Up-to-date symlink: /home/lee/workspace/ros2_ex_mav/install/px4_msgs/include/px4_msgs/px4_msgs/msg/detail/failure_detector_status__rosidl_typesupport_introspection_c.h\n'}
[0.473248] (px4_msgs) StdoutLine: {'line': b'-- Up-to-date symlink: /home/lee/workspace/ros2_ex_mav/install/px4_msgs/include/px4_msgs/px4_msgs/msg/detail/follow_target__rosidl_typesupport_introspection_c.h\n'}
[0.473277] (px4_msgs) StdoutLine: {'line': b'-- Up-to-date symlink: /home/lee/workspace/ros2_ex_mav/install/px4_msgs/include/px4_msgs/px4_msgs/msg/detail/follow_target_estimator__rosidl_typesupport_introspection_c.h\n'}
[0.473309] (px4_msgs) StdoutLine: {'line': b'-- Up-to-date symlink: /home/lee/workspace/ros2_ex_mav/install/px4_msgs/include/px4_msgs/px4_msgs/msg/detail/follow_target_status__rosidl_typesupport_introspection_c.h\n'}
[0.473338] (px4_msgs) StdoutLine: {'line': b'-- Up-to-date symlink: /home/lee/workspace/ros2_ex_mav/install/px4_msgs/include/px4_msgs/px4_msgs/msg/detail/generator_status__rosidl_typesupport_introspection_c.h\n'}
[0.473364] (px4_msgs) StdoutLine: {'line': b'-- Up-to-date symlink: /home/lee/workspace/ros2_ex_mav/install/px4_msgs/include/px4_msgs/px4_msgs/msg/detail/geofence_result__rosidl_typesupport_introspection_c.h\n'}
[0.473395] (px4_msgs) StdoutLine: {'line': b'-- Up-to-date symlink: /home/lee/workspace/ros2_ex_mav/install/px4_msgs/include/px4_msgs/px4_msgs/msg/detail/gimbal_controls__rosidl_typesupport_introspection_c.h\n'}
[0.473429] (px4_msgs) StdoutLine: {'line': b'-- Up-to-date symlink: /home/lee/workspace/ros2_ex_mav/install/px4_msgs/include/px4_msgs/px4_msgs/msg/detail/gimbal_device_attitude_status__rosidl_typesupport_introspection_c.h\n'}
[0.473463] (px4_msgs) StdoutLine: {'line': b'-- Up-to-date symlink: /home/lee/workspace/ros2_ex_mav/install/px4_msgs/include/px4_msgs/px4_msgs/msg/detail/gimbal_device_information__rosidl_typesupport_introspection_c.h\n'}
[0.473496] (px4_msgs) StdoutLine: {'line': b'-- Up-to-date symlink: /home/lee/workspace/ros2_ex_mav/install/px4_msgs/include/px4_msgs/px4_msgs/msg/detail/gimbal_device_set_attitude__rosidl_typesupport_introspection_c.h\n'}
[0.473529] (px4_msgs) StdoutLine: {'line': b'-- Up-to-date symlink: /home/lee/workspace/ros2_ex_mav/install/px4_msgs/include/px4_msgs/px4_msgs/msg/detail/gimbal_manager_information__rosidl_typesupport_introspection_c.h\n'}
[0.473561] (px4_msgs) StdoutLine: {'line': b'-- Up-to-date symlink: /home/lee/workspace/ros2_ex_mav/install/px4_msgs/include/px4_msgs/px4_msgs/msg/detail/gimbal_manager_set_attitude__rosidl_typesupport_introspection_c.h\n'}
[0.473595] (px4_msgs) StdoutLine: {'line': b'-- Up-to-date symlink: /home/lee/workspace/ros2_ex_mav/install/px4_msgs/include/px4_msgs/px4_msgs/msg/detail/gimbal_manager_set_manual_control__rosidl_typesupport_introspection_c.h\n'}
[0.473628] (px4_msgs) StdoutLine: {'line': b'-- Up-to-date symlink: /home/lee/workspace/ros2_ex_mav/install/px4_msgs/include/px4_msgs/px4_msgs/msg/detail/gimbal_manager_status__rosidl_typesupport_introspection_c.h\n'}
[0.473661] (px4_msgs) StdoutLine: {'line': b'-- Up-to-date symlink: /home/lee/workspace/ros2_ex_mav/install/px4_msgs/include/px4_msgs/px4_msgs/msg/detail/gps_dump__rosidl_typesupport_introspection_c.h\n'}
[0.473694] (px4_msgs) StdoutLine: {'line': b'-- Up-to-date symlink: /home/lee/workspace/ros2_ex_mav/install/px4_msgs/include/px4_msgs/px4_msgs/msg/detail/gps_inject_data__rosidl_typesupport_introspection_c.h\n'}
[0.473727] (px4_msgs) StdoutLine: {'line': b'-- Up-to-date symlink: /home/lee/workspace/ros2_ex_mav/install/px4_msgs/include/px4_msgs/px4_msgs/msg/detail/gripper__rosidl_typesupport_introspection_c.h\n'}
[0.473759] (px4_msgs) StdoutLine: {'line': b'-- Up-to-date symlink: /home/lee/workspace/ros2_ex_mav/install/px4_msgs/include/px4_msgs/px4_msgs/msg/detail/health_report__rosidl_typesupport_introspection_c.h\n'}
[0.473792] (px4_msgs) StdoutLine: {'line': b'-- Up-to-date symlink: /home/lee/workspace/ros2_ex_mav/install/px4_msgs/include/px4_msgs/px4_msgs/msg/detail/heater_status__rosidl_typesupport_introspection_c.h\n'}
[0.473824] (px4_msgs) StdoutLine: {'line': b'-- Up-to-date symlink: /home/lee/workspace/ros2_ex_mav/install/px4_msgs/include/px4_msgs/px4_msgs/msg/detail/home_position__rosidl_typesupport_introspection_c.h\n'}
[0.473858] (px4_msgs) StdoutLine: {'line': b'-- Up-to-date symlink: /home/lee/workspace/ros2_ex_mav/install/px4_msgs/include/px4_msgs/px4_msgs/msg/detail/hover_thrust_estimate__rosidl_typesupport_introspection_c.h\n'}
[0.473890] (px4_msgs) StdoutLine: {'line': b'-- Up-to-date symlink: /home/lee/workspace/ros2_ex_mav/install/px4_msgs/include/px4_msgs/px4_msgs/msg/detail/input_rc__rosidl_typesupport_introspection_c.h\n'}
[0.473926] (px4_msgs) StdoutLine: {'line': b'-- Up-to-date symlink: /home/lee/workspace/ros2_ex_mav/install/px4_msgs/include/px4_msgs/px4_msgs/msg/detail/internal_combustion_engine_status__rosidl_typesupport_introspection_c.h\n'}
[0.473958] (px4_msgs) StdoutLine: {'line': b'-- Up-to-date symlink: /home/lee/workspace/ros2_ex_mav/install/px4_msgs/include/px4_msgs/px4_msgs/msg/detail/iridiumsbd_status__rosidl_typesupport_introspection_c.h\n'}
[0.473990] (px4_msgs) StdoutLine: {'line': b'-- Up-to-date symlink: /home/lee/workspace/ros2_ex_mav/install/px4_msgs/include/px4_msgs/px4_msgs/msg/detail/irlock_report__rosidl_typesupport_introspection_c.h\n'}
[0.474022] (px4_msgs) StdoutLine: {'line': b'-- Up-to-date symlink: /home/lee/workspace/ros2_ex_mav/install/px4_msgs/include/px4_msgs/px4_msgs/msg/detail/landing_gear__rosidl_typesupport_introspection_c.h\n'}
[0.474054] (px4_msgs) StdoutLine: {'line': b'-- Up-to-date symlink: /home/lee/workspace/ros2_ex_mav/install/px4_msgs/include/px4_msgs/px4_msgs/msg/detail/landing_gear_wheel__rosidl_typesupport_introspection_c.h\n'}
[0.474086] (px4_msgs) StdoutLine: {'line': b'-- Up-to-date symlink: /home/lee/workspace/ros2_ex_mav/install/px4_msgs/include/px4_msgs/px4_msgs/msg/detail/landing_target_innovations__rosidl_typesupport_introspection_c.h\n'}
[0.474118] (px4_msgs) StdoutLine: {'line': b'-- Up-to-date symlink: /home/lee/workspace/ros2_ex_mav/install/px4_msgs/include/px4_msgs/px4_msgs/msg/detail/landing_target_pose__rosidl_typesupport_introspection_c.h\n'}
[0.474150] (px4_msgs) StdoutLine: {'line': b'-- Up-to-date symlink: /home/lee/workspace/ros2_ex_mav/install/px4_msgs/include/px4_msgs/px4_msgs/msg/detail/launch_detection_status__rosidl_typesupport_introspection_c.h\n'}
[0.474186] (px4_msgs) StdoutLine: {'line': b'-- Up-to-date symlink: /home/lee/workspace/ros2_ex_mav/install/px4_msgs/include/px4_msgs/px4_msgs/msg/detail/led_control__rosidl_typesupport_introspection_c.h\n'}
[0.474218] (px4_msgs) StdoutLine: {'line': b'-- Up-to-date symlink: /home/lee/workspace/ros2_ex_mav/install/px4_msgs/include/px4_msgs/px4_msgs/msg/detail/log_message__rosidl_typesupport_introspection_c.h\n'}
[0.474251] (px4_msgs) StdoutLine: {'line': b'-- Up-to-date symlink: /home/lee/workspace/ros2_ex_mav/install/px4_msgs/include/px4_msgs/px4_msgs/msg/detail/logger_status__rosidl_typesupport_introspection_c.h\n'}
[0.474284] (px4_msgs) StdoutLine: {'line': b'-- Up-to-date symlink: /home/lee/workspace/ros2_ex_mav/install/px4_msgs/include/px4_msgs/px4_msgs/msg/detail/mag_worker_data__rosidl_typesupport_introspection_c.h\n'}
[0.474317] (px4_msgs) StdoutLine: {'line': b'-- Up-to-date symlink: /home/lee/workspace/ros2_ex_mav/install/px4_msgs/include/px4_msgs/px4_msgs/msg/detail/magnetometer_bias_estimate__rosidl_typesupport_introspection_c.h\n'}
[0.474349] (px4_msgs) StdoutLine: {'line': b'-- Up-to-date symlink: /home/lee/workspace/ros2_ex_mav/install/px4_msgs/include/px4_msgs/px4_msgs/msg/detail/manual_control_setpoint__rosidl_typesupport_introspection_c.h\n'}
[0.474381] (px4_msgs) StdoutLine: {'line': b'-- Up-to-date symlink: /home/lee/workspace/ros2_ex_mav/install/px4_msgs/include/px4_msgs/px4_msgs/msg/detail/manual_control_switches__rosidl_typesupport_introspection_c.h\n'}
[0.474414] (px4_msgs) StdoutLine: {'line': b'-- Up-to-date symlink: /home/lee/workspace/ros2_ex_mav/install/px4_msgs/include/px4_msgs/px4_msgs/msg/detail/mavlink_log__rosidl_typesupport_introspection_c.h\n'}
[0.474446] (px4_msgs) StdoutLine: {'line': b'-- Up-to-date symlink: /home/lee/workspace/ros2_ex_mav/install/px4_msgs/include/px4_msgs/px4_msgs/msg/detail/mavlink_tunnel__rosidl_typesupport_introspection_c.h\n'}
[0.474479] (px4_msgs) StdoutLine: {'line': b'-- Up-to-date symlink: /home/lee/workspace/ros2_ex_mav/install/px4_msgs/include/px4_msgs/px4_msgs/msg/detail/mission__rosidl_typesupport_introspection_c.h\n'}
[0.474512] (px4_msgs) StdoutLine: {'line': b'-- Up-to-date symlink: /home/lee/workspace/ros2_ex_mav/install/px4_msgs/include/px4_msgs/px4_msgs/msg/detail/mission_result__rosidl_typesupport_introspection_c.h\n'}
[0.474545] (px4_msgs) StdoutLine: {'line': b'-- Up-to-date symlink: /home/lee/workspace/ros2_ex_mav/install/px4_msgs/include/px4_msgs/px4_msgs/msg/detail/mode_completed__rosidl_typesupport_introspection_c.h\n'}
[0.474578] (px4_msgs) StdoutLine: {'line': b'-- Up-to-date symlink: /home/lee/workspace/ros2_ex_mav/install/px4_msgs/include/px4_msgs/px4_msgs/msg/detail/mount_orientation__rosidl_typesupport_introspection_c.h\n'}
[0.474611] (px4_msgs) StdoutLine: {'line': b'-- Up-to-date symlink: /home/lee/workspace/ros2_ex_mav/install/px4_msgs/include/px4_msgs/px4_msgs/msg/detail/navigator_mission_item__rosidl_typesupport_introspection_c.h\n'}
[0.474644] (px4_msgs) StdoutLine: {'line': b'-- Up-to-date symlink: /home/lee/workspace/ros2_ex_mav/install/px4_msgs/include/px4_msgs/px4_msgs/msg/detail/normalized_unsigned_setpoint__rosidl_typesupport_introspection_c.h\n'}
[0.474677] (px4_msgs) StdoutLine: {'line': b'-- Up-to-date symlink: /home/lee/workspace/ros2_ex_mav/install/px4_msgs/include/px4_msgs/px4_msgs/msg/detail/npfg_status__rosidl_typesupport_introspection_c.h\n'}
[0.474711] (px4_msgs) StdoutLine: {'line': b'-- Up-to-date symlink: /home/lee/workspace/ros2_ex_mav/install/px4_msgs/include/px4_msgs/px4_msgs/msg/detail/obstacle_distance__rosidl_typesupport_introspection_c.h\n'}
[0.474744] (px4_msgs) StdoutLine: {'line': b'-- Up-to-date symlink: /home/lee/workspace/ros2_ex_mav/install/px4_msgs/include/px4_msgs/px4_msgs/msg/detail/offboard_control_mode__rosidl_typesupport_introspection_c.h\n'}
[0.474777] (px4_msgs) StdoutLine: {'line': b'-- Up-to-date symlink: /home/lee/workspace/ros2_ex_mav/install/px4_msgs/include/px4_msgs/px4_msgs/msg/detail/onboard_computer_status__rosidl_typesupport_introspection_c.h\n'}
[0.474810] (px4_msgs) StdoutLine: {'line': b'-- Up-to-date symlink: /home/lee/workspace/ros2_ex_mav/install/px4_msgs/include/px4_msgs/px4_msgs/msg/detail/orb_test__rosidl_typesupport_introspection_c.h\n'}
[0.474844] (px4_msgs) StdoutLine: {'line': b'-- Up-to-date symlink: /home/lee/workspace/ros2_ex_mav/install/px4_msgs/include/px4_msgs/px4_msgs/msg/detail/orb_test_large__rosidl_typesupport_introspection_c.h\n'}
[0.474877] (px4_msgs) StdoutLine: {'line': b'-- Up-to-date symlink: /home/lee/workspace/ros2_ex_mav/install/px4_msgs/include/px4_msgs/px4_msgs/msg/detail/orb_test_medium__rosidl_typesupport_introspection_c.h\n'}
[0.474910] (px4_msgs) StdoutLine: {'line': b'-- Up-to-date symlink: /home/lee/workspace/ros2_ex_mav/install/px4_msgs/include/px4_msgs/px4_msgs/msg/detail/orbit_status__rosidl_typesupport_introspection_c.h\n'}
[0.474942] (px4_msgs) StdoutLine: {'line': b'-- Up-to-date symlink: /home/lee/workspace/ros2_ex_mav/install/px4_msgs/include/px4_msgs/px4_msgs/msg/detail/parameter_update__rosidl_typesupport_introspection_c.h\n'}
[0.474976] (px4_msgs) StdoutLine: {'line': b'-- Up-to-date symlink: /home/lee/workspace/ros2_ex_mav/install/px4_msgs/include/px4_msgs/px4_msgs/msg/detail/ping__rosidl_typesupport_introspection_c.h\n'}
[0.475010] (px4_msgs) StdoutLine: {'line': b'-- Up-to-date symlink: /home/lee/workspace/ros2_ex_mav/install/px4_msgs/include/px4_msgs/px4_msgs/msg/detail/position_controller_landing_status__rosidl_typesupport_introspection_c.h\n'}
[0.475043] (px4_msgs) StdoutLine: {'line': b'-- Up-to-date symlink: /home/lee/workspace/ros2_ex_mav/install/px4_msgs/include/px4_msgs/px4_msgs/msg/detail/position_controller_status__rosidl_typesupport_introspection_c.h\n'}
[0.475076] (px4_msgs) StdoutLine: {'line': b'-- Up-to-date symlink: /home/lee/workspace/ros2_ex_mav/install/px4_msgs/include/px4_msgs/px4_msgs/msg/detail/position_setpoint__rosidl_typesupport_introspection_c.h\n'}
[0.475109] (px4_msgs) StdoutLine: {'line': b'-- Up-to-date symlink: /home/lee/workspace/ros2_ex_mav/install/px4_msgs/include/px4_msgs/px4_msgs/msg/detail/position_setpoint_triplet__rosidl_typesupport_introspection_c.h\n'}
[0.475142] (px4_msgs) StdoutLine: {'line': b'-- Up-to-date symlink: /home/lee/workspace/ros2_ex_mav/install/px4_msgs/include/px4_msgs/px4_msgs/msg/detail/power_button_state__rosidl_typesupport_introspection_c.h\n'}
[0.475176] (px4_msgs) StdoutLine: {'line': b'-- Up-to-date symlink: /home/lee/workspace/ros2_ex_mav/install/px4_msgs/include/px4_msgs/px4_msgs/msg/detail/power_monitor__rosidl_typesupport_introspection_c.h\n'}
[0.475210] (px4_msgs) StdoutLine: {'line': b'-- Up-to-date symlink: /home/lee/workspace/ros2_ex_mav/install/px4_msgs/include/px4_msgs/px4_msgs/msg/detail/pps_capture__rosidl_typesupport_introspection_c.h\n'}
[0.475242] (px4_msgs) StdoutLine: {'line': b'-- Up-to-date symlink: /home/lee/workspace/ros2_ex_mav/install/px4_msgs/include/px4_msgs/px4_msgs/msg/detail/pwm_input__rosidl_typesupport_introspection_c.h\n'}
[0.475274] (px4_msgs) StdoutLine: {'line': b'-- Up-to-date symlink: /home/lee/workspace/ros2_ex_mav/install/px4_msgs/include/px4_msgs/px4_msgs/msg/detail/px4io_status__rosidl_typesupport_introspection_c.h\n'}
[0.475307] (px4_msgs) StdoutLine: {'line': b'-- Up-to-date symlink: /home/lee/workspace/ros2_ex_mav/install/px4_msgs/include/px4_msgs/px4_msgs/msg/detail/qshell_req__rosidl_typesupport_introspection_c.h\n'}
[0.475339] (px4_msgs) StdoutLine: {'line': b'-- Up-to-date symlink: /home/lee/workspace/ros2_ex_mav/install/px4_msgs/include/px4_msgs/px4_msgs/msg/detail/qshell_retval__rosidl_typesupport_introspection_c.h\n'}
[0.475371] (px4_msgs) StdoutLine: {'line': b'-- Up-to-date symlink: /home/lee/workspace/ros2_ex_mav/install/px4_msgs/include/px4_msgs/px4_msgs/msg/detail/radio_status__rosidl_typesupport_introspection_c.h\n'}
[0.475403] (px4_msgs) StdoutLine: {'line': b'-- Up-to-date symlink: /home/lee/workspace/ros2_ex_mav/install/px4_msgs/include/px4_msgs/px4_msgs/msg/detail/rate_ctrl_status__rosidl_typesupport_introspection_c.h\n'}
[0.475435] (px4_msgs) StdoutLine: {'line': b'-- Up-to-date symlink: /home/lee/workspace/ros2_ex_mav/install/px4_msgs/include/px4_msgs/px4_msgs/msg/detail/rc_channels__rosidl_typesupport_introspection_c.h\n'}
[0.475467] (px4_msgs) StdoutLine: {'line': b'-- Up-to-date symlink: /home/lee/workspace/ros2_ex_mav/install/px4_msgs/include/px4_msgs/px4_msgs/msg/detail/rc_parameter_map__rosidl_typesupport_introspection_c.h\n'}
[0.475502] (px4_msgs) StdoutLine: {'line': b'-- Up-to-date symlink: /home/lee/workspace/ros2_ex_mav/install/px4_msgs/include/px4_msgs/px4_msgs/msg/detail/rpm__rosidl_typesupport_introspection_c.h\n'}
[0.475535] (px4_msgs) StdoutLine: {'line': b'-- Up-to-date symlink: /home/lee/workspace/ros2_ex_mav/install/px4_msgs/include/px4_msgs/px4_msgs/msg/detail/rtl_time_estimate__rosidl_typesupport_introspection_c.h\n'}
[0.475568] (px4_msgs) StdoutLine: {'line': b'-- Up-to-date symlink: /home/lee/workspace/ros2_ex_mav/install/px4_msgs/include/px4_msgs/px4_msgs/msg/detail/satellite_info__rosidl_typesupport_introspection_c.h\n'}
[0.475600] (px4_msgs) StdoutLine: {'line': b'-- Up-to-date symlink: /home/lee/workspace/ros2_ex_mav/install/px4_msgs/include/px4_msgs/px4_msgs/msg/detail/sensor_accel__rosidl_typesupport_introspection_c.h\n'}
[0.475633] (px4_msgs) StdoutLine: {'line': b'-- Up-to-date symlink: /home/lee/workspace/ros2_ex_mav/install/px4_msgs/include/px4_msgs/px4_msgs/msg/detail/sensor_accel_fifo__rosidl_typesupport_introspection_c.h\n'}
[0.475667] (px4_msgs) StdoutLine: {'line': b'-- Up-to-date symlink: /home/lee/workspace/ros2_ex_mav/install/px4_msgs/include/px4_msgs/px4_msgs/msg/detail/sensor_baro__rosidl_typesupport_introspection_c.h\n'}
[0.475699] (px4_msgs) StdoutLine: {'line': b'-- Up-to-date symlink: /home/lee/workspace/ros2_ex_mav/install/px4_msgs/include/px4_msgs/px4_msgs/msg/detail/sensor_combined__rosidl_typesupport_introspection_c.h\n'}
[0.475731] (px4_msgs) StdoutLine: {'line': b'-- Up-to-date symlink: /home/lee/workspace/ros2_ex_mav/install/px4_msgs/include/px4_msgs/px4_msgs/msg/detail/sensor_correction__rosidl_typesupport_introspection_c.h\n'}
[0.475764] (px4_msgs) StdoutLine: {'line': b'-- Up-to-date symlink: /home/lee/workspace/ros2_ex_mav/install/px4_msgs/include/px4_msgs/px4_msgs/msg/detail/sensor_gnss_relative__rosidl_typesupport_introspection_c.h\n'}
[0.475797] (px4_msgs) StdoutLine: {'line': b'-- Up-to-date symlink: /home/lee/workspace/ros2_ex_mav/install/px4_msgs/include/px4_msgs/px4_msgs/msg/detail/sensor_gps__rosidl_typesupport_introspection_c.h\n'}
[0.475831] (px4_msgs) StdoutLine: {'line': b'-- Up-to-date symlink: /home/lee/workspace/ros2_ex_mav/install/px4_msgs/include/px4_msgs/px4_msgs/msg/detail/sensor_gyro__rosidl_typesupport_introspection_c.h\n'}
[0.475864] (px4_msgs) StdoutLine: {'line': b'-- Up-to-date symlink: /home/lee/workspace/ros2_ex_mav/install/px4_msgs/include/px4_msgs/px4_msgs/msg/detail/sensor_gyro_fft__rosidl_typesupport_introspection_c.h\n'}
[0.475897] (px4_msgs) StdoutLine: {'line': b'-- Up-to-date symlink: /home/lee/workspace/ros2_ex_mav/install/px4_msgs/include/px4_msgs/px4_msgs/msg/detail/sensor_gyro_fifo__rosidl_typesupport_introspection_c.h\n'}
[0.475928] (px4_msgs) StdoutLine: {'line': b'-- Up-to-date symlink: /home/lee/workspace/ros2_ex_mav/install/px4_msgs/include/px4_msgs/px4_msgs/msg/detail/sensor_hygrometer__rosidl_typesupport_introspection_c.h\n'}
[0.475961] (px4_msgs) StdoutLine: {'line': b'-- Up-to-date symlink: /home/lee/workspace/ros2_ex_mav/install/px4_msgs/include/px4_msgs/px4_msgs/msg/detail/sensor_mag__rosidl_typesupport_introspection_c.h\n'}
[0.475994] (px4_msgs) StdoutLine: {'line': b'-- Up-to-date symlink: /home/lee/workspace/ros2_ex_mav/install/px4_msgs/include/px4_msgs/px4_msgs/msg/detail/sensor_optical_flow__rosidl_typesupport_introspection_c.h\n'}
[0.476027] (px4_msgs) StdoutLine: {'line': b'-- Up-to-date symlink: /home/lee/workspace/ros2_ex_mav/install/px4_msgs/include/px4_msgs/px4_msgs/msg/detail/sensor_preflight_mag__rosidl_typesupport_introspection_c.h\n'}
[0.476059] (px4_msgs) StdoutLine: {'line': b'-- Up-to-date symlink: /home/lee/workspace/ros2_ex_mav/install/px4_msgs/include/px4_msgs/px4_msgs/msg/detail/sensor_selection__rosidl_typesupport_introspection_c.h\n'}
[0.476092] (px4_msgs) StdoutLine: {'line': b'-- Up-to-date symlink: /home/lee/workspace/ros2_ex_mav/install/px4_msgs/include/px4_msgs/px4_msgs/msg/detail/sensor_uwb__rosidl_typesupport_introspection_c.h\n'}
[0.476125] (px4_msgs) StdoutLine: {'line': b'-- Up-to-date symlink: /home/lee/workspace/ros2_ex_mav/install/px4_msgs/include/px4_msgs/px4_msgs/msg/detail/sensors_status__rosidl_typesupport_introspection_c.h\n'}
[0.476157] (px4_msgs) StdoutLine: {'line': b'-- Up-to-date symlink: /home/lee/workspace/ros2_ex_mav/install/px4_msgs/include/px4_msgs/px4_msgs/msg/detail/sensors_status_imu__rosidl_typesupport_introspection_c.h\n'}
[0.476191] (px4_msgs) StdoutLine: {'line': b'-- Up-to-date symlink: /home/lee/workspace/ros2_ex_mav/install/px4_msgs/include/px4_msgs/px4_msgs/msg/detail/system_power__rosidl_typesupport_introspection_c.h\n'}
[0.476223] (px4_msgs) StdoutLine: {'line': b'-- Up-to-date symlink: /home/lee/workspace/ros2_ex_mav/install/px4_msgs/include/px4_msgs/px4_msgs/msg/detail/takeoff_status__rosidl_typesupport_introspection_c.h\n'}
[0.476255] (px4_msgs) StdoutLine: {'line': b'-- Up-to-date symlink: /home/lee/workspace/ros2_ex_mav/install/px4_msgs/include/px4_msgs/px4_msgs/msg/detail/task_stack_info__rosidl_typesupport_introspection_c.h\n'}
[0.476287] (px4_msgs) StdoutLine: {'line': b'-- Up-to-date symlink: /home/lee/workspace/ros2_ex_mav/install/px4_msgs/include/px4_msgs/px4_msgs/msg/detail/tecs_status__rosidl_typesupport_introspection_c.h\n'}
[0.476318] (px4_msgs) StdoutLine: {'line': b'-- Up-to-date symlink: /home/lee/workspace/ros2_ex_mav/install/px4_msgs/include/px4_msgs/px4_msgs/msg/detail/telemetry_status__rosidl_typesupport_introspection_c.h\n'}
[0.476351] (px4_msgs) StdoutLine: {'line': b'-- Up-to-date symlink: /home/lee/workspace/ros2_ex_mav/install/px4_msgs/include/px4_msgs/px4_msgs/msg/detail/tiltrotor_extra_controls__rosidl_typesupport_introspection_c.h\n'}
[0.476383] (px4_msgs) StdoutLine: {'line': b'-- Up-to-date symlink: /home/lee/workspace/ros2_ex_mav/install/px4_msgs/include/px4_msgs/px4_msgs/msg/detail/timesync_status__rosidl_typesupport_introspection_c.h\n'}
[0.476416] (px4_msgs) StdoutLine: {'line': b'-- Up-to-date symlink: /home/lee/workspace/ros2_ex_mav/install/px4_msgs/include/px4_msgs/px4_msgs/msg/detail/trajectory_bezier__rosidl_typesupport_introspection_c.h\n'}
[0.476462] (px4_msgs) StdoutLine: {'line': b'-- Up-to-date symlink: /home/lee/workspace/ros2_ex_mav/install/px4_msgs/include/px4_msgs/px4_msgs/msg/detail/trajectory_setpoint__rosidl_typesupport_introspection_c.h\n'}
[0.476495] (px4_msgs) StdoutLine: {'line': b'-- Up-to-date symlink: /home/lee/workspace/ros2_ex_mav/install/px4_msgs/include/px4_msgs/px4_msgs/msg/detail/trajectory_waypoint__rosidl_typesupport_introspection_c.h\n'}
[0.476523] (px4_msgs) StdoutLine: {'line': b'-- Up-to-date symlink: /home/lee/workspace/ros2_ex_mav/install/px4_msgs/include/px4_msgs/px4_msgs/msg/detail/transponder_report__rosidl_typesupport_introspection_c.h\n'}
[0.476557] (px4_msgs) StdoutLine: {'line': b'-- Up-to-date symlink: /home/lee/workspace/ros2_ex_mav/install/px4_msgs/include/px4_msgs/px4_msgs/msg/detail/tune_control__rosidl_typesupport_introspection_c.h\n'}
[0.476584] (px4_msgs) StdoutLine: {'line': b'-- Up-to-date symlink: /home/lee/workspace/ros2_ex_mav/install/px4_msgs/include/px4_msgs/px4_msgs/msg/detail/uavcan_parameter_request__rosidl_typesupport_introspection_c.h\n'}
[0.476616] (px4_msgs) StdoutLine: {'line': b'-- Up-to-date symlink: /home/lee/workspace/ros2_ex_mav/install/px4_msgs/include/px4_msgs/px4_msgs/msg/detail/uavcan_parameter_value__rosidl_typesupport_introspection_c.h\n'}
[0.476648] (px4_msgs) StdoutLine: {'line': b'-- Up-to-date symlink: /home/lee/workspace/ros2_ex_mav/install/px4_msgs/include/px4_msgs/px4_msgs/msg/detail/ulog_stream__rosidl_typesupport_introspection_c.h\n'}
[0.476681] (px4_msgs) StdoutLine: {'line': b'-- Up-to-date symlink: /home/lee/workspace/ros2_ex_mav/install/px4_msgs/include/px4_msgs/px4_msgs/msg/detail/ulog_stream_ack__rosidl_typesupport_introspection_c.h\n'}
[0.476713] (px4_msgs) StdoutLine: {'line': b'-- Up-to-date symlink: /home/lee/workspace/ros2_ex_mav/install/px4_msgs/include/px4_msgs/px4_msgs/msg/detail/vehicle_acceleration__rosidl_typesupport_introspection_c.h\n'}
[0.476745] (px4_msgs) StdoutLine: {'line': b'-- Up-to-date symlink: /home/lee/workspace/ros2_ex_mav/install/px4_msgs/include/px4_msgs/px4_msgs/msg/detail/vehicle_air_data__rosidl_typesupport_introspection_c.h\n'}
[0.476781] (px4_msgs) StdoutLine: {'line': b'-- Up-to-date symlink: /home/lee/workspace/ros2_ex_mav/install/px4_msgs/include/px4_msgs/px4_msgs/msg/detail/vehicle_angular_acceleration_setpoint__rosidl_typesupport_introspection_c.h\n'}
[0.476813] (px4_msgs) StdoutLine: {'line': b'-- Up-to-date symlink: /home/lee/workspace/ros2_ex_mav/install/px4_msgs/include/px4_msgs/px4_msgs/msg/detail/vehicle_angular_velocity__rosidl_typesupport_introspection_c.h\n'}
[0.476844] (px4_msgs) StdoutLine: {'line': b'-- Up-to-date symlink: /home/lee/workspace/ros2_ex_mav/install/px4_msgs/include/px4_msgs/px4_msgs/msg/detail/vehicle_attitude__rosidl_typesupport_introspection_c.h\n'}
[0.476876] (px4_msgs) StdoutLine: {'line': b'-- Up-to-date symlink: /home/lee/workspace/ros2_ex_mav/install/px4_msgs/include/px4_msgs/px4_msgs/msg/detail/vehicle_attitude_setpoint__rosidl_typesupport_introspection_c.h\n'}
[0.476908] (px4_msgs) StdoutLine: {'line': b'-- Up-to-date symlink: /home/lee/workspace/ros2_ex_mav/install/px4_msgs/include/px4_msgs/px4_msgs/msg/detail/vehicle_command__rosidl_typesupport_introspection_c.h\n'}
[0.476940] (px4_msgs) StdoutLine: {'line': b'-- Up-to-date symlink: /home/lee/workspace/ros2_ex_mav/install/px4_msgs/include/px4_msgs/px4_msgs/msg/detail/vehicle_command_ack__rosidl_typesupport_introspection_c.h\n'}
[0.476971] (px4_msgs) StdoutLine: {'line': b'-- Up-to-date symlink: /home/lee/workspace/ros2_ex_mav/install/px4_msgs/include/px4_msgs/px4_msgs/msg/detail/vehicle_constraints__rosidl_typesupport_introspection_c.h\n'}
[0.477004] (px4_msgs) StdoutLine: {'line': b'-- Up-to-date symlink: /home/lee/workspace/ros2_ex_mav/install/px4_msgs/include/px4_msgs/px4_msgs/msg/detail/vehicle_control_mode__rosidl_typesupport_introspection_c.h\n'}
[0.477035] (px4_msgs) StdoutLine: {'line': b'-- Up-to-date symlink: /home/lee/workspace/ros2_ex_mav/install/px4_msgs/include/px4_msgs/px4_msgs/msg/detail/vehicle_global_position__rosidl_typesupport_introspection_c.h\n'}
[0.477067] (px4_msgs) StdoutLine: {'line': b'-- Up-to-date symlink: /home/lee/workspace/ros2_ex_mav/install/px4_msgs/include/px4_msgs/px4_msgs/msg/detail/vehicle_imu__rosidl_typesupport_introspection_c.h\n'}
[0.477100] (px4_msgs) StdoutLine: {'line': b'-- Up-to-date symlink: /home/lee/workspace/ros2_ex_mav/install/px4_msgs/include/px4_msgs/px4_msgs/msg/detail/vehicle_imu_status__rosidl_typesupport_introspection_c.h\n'}
[0.477133] (px4_msgs) StdoutLine: {'line': b'-- Up-to-date symlink: /home/lee/workspace/ros2_ex_mav/install/px4_msgs/include/px4_msgs/px4_msgs/msg/detail/vehicle_land_detected__rosidl_typesupport_introspection_c.h\n'}
[0.477170] (px4_msgs) StdoutLine: {'line': b'-- Up-to-date symlink: /home/lee/workspace/ros2_ex_mav/install/px4_msgs/include/px4_msgs/px4_msgs/msg/detail/vehicle_local_position__rosidl_typesupport_introspection_c.h\n'}
[0.477203] (px4_msgs) StdoutLine: {'line': b'-- Up-to-date symlink: /home/lee/workspace/ros2_ex_mav/install/px4_msgs/include/px4_msgs/px4_msgs/msg/detail/vehicle_local_position_setpoint__rosidl_typesupport_introspection_c.h\n'}
[0.477236] (px4_msgs) StdoutLine: {'line': b'-- Up-to-date symlink: /home/lee/workspace/ros2_ex_mav/install/px4_msgs/include/px4_msgs/px4_msgs/msg/detail/vehicle_magnetometer__rosidl_typesupport_introspection_c.h\n'}
[0.477267] (px4_msgs) StdoutLine: {'line': b'-- Up-to-date symlink: /home/lee/workspace/ros2_ex_mav/install/px4_msgs/include/px4_msgs/px4_msgs/msg/detail/vehicle_odometry__rosidl_typesupport_introspection_c.h\n'}
[0.477307] (px4_msgs) StdoutLine: {'line': b'-- Up-to-date symlink: /home/lee/workspace/ros2_ex_mav/install/px4_msgs/include/px4_msgs/px4_msgs/msg/detail/vehicle_optical_flow__rosidl_typesupport_introspection_c.h\n'}
[0.477357] (px4_msgs) StdoutLine: {'line': b'-- Up-to-date symlink: /home/lee/workspace/ros2_ex_mav/install/px4_msgs/include/px4_msgs/px4_msgs/msg/detail/vehicle_optical_flow_vel__rosidl_typesupport_introspection_c.h\n'}
[0.477396] (px4_msgs) StdoutLine: {'line': b'-- Up-to-date symlink: /home/lee/workspace/ros2_ex_mav/install/px4_msgs/include/px4_msgs/px4_msgs/msg/detail/vehicle_rates_setpoint__rosidl_typesupport_introspection_c.h\n'}
[0.477430] (px4_msgs) StdoutLine: {'line': b'-- Up-to-date symlink: /home/lee/workspace/ros2_ex_mav/install/px4_msgs/include/px4_msgs/px4_msgs/msg/detail/vehicle_roi__rosidl_typesupport_introspection_c.h\n'}
[0.477464] (px4_msgs) StdoutLine: {'line': b'-- Up-to-date symlink: /home/lee/workspace/ros2_ex_mav/install/px4_msgs/include/px4_msgs/px4_msgs/msg/detail/vehicle_status__rosidl_typesupport_introspection_c.h\n'}
[0.477496] (px4_msgs) StdoutLine: {'line': b'-- Up-to-date symlink: /home/lee/workspace/ros2_ex_mav/install/px4_msgs/include/px4_msgs/px4_msgs/msg/detail/vehicle_thrust_setpoint__rosidl_typesupport_introspection_c.h\n'}
[0.477529] (px4_msgs) StdoutLine: {'line': b'-- Up-to-date symlink: /home/lee/workspace/ros2_ex_mav/install/px4_msgs/include/px4_msgs/px4_msgs/msg/detail/vehicle_torque_setpoint__rosidl_typesupport_introspection_c.h\n'}
[0.477562] (px4_msgs) StdoutLine: {'line': b'-- Up-to-date symlink: /home/lee/workspace/ros2_ex_mav/install/px4_msgs/include/px4_msgs/px4_msgs/msg/detail/vehicle_trajectory_bezier__rosidl_typesupport_introspection_c.h\n'}
[0.477595] (px4_msgs) StdoutLine: {'line': b'-- Up-to-date symlink: /home/lee/workspace/ros2_ex_mav/install/px4_msgs/include/px4_msgs/px4_msgs/msg/detail/vehicle_trajectory_waypoint__rosidl_typesupport_introspection_c.h\n'}
[0.477627] (px4_msgs) StdoutLine: {'line': b'-- Up-to-date symlink: /home/lee/workspace/ros2_ex_mav/install/px4_msgs/include/px4_msgs/px4_msgs/msg/detail/vtol_vehicle_status__rosidl_typesupport_introspection_c.h\n'}
[0.477661] (px4_msgs) StdoutLine: {'line': b'-- Up-to-date symlink: /home/lee/workspace/ros2_ex_mav/install/px4_msgs/include/px4_msgs/px4_msgs/msg/detail/wind__rosidl_typesupport_introspection_c.h\n'}
[0.477695] (px4_msgs) StdoutLine: {'line': b'-- Up-to-date symlink: /home/lee/workspace/ros2_ex_mav/install/px4_msgs/include/px4_msgs/px4_msgs/msg/detail/yaw_estimator_status__rosidl_typesupport_introspection_c.h\n'}
[0.477729] (px4_msgs) StdoutLine: {'line': b'-- Up-to-date symlink: /home/lee/workspace/ros2_ex_mav/install/px4_msgs/include/px4_msgs/px4_msgs/msg/rosidl_typesupport_introspection_c__visibility_control.h\n'}
[0.478738] (px4_msgs) StdoutLine: {'line': b'-- Up-to-date symlink: /home/lee/workspace/ros2_ex_mav/install/px4_msgs/include/px4_msgs/px4_msgs/msg/detail/action_request__rosidl_typesupport_introspection_cpp.hpp\n'}
[0.478842] (px4_msgs) StdoutLine: {'line': b'-- Up-to-date symlink: /home/lee/workspace/ros2_ex_mav/install/px4_msgs/include/px4_msgs/px4_msgs/msg/detail/actuator_armed__rosidl_typesupport_introspection_cpp.hpp\n'}
[0.478863] (px4_msgs) StdoutLine: {'line': b'-- Up-to-date symlink: /home/lee/workspace/ros2_ex_mav/install/px4_msgs/include/px4_msgs/px4_msgs/msg/detail/actuator_controls_status__rosidl_typesupport_introspection_cpp.hpp\n'}
[0.478883] (px4_msgs) StdoutLine: {'line': b'-- Up-to-date symlink: /home/lee/workspace/ros2_ex_mav/install/px4_msgs/include/px4_msgs/px4_msgs/msg/detail/actuator_motors__rosidl_typesupport_introspection_cpp.hpp\n'}
[0.478918] (px4_msgs) StdoutLine: {'line': b'-- Up-to-date symlink: /home/lee/workspace/ros2_ex_mav/install/px4_msgs/include/px4_msgs/px4_msgs/msg/detail/actuator_outputs__rosidl_typesupport_introspection_cpp.hpp\n'}
[0.478945] (px4_msgs) StdoutLine: {'line': b'-- Up-to-date symlink: /home/lee/workspace/ros2_ex_mav/install/px4_msgs/include/px4_msgs/px4_msgs/msg/detail/actuator_servos__rosidl_typesupport_introspection_cpp.hpp\n'}
[0.478973] (px4_msgs) StdoutLine: {'line': b'-- Up-to-date symlink: /home/lee/workspace/ros2_ex_mav/install/px4_msgs/include/px4_msgs/px4_msgs/msg/detail/actuator_servos_trim__rosidl_typesupport_introspection_cpp.hpp\n'}
[0.478990] (px4_msgs) StdoutLine: {'line': b'-- Up-to-date symlink: /home/lee/workspace/ros2_ex_mav/install/px4_msgs/include/px4_msgs/px4_msgs/msg/detail/actuator_test__rosidl_typesupport_introspection_cpp.hpp\n'}
[0.479028] (px4_msgs) StdoutLine: {'line': b'-- Up-to-date symlink: /home/lee/workspace/ros2_ex_mav/install/px4_msgs/include/px4_msgs/px4_msgs/msg/detail/adc_report__rosidl_typesupport_introspection_cpp.hpp\n'}
[0.479047] (px4_msgs) StdoutLine: {'line': b'-- Up-to-date symlink: /home/lee/workspace/ros2_ex_mav/install/px4_msgs/include/px4_msgs/px4_msgs/msg/detail/airspeed__rosidl_typesupport_introspection_cpp.hpp\n'}
[0.479081] (px4_msgs) StdoutLine: {'line': b'-- Up-to-date symlink: /home/lee/workspace/ros2_ex_mav/install/px4_msgs/include/px4_msgs/px4_msgs/msg/detail/airspeed_validated__rosidl_typesupport_introspection_cpp.hpp\n'}
[0.479115] (px4_msgs) StdoutLine: {'line': b'-- Up-to-date symlink: /home/lee/workspace/ros2_ex_mav/install/px4_msgs/include/px4_msgs/px4_msgs/msg/detail/airspeed_wind__rosidl_typesupport_introspection_cpp.hpp\n'}
[0.479149] (px4_msgs) StdoutLine: {'line': b'-- Up-to-date symlink: /home/lee/workspace/ros2_ex_mav/install/px4_msgs/include/px4_msgs/px4_msgs/msg/detail/autotune_attitude_control_status__rosidl_typesupport_introspection_cpp.hpp\n'}
[0.479185] (px4_msgs) StdoutLine: {'line': b'-- Up-to-date symlink: /home/lee/workspace/ros2_ex_mav/install/px4_msgs/include/px4_msgs/px4_msgs/msg/detail/battery_status__rosidl_typesupport_introspection_cpp.hpp\n'}
[0.479221] (px4_msgs) StdoutLine: {'line': b'-- Up-to-date symlink: /home/lee/workspace/ros2_ex_mav/install/px4_msgs/include/px4_msgs/px4_msgs/msg/detail/button_event__rosidl_typesupport_introspection_cpp.hpp\n'}
[0.479260] (px4_msgs) StdoutLine: {'line': b'-- Up-to-date symlink: /home/lee/workspace/ros2_ex_mav/install/px4_msgs/include/px4_msgs/px4_msgs/msg/detail/camera_capture__rosidl_typesupport_introspection_cpp.hpp\n'}
[0.479279] (px4_msgs) StdoutLine: {'line': b'-- Up-to-date symlink: /home/lee/workspace/ros2_ex_mav/install/px4_msgs/include/px4_msgs/px4_msgs/msg/detail/camera_status__rosidl_typesupport_introspection_cpp.hpp\n'}
[0.479312] (px4_msgs) StdoutLine: {'line': b'-- Up-to-date symlink: /home/lee/workspace/ros2_ex_mav/install/px4_msgs/include/px4_msgs/px4_msgs/msg/detail/camera_trigger__rosidl_typesupport_introspection_cpp.hpp\n'}
[0.479500] (px4_msgs) StdoutLine: {'line': b'-- Up-to-date symlink: /home/lee/workspace/ros2_ex_mav/install/px4_msgs/include/px4_msgs/px4_msgs/msg/detail/cellular_status__rosidl_typesupport_introspection_cpp.hpp\n'}
[0.479520] (px4_msgs) StdoutLine: {'line': b'-- Up-to-date symlink: /home/lee/workspace/ros2_ex_mav/install/px4_msgs/include/px4_msgs/px4_msgs/msg/detail/collision_constraints__rosidl_typesupport_introspection_cpp.hpp\n'}
[0.479538] (px4_msgs) StdoutLine: {'line': b'-- Up-to-date symlink: /home/lee/workspace/ros2_ex_mav/install/px4_msgs/include/px4_msgs/px4_msgs/msg/detail/collision_report__rosidl_typesupport_introspection_cpp.hpp\n'}
[0.479557] (px4_msgs) StdoutLine: {'line': b'-- Up-to-date symlink: /home/lee/workspace/ros2_ex_mav/install/px4_msgs/include/px4_msgs/px4_msgs/msg/detail/control_allocator_status__rosidl_typesupport_introspection_cpp.hpp\n'}
[0.479575] (px4_msgs) StdoutLine: {'line': b'-- Up-to-date symlink: /home/lee/workspace/ros2_ex_mav/install/px4_msgs/include/px4_msgs/px4_msgs/msg/detail/cpuload__rosidl_typesupport_introspection_cpp.hpp\n'}
[0.479593] (px4_msgs) StdoutLine: {'line': b'-- Up-to-date symlink: /home/lee/workspace/ros2_ex_mav/install/px4_msgs/include/px4_msgs/px4_msgs/msg/detail/debug_array__rosidl_typesupport_introspection_cpp.hpp\n'}
[0.479678] (px4_msgs) StdoutLine: {'line': b'-- Up-to-date symlink: /home/lee/workspace/ros2_ex_mav/install/px4_msgs/include/px4_msgs/px4_msgs/msg/detail/debug_key_value__rosidl_typesupport_introspection_cpp.hpp\n'}
[0.479697] (px4_msgs) StdoutLine: {'line': b'-- Up-to-date symlink: /home/lee/workspace/ros2_ex_mav/install/px4_msgs/include/px4_msgs/px4_msgs/msg/detail/debug_value__rosidl_typesupport_introspection_cpp.hpp\n'}
[0.479715] (px4_msgs) StdoutLine: {'line': b'-- Up-to-date symlink: /home/lee/workspace/ros2_ex_mav/install/px4_msgs/include/px4_msgs/px4_msgs/msg/detail/debug_vect__rosidl_typesupport_introspection_cpp.hpp\n'}
[0.479735] (px4_msgs) StdoutLine: {'line': b'-- Up-to-date symlink: /home/lee/workspace/ros2_ex_mav/install/px4_msgs/include/px4_msgs/px4_msgs/msg/detail/differential_pressure__rosidl_typesupport_introspection_cpp.hpp\n'}
[0.479753] (px4_msgs) StdoutLine: {'line': b'-- Up-to-date symlink: /home/lee/workspace/ros2_ex_mav/install/px4_msgs/include/px4_msgs/px4_msgs/msg/detail/distance_sensor__rosidl_typesupport_introspection_cpp.hpp\n'}
[0.479823] (px4_msgs) StdoutLine: {'line': b'-- Up-to-date symlink: /home/lee/workspace/ros2_ex_mav/install/px4_msgs/include/px4_msgs/px4_msgs/msg/detail/ekf2_timestamps__rosidl_typesupport_introspection_cpp.hpp\n'}
[0.479843] (px4_msgs) StdoutLine: {'line': b'-- Up-to-date symlink: /home/lee/workspace/ros2_ex_mav/install/px4_msgs/include/px4_msgs/px4_msgs/msg/detail/esc_report__rosidl_typesupport_introspection_cpp.hpp\n'}
[0.479866] (px4_msgs) StdoutLine: {'line': b'-- Up-to-date symlink: /home/lee/workspace/ros2_ex_mav/install/px4_msgs/include/px4_msgs/px4_msgs/msg/detail/esc_status__rosidl_typesupport_introspection_cpp.hpp\n'}
[0.479885] (px4_msgs) StdoutLine: {'line': b'-- Up-to-date symlink: /home/lee/workspace/ros2_ex_mav/install/px4_msgs/include/px4_msgs/px4_msgs/msg/detail/estimator_aid_source1d__rosidl_typesupport_introspection_cpp.hpp\n'}
[0.479905] (px4_msgs) StdoutLine: {'line': b'-- Up-to-date symlink: /home/lee/workspace/ros2_ex_mav/install/px4_msgs/include/px4_msgs/px4_msgs/msg/detail/estimator_aid_source2d__rosidl_typesupport_introspection_cpp.hpp\n'}
[0.479938] (px4_msgs) StdoutLine: {'line': b'-- Up-to-date symlink: /home/lee/workspace/ros2_ex_mav/install/px4_msgs/include/px4_msgs/px4_msgs/msg/detail/estimator_aid_source3d__rosidl_typesupport_introspection_cpp.hpp\n'}
[0.479976] (px4_msgs) StdoutLine: {'line': b'-- Up-to-date symlink: /home/lee/workspace/ros2_ex_mav/install/px4_msgs/include/px4_msgs/px4_msgs/msg/detail/estimator_bias3d__rosidl_typesupport_introspection_cpp.hpp\n'}
[0.479997] (px4_msgs) StdoutLine: {'line': b'-- Up-to-date symlink: /home/lee/workspace/ros2_ex_mav/install/px4_msgs/include/px4_msgs/px4_msgs/msg/detail/estimator_bias__rosidl_typesupport_introspection_cpp.hpp\n'}
[0.480034] (px4_msgs) StdoutLine: {'line': b'-- Up-to-date symlink: /home/lee/workspace/ros2_ex_mav/install/px4_msgs/include/px4_msgs/px4_msgs/msg/detail/estimator_event_flags__rosidl_typesupport_introspection_cpp.hpp\n'}
[0.480054] (px4_msgs) StdoutLine: {'line': b'-- Up-to-date symlink: /home/lee/workspace/ros2_ex_mav/install/px4_msgs/include/px4_msgs/px4_msgs/msg/detail/estimator_gps_status__rosidl_typesupport_introspection_cpp.hpp\n'}
[0.480075] (px4_msgs) StdoutLine: {'line': b'-- Up-to-date symlink: /home/lee/workspace/ros2_ex_mav/install/px4_msgs/include/px4_msgs/px4_msgs/msg/detail/estimator_innovations__rosidl_typesupport_introspection_cpp.hpp\n'}
[0.480109] (px4_msgs) StdoutLine: {'line': b'-- Up-to-date symlink: /home/lee/workspace/ros2_ex_mav/install/px4_msgs/include/px4_msgs/px4_msgs/msg/detail/estimator_selector_status__rosidl_typesupport_introspection_cpp.hpp\n'}
[0.480129] (px4_msgs) StdoutLine: {'line': b'-- Up-to-date symlink: /home/lee/workspace/ros2_ex_mav/install/px4_msgs/include/px4_msgs/px4_msgs/msg/detail/estimator_sensor_bias__rosidl_typesupport_introspection_cpp.hpp\n'}
[0.480172] (px4_msgs) StdoutLine: {'line': b'-- Up-to-date symlink: /home/lee/workspace/ros2_ex_mav/install/px4_msgs/include/px4_msgs/px4_msgs/msg/detail/estimator_states__rosidl_typesupport_introspection_cpp.hpp\n'}
[0.480196] (px4_msgs) StdoutLine: {'line': b'-- Up-to-date symlink: /home/lee/workspace/ros2_ex_mav/install/px4_msgs/include/px4_msgs/px4_msgs/msg/detail/estimator_status__rosidl_typesupport_introspection_cpp.hpp\n'}
[0.480236] (px4_msgs) StdoutLine: {'line': b'-- Up-to-date symlink: /home/lee/workspace/ros2_ex_mav/install/px4_msgs/include/px4_msgs/px4_msgs/msg/detail/estimator_status_flags__rosidl_typesupport_introspection_cpp.hpp\n'}
[0.480258] (px4_msgs) StdoutLine: {'line': b'-- Up-to-date symlink: /home/lee/workspace/ros2_ex_mav/install/px4_msgs/include/px4_msgs/px4_msgs/msg/detail/event__rosidl_typesupport_introspection_cpp.hpp\n'}
[0.480297] (px4_msgs) StdoutLine: {'line': b'-- Up-to-date symlink: /home/lee/workspace/ros2_ex_mav/install/px4_msgs/include/px4_msgs/px4_msgs/msg/detail/failsafe_flags__rosidl_typesupport_introspection_cpp.hpp\n'}
[0.480317] (px4_msgs) StdoutLine: {'line': b'-- Up-to-date symlink: /home/lee/workspace/ros2_ex_mav/install/px4_msgs/include/px4_msgs/px4_msgs/msg/detail/failure_detector_status__rosidl_typesupport_introspection_cpp.hpp\n'}
[0.480354] (px4_msgs) StdoutLine: {'line': b'-- Up-to-date symlink: /home/lee/workspace/ros2_ex_mav/install/px4_msgs/include/px4_msgs/px4_msgs/msg/detail/follow_target__rosidl_typesupport_introspection_cpp.hpp\n'}
[0.480373] (px4_msgs) StdoutLine: {'line': b'-- Up-to-date symlink: /home/lee/workspace/ros2_ex_mav/install/px4_msgs/include/px4_msgs/px4_msgs/msg/detail/follow_target_estimator__rosidl_typesupport_introspection_cpp.hpp\n'}
[0.480413] (px4_msgs) StdoutLine: {'line': b'-- Up-to-date symlink: /home/lee/workspace/ros2_ex_mav/install/px4_msgs/include/px4_msgs/px4_msgs/msg/detail/follow_target_status__rosidl_typesupport_introspection_cpp.hpp\n'}
[0.480432] (px4_msgs) StdoutLine: {'line': b'-- Up-to-date symlink: /home/lee/workspace/ros2_ex_mav/install/px4_msgs/include/px4_msgs/px4_msgs/msg/detail/generator_status__rosidl_typesupport_introspection_cpp.hpp\n'}
[0.480466] (px4_msgs) StdoutLine: {'line': b'-- Up-to-date symlink: /home/lee/workspace/ros2_ex_mav/install/px4_msgs/include/px4_msgs/px4_msgs/msg/detail/geofence_result__rosidl_typesupport_introspection_cpp.hpp\n'}
[0.480500] (px4_msgs) StdoutLine: {'line': b'-- Up-to-date symlink: /home/lee/workspace/ros2_ex_mav/install/px4_msgs/include/px4_msgs/px4_msgs/msg/detail/gimbal_controls__rosidl_typesupport_introspection_cpp.hpp\n'}
[0.480535] (px4_msgs) StdoutLine: {'line': b'-- Up-to-date symlink: /home/lee/workspace/ros2_ex_mav/install/px4_msgs/include/px4_msgs/px4_msgs/msg/detail/gimbal_device_attitude_status__rosidl_typesupport_introspection_cpp.hpp\n'}
[0.480566] (px4_msgs) StdoutLine: {'line': b'-- Up-to-date symlink: /home/lee/workspace/ros2_ex_mav/install/px4_msgs/include/px4_msgs/px4_msgs/msg/detail/gimbal_device_information__rosidl_typesupport_introspection_cpp.hpp\n'}
[0.480602] (px4_msgs) StdoutLine: {'line': b'-- Up-to-date symlink: /home/lee/workspace/ros2_ex_mav/install/px4_msgs/include/px4_msgs/px4_msgs/msg/detail/gimbal_device_set_attitude__rosidl_typesupport_introspection_cpp.hpp\n'}
[0.480637] (px4_msgs) StdoutLine: {'line': b'-- Up-to-date symlink: /home/lee/workspace/ros2_ex_mav/install/px4_msgs/include/px4_msgs/px4_msgs/msg/detail/gimbal_manager_information__rosidl_typesupport_introspection_cpp.hpp\n'}
[0.480664] (px4_msgs) StdoutLine: {'line': b'-- Up-to-date symlink: /home/lee/workspace/ros2_ex_mav/install/px4_msgs/include/px4_msgs/px4_msgs/msg/detail/gimbal_manager_set_attitude__rosidl_typesupport_introspection_cpp.hpp\n'}
[0.480698] (px4_msgs) StdoutLine: {'line': b'-- Up-to-date symlink: /home/lee/workspace/ros2_ex_mav/install/px4_msgs/include/px4_msgs/px4_msgs/msg/detail/gimbal_manager_set_manual_control__rosidl_typesupport_introspection_cpp.hpp\n'}
[0.480733] (px4_msgs) StdoutLine: {'line': b'-- Up-to-date symlink: /home/lee/workspace/ros2_ex_mav/install/px4_msgs/include/px4_msgs/px4_msgs/msg/detail/gimbal_manager_status__rosidl_typesupport_introspection_cpp.hpp\n'}
[0.480768] (px4_msgs) StdoutLine: {'line': b'-- Up-to-date symlink: /home/lee/workspace/ros2_ex_mav/install/px4_msgs/include/px4_msgs/px4_msgs/msg/detail/gps_dump__rosidl_typesupport_introspection_cpp.hpp\n'}
[0.480797] (px4_msgs) StdoutLine: {'line': b'-- Up-to-date symlink: /home/lee/workspace/ros2_ex_mav/install/px4_msgs/include/px4_msgs/px4_msgs/msg/detail/gps_inject_data__rosidl_typesupport_introspection_cpp.hpp\n'}
[0.480832] (px4_msgs) StdoutLine: {'line': b'-- Up-to-date symlink: /home/lee/workspace/ros2_ex_mav/install/px4_msgs/include/px4_msgs/px4_msgs/msg/detail/gripper__rosidl_typesupport_introspection_cpp.hpp\n'}
[0.480868] (px4_msgs) StdoutLine: {'line': b'-- Up-to-date symlink: /home/lee/workspace/ros2_ex_mav/install/px4_msgs/include/px4_msgs/px4_msgs/msg/detail/health_report__rosidl_typesupport_introspection_cpp.hpp\n'}
[0.480896] (px4_msgs) StdoutLine: {'line': b'-- Up-to-date symlink: /home/lee/workspace/ros2_ex_mav/install/px4_msgs/include/px4_msgs/px4_msgs/msg/detail/heater_status__rosidl_typesupport_introspection_cpp.hpp\n'}
[0.480931] (px4_msgs) StdoutLine: {'line': b'-- Up-to-date symlink: /home/lee/workspace/ros2_ex_mav/install/px4_msgs/include/px4_msgs/px4_msgs/msg/detail/home_position__rosidl_typesupport_introspection_cpp.hpp\n'}
[0.480966] (px4_msgs) StdoutLine: {'line': b'-- Up-to-date symlink: /home/lee/workspace/ros2_ex_mav/install/px4_msgs/include/px4_msgs/px4_msgs/msg/detail/hover_thrust_estimate__rosidl_typesupport_introspection_cpp.hpp\n'}
[0.481059] (px4_msgs) StdoutLine: {'line': b'-- Up-to-date symlink: /home/lee/workspace/ros2_ex_mav/install/px4_msgs/include/px4_msgs/px4_msgs/msg/detail/input_rc__rosidl_typesupport_introspection_cpp.hpp\n'}
[0.481080] (px4_msgs) StdoutLine: {'line': b'-- Up-to-date symlink: /home/lee/workspace/ros2_ex_mav/install/px4_msgs/include/px4_msgs/px4_msgs/msg/detail/internal_combustion_engine_status__rosidl_typesupport_introspection_cpp.hpp\n'}
[0.481099] (px4_msgs) StdoutLine: {'line': b'-- Up-to-date symlink: /home/lee/workspace/ros2_ex_mav/install/px4_msgs/include/px4_msgs/px4_msgs/msg/detail/iridiumsbd_status__rosidl_typesupport_introspection_cpp.hpp\n'}
[0.481216] (px4_msgs) StdoutLine: {'line': b'-- Up-to-date symlink: /home/lee/workspace/ros2_ex_mav/install/px4_msgs/include/px4_msgs/px4_msgs/msg/detail/irlock_report__rosidl_typesupport_introspection_cpp.hpp\n'}
[0.481238] (px4_msgs) StdoutLine: {'line': b'-- Up-to-date symlink: /home/lee/workspace/ros2_ex_mav/install/px4_msgs/include/px4_msgs/px4_msgs/msg/detail/landing_gear__rosidl_typesupport_introspection_cpp.hpp\n'}
[0.481259] (px4_msgs) StdoutLine: {'line': b'-- Up-to-date symlink: /home/lee/workspace/ros2_ex_mav/install/px4_msgs/include/px4_msgs/px4_msgs/msg/detail/landing_gear_wheel__rosidl_typesupport_introspection_cpp.hpp\n'}
[0.481278] (px4_msgs) StdoutLine: {'line': b'-- Up-to-date symlink: /home/lee/workspace/ros2_ex_mav/install/px4_msgs/include/px4_msgs/px4_msgs/msg/detail/landing_target_innovations__rosidl_typesupport_introspection_cpp.hpp\n'}
[0.481429] (px4_msgs) StdoutLine: {'line': b'-- Up-to-date symlink: /home/lee/workspace/ros2_ex_mav/install/px4_msgs/include/px4_msgs/px4_msgs/msg/detail/landing_target_pose__rosidl_typesupport_introspection_cpp.hpp\n'}
[0.481449] (px4_msgs) StdoutLine: {'line': b'-- Up-to-date symlink: /home/lee/workspace/ros2_ex_mav/install/px4_msgs/include/px4_msgs/px4_msgs/msg/detail/launch_detection_status__rosidl_typesupport_introspection_cpp.hpp\n'}
[0.481467] (px4_msgs) StdoutLine: {'line': b'-- Up-to-date symlink: /home/lee/workspace/ros2_ex_mav/install/px4_msgs/include/px4_msgs/px4_msgs/msg/detail/led_control__rosidl_typesupport_introspection_cpp.hpp\n'}
[0.481486] (px4_msgs) StdoutLine: {'line': b'-- Up-to-date symlink: /home/lee/workspace/ros2_ex_mav/install/px4_msgs/include/px4_msgs/px4_msgs/msg/detail/log_message__rosidl_typesupport_introspection_cpp.hpp\n'}
[0.481508] (px4_msgs) StdoutLine: {'line': b'-- Up-to-date symlink: /home/lee/workspace/ros2_ex_mav/install/px4_msgs/include/px4_msgs/px4_msgs/msg/detail/logger_status__rosidl_typesupport_introspection_cpp.hpp\n'}
[0.481527] (px4_msgs) StdoutLine: {'line': b'-- Up-to-date symlink: /home/lee/workspace/ros2_ex_mav/install/px4_msgs/include/px4_msgs/px4_msgs/msg/detail/mag_worker_data__rosidl_typesupport_introspection_cpp.hpp\n'}
[0.481545] (px4_msgs) StdoutLine: {'line': b'-- Up-to-date symlink: /home/lee/workspace/ros2_ex_mav/install/px4_msgs/include/px4_msgs/px4_msgs/msg/detail/magnetometer_bias_estimate__rosidl_typesupport_introspection_cpp.hpp\n'}
[0.481641] (px4_msgs) StdoutLine: {'line': b'-- Up-to-date symlink: /home/lee/workspace/ros2_ex_mav/install/px4_msgs/include/px4_msgs/px4_msgs/msg/detail/manual_control_setpoint__rosidl_typesupport_introspection_cpp.hpp\n'}
[0.481661] (px4_msgs) StdoutLine: {'line': b'-- Up-to-date symlink: /home/lee/workspace/ros2_ex_mav/install/px4_msgs/include/px4_msgs/px4_msgs/msg/detail/manual_control_switches__rosidl_typesupport_introspection_cpp.hpp\n'}
[0.481678] (px4_msgs) StdoutLine: {'line': b'-- Up-to-date symlink: /home/lee/workspace/ros2_ex_mav/install/px4_msgs/include/px4_msgs/px4_msgs/msg/detail/mavlink_log__rosidl_typesupport_introspection_cpp.hpp\n'}
[0.481696] (px4_msgs) StdoutLine: {'line': b'-- Up-to-date symlink: /home/lee/workspace/ros2_ex_mav/install/px4_msgs/include/px4_msgs/px4_msgs/msg/detail/mavlink_tunnel__rosidl_typesupport_introspection_cpp.hpp\n'}
[0.481714] (px4_msgs) StdoutLine: {'line': b'-- Up-to-date symlink: /home/lee/workspace/ros2_ex_mav/install/px4_msgs/include/px4_msgs/px4_msgs/msg/detail/mission__rosidl_typesupport_introspection_cpp.hpp\n'}
[0.481733] (px4_msgs) StdoutLine: {'line': b'-- Up-to-date symlink: /home/lee/workspace/ros2_ex_mav/install/px4_msgs/include/px4_msgs/px4_msgs/msg/detail/mission_result__rosidl_typesupport_introspection_cpp.hpp\n'}
[0.481836] (px4_msgs) StdoutLine: {'line': b'-- Up-to-date symlink: /home/lee/workspace/ros2_ex_mav/install/px4_msgs/include/px4_msgs/px4_msgs/msg/detail/mode_completed__rosidl_typesupport_introspection_cpp.hpp\n'}
[0.481857] (px4_msgs) StdoutLine: {'line': b'-- Up-to-date symlink: /home/lee/workspace/ros2_ex_mav/install/px4_msgs/include/px4_msgs/px4_msgs/msg/detail/mount_orientation__rosidl_typesupport_introspection_cpp.hpp\n'}
[0.481875] (px4_msgs) StdoutLine: {'line': b'-- Up-to-date symlink: /home/lee/workspace/ros2_ex_mav/install/px4_msgs/include/px4_msgs/px4_msgs/msg/detail/navigator_mission_item__rosidl_typesupport_introspection_cpp.hpp\n'}
[0.481896] (px4_msgs) StdoutLine: {'line': b'-- Up-to-date symlink: /home/lee/workspace/ros2_ex_mav/install/px4_msgs/include/px4_msgs/px4_msgs/msg/detail/normalized_unsigned_setpoint__rosidl_typesupport_introspection_cpp.hpp\n'}
[0.481914] (px4_msgs) StdoutLine: {'line': b'-- Up-to-date symlink: /home/lee/workspace/ros2_ex_mav/install/px4_msgs/include/px4_msgs/px4_msgs/msg/detail/npfg_status__rosidl_typesupport_introspection_cpp.hpp\n'}
[0.481935] (px4_msgs) StdoutLine: {'line': b'-- Up-to-date symlink: /home/lee/workspace/ros2_ex_mav/install/px4_msgs/include/px4_msgs/px4_msgs/msg/detail/obstacle_distance__rosidl_typesupport_introspection_cpp.hpp\n'}
[0.482120] (px4_msgs) StdoutLine: {'line': b'-- Up-to-date symlink: /home/lee/workspace/ros2_ex_mav/install/px4_msgs/include/px4_msgs/px4_msgs/msg/detail/offboard_control_mode__rosidl_typesupport_introspection_cpp.hpp\n'}
[0.482143] (px4_msgs) StdoutLine: {'line': b'-- Up-to-date symlink: /home/lee/workspace/ros2_ex_mav/install/px4_msgs/include/px4_msgs/px4_msgs/msg/detail/onboard_computer_status__rosidl_typesupport_introspection_cpp.hpp\n'}
[0.482179] (px4_msgs) StdoutLine: {'line': b'-- Up-to-date symlink: /home/lee/workspace/ros2_ex_mav/install/px4_msgs/include/px4_msgs/px4_msgs/msg/detail/orb_test__rosidl_typesupport_introspection_cpp.hpp\n'}
[0.482203] (px4_msgs) StdoutLine: {'line': b'-- Up-to-date symlink: /home/lee/workspace/ros2_ex_mav/install/px4_msgs/include/px4_msgs/px4_msgs/msg/detail/orb_test_large__rosidl_typesupport_introspection_cpp.hpp\n'}
[0.482222] (px4_msgs) StdoutLine: {'line': b'-- Up-to-date symlink: /home/lee/workspace/ros2_ex_mav/install/px4_msgs/include/px4_msgs/px4_msgs/msg/detail/orb_test_medium__rosidl_typesupport_introspection_cpp.hpp\n'}
[0.482242] (px4_msgs) StdoutLine: {'line': b'-- Up-to-date symlink: /home/lee/workspace/ros2_ex_mav/install/px4_msgs/include/px4_msgs/px4_msgs/msg/detail/orbit_status__rosidl_typesupport_introspection_cpp.hpp\n'}
[0.482261] (px4_msgs) StdoutLine: {'line': b'-- Up-to-date symlink: /home/lee/workspace/ros2_ex_mav/install/px4_msgs/include/px4_msgs/px4_msgs/msg/detail/parameter_update__rosidl_typesupport_introspection_cpp.hpp\n'}
[0.482280] (px4_msgs) StdoutLine: {'line': b'-- Up-to-date symlink: /home/lee/workspace/ros2_ex_mav/install/px4_msgs/include/px4_msgs/px4_msgs/msg/detail/ping__rosidl_typesupport_introspection_cpp.hpp\n'}
[0.482300] (px4_msgs) StdoutLine: {'line': b'-- Up-to-date symlink: /home/lee/workspace/ros2_ex_mav/install/px4_msgs/include/px4_msgs/px4_msgs/msg/detail/position_controller_landing_status__rosidl_typesupport_introspection_cpp.hpp\n'}
[0.482340] (px4_msgs) StdoutLine: {'line': b'-- Up-to-date symlink: /home/lee/workspace/ros2_ex_mav/install/px4_msgs/include/px4_msgs/px4_msgs/msg/detail/position_controller_status__rosidl_typesupport_introspection_cpp.hpp\n'}
[0.482367] (px4_msgs) StdoutLine: {'line': b'-- Up-to-date symlink: /home/lee/workspace/ros2_ex_mav/install/px4_msgs/include/px4_msgs/px4_msgs/msg/detail/position_setpoint__rosidl_typesupport_introspection_cpp.hpp\n'}
[0.482409] (px4_msgs) StdoutLine: {'line': b'-- Up-to-date symlink: /home/lee/workspace/ros2_ex_mav/install/px4_msgs/include/px4_msgs/px4_msgs/msg/detail/position_setpoint_triplet__rosidl_typesupport_introspection_cpp.hpp\n'}
[0.482431] (px4_msgs) StdoutLine: {'line': b'-- Up-to-date symlink: /home/lee/workspace/ros2_ex_mav/install/px4_msgs/include/px4_msgs/px4_msgs/msg/detail/power_button_state__rosidl_typesupport_introspection_cpp.hpp\n'}
[0.482452] (px4_msgs) StdoutLine: {'line': b'-- Up-to-date symlink: /home/lee/workspace/ros2_ex_mav/install/px4_msgs/include/px4_msgs/px4_msgs/msg/detail/power_monitor__rosidl_typesupport_introspection_cpp.hpp\n'}
[0.482472] (px4_msgs) StdoutLine: {'line': b'-- Up-to-date symlink: /home/lee/workspace/ros2_ex_mav/install/px4_msgs/include/px4_msgs/px4_msgs/msg/detail/pps_capture__rosidl_typesupport_introspection_cpp.hpp\n'}
[0.482508] (px4_msgs) StdoutLine: {'line': b'-- Up-to-date symlink: /home/lee/workspace/ros2_ex_mav/install/px4_msgs/include/px4_msgs/px4_msgs/msg/detail/pwm_input__rosidl_typesupport_introspection_cpp.hpp\n'}
[0.482530] (px4_msgs) StdoutLine: {'line': b'-- Up-to-date symlink: /home/lee/workspace/ros2_ex_mav/install/px4_msgs/include/px4_msgs/px4_msgs/msg/detail/px4io_status__rosidl_typesupport_introspection_cpp.hpp\n'}
[0.482568] (px4_msgs) StdoutLine: {'line': b'-- Up-to-date symlink: /home/lee/workspace/ros2_ex_mav/install/px4_msgs/include/px4_msgs/px4_msgs/msg/detail/qshell_req__rosidl_typesupport_introspection_cpp.hpp\n'}
[0.482602] (px4_msgs) StdoutLine: {'line': b'-- Up-to-date symlink: /home/lee/workspace/ros2_ex_mav/install/px4_msgs/include/px4_msgs/px4_msgs/msg/detail/qshell_retval__rosidl_typesupport_introspection_cpp.hpp\n'}
[0.482622] (px4_msgs) StdoutLine: {'line': b'-- Up-to-date symlink: /home/lee/workspace/ros2_ex_mav/install/px4_msgs/include/px4_msgs/px4_msgs/msg/detail/radio_status__rosidl_typesupport_introspection_cpp.hpp\n'}
[0.482643] (px4_msgs) StdoutLine: {'line': b'-- Up-to-date symlink: /home/lee/workspace/ros2_ex_mav/install/px4_msgs/include/px4_msgs/px4_msgs/msg/detail/rate_ctrl_status__rosidl_typesupport_introspection_cpp.hpp\n'}
[0.482667] (px4_msgs) StdoutLine: {'line': b'-- Up-to-date symlink: /home/lee/workspace/ros2_ex_mav/install/px4_msgs/include/px4_msgs/px4_msgs/msg/detail/rc_channels__rosidl_typesupport_introspection_cpp.hpp\n'}
[0.482702] (px4_msgs) StdoutLine: {'line': b'-- Up-to-date symlink: /home/lee/workspace/ros2_ex_mav/install/px4_msgs/include/px4_msgs/px4_msgs/msg/detail/rc_parameter_map__rosidl_typesupport_introspection_cpp.hpp\n'}
[0.482745] (px4_msgs) StdoutLine: {'line': b'-- Up-to-date symlink: /home/lee/workspace/ros2_ex_mav/install/px4_msgs/include/px4_msgs/px4_msgs/msg/detail/rpm__rosidl_typesupport_introspection_cpp.hpp\n'}
[0.482766] (px4_msgs) StdoutLine: {'line': b'-- Up-to-date symlink: /home/lee/workspace/ros2_ex_mav/install/px4_msgs/include/px4_msgs/px4_msgs/msg/detail/rtl_time_estimate__rosidl_typesupport_introspection_cpp.hpp\n'}
[0.482802] (px4_msgs) StdoutLine: {'line': b'-- Up-to-date symlink: /home/lee/workspace/ros2_ex_mav/install/px4_msgs/include/px4_msgs/px4_msgs/msg/detail/satellite_info__rosidl_typesupport_introspection_cpp.hpp\n'}
[0.482822] (px4_msgs) StdoutLine: {'line': b'-- Up-to-date symlink: /home/lee/workspace/ros2_ex_mav/install/px4_msgs/include/px4_msgs/px4_msgs/msg/detail/sensor_accel__rosidl_typesupport_introspection_cpp.hpp\n'}
[0.482842] (px4_msgs) StdoutLine: {'line': b'-- Up-to-date symlink: /home/lee/workspace/ros2_ex_mav/install/px4_msgs/include/px4_msgs/px4_msgs/msg/detail/sensor_accel_fifo__rosidl_typesupport_introspection_cpp.hpp\n'}
[0.482863] (px4_msgs) StdoutLine: {'line': b'-- Up-to-date symlink: /home/lee/workspace/ros2_ex_mav/install/px4_msgs/include/px4_msgs/px4_msgs/msg/detail/sensor_baro__rosidl_typesupport_introspection_cpp.hpp\n'}
[0.482898] (px4_msgs) StdoutLine: {'line': b'-- Up-to-date symlink: /home/lee/workspace/ros2_ex_mav/install/px4_msgs/include/px4_msgs/px4_msgs/msg/detail/sensor_combined__rosidl_typesupport_introspection_cpp.hpp\n'}
[0.482940] (px4_msgs) StdoutLine: {'line': b'-- Up-to-date symlink: /home/lee/workspace/ros2_ex_mav/install/px4_msgs/include/px4_msgs/px4_msgs/msg/detail/sensor_correction__rosidl_typesupport_introspection_cpp.hpp\n'}
[0.482969] (px4_msgs) StdoutLine: {'line': b'-- Up-to-date symlink: /home/lee/workspace/ros2_ex_mav/install/px4_msgs/include/px4_msgs/px4_msgs/msg/detail/sensor_gnss_relative__rosidl_typesupport_introspection_cpp.hpp\n'}
[0.482988] (px4_msgs) StdoutLine: {'line': b'-- Up-to-date symlink: /home/lee/workspace/ros2_ex_mav/install/px4_msgs/include/px4_msgs/px4_msgs/msg/detail/sensor_gps__rosidl_typesupport_introspection_cpp.hpp\n'}
[0.483009] (px4_msgs) StdoutLine: {'line': b'-- Up-to-date symlink: /home/lee/workspace/ros2_ex_mav/install/px4_msgs/include/px4_msgs/px4_msgs/msg/detail/sensor_gyro__rosidl_typesupport_introspection_cpp.hpp\n'}
[0.483047] (px4_msgs) StdoutLine: {'line': b'-- Up-to-date symlink: /home/lee/workspace/ros2_ex_mav/install/px4_msgs/include/px4_msgs/px4_msgs/msg/detail/sensor_gyro_fft__rosidl_typesupport_introspection_cpp.hpp\n'}
[0.483066] (px4_msgs) StdoutLine: {'line': b'-- Up-to-date symlink: /home/lee/workspace/ros2_ex_mav/install/px4_msgs/include/px4_msgs/px4_msgs/msg/detail/sensor_gyro_fifo__rosidl_typesupport_introspection_cpp.hpp\n'}
[0.483104] (px4_msgs) StdoutLine: {'line': b'-- Up-to-date symlink: /home/lee/workspace/ros2_ex_mav/install/px4_msgs/include/px4_msgs/px4_msgs/msg/detail/sensor_hygrometer__rosidl_typesupport_introspection_cpp.hpp\n'}
[0.483126] (px4_msgs) StdoutLine: {'line': b'-- Up-to-date symlink: /home/lee/workspace/ros2_ex_mav/install/px4_msgs/include/px4_msgs/px4_msgs/msg/detail/sensor_mag__rosidl_typesupport_introspection_cpp.hpp\n'}
[0.483158] (px4_msgs) StdoutLine: {'line': b'-- Up-to-date symlink: /home/lee/workspace/ros2_ex_mav/install/px4_msgs/include/px4_msgs/px4_msgs/msg/detail/sensor_optical_flow__rosidl_typesupport_introspection_cpp.hpp\n'}
[0.483202] (px4_msgs) StdoutLine: {'line': b'-- Up-to-date symlink: /home/lee/workspace/ros2_ex_mav/install/px4_msgs/include/px4_msgs/px4_msgs/msg/detail/sensor_preflight_mag__rosidl_typesupport_introspection_cpp.hpp\n'}
[0.483231] (px4_msgs) StdoutLine: {'line': b'-- Up-to-date symlink: /home/lee/workspace/ros2_ex_mav/install/px4_msgs/include/px4_msgs/px4_msgs/msg/detail/sensor_selection__rosidl_typesupport_introspection_cpp.hpp\n'}
[0.483249] (px4_msgs) StdoutLine: {'line': b'-- Up-to-date symlink: /home/lee/workspace/ros2_ex_mav/install/px4_msgs/include/px4_msgs/px4_msgs/msg/detail/sensor_uwb__rosidl_typesupport_introspection_cpp.hpp\n'}
[0.483276] (px4_msgs) StdoutLine: {'line': b'-- Up-to-date symlink: /home/lee/workspace/ros2_ex_mav/install/px4_msgs/include/px4_msgs/px4_msgs/msg/detail/sensors_status__rosidl_typesupport_introspection_cpp.hpp\n'}
[0.483313] (px4_msgs) StdoutLine: {'line': b'-- Up-to-date symlink: /home/lee/workspace/ros2_ex_mav/install/px4_msgs/include/px4_msgs/px4_msgs/msg/detail/sensors_status_imu__rosidl_typesupport_introspection_cpp.hpp\n'}
[0.483347] (px4_msgs) StdoutLine: {'line': b'-- Up-to-date symlink: /home/lee/workspace/ros2_ex_mav/install/px4_msgs/include/px4_msgs/px4_msgs/msg/detail/system_power__rosidl_typesupport_introspection_cpp.hpp\n'}
[0.483375] (px4_msgs) StdoutLine: {'line': b'-- Up-to-date symlink: /home/lee/workspace/ros2_ex_mav/install/px4_msgs/include/px4_msgs/px4_msgs/msg/detail/takeoff_status__rosidl_typesupport_introspection_cpp.hpp\n'}
[0.483410] (px4_msgs) StdoutLine: {'line': b'-- Up-to-date symlink: /home/lee/workspace/ros2_ex_mav/install/px4_msgs/include/px4_msgs/px4_msgs/msg/detail/task_stack_info__rosidl_typesupport_introspection_cpp.hpp\n'}
[0.483445] (px4_msgs) StdoutLine: {'line': b'-- Up-to-date symlink: /home/lee/workspace/ros2_ex_mav/install/px4_msgs/include/px4_msgs/px4_msgs/msg/detail/tecs_status__rosidl_typesupport_introspection_cpp.hpp\n'}
[0.483480] (px4_msgs) StdoutLine: {'line': b'-- Up-to-date symlink: /home/lee/workspace/ros2_ex_mav/install/px4_msgs/include/px4_msgs/px4_msgs/msg/detail/telemetry_status__rosidl_typesupport_introspection_cpp.hpp\n'}
[0.483511] (px4_msgs) StdoutLine: {'line': b'-- Up-to-date symlink: /home/lee/workspace/ros2_ex_mav/install/px4_msgs/include/px4_msgs/px4_msgs/msg/detail/tiltrotor_extra_controls__rosidl_typesupport_introspection_cpp.hpp\n'}
[0.483545] (px4_msgs) StdoutLine: {'line': b'-- Up-to-date symlink: /home/lee/workspace/ros2_ex_mav/install/px4_msgs/include/px4_msgs/px4_msgs/msg/detail/timesync_status__rosidl_typesupport_introspection_cpp.hpp\n'}
[0.483580] (px4_msgs) StdoutLine: {'line': b'-- Up-to-date symlink: /home/lee/workspace/ros2_ex_mav/install/px4_msgs/include/px4_msgs/px4_msgs/msg/detail/trajectory_bezier__rosidl_typesupport_introspection_cpp.hpp\n'}
[0.483617] (px4_msgs) StdoutLine: {'line': b'-- Up-to-date symlink: /home/lee/workspace/ros2_ex_mav/install/px4_msgs/include/px4_msgs/px4_msgs/msg/detail/trajectory_setpoint__rosidl_typesupport_introspection_cpp.hpp\n'}
[0.483651] (px4_msgs) StdoutLine: {'line': b'-- Up-to-date symlink: /home/lee/workspace/ros2_ex_mav/install/px4_msgs/include/px4_msgs/px4_msgs/msg/detail/trajectory_waypoint__rosidl_typesupport_introspection_cpp.hpp\n'}
[0.483690] (px4_msgs) StdoutLine: {'line': b'-- Up-to-date symlink: /home/lee/workspace/ros2_ex_mav/install/px4_msgs/include/px4_msgs/px4_msgs/msg/detail/transponder_report__rosidl_typesupport_introspection_cpp.hpp\n'}
[0.483710] (px4_msgs) StdoutLine: {'line': b'-- Up-to-date symlink: /home/lee/workspace/ros2_ex_mav/install/px4_msgs/include/px4_msgs/px4_msgs/msg/detail/tune_control__rosidl_typesupport_introspection_cpp.hpp\n'}
[0.483745] (px4_msgs) StdoutLine: {'line': b'-- Up-to-date symlink: /home/lee/workspace/ros2_ex_mav/install/px4_msgs/include/px4_msgs/px4_msgs/msg/detail/uavcan_parameter_request__rosidl_typesupport_introspection_cpp.hpp\n'}
[0.483779] (px4_msgs) StdoutLine: {'line': b'-- Up-to-date symlink: /home/lee/workspace/ros2_ex_mav/install/px4_msgs/include/px4_msgs/px4_msgs/msg/detail/uavcan_parameter_value__rosidl_typesupport_introspection_cpp.hpp\n'}
[0.483810] (px4_msgs) StdoutLine: {'line': b'-- Up-to-date symlink: /home/lee/workspace/ros2_ex_mav/install/px4_msgs/include/px4_msgs/px4_msgs/msg/detail/ulog_stream__rosidl_typesupport_introspection_cpp.hpp\n'}
[0.483845] (px4_msgs) StdoutLine: {'line': b'-- Up-to-date symlink: /home/lee/workspace/ros2_ex_mav/install/px4_msgs/include/px4_msgs/px4_msgs/msg/detail/ulog_stream_ack__rosidl_typesupport_introspection_cpp.hpp\n'}
[0.483884] (px4_msgs) StdoutLine: {'line': b'-- Up-to-date symlink: /home/lee/workspace/ros2_ex_mav/install/px4_msgs/include/px4_msgs/px4_msgs/msg/detail/vehicle_acceleration__rosidl_typesupport_introspection_cpp.hpp\n'}
[0.483905] (px4_msgs) StdoutLine: {'line': b'-- Up-to-date symlink: /home/lee/workspace/ros2_ex_mav/install/px4_msgs/include/px4_msgs/px4_msgs/msg/detail/vehicle_air_data__rosidl_typesupport_introspection_cpp.hpp\n'}
[0.483933] (px4_msgs) StdoutLine: {'line': b'-- Up-to-date symlink: /home/lee/workspace/ros2_ex_mav/install/px4_msgs/include/px4_msgs/px4_msgs/msg/detail/vehicle_angular_acceleration_setpoint__rosidl_typesupport_introspection_cpp.hpp\n'}
[0.483966] (px4_msgs) StdoutLine: {'line': b'-- Up-to-date symlink: /home/lee/workspace/ros2_ex_mav/install/px4_msgs/include/px4_msgs/px4_msgs/msg/detail/vehicle_angular_velocity__rosidl_typesupport_introspection_cpp.hpp\n'}
[0.483999] (px4_msgs) StdoutLine: {'line': b'-- Up-to-date symlink: /home/lee/workspace/ros2_ex_mav/install/px4_msgs/include/px4_msgs/px4_msgs/msg/detail/vehicle_attitude__rosidl_typesupport_introspection_cpp.hpp\n'}
[0.484032] (px4_msgs) StdoutLine: {'line': b'-- Up-to-date symlink: /home/lee/workspace/ros2_ex_mav/install/px4_msgs/include/px4_msgs/px4_msgs/msg/detail/vehicle_attitude_setpoint__rosidl_typesupport_introspection_cpp.hpp\n'}
[0.484066] (px4_msgs) StdoutLine: {'line': b'-- Up-to-date symlink: /home/lee/workspace/ros2_ex_mav/install/px4_msgs/include/px4_msgs/px4_msgs/msg/detail/vehicle_command__rosidl_typesupport_introspection_cpp.hpp\n'}
[0.484101] (px4_msgs) StdoutLine: {'line': b'-- Up-to-date symlink: /home/lee/workspace/ros2_ex_mav/install/px4_msgs/include/px4_msgs/px4_msgs/msg/detail/vehicle_command_ack__rosidl_typesupport_introspection_cpp.hpp\n'}
[0.484134] (px4_msgs) StdoutLine: {'line': b'-- Up-to-date symlink: /home/lee/workspace/ros2_ex_mav/install/px4_msgs/include/px4_msgs/px4_msgs/msg/detail/vehicle_constraints__rosidl_typesupport_introspection_cpp.hpp\n'}
[0.484162] (px4_msgs) StdoutLine: {'line': b'-- Up-to-date symlink: /home/lee/workspace/ros2_ex_mav/install/px4_msgs/include/px4_msgs/px4_msgs/msg/detail/vehicle_control_mode__rosidl_typesupport_introspection_cpp.hpp\n'}
[0.484199] (px4_msgs) StdoutLine: {'line': b'-- Up-to-date symlink: /home/lee/workspace/ros2_ex_mav/install/px4_msgs/include/px4_msgs/px4_msgs/msg/detail/vehicle_global_position__rosidl_typesupport_introspection_cpp.hpp\n'}
[0.484230] (px4_msgs) StdoutLine: {'line': b'-- Up-to-date symlink: /home/lee/workspace/ros2_ex_mav/install/px4_msgs/include/px4_msgs/px4_msgs/msg/detail/vehicle_imu__rosidl_typesupport_introspection_cpp.hpp\n'}
[0.484258] (px4_msgs) StdoutLine: {'line': b'-- Up-to-date symlink: /home/lee/workspace/ros2_ex_mav/install/px4_msgs/include/px4_msgs/px4_msgs/msg/detail/vehicle_imu_status__rosidl_typesupport_introspection_cpp.hpp\n'}
[0.484289] (px4_msgs) StdoutLine: {'line': b'-- Up-to-date symlink: /home/lee/workspace/ros2_ex_mav/install/px4_msgs/include/px4_msgs/px4_msgs/msg/detail/vehicle_land_detected__rosidl_typesupport_introspection_cpp.hpp\n'}
[0.484324] (px4_msgs) StdoutLine: {'line': b'-- Up-to-date symlink: /home/lee/workspace/ros2_ex_mav/install/px4_msgs/include/px4_msgs/px4_msgs/msg/detail/vehicle_local_position__rosidl_typesupport_introspection_cpp.hpp\n'}
[0.484361] (px4_msgs) StdoutLine: {'line': b'-- Up-to-date symlink: /home/lee/workspace/ros2_ex_mav/install/px4_msgs/include/px4_msgs/px4_msgs/msg/detail/vehicle_local_position_setpoint__rosidl_typesupport_introspection_cpp.hpp\n'}
[0.484390] (px4_msgs) StdoutLine: {'line': b'-- Up-to-date symlink: /home/lee/workspace/ros2_ex_mav/install/px4_msgs/include/px4_msgs/px4_msgs/msg/detail/vehicle_magnetometer__rosidl_typesupport_introspection_cpp.hpp\n'}
[0.484423] (px4_msgs) StdoutLine: {'line': b'-- Up-to-date symlink: /home/lee/workspace/ros2_ex_mav/install/px4_msgs/include/px4_msgs/px4_msgs/msg/detail/vehicle_odometry__rosidl_typesupport_introspection_cpp.hpp\n'}
[0.484455] (px4_msgs) StdoutLine: {'line': b'-- Up-to-date symlink: /home/lee/workspace/ros2_ex_mav/install/px4_msgs/include/px4_msgs/px4_msgs/msg/detail/vehicle_optical_flow__rosidl_typesupport_introspection_cpp.hpp\n'}
[0.484488] (px4_msgs) StdoutLine: {'line': b'-- Up-to-date symlink: /home/lee/workspace/ros2_ex_mav/install/px4_msgs/include/px4_msgs/px4_msgs/msg/detail/vehicle_optical_flow_vel__rosidl_typesupport_introspection_cpp.hpp\n'}
[0.484521] (px4_msgs) StdoutLine: {'line': b'-- Up-to-date symlink: /home/lee/workspace/ros2_ex_mav/install/px4_msgs/include/px4_msgs/px4_msgs/msg/detail/vehicle_rates_setpoint__rosidl_typesupport_introspection_cpp.hpp\n'}
[0.484554] (px4_msgs) StdoutLine: {'line': b'-- Up-to-date symlink: /home/lee/workspace/ros2_ex_mav/install/px4_msgs/include/px4_msgs/px4_msgs/msg/detail/vehicle_roi__rosidl_typesupport_introspection_cpp.hpp\n'}
[0.484587] (px4_msgs) StdoutLine: {'line': b'-- Up-to-date symlink: /home/lee/workspace/ros2_ex_mav/install/px4_msgs/include/px4_msgs/px4_msgs/msg/detail/vehicle_status__rosidl_typesupport_introspection_cpp.hpp\n'}
[0.484620] (px4_msgs) StdoutLine: {'line': b'-- Up-to-date symlink: /home/lee/workspace/ros2_ex_mav/install/px4_msgs/include/px4_msgs/px4_msgs/msg/detail/vehicle_thrust_setpoint__rosidl_typesupport_introspection_cpp.hpp\n'}
[0.484652] (px4_msgs) StdoutLine: {'line': b'-- Up-to-date symlink: /home/lee/workspace/ros2_ex_mav/install/px4_msgs/include/px4_msgs/px4_msgs/msg/detail/vehicle_torque_setpoint__rosidl_typesupport_introspection_cpp.hpp\n'}
[0.484685] (px4_msgs) StdoutLine: {'line': b'-- Up-to-date symlink: /home/lee/workspace/ros2_ex_mav/install/px4_msgs/include/px4_msgs/px4_msgs/msg/detail/vehicle_trajectory_bezier__rosidl_typesupport_introspection_cpp.hpp\n'}
[0.484717] (px4_msgs) StdoutLine: {'line': b'-- Up-to-date symlink: /home/lee/workspace/ros2_ex_mav/install/px4_msgs/include/px4_msgs/px4_msgs/msg/detail/vehicle_trajectory_waypoint__rosidl_typesupport_introspection_cpp.hpp\n'}
[0.484750] (px4_msgs) StdoutLine: {'line': b'-- Up-to-date symlink: /home/lee/workspace/ros2_ex_mav/install/px4_msgs/include/px4_msgs/px4_msgs/msg/detail/vtol_vehicle_status__rosidl_typesupport_introspection_cpp.hpp\n'}
[0.484783] (px4_msgs) StdoutLine: {'line': b'-- Up-to-date symlink: /home/lee/workspace/ros2_ex_mav/install/px4_msgs/include/px4_msgs/px4_msgs/msg/detail/wind__rosidl_typesupport_introspection_cpp.hpp\n'}
[0.484814] (px4_msgs) StdoutLine: {'line': b'-- Up-to-date symlink: /home/lee/workspace/ros2_ex_mav/install/px4_msgs/include/px4_msgs/px4_msgs/msg/detail/yaw_estimator_status__rosidl_typesupport_introspection_cpp.hpp\n'}
[0.484880] (px4_msgs) StdoutLine: {'line': b'-- Up-to-date symlink: /home/lee/workspace/ros2_ex_mav/install/px4_msgs/share/px4_msgs/environment/pythonpath.sh\n'}
[0.484933] (px4_msgs) StdoutLine: {'line': b'-- Up-to-date symlink: /home/lee/workspace/ros2_ex_mav/install/px4_msgs/share/px4_msgs/environment/pythonpath.dsv\n'}
[0.485054] (px4_msgs) StdoutLine: {'line': b'-- Up-to-date symlink: /home/lee/workspace/ros2_ex_mav/install/px4_msgs/local/lib/python3.10/dist-packages/px4_msgs-2.0.1-py3.10.egg-info/PKG-INFO\n'}
[0.485091] (px4_msgs) StdoutLine: {'line': b'-- Up-to-date symlink: /home/lee/workspace/ros2_ex_mav/install/px4_msgs/local/lib/python3.10/dist-packages/px4_msgs-2.0.1-py3.10.egg-info/SOURCES.txt\n'}
[0.485125] (px4_msgs) StdoutLine: {'line': b'-- Up-to-date symlink: /home/lee/workspace/ros2_ex_mav/install/px4_msgs/local/lib/python3.10/dist-packages/px4_msgs-2.0.1-py3.10.egg-info/dependency_links.txt\n'}
[0.485159] (px4_msgs) StdoutLine: {'line': b'-- Up-to-date symlink: /home/lee/workspace/ros2_ex_mav/install/px4_msgs/local/lib/python3.10/dist-packages/px4_msgs-2.0.1-py3.10.egg-info/top_level.txt\n'}
[0.487222] (px4_msgs) StdoutLine: {'line': b'-- Up-to-date symlink: /home/lee/workspace/ros2_ex_mav/install/px4_msgs/local/lib/python3.10/dist-packages/px4_msgs/__init__.py\n'}
[0.487269] (px4_msgs) StdoutLine: {'line': b'-- Up-to-date symlink: /home/lee/workspace/ros2_ex_mav/install/px4_msgs/local/lib/python3.10/dist-packages/px4_msgs/_px4_msgs_s.ep.rosidl_typesupport_c.c\n'}
[0.487302] (px4_msgs) StdoutLine: {'line': b'-- Up-to-date symlink: /home/lee/workspace/ros2_ex_mav/install/px4_msgs/local/lib/python3.10/dist-packages/px4_msgs/_px4_msgs_s.ep.rosidl_typesupport_fastrtps_c.c\n'}
[0.487336] (px4_msgs) StdoutLine: {'line': b'-- Up-to-date symlink: /home/lee/workspace/ros2_ex_mav/install/px4_msgs/local/lib/python3.10/dist-packages/px4_msgs/_px4_msgs_s.ep.rosidl_typesupport_introspection_c.c\n'}
[0.487370] (px4_msgs) StdoutLine: {'line': b'-- Up-to-date symlink: /home/lee/workspace/ros2_ex_mav/install/px4_msgs/local/lib/python3.10/dist-packages/px4_msgs/libpx4_msgs__rosidl_generator_py.so\n'}
[0.487409] (px4_msgs) StdoutLine: {'line': b'-- Up-to-date symlink: /home/lee/workspace/ros2_ex_mav/install/px4_msgs/local/lib/python3.10/dist-packages/px4_msgs/msg/__init__.py\n'}
[0.487445] (px4_msgs) StdoutLine: {'line': b'-- Up-to-date symlink: /home/lee/workspace/ros2_ex_mav/install/px4_msgs/local/lib/python3.10/dist-packages/px4_msgs/msg/_action_request.py\n'}
[0.487479] (px4_msgs) StdoutLine: {'line': b'-- Up-to-date symlink: /home/lee/workspace/ros2_ex_mav/install/px4_msgs/local/lib/python3.10/dist-packages/px4_msgs/msg/_action_request_s.c\n'}
[0.487515] (px4_msgs) StdoutLine: {'line': b'-- Up-to-date symlink: /home/lee/workspace/ros2_ex_mav/install/px4_msgs/local/lib/python3.10/dist-packages/px4_msgs/msg/_actuator_armed.py\n'}
[0.487549] (px4_msgs) StdoutLine: {'line': b'-- Up-to-date symlink: /home/lee/workspace/ros2_ex_mav/install/px4_msgs/local/lib/python3.10/dist-packages/px4_msgs/msg/_actuator_armed_s.c\n'}
[0.487581] (px4_msgs) StdoutLine: {'line': b'-- Up-to-date symlink: /home/lee/workspace/ros2_ex_mav/install/px4_msgs/local/lib/python3.10/dist-packages/px4_msgs/msg/_actuator_controls_status.py\n'}
[0.487614] (px4_msgs) StdoutLine: {'line': b'-- Up-to-date symlink: /home/lee/workspace/ros2_ex_mav/install/px4_msgs/local/lib/python3.10/dist-packages/px4_msgs/msg/_actuator_controls_status_s.c\n'}
[0.487646] (px4_msgs) StdoutLine: {'line': b'-- Up-to-date symlink: /home/lee/workspace/ros2_ex_mav/install/px4_msgs/local/lib/python3.10/dist-packages/px4_msgs/msg/_actuator_motors.py\n'}
[0.487679] (px4_msgs) StdoutLine: {'line': b'-- Up-to-date symlink: /home/lee/workspace/ros2_ex_mav/install/px4_msgs/local/lib/python3.10/dist-packages/px4_msgs/msg/_actuator_motors_s.c\n'}
[0.487712] (px4_msgs) StdoutLine: {'line': b'-- Up-to-date symlink: /home/lee/workspace/ros2_ex_mav/install/px4_msgs/local/lib/python3.10/dist-packages/px4_msgs/msg/_actuator_outputs.py\n'}
[0.487744] (px4_msgs) StdoutLine: {'line': b'-- Up-to-date symlink: /home/lee/workspace/ros2_ex_mav/install/px4_msgs/local/lib/python3.10/dist-packages/px4_msgs/msg/_actuator_outputs_s.c\n'}
[0.487777] (px4_msgs) StdoutLine: {'line': b'-- Up-to-date symlink: /home/lee/workspace/ros2_ex_mav/install/px4_msgs/local/lib/python3.10/dist-packages/px4_msgs/msg/_actuator_servos.py\n'}
[0.487809] (px4_msgs) StdoutLine: {'line': b'-- Up-to-date symlink: /home/lee/workspace/ros2_ex_mav/install/px4_msgs/local/lib/python3.10/dist-packages/px4_msgs/msg/_actuator_servos_s.c\n'}
[0.487841] (px4_msgs) StdoutLine: {'line': b'-- Up-to-date symlink: /home/lee/workspace/ros2_ex_mav/install/px4_msgs/local/lib/python3.10/dist-packages/px4_msgs/msg/_actuator_servos_trim.py\n'}
[0.487873] (px4_msgs) StdoutLine: {'line': b'-- Up-to-date symlink: /home/lee/workspace/ros2_ex_mav/install/px4_msgs/local/lib/python3.10/dist-packages/px4_msgs/msg/_actuator_servos_trim_s.c\n'}
[0.487907] (px4_msgs) StdoutLine: {'line': b'-- Up-to-date symlink: /home/lee/workspace/ros2_ex_mav/install/px4_msgs/local/lib/python3.10/dist-packages/px4_msgs/msg/_actuator_test.py\n'}
[0.487939] (px4_msgs) StdoutLine: {'line': b'-- Up-to-date symlink: /home/lee/workspace/ros2_ex_mav/install/px4_msgs/local/lib/python3.10/dist-packages/px4_msgs/msg/_actuator_test_s.c\n'}
[0.487972] (px4_msgs) StdoutLine: {'line': b'-- Up-to-date symlink: /home/lee/workspace/ros2_ex_mav/install/px4_msgs/local/lib/python3.10/dist-packages/px4_msgs/msg/_adc_report.py\n'}
[0.488004] (px4_msgs) StdoutLine: {'line': b'-- Up-to-date symlink: /home/lee/workspace/ros2_ex_mav/install/px4_msgs/local/lib/python3.10/dist-packages/px4_msgs/msg/_adc_report_s.c\n'}
[0.488036] (px4_msgs) StdoutLine: {'line': b'-- Up-to-date symlink: /home/lee/workspace/ros2_ex_mav/install/px4_msgs/local/lib/python3.10/dist-packages/px4_msgs/msg/_airspeed.py\n'}
[0.488069] (px4_msgs) StdoutLine: {'line': b'-- Up-to-date symlink: /home/lee/workspace/ros2_ex_mav/install/px4_msgs/local/lib/python3.10/dist-packages/px4_msgs/msg/_airspeed_s.c\n'}
[0.488101] (px4_msgs) StdoutLine: {'line': b'-- Up-to-date symlink: /home/lee/workspace/ros2_ex_mav/install/px4_msgs/local/lib/python3.10/dist-packages/px4_msgs/msg/_airspeed_validated.py\n'}
[0.488134] (px4_msgs) StdoutLine: {'line': b'-- Up-to-date symlink: /home/lee/workspace/ros2_ex_mav/install/px4_msgs/local/lib/python3.10/dist-packages/px4_msgs/msg/_airspeed_validated_s.c\n'}
[0.488168] (px4_msgs) StdoutLine: {'line': b'-- Up-to-date symlink: /home/lee/workspace/ros2_ex_mav/install/px4_msgs/local/lib/python3.10/dist-packages/px4_msgs/msg/_airspeed_wind.py\n'}
[0.488201] (px4_msgs) StdoutLine: {'line': b'-- Up-to-date symlink: /home/lee/workspace/ros2_ex_mav/install/px4_msgs/local/lib/python3.10/dist-packages/px4_msgs/msg/_airspeed_wind_s.c\n'}
[0.488236] (px4_msgs) StdoutLine: {'line': b'-- Up-to-date symlink: /home/lee/workspace/ros2_ex_mav/install/px4_msgs/local/lib/python3.10/dist-packages/px4_msgs/msg/_autotune_attitude_control_status.py\n'}
[0.488269] (px4_msgs) StdoutLine: {'line': b'-- Up-to-date symlink: /home/lee/workspace/ros2_ex_mav/install/px4_msgs/local/lib/python3.10/dist-packages/px4_msgs/msg/_autotune_attitude_control_status_s.c\n'}
[0.488301] (px4_msgs) StdoutLine: {'line': b'-- Up-to-date symlink: /home/lee/workspace/ros2_ex_mav/install/px4_msgs/local/lib/python3.10/dist-packages/px4_msgs/msg/_battery_status.py\n'}
[0.488334] (px4_msgs) StdoutLine: {'line': b'-- Up-to-date symlink: /home/lee/workspace/ros2_ex_mav/install/px4_msgs/local/lib/python3.10/dist-packages/px4_msgs/msg/_battery_status_s.c\n'}
[0.488366] (px4_msgs) StdoutLine: {'line': b'-- Up-to-date symlink: /home/lee/workspace/ros2_ex_mav/install/px4_msgs/local/lib/python3.10/dist-packages/px4_msgs/msg/_button_event.py\n'}
[0.488397] (px4_msgs) StdoutLine: {'line': b'-- Up-to-date symlink: /home/lee/workspace/ros2_ex_mav/install/px4_msgs/local/lib/python3.10/dist-packages/px4_msgs/msg/_button_event_s.c\n'}
[0.488429] (px4_msgs) StdoutLine: {'line': b'-- Up-to-date symlink: /home/lee/workspace/ros2_ex_mav/install/px4_msgs/local/lib/python3.10/dist-packages/px4_msgs/msg/_camera_capture.py\n'}
[0.488462] (px4_msgs) StdoutLine: {'line': b'-- Up-to-date symlink: /home/lee/workspace/ros2_ex_mav/install/px4_msgs/local/lib/python3.10/dist-packages/px4_msgs/msg/_camera_capture_s.c\n'}
[0.488494] (px4_msgs) StdoutLine: {'line': b'-- Up-to-date symlink: /home/lee/workspace/ros2_ex_mav/install/px4_msgs/local/lib/python3.10/dist-packages/px4_msgs/msg/_camera_status.py\n'}
[0.488527] (px4_msgs) StdoutLine: {'line': b'-- Up-to-date symlink: /home/lee/workspace/ros2_ex_mav/install/px4_msgs/local/lib/python3.10/dist-packages/px4_msgs/msg/_camera_status_s.c\n'}
[0.488559] (px4_msgs) StdoutLine: {'line': b'-- Up-to-date symlink: /home/lee/workspace/ros2_ex_mav/install/px4_msgs/local/lib/python3.10/dist-packages/px4_msgs/msg/_camera_trigger.py\n'}
[0.488593] (px4_msgs) StdoutLine: {'line': b'-- Up-to-date symlink: /home/lee/workspace/ros2_ex_mav/install/px4_msgs/local/lib/python3.10/dist-packages/px4_msgs/msg/_camera_trigger_s.c\n'}
[0.488626] (px4_msgs) StdoutLine: {'line': b'-- Up-to-date symlink: /home/lee/workspace/ros2_ex_mav/install/px4_msgs/local/lib/python3.10/dist-packages/px4_msgs/msg/_cellular_status.py\n'}
[0.488660] (px4_msgs) StdoutLine: {'line': b'-- Up-to-date symlink: /home/lee/workspace/ros2_ex_mav/install/px4_msgs/local/lib/python3.10/dist-packages/px4_msgs/msg/_cellular_status_s.c\n'}
[0.488693] (px4_msgs) StdoutLine: {'line': b'-- Up-to-date symlink: /home/lee/workspace/ros2_ex_mav/install/px4_msgs/local/lib/python3.10/dist-packages/px4_msgs/msg/_collision_constraints.py\n'}
[0.488727] (px4_msgs) StdoutLine: {'line': b'-- Up-to-date symlink: /home/lee/workspace/ros2_ex_mav/install/px4_msgs/local/lib/python3.10/dist-packages/px4_msgs/msg/_collision_constraints_s.c\n'}
[0.488760] (px4_msgs) StdoutLine: {'line': b'-- Up-to-date symlink: /home/lee/workspace/ros2_ex_mav/install/px4_msgs/local/lib/python3.10/dist-packages/px4_msgs/msg/_collision_report.py\n'}
[0.488791] (px4_msgs) StdoutLine: {'line': b'-- Up-to-date symlink: /home/lee/workspace/ros2_ex_mav/install/px4_msgs/local/lib/python3.10/dist-packages/px4_msgs/msg/_collision_report_s.c\n'}
[0.488826] (px4_msgs) StdoutLine: {'line': b'-- Up-to-date symlink: /home/lee/workspace/ros2_ex_mav/install/px4_msgs/local/lib/python3.10/dist-packages/px4_msgs/msg/_control_allocator_status.py\n'}
[0.488858] (px4_msgs) StdoutLine: {'line': b'-- Up-to-date symlink: /home/lee/workspace/ros2_ex_mav/install/px4_msgs/local/lib/python3.10/dist-packages/px4_msgs/msg/_control_allocator_status_s.c\n'}
[0.488891] (px4_msgs) StdoutLine: {'line': b'-- Up-to-date symlink: /home/lee/workspace/ros2_ex_mav/install/px4_msgs/local/lib/python3.10/dist-packages/px4_msgs/msg/_cpuload.py\n'}
[0.488923] (px4_msgs) StdoutLine: {'line': b'-- Up-to-date symlink: /home/lee/workspace/ros2_ex_mav/install/px4_msgs/local/lib/python3.10/dist-packages/px4_msgs/msg/_cpuload_s.c\n'}
[0.488957] (px4_msgs) StdoutLine: {'line': b'-- Up-to-date symlink: /home/lee/workspace/ros2_ex_mav/install/px4_msgs/local/lib/python3.10/dist-packages/px4_msgs/msg/_debug_array.py\n'}
[0.488992] (px4_msgs) StdoutLine: {'line': b'-- Up-to-date symlink: /home/lee/workspace/ros2_ex_mav/install/px4_msgs/local/lib/python3.10/dist-packages/px4_msgs/msg/_debug_array_s.c\n'}
[0.489025] (px4_msgs) StdoutLine: {'line': b'-- Up-to-date symlink: /home/lee/workspace/ros2_ex_mav/install/px4_msgs/local/lib/python3.10/dist-packages/px4_msgs/msg/_debug_key_value.py\n'}
[0.489058] (px4_msgs) StdoutLine: {'line': b'-- Up-to-date symlink: /home/lee/workspace/ros2_ex_mav/install/px4_msgs/local/lib/python3.10/dist-packages/px4_msgs/msg/_debug_key_value_s.c\n'}
[0.489091] (px4_msgs) StdoutLine: {'line': b'-- Up-to-date symlink: /home/lee/workspace/ros2_ex_mav/install/px4_msgs/local/lib/python3.10/dist-packages/px4_msgs/msg/_debug_value.py\n'}
[0.489122] (px4_msgs) StdoutLine: {'line': b'-- Up-to-date symlink: /home/lee/workspace/ros2_ex_mav/install/px4_msgs/local/lib/python3.10/dist-packages/px4_msgs/msg/_debug_value_s.c\n'}
[0.489153] (px4_msgs) StdoutLine: {'line': b'-- Up-to-date symlink: /home/lee/workspace/ros2_ex_mav/install/px4_msgs/local/lib/python3.10/dist-packages/px4_msgs/msg/_debug_vect.py\n'}
[0.489189] (px4_msgs) StdoutLine: {'line': b'-- Up-to-date symlink: /home/lee/workspace/ros2_ex_mav/install/px4_msgs/local/lib/python3.10/dist-packages/px4_msgs/msg/_debug_vect_s.c\n'}
[0.489219] (px4_msgs) StdoutLine: {'line': b'-- Up-to-date symlink: /home/lee/workspace/ros2_ex_mav/install/px4_msgs/local/lib/python3.10/dist-packages/px4_msgs/msg/_differential_pressure.py\n'}
[0.489252] (px4_msgs) StdoutLine: {'line': b'-- Up-to-date symlink: /home/lee/workspace/ros2_ex_mav/install/px4_msgs/local/lib/python3.10/dist-packages/px4_msgs/msg/_differential_pressure_s.c\n'}
[0.489284] (px4_msgs) StdoutLine: {'line': b'-- Up-to-date symlink: /home/lee/workspace/ros2_ex_mav/install/px4_msgs/local/lib/python3.10/dist-packages/px4_msgs/msg/_distance_sensor.py\n'}
[0.489316] (px4_msgs) StdoutLine: {'line': b'-- Up-to-date symlink: /home/lee/workspace/ros2_ex_mav/install/px4_msgs/local/lib/python3.10/dist-packages/px4_msgs/msg/_distance_sensor_s.c\n'}
[0.489349] (px4_msgs) StdoutLine: {'line': b'-- Up-to-date symlink: /home/lee/workspace/ros2_ex_mav/install/px4_msgs/local/lib/python3.10/dist-packages/px4_msgs/msg/_ekf2_timestamps.py\n'}
[0.489380] (px4_msgs) StdoutLine: {'line': b'-- Up-to-date symlink: /home/lee/workspace/ros2_ex_mav/install/px4_msgs/local/lib/python3.10/dist-packages/px4_msgs/msg/_ekf2_timestamps_s.c\n'}
[0.489412] (px4_msgs) StdoutLine: {'line': b'-- Up-to-date symlink: /home/lee/workspace/ros2_ex_mav/install/px4_msgs/local/lib/python3.10/dist-packages/px4_msgs/msg/_esc_report.py\n'}
[0.489444] (px4_msgs) StdoutLine: {'line': b'-- Up-to-date symlink: /home/lee/workspace/ros2_ex_mav/install/px4_msgs/local/lib/python3.10/dist-packages/px4_msgs/msg/_esc_report_s.c\n'}
[0.489475] (px4_msgs) StdoutLine: {'line': b'-- Up-to-date symlink: /home/lee/workspace/ros2_ex_mav/install/px4_msgs/local/lib/python3.10/dist-packages/px4_msgs/msg/_esc_status.py\n'}
[0.489507] (px4_msgs) StdoutLine: {'line': b'-- Up-to-date symlink: /home/lee/workspace/ros2_ex_mav/install/px4_msgs/local/lib/python3.10/dist-packages/px4_msgs/msg/_esc_status_s.c\n'}
[0.489540] (px4_msgs) StdoutLine: {'line': b'-- Up-to-date symlink: /home/lee/workspace/ros2_ex_mav/install/px4_msgs/local/lib/python3.10/dist-packages/px4_msgs/msg/_estimator_aid_source1d.py\n'}
[0.489577] (px4_msgs) StdoutLine: {'line': b'-- Up-to-date symlink: /home/lee/workspace/ros2_ex_mav/install/px4_msgs/local/lib/python3.10/dist-packages/px4_msgs/msg/_estimator_aid_source1d_s.c\n'}
[0.489609] (px4_msgs) StdoutLine: {'line': b'-- Up-to-date symlink: /home/lee/workspace/ros2_ex_mav/install/px4_msgs/local/lib/python3.10/dist-packages/px4_msgs/msg/_estimator_aid_source2d.py\n'}
[0.489642] (px4_msgs) StdoutLine: {'line': b'-- Up-to-date symlink: /home/lee/workspace/ros2_ex_mav/install/px4_msgs/local/lib/python3.10/dist-packages/px4_msgs/msg/_estimator_aid_source2d_s.c\n'}
[0.489674] (px4_msgs) StdoutLine: {'line': b'-- Up-to-date symlink: /home/lee/workspace/ros2_ex_mav/install/px4_msgs/local/lib/python3.10/dist-packages/px4_msgs/msg/_estimator_aid_source3d.py\n'}
[0.489701] (px4_msgs) StdoutLine: {'line': b'-- Up-to-date symlink: /home/lee/workspace/ros2_ex_mav/install/px4_msgs/local/lib/python3.10/dist-packages/px4_msgs/msg/_estimator_aid_source3d_s.c\n'}
[0.489735] (px4_msgs) StdoutLine: {'line': b'-- Up-to-date symlink: /home/lee/workspace/ros2_ex_mav/install/px4_msgs/local/lib/python3.10/dist-packages/px4_msgs/msg/_estimator_bias.py\n'}
[0.489769] (px4_msgs) StdoutLine: {'line': b'-- Up-to-date symlink: /home/lee/workspace/ros2_ex_mav/install/px4_msgs/local/lib/python3.10/dist-packages/px4_msgs/msg/_estimator_bias3d.py\n'}
[0.489802] (px4_msgs) StdoutLine: {'line': b'-- Up-to-date symlink: /home/lee/workspace/ros2_ex_mav/install/px4_msgs/local/lib/python3.10/dist-packages/px4_msgs/msg/_estimator_bias3d_s.c\n'}
[0.489832] (px4_msgs) StdoutLine: {'line': b'-- Up-to-date symlink: /home/lee/workspace/ros2_ex_mav/install/px4_msgs/local/lib/python3.10/dist-packages/px4_msgs/msg/_estimator_bias_s.c\n'}
[0.489865] (px4_msgs) StdoutLine: {'line': b'-- Up-to-date symlink: /home/lee/workspace/ros2_ex_mav/install/px4_msgs/local/lib/python3.10/dist-packages/px4_msgs/msg/_estimator_event_flags.py\n'}
[0.489895] (px4_msgs) StdoutLine: {'line': b'-- Up-to-date symlink: /home/lee/workspace/ros2_ex_mav/install/px4_msgs/local/lib/python3.10/dist-packages/px4_msgs/msg/_estimator_event_flags_s.c\n'}
[0.489925] (px4_msgs) StdoutLine: {'line': b'-- Up-to-date symlink: /home/lee/workspace/ros2_ex_mav/install/px4_msgs/local/lib/python3.10/dist-packages/px4_msgs/msg/_estimator_gps_status.py\n'}
[0.489959] (px4_msgs) StdoutLine: {'line': b'-- Up-to-date symlink: /home/lee/workspace/ros2_ex_mav/install/px4_msgs/local/lib/python3.10/dist-packages/px4_msgs/msg/_estimator_gps_status_s.c\n'}
[0.489992] (px4_msgs) StdoutLine: {'line': b'-- Up-to-date symlink: /home/lee/workspace/ros2_ex_mav/install/px4_msgs/local/lib/python3.10/dist-packages/px4_msgs/msg/_estimator_innovations.py\n'}
[0.490025] (px4_msgs) StdoutLine: {'line': b'-- Up-to-date symlink: /home/lee/workspace/ros2_ex_mav/install/px4_msgs/local/lib/python3.10/dist-packages/px4_msgs/msg/_estimator_innovations_s.c\n'}
[0.490053] (px4_msgs) StdoutLine: {'line': b'-- Up-to-date symlink: /home/lee/workspace/ros2_ex_mav/install/px4_msgs/local/lib/python3.10/dist-packages/px4_msgs/msg/_estimator_selector_status.py\n'}
[0.490083] (px4_msgs) StdoutLine: {'line': b'-- Up-to-date symlink: /home/lee/workspace/ros2_ex_mav/install/px4_msgs/local/lib/python3.10/dist-packages/px4_msgs/msg/_estimator_selector_status_s.c\n'}
[0.490115] (px4_msgs) StdoutLine: {'line': b'-- Up-to-date symlink: /home/lee/workspace/ros2_ex_mav/install/px4_msgs/local/lib/python3.10/dist-packages/px4_msgs/msg/_estimator_sensor_bias.py\n'}
[0.490147] (px4_msgs) StdoutLine: {'line': b'-- Up-to-date symlink: /home/lee/workspace/ros2_ex_mav/install/px4_msgs/local/lib/python3.10/dist-packages/px4_msgs/msg/_estimator_sensor_bias_s.c\n'}
[0.490183] (px4_msgs) StdoutLine: {'line': b'-- Up-to-date symlink: /home/lee/workspace/ros2_ex_mav/install/px4_msgs/local/lib/python3.10/dist-packages/px4_msgs/msg/_estimator_states.py\n'}
[0.490214] (px4_msgs) StdoutLine: {'line': b'-- Up-to-date symlink: /home/lee/workspace/ros2_ex_mav/install/px4_msgs/local/lib/python3.10/dist-packages/px4_msgs/msg/_estimator_states_s.c\n'}
[0.490246] (px4_msgs) StdoutLine: {'line': b'-- Up-to-date symlink: /home/lee/workspace/ros2_ex_mav/install/px4_msgs/local/lib/python3.10/dist-packages/px4_msgs/msg/_estimator_status.py\n'}
[0.490277] (px4_msgs) StdoutLine: {'line': b'-- Up-to-date symlink: /home/lee/workspace/ros2_ex_mav/install/px4_msgs/local/lib/python3.10/dist-packages/px4_msgs/msg/_estimator_status_flags.py\n'}
[0.490309] (px4_msgs) StdoutLine: {'line': b'-- Up-to-date symlink: /home/lee/workspace/ros2_ex_mav/install/px4_msgs/local/lib/python3.10/dist-packages/px4_msgs/msg/_estimator_status_flags_s.c\n'}
[0.490340] (px4_msgs) StdoutLine: {'line': b'-- Up-to-date symlink: /home/lee/workspace/ros2_ex_mav/install/px4_msgs/local/lib/python3.10/dist-packages/px4_msgs/msg/_estimator_status_s.c\n'}
[0.490371] (px4_msgs) StdoutLine: {'line': b'-- Up-to-date symlink: /home/lee/workspace/ros2_ex_mav/install/px4_msgs/local/lib/python3.10/dist-packages/px4_msgs/msg/_event.py\n'}
[0.490402] (px4_msgs) StdoutLine: {'line': b'-- Up-to-date symlink: /home/lee/workspace/ros2_ex_mav/install/px4_msgs/local/lib/python3.10/dist-packages/px4_msgs/msg/_event_s.c\n'}
[0.490434] (px4_msgs) StdoutLine: {'line': b'-- Up-to-date symlink: /home/lee/workspace/ros2_ex_mav/install/px4_msgs/local/lib/python3.10/dist-packages/px4_msgs/msg/_failsafe_flags.py\n'}
[0.490465] (px4_msgs) StdoutLine: {'line': b'-- Up-to-date symlink: /home/lee/workspace/ros2_ex_mav/install/px4_msgs/local/lib/python3.10/dist-packages/px4_msgs/msg/_failsafe_flags_s.c\n'}
[0.490499] (px4_msgs) StdoutLine: {'line': b'-- Up-to-date symlink: /home/lee/workspace/ros2_ex_mav/install/px4_msgs/local/lib/python3.10/dist-packages/px4_msgs/msg/_failure_detector_status.py\n'}
[0.490533] (px4_msgs) StdoutLine: {'line': b'-- Up-to-date symlink: /home/lee/workspace/ros2_ex_mav/install/px4_msgs/local/lib/python3.10/dist-packages/px4_msgs/msg/_failure_detector_status_s.c\n'}
[0.490566] (px4_msgs) StdoutLine: {'line': b'-- Up-to-date symlink: /home/lee/workspace/ros2_ex_mav/install/px4_msgs/local/lib/python3.10/dist-packages/px4_msgs/msg/_follow_target.py\n'}
[0.490592] (px4_msgs) StdoutLine: {'line': b'-- Up-to-date symlink: /home/lee/workspace/ros2_ex_mav/install/px4_msgs/local/lib/python3.10/dist-packages/px4_msgs/msg/_follow_target_estimator.py\n'}
[0.490624] (px4_msgs) StdoutLine: {'line': b'-- Up-to-date symlink: /home/lee/workspace/ros2_ex_mav/install/px4_msgs/local/lib/python3.10/dist-packages/px4_msgs/msg/_follow_target_estimator_s.c\n'}
[0.490659] (px4_msgs) StdoutLine: {'line': b'-- Up-to-date symlink: /home/lee/workspace/ros2_ex_mav/install/px4_msgs/local/lib/python3.10/dist-packages/px4_msgs/msg/_follow_target_s.c\n'}
[0.490691] (px4_msgs) StdoutLine: {'line': b'-- Up-to-date symlink: /home/lee/workspace/ros2_ex_mav/install/px4_msgs/local/lib/python3.10/dist-packages/px4_msgs/msg/_follow_target_status.py\n'}
[0.490718] (px4_msgs) StdoutLine: {'line': b'-- Up-to-date symlink: /home/lee/workspace/ros2_ex_mav/install/px4_msgs/local/lib/python3.10/dist-packages/px4_msgs/msg/_follow_target_status_s.c\n'}
[0.490749] (px4_msgs) StdoutLine: {'line': b'-- Up-to-date symlink: /home/lee/workspace/ros2_ex_mav/install/px4_msgs/local/lib/python3.10/dist-packages/px4_msgs/msg/_generator_status.py\n'}
[0.490780] (px4_msgs) StdoutLine: {'line': b'-- Up-to-date symlink: /home/lee/workspace/ros2_ex_mav/install/px4_msgs/local/lib/python3.10/dist-packages/px4_msgs/msg/_generator_status_s.c\n'}
[0.490812] (px4_msgs) StdoutLine: {'line': b'-- Up-to-date symlink: /home/lee/workspace/ros2_ex_mav/install/px4_msgs/local/lib/python3.10/dist-packages/px4_msgs/msg/_geofence_result.py\n'}
[0.490844] (px4_msgs) StdoutLine: {'line': b'-- Up-to-date symlink: /home/lee/workspace/ros2_ex_mav/install/px4_msgs/local/lib/python3.10/dist-packages/px4_msgs/msg/_geofence_result_s.c\n'}
[0.490876] (px4_msgs) StdoutLine: {'line': b'-- Up-to-date symlink: /home/lee/workspace/ros2_ex_mav/install/px4_msgs/local/lib/python3.10/dist-packages/px4_msgs/msg/_gimbal_controls.py\n'}
[0.490907] (px4_msgs) StdoutLine: {'line': b'-- Up-to-date symlink: /home/lee/workspace/ros2_ex_mav/install/px4_msgs/local/lib/python3.10/dist-packages/px4_msgs/msg/_gimbal_controls_s.c\n'}
[0.490940] (px4_msgs) StdoutLine: {'line': b'-- Up-to-date symlink: /home/lee/workspace/ros2_ex_mav/install/px4_msgs/local/lib/python3.10/dist-packages/px4_msgs/msg/_gimbal_device_attitude_status.py\n'}
[0.490972] (px4_msgs) StdoutLine: {'line': b'-- Up-to-date symlink: /home/lee/workspace/ros2_ex_mav/install/px4_msgs/local/lib/python3.10/dist-packages/px4_msgs/msg/_gimbal_device_attitude_status_s.c\n'}
[0.491004] (px4_msgs) StdoutLine: {'line': b'-- Up-to-date symlink: /home/lee/workspace/ros2_ex_mav/install/px4_msgs/local/lib/python3.10/dist-packages/px4_msgs/msg/_gimbal_device_information.py\n'}
[0.491035] (px4_msgs) StdoutLine: {'line': b'-- Up-to-date symlink: /home/lee/workspace/ros2_ex_mav/install/px4_msgs/local/lib/python3.10/dist-packages/px4_msgs/msg/_gimbal_device_information_s.c\n'}
[0.491065] (px4_msgs) StdoutLine: {'line': b'-- Up-to-date symlink: /home/lee/workspace/ros2_ex_mav/install/px4_msgs/local/lib/python3.10/dist-packages/px4_msgs/msg/_gimbal_device_set_attitude.py\n'}
[0.491096] (px4_msgs) StdoutLine: {'line': b'-- Up-to-date symlink: /home/lee/workspace/ros2_ex_mav/install/px4_msgs/local/lib/python3.10/dist-packages/px4_msgs/msg/_gimbal_device_set_attitude_s.c\n'}
[0.491128] (px4_msgs) StdoutLine: {'line': b'-- Up-to-date symlink: /home/lee/workspace/ros2_ex_mav/install/px4_msgs/local/lib/python3.10/dist-packages/px4_msgs/msg/_gimbal_manager_information.py\n'}
[0.491159] (px4_msgs) StdoutLine: {'line': b'-- Up-to-date symlink: /home/lee/workspace/ros2_ex_mav/install/px4_msgs/local/lib/python3.10/dist-packages/px4_msgs/msg/_gimbal_manager_information_s.c\n'}
[0.491193] (px4_msgs) StdoutLine: {'line': b'-- Up-to-date symlink: /home/lee/workspace/ros2_ex_mav/install/px4_msgs/local/lib/python3.10/dist-packages/px4_msgs/msg/_gimbal_manager_set_attitude.py\n'}
[0.491225] (px4_msgs) StdoutLine: {'line': b'-- Up-to-date symlink: /home/lee/workspace/ros2_ex_mav/install/px4_msgs/local/lib/python3.10/dist-packages/px4_msgs/msg/_gimbal_manager_set_attitude_s.c\n'}
[0.491256] (px4_msgs) StdoutLine: {'line': b'-- Up-to-date symlink: /home/lee/workspace/ros2_ex_mav/install/px4_msgs/local/lib/python3.10/dist-packages/px4_msgs/msg/_gimbal_manager_set_manual_control.py\n'}
[0.491288] (px4_msgs) StdoutLine: {'line': b'-- Up-to-date symlink: /home/lee/workspace/ros2_ex_mav/install/px4_msgs/local/lib/python3.10/dist-packages/px4_msgs/msg/_gimbal_manager_set_manual_control_s.c\n'}
[0.491321] (px4_msgs) StdoutLine: {'line': b'-- Up-to-date symlink: /home/lee/workspace/ros2_ex_mav/install/px4_msgs/local/lib/python3.10/dist-packages/px4_msgs/msg/_gimbal_manager_status.py\n'}
[0.491356] (px4_msgs) StdoutLine: {'line': b'-- Up-to-date symlink: /home/lee/workspace/ros2_ex_mav/install/px4_msgs/local/lib/python3.10/dist-packages/px4_msgs/msg/_gimbal_manager_status_s.c\n'}
[0.491389] (px4_msgs) StdoutLine: {'line': b'-- Up-to-date symlink: /home/lee/workspace/ros2_ex_mav/install/px4_msgs/local/lib/python3.10/dist-packages/px4_msgs/msg/_gps_dump.py\n'}
[0.491416] (px4_msgs) StdoutLine: {'line': b'-- Up-to-date symlink: /home/lee/workspace/ros2_ex_mav/install/px4_msgs/local/lib/python3.10/dist-packages/px4_msgs/msg/_gps_dump_s.c\n'}
[0.491449] (px4_msgs) StdoutLine: {'line': b'-- Up-to-date symlink: /home/lee/workspace/ros2_ex_mav/install/px4_msgs/local/lib/python3.10/dist-packages/px4_msgs/msg/_gps_inject_data.py\n'}
[0.491482] (px4_msgs) StdoutLine: {'line': b'-- Up-to-date symlink: /home/lee/workspace/ros2_ex_mav/install/px4_msgs/local/lib/python3.10/dist-packages/px4_msgs/msg/_gps_inject_data_s.c\n'}
[0.491514] (px4_msgs) StdoutLine: {'line': b'-- Up-to-date symlink: /home/lee/workspace/ros2_ex_mav/install/px4_msgs/local/lib/python3.10/dist-packages/px4_msgs/msg/_gripper.py\n'}
[0.491546] (px4_msgs) StdoutLine: {'line': b'-- Up-to-date symlink: /home/lee/workspace/ros2_ex_mav/install/px4_msgs/local/lib/python3.10/dist-packages/px4_msgs/msg/_gripper_s.c\n'}
[0.491573] (px4_msgs) StdoutLine: {'line': b'-- Up-to-date symlink: /home/lee/workspace/ros2_ex_mav/install/px4_msgs/local/lib/python3.10/dist-packages/px4_msgs/msg/_health_report.py\n'}
[0.491603] (px4_msgs) StdoutLine: {'line': b'-- Up-to-date symlink: /home/lee/workspace/ros2_ex_mav/install/px4_msgs/local/lib/python3.10/dist-packages/px4_msgs/msg/_health_report_s.c\n'}
[0.491634] (px4_msgs) StdoutLine: {'line': b'-- Up-to-date symlink: /home/lee/workspace/ros2_ex_mav/install/px4_msgs/local/lib/python3.10/dist-packages/px4_msgs/msg/_heater_status.py\n'}
[0.491666] (px4_msgs) StdoutLine: {'line': b'-- Up-to-date symlink: /home/lee/workspace/ros2_ex_mav/install/px4_msgs/local/lib/python3.10/dist-packages/px4_msgs/msg/_heater_status_s.c\n'}
[0.491697] (px4_msgs) StdoutLine: {'line': b'-- Up-to-date symlink: /home/lee/workspace/ros2_ex_mav/install/px4_msgs/local/lib/python3.10/dist-packages/px4_msgs/msg/_home_position.py\n'}
[0.491728] (px4_msgs) StdoutLine: {'line': b'-- Up-to-date symlink: /home/lee/workspace/ros2_ex_mav/install/px4_msgs/local/lib/python3.10/dist-packages/px4_msgs/msg/_home_position_s.c\n'}
[0.491759] (px4_msgs) StdoutLine: {'line': b'-- Up-to-date symlink: /home/lee/workspace/ros2_ex_mav/install/px4_msgs/local/lib/python3.10/dist-packages/px4_msgs/msg/_hover_thrust_estimate.py\n'}
[0.491791] (px4_msgs) StdoutLine: {'line': b'-- Up-to-date symlink: /home/lee/workspace/ros2_ex_mav/install/px4_msgs/local/lib/python3.10/dist-packages/px4_msgs/msg/_hover_thrust_estimate_s.c\n'}
[0.491824] (px4_msgs) StdoutLine: {'line': b'-- Up-to-date symlink: /home/lee/workspace/ros2_ex_mav/install/px4_msgs/local/lib/python3.10/dist-packages/px4_msgs/msg/_input_rc.py\n'}
[0.491855] (px4_msgs) StdoutLine: {'line': b'-- Up-to-date symlink: /home/lee/workspace/ros2_ex_mav/install/px4_msgs/local/lib/python3.10/dist-packages/px4_msgs/msg/_input_rc_s.c\n'}
[0.491888] (px4_msgs) StdoutLine: {'line': b'-- Up-to-date symlink: /home/lee/workspace/ros2_ex_mav/install/px4_msgs/local/lib/python3.10/dist-packages/px4_msgs/msg/_internal_combustion_engine_status.py\n'}
[0.491921] (px4_msgs) StdoutLine: {'line': b'-- Up-to-date symlink: /home/lee/workspace/ros2_ex_mav/install/px4_msgs/local/lib/python3.10/dist-packages/px4_msgs/msg/_internal_combustion_engine_status_s.c\n'}
[0.491953] (px4_msgs) StdoutLine: {'line': b'-- Up-to-date symlink: /home/lee/workspace/ros2_ex_mav/install/px4_msgs/local/lib/python3.10/dist-packages/px4_msgs/msg/_iridiumsbd_status.py\n'}
[0.491985] (px4_msgs) StdoutLine: {'line': b'-- Up-to-date symlink: /home/lee/workspace/ros2_ex_mav/install/px4_msgs/local/lib/python3.10/dist-packages/px4_msgs/msg/_iridiumsbd_status_s.c\n'}
[0.492017] (px4_msgs) StdoutLine: {'line': b'-- Up-to-date symlink: /home/lee/workspace/ros2_ex_mav/install/px4_msgs/local/lib/python3.10/dist-packages/px4_msgs/msg/_irlock_report.py\n'}
[0.492048] (px4_msgs) StdoutLine: {'line': b'-- Up-to-date symlink: /home/lee/workspace/ros2_ex_mav/install/px4_msgs/local/lib/python3.10/dist-packages/px4_msgs/msg/_irlock_report_s.c\n'}
[0.492080] (px4_msgs) StdoutLine: {'line': b'-- Up-to-date symlink: /home/lee/workspace/ros2_ex_mav/install/px4_msgs/local/lib/python3.10/dist-packages/px4_msgs/msg/_landing_gear.py\n'}
[0.492111] (px4_msgs) StdoutLine: {'line': b'-- Up-to-date symlink: /home/lee/workspace/ros2_ex_mav/install/px4_msgs/local/lib/python3.10/dist-packages/px4_msgs/msg/_landing_gear_s.c\n'}
[0.492142] (px4_msgs) StdoutLine: {'line': b'-- Up-to-date symlink: /home/lee/workspace/ros2_ex_mav/install/px4_msgs/local/lib/python3.10/dist-packages/px4_msgs/msg/_landing_gear_wheel.py\n'}
[0.492175] (px4_msgs) StdoutLine: {'line': b'-- Up-to-date symlink: /home/lee/workspace/ros2_ex_mav/install/px4_msgs/local/lib/python3.10/dist-packages/px4_msgs/msg/_landing_gear_wheel_s.c\n'}
[0.492207] (px4_msgs) StdoutLine: {'line': b'-- Up-to-date symlink: /home/lee/workspace/ros2_ex_mav/install/px4_msgs/local/lib/python3.10/dist-packages/px4_msgs/msg/_landing_target_innovations.py\n'}
[0.492239] (px4_msgs) StdoutLine: {'line': b'-- Up-to-date symlink: /home/lee/workspace/ros2_ex_mav/install/px4_msgs/local/lib/python3.10/dist-packages/px4_msgs/msg/_landing_target_innovations_s.c\n'}
[0.492275] (px4_msgs) StdoutLine: {'line': b'-- Up-to-date symlink: /home/lee/workspace/ros2_ex_mav/install/px4_msgs/local/lib/python3.10/dist-packages/px4_msgs/msg/_landing_target_pose.py\n'}
[0.492308] (px4_msgs) StdoutLine: {'line': b'-- Up-to-date symlink: /home/lee/workspace/ros2_ex_mav/install/px4_msgs/local/lib/python3.10/dist-packages/px4_msgs/msg/_landing_target_pose_s.c\n'}
[0.492340] (px4_msgs) StdoutLine: {'line': b'-- Up-to-date symlink: /home/lee/workspace/ros2_ex_mav/install/px4_msgs/local/lib/python3.10/dist-packages/px4_msgs/msg/_launch_detection_status.py\n'}
[0.492372] (px4_msgs) StdoutLine: {'line': b'-- Up-to-date symlink: /home/lee/workspace/ros2_ex_mav/install/px4_msgs/local/lib/python3.10/dist-packages/px4_msgs/msg/_launch_detection_status_s.c\n'}
[0.492404] (px4_msgs) StdoutLine: {'line': b'-- Up-to-date symlink: /home/lee/workspace/ros2_ex_mav/install/px4_msgs/local/lib/python3.10/dist-packages/px4_msgs/msg/_led_control.py\n'}
[0.492433] (px4_msgs) StdoutLine: {'line': b'-- Up-to-date symlink: /home/lee/workspace/ros2_ex_mav/install/px4_msgs/local/lib/python3.10/dist-packages/px4_msgs/msg/_led_control_s.c\n'}
[0.492464] (px4_msgs) StdoutLine: {'line': b'-- Up-to-date symlink: /home/lee/workspace/ros2_ex_mav/install/px4_msgs/local/lib/python3.10/dist-packages/px4_msgs/msg/_log_message.py\n'}
[0.492495] (px4_msgs) StdoutLine: {'line': b'-- Up-to-date symlink: /home/lee/workspace/ros2_ex_mav/install/px4_msgs/local/lib/python3.10/dist-packages/px4_msgs/msg/_log_message_s.c\n'}
[0.492526] (px4_msgs) StdoutLine: {'line': b'-- Up-to-date symlink: /home/lee/workspace/ros2_ex_mav/install/px4_msgs/local/lib/python3.10/dist-packages/px4_msgs/msg/_logger_status.py\n'}
[0.492558] (px4_msgs) StdoutLine: {'line': b'-- Up-to-date symlink: /home/lee/workspace/ros2_ex_mav/install/px4_msgs/local/lib/python3.10/dist-packages/px4_msgs/msg/_logger_status_s.c\n'}
[0.492590] (px4_msgs) StdoutLine: {'line': b'-- Up-to-date symlink: /home/lee/workspace/ros2_ex_mav/install/px4_msgs/local/lib/python3.10/dist-packages/px4_msgs/msg/_mag_worker_data.py\n'}
[0.492621] (px4_msgs) StdoutLine: {'line': b'-- Up-to-date symlink: /home/lee/workspace/ros2_ex_mav/install/px4_msgs/local/lib/python3.10/dist-packages/px4_msgs/msg/_mag_worker_data_s.c\n'}
[0.492653] (px4_msgs) StdoutLine: {'line': b'-- Up-to-date symlink: /home/lee/workspace/ros2_ex_mav/install/px4_msgs/local/lib/python3.10/dist-packages/px4_msgs/msg/_magnetometer_bias_estimate.py\n'}
[0.492685] (px4_msgs) StdoutLine: {'line': b'-- Up-to-date symlink: /home/lee/workspace/ros2_ex_mav/install/px4_msgs/local/lib/python3.10/dist-packages/px4_msgs/msg/_magnetometer_bias_estimate_s.c\n'}
[0.492718] (px4_msgs) StdoutLine: {'line': b'-- Up-to-date symlink: /home/lee/workspace/ros2_ex_mav/install/px4_msgs/local/lib/python3.10/dist-packages/px4_msgs/msg/_manual_control_setpoint.py\n'}
[0.492749] (px4_msgs) StdoutLine: {'line': b'-- Up-to-date symlink: /home/lee/workspace/ros2_ex_mav/install/px4_msgs/local/lib/python3.10/dist-packages/px4_msgs/msg/_manual_control_setpoint_s.c\n'}
[0.492781] (px4_msgs) StdoutLine: {'line': b'-- Up-to-date symlink: /home/lee/workspace/ros2_ex_mav/install/px4_msgs/local/lib/python3.10/dist-packages/px4_msgs/msg/_manual_control_switches.py\n'}
[0.492812] (px4_msgs) StdoutLine: {'line': b'-- Up-to-date symlink: /home/lee/workspace/ros2_ex_mav/install/px4_msgs/local/lib/python3.10/dist-packages/px4_msgs/msg/_manual_control_switches_s.c\n'}
[0.492846] (px4_msgs) StdoutLine: {'line': b'-- Up-to-date symlink: /home/lee/workspace/ros2_ex_mav/install/px4_msgs/local/lib/python3.10/dist-packages/px4_msgs/msg/_mavlink_log.py\n'}
[0.492876] (px4_msgs) StdoutLine: {'line': b'-- Up-to-date symlink: /home/lee/workspace/ros2_ex_mav/install/px4_msgs/local/lib/python3.10/dist-packages/px4_msgs/msg/_mavlink_log_s.c\n'}
[0.492910] (px4_msgs) StdoutLine: {'line': b'-- Up-to-date symlink: /home/lee/workspace/ros2_ex_mav/install/px4_msgs/local/lib/python3.10/dist-packages/px4_msgs/msg/_mavlink_tunnel.py\n'}
[0.492941] (px4_msgs) StdoutLine: {'line': b'-- Up-to-date symlink: /home/lee/workspace/ros2_ex_mav/install/px4_msgs/local/lib/python3.10/dist-packages/px4_msgs/msg/_mavlink_tunnel_s.c\n'}
[0.492974] (px4_msgs) StdoutLine: {'line': b'-- Up-to-date symlink: /home/lee/workspace/ros2_ex_mav/install/px4_msgs/local/lib/python3.10/dist-packages/px4_msgs/msg/_mission.py\n'}
[0.493006] (px4_msgs) StdoutLine: {'line': b'-- Up-to-date symlink: /home/lee/workspace/ros2_ex_mav/install/px4_msgs/local/lib/python3.10/dist-packages/px4_msgs/msg/_mission_result.py\n'}
[0.493037] (px4_msgs) StdoutLine: {'line': b'-- Up-to-date symlink: /home/lee/workspace/ros2_ex_mav/install/px4_msgs/local/lib/python3.10/dist-packages/px4_msgs/msg/_mission_result_s.c\n'}
[0.493068] (px4_msgs) StdoutLine: {'line': b'-- Up-to-date symlink: /home/lee/workspace/ros2_ex_mav/install/px4_msgs/local/lib/python3.10/dist-packages/px4_msgs/msg/_mission_s.c\n'}
[0.493102] (px4_msgs) StdoutLine: {'line': b'-- Up-to-date symlink: /home/lee/workspace/ros2_ex_mav/install/px4_msgs/local/lib/python3.10/dist-packages/px4_msgs/msg/_mode_completed.py\n'}
[0.493132] (px4_msgs) StdoutLine: {'line': b'-- Up-to-date symlink: /home/lee/workspace/ros2_ex_mav/install/px4_msgs/local/lib/python3.10/dist-packages/px4_msgs/msg/_mode_completed_s.c\n'}
[0.493164] (px4_msgs) StdoutLine: {'line': b'-- Up-to-date symlink: /home/lee/workspace/ros2_ex_mav/install/px4_msgs/local/lib/python3.10/dist-packages/px4_msgs/msg/_mount_orientation.py\n'}
[0.493204] (px4_msgs) StdoutLine: {'line': b'-- Up-to-date symlink: /home/lee/workspace/ros2_ex_mav/install/px4_msgs/local/lib/python3.10/dist-packages/px4_msgs/msg/_mount_orientation_s.c\n'}
[0.493236] (px4_msgs) StdoutLine: {'line': b'-- Up-to-date symlink: /home/lee/workspace/ros2_ex_mav/install/px4_msgs/local/lib/python3.10/dist-packages/px4_msgs/msg/_navigator_mission_item.py\n'}
[0.493268] (px4_msgs) StdoutLine: {'line': b'-- Up-to-date symlink: /home/lee/workspace/ros2_ex_mav/install/px4_msgs/local/lib/python3.10/dist-packages/px4_msgs/msg/_navigator_mission_item_s.c\n'}
[0.493297] (px4_msgs) StdoutLine: {'line': b'-- Up-to-date symlink: /home/lee/workspace/ros2_ex_mav/install/px4_msgs/local/lib/python3.10/dist-packages/px4_msgs/msg/_normalized_unsigned_setpoint.py\n'}
[0.493332] (px4_msgs) StdoutLine: {'line': b'-- Up-to-date symlink: /home/lee/workspace/ros2_ex_mav/install/px4_msgs/local/lib/python3.10/dist-packages/px4_msgs/msg/_normalized_unsigned_setpoint_s.c\n'}
[0.493362] (px4_msgs) StdoutLine: {'line': b'-- Up-to-date symlink: /home/lee/workspace/ros2_ex_mav/install/px4_msgs/local/lib/python3.10/dist-packages/px4_msgs/msg/_npfg_status.py\n'}
[0.493395] (px4_msgs) StdoutLine: {'line': b'-- Up-to-date symlink: /home/lee/workspace/ros2_ex_mav/install/px4_msgs/local/lib/python3.10/dist-packages/px4_msgs/msg/_npfg_status_s.c\n'}
[0.493428] (px4_msgs) StdoutLine: {'line': b'-- Up-to-date symlink: /home/lee/workspace/ros2_ex_mav/install/px4_msgs/local/lib/python3.10/dist-packages/px4_msgs/msg/_obstacle_distance.py\n'}
[0.493460] (px4_msgs) StdoutLine: {'line': b'-- Up-to-date symlink: /home/lee/workspace/ros2_ex_mav/install/px4_msgs/local/lib/python3.10/dist-packages/px4_msgs/msg/_obstacle_distance_s.c\n'}
[0.493494] (px4_msgs) StdoutLine: {'line': b'-- Up-to-date symlink: /home/lee/workspace/ros2_ex_mav/install/px4_msgs/local/lib/python3.10/dist-packages/px4_msgs/msg/_offboard_control_mode.py\n'}
[0.493526] (px4_msgs) StdoutLine: {'line': b'-- Up-to-date symlink: /home/lee/workspace/ros2_ex_mav/install/px4_msgs/local/lib/python3.10/dist-packages/px4_msgs/msg/_offboard_control_mode_s.c\n'}
[0.493559] (px4_msgs) StdoutLine: {'line': b'-- Up-to-date symlink: /home/lee/workspace/ros2_ex_mav/install/px4_msgs/local/lib/python3.10/dist-packages/px4_msgs/msg/_onboard_computer_status.py\n'}
[0.493587] (px4_msgs) StdoutLine: {'line': b'-- Up-to-date symlink: /home/lee/workspace/ros2_ex_mav/install/px4_msgs/local/lib/python3.10/dist-packages/px4_msgs/msg/_onboard_computer_status_s.c\n'}
[0.493619] (px4_msgs) StdoutLine: {'line': b'-- Up-to-date symlink: /home/lee/workspace/ros2_ex_mav/install/px4_msgs/local/lib/python3.10/dist-packages/px4_msgs/msg/_orb_test.py\n'}
[0.493647] (px4_msgs) StdoutLine: {'line': b'-- Up-to-date symlink: /home/lee/workspace/ros2_ex_mav/install/px4_msgs/local/lib/python3.10/dist-packages/px4_msgs/msg/_orb_test_large.py\n'}
[0.493678] (px4_msgs) StdoutLine: {'line': b'-- Up-to-date symlink: /home/lee/workspace/ros2_ex_mav/install/px4_msgs/local/lib/python3.10/dist-packages/px4_msgs/msg/_orb_test_large_s.c\n'}
[0.493709] (px4_msgs) StdoutLine: {'line': b'-- Up-to-date symlink: /home/lee/workspace/ros2_ex_mav/install/px4_msgs/local/lib/python3.10/dist-packages/px4_msgs/msg/_orb_test_medium.py\n'}
[0.493741] (px4_msgs) StdoutLine: {'line': b'-- Up-to-date symlink: /home/lee/workspace/ros2_ex_mav/install/px4_msgs/local/lib/python3.10/dist-packages/px4_msgs/msg/_orb_test_medium_s.c\n'}
[0.493772] (px4_msgs) StdoutLine: {'line': b'-- Up-to-date symlink: /home/lee/workspace/ros2_ex_mav/install/px4_msgs/local/lib/python3.10/dist-packages/px4_msgs/msg/_orb_test_s.c\n'}
[0.493805] (px4_msgs) StdoutLine: {'line': b'-- Up-to-date symlink: /home/lee/workspace/ros2_ex_mav/install/px4_msgs/local/lib/python3.10/dist-packages/px4_msgs/msg/_orbit_status.py\n'}
[0.493836] (px4_msgs) StdoutLine: {'line': b'-- Up-to-date symlink: /home/lee/workspace/ros2_ex_mav/install/px4_msgs/local/lib/python3.10/dist-packages/px4_msgs/msg/_orbit_status_s.c\n'}
[0.493868] (px4_msgs) StdoutLine: {'line': b'-- Up-to-date symlink: /home/lee/workspace/ros2_ex_mav/install/px4_msgs/local/lib/python3.10/dist-packages/px4_msgs/msg/_parameter_update.py\n'}
[0.493900] (px4_msgs) StdoutLine: {'line': b'-- Up-to-date symlink: /home/lee/workspace/ros2_ex_mav/install/px4_msgs/local/lib/python3.10/dist-packages/px4_msgs/msg/_parameter_update_s.c\n'}
[0.493932] (px4_msgs) StdoutLine: {'line': b'-- Up-to-date symlink: /home/lee/workspace/ros2_ex_mav/install/px4_msgs/local/lib/python3.10/dist-packages/px4_msgs/msg/_ping.py\n'}
[0.493964] (px4_msgs) StdoutLine: {'line': b'-- Up-to-date symlink: /home/lee/workspace/ros2_ex_mav/install/px4_msgs/local/lib/python3.10/dist-packages/px4_msgs/msg/_ping_s.c\n'}
[0.493999] (px4_msgs) StdoutLine: {'line': b'-- Up-to-date symlink: /home/lee/workspace/ros2_ex_mav/install/px4_msgs/local/lib/python3.10/dist-packages/px4_msgs/msg/_position_controller_landing_status.py\n'}
[0.494031] (px4_msgs) StdoutLine: {'line': b'-- Up-to-date symlink: /home/lee/workspace/ros2_ex_mav/install/px4_msgs/local/lib/python3.10/dist-packages/px4_msgs/msg/_position_controller_landing_status_s.c\n'}
[0.494063] (px4_msgs) StdoutLine: {'line': b'-- Up-to-date symlink: /home/lee/workspace/ros2_ex_mav/install/px4_msgs/local/lib/python3.10/dist-packages/px4_msgs/msg/_position_controller_status.py\n'}
[0.494096] (px4_msgs) StdoutLine: {'line': b'-- Up-to-date symlink: /home/lee/workspace/ros2_ex_mav/install/px4_msgs/local/lib/python3.10/dist-packages/px4_msgs/msg/_position_controller_status_s.c\n'}
[0.494129] (px4_msgs) StdoutLine: {'line': b'-- Up-to-date symlink: /home/lee/workspace/ros2_ex_mav/install/px4_msgs/local/lib/python3.10/dist-packages/px4_msgs/msg/_position_setpoint.py\n'}
[0.494159] (px4_msgs) StdoutLine: {'line': b'-- Up-to-date symlink: /home/lee/workspace/ros2_ex_mav/install/px4_msgs/local/lib/python3.10/dist-packages/px4_msgs/msg/_position_setpoint_s.c\n'}
[0.494195] (px4_msgs) StdoutLine: {'line': b'-- Up-to-date symlink: /home/lee/workspace/ros2_ex_mav/install/px4_msgs/local/lib/python3.10/dist-packages/px4_msgs/msg/_position_setpoint_triplet.py\n'}
[0.494228] (px4_msgs) StdoutLine: {'line': b'-- Up-to-date symlink: /home/lee/workspace/ros2_ex_mav/install/px4_msgs/local/lib/python3.10/dist-packages/px4_msgs/msg/_position_setpoint_triplet_s.c\n'}
[0.494258] (px4_msgs) StdoutLine: {'line': b'-- Up-to-date symlink: /home/lee/workspace/ros2_ex_mav/install/px4_msgs/local/lib/python3.10/dist-packages/px4_msgs/msg/_power_button_state.py\n'}
[0.494290] (px4_msgs) StdoutLine: {'line': b'-- Up-to-date symlink: /home/lee/workspace/ros2_ex_mav/install/px4_msgs/local/lib/python3.10/dist-packages/px4_msgs/msg/_power_button_state_s.c\n'}
[0.494322] (px4_msgs) StdoutLine: {'line': b'-- Up-to-date symlink: /home/lee/workspace/ros2_ex_mav/install/px4_msgs/local/lib/python3.10/dist-packages/px4_msgs/msg/_power_monitor.py\n'}
[0.494354] (px4_msgs) StdoutLine: {'line': b'-- Up-to-date symlink: /home/lee/workspace/ros2_ex_mav/install/px4_msgs/local/lib/python3.10/dist-packages/px4_msgs/msg/_power_monitor_s.c\n'}
[0.494386] (px4_msgs) StdoutLine: {'line': b'-- Up-to-date symlink: /home/lee/workspace/ros2_ex_mav/install/px4_msgs/local/lib/python3.10/dist-packages/px4_msgs/msg/_pps_capture.py\n'}
[0.494417] (px4_msgs) StdoutLine: {'line': b'-- Up-to-date symlink: /home/lee/workspace/ros2_ex_mav/install/px4_msgs/local/lib/python3.10/dist-packages/px4_msgs/msg/_pps_capture_s.c\n'}
[0.494448] (px4_msgs) StdoutLine: {'line': b'-- Up-to-date symlink: /home/lee/workspace/ros2_ex_mav/install/px4_msgs/local/lib/python3.10/dist-packages/px4_msgs/msg/_pwm_input.py\n'}
[0.494479] (px4_msgs) StdoutLine: {'line': b'-- Up-to-date symlink: /home/lee/workspace/ros2_ex_mav/install/px4_msgs/local/lib/python3.10/dist-packages/px4_msgs/msg/_pwm_input_s.c\n'}
[0.494511] (px4_msgs) StdoutLine: {'line': b'-- Up-to-date symlink: /home/lee/workspace/ros2_ex_mav/install/px4_msgs/local/lib/python3.10/dist-packages/px4_msgs/msg/_px4io_status.py\n'}
[0.494543] (px4_msgs) StdoutLine: {'line': b'-- Up-to-date symlink: /home/lee/workspace/ros2_ex_mav/install/px4_msgs/local/lib/python3.10/dist-packages/px4_msgs/msg/_px4io_status_s.c\n'}
[0.494573] (px4_msgs) StdoutLine: {'line': b'-- Up-to-date symlink: /home/lee/workspace/ros2_ex_mav/install/px4_msgs/local/lib/python3.10/dist-packages/px4_msgs/msg/_qshell_req.py\n'}
[0.494603] (px4_msgs) StdoutLine: {'line': b'-- Up-to-date symlink: /home/lee/workspace/ros2_ex_mav/install/px4_msgs/local/lib/python3.10/dist-packages/px4_msgs/msg/_qshell_req_s.c\n'}
[0.494634] (px4_msgs) StdoutLine: {'line': b'-- Up-to-date symlink: /home/lee/workspace/ros2_ex_mav/install/px4_msgs/local/lib/python3.10/dist-packages/px4_msgs/msg/_qshell_retval.py\n'}
[0.494664] (px4_msgs) StdoutLine: {'line': b'-- Up-to-date symlink: /home/lee/workspace/ros2_ex_mav/install/px4_msgs/local/lib/python3.10/dist-packages/px4_msgs/msg/_qshell_retval_s.c\n'}
[0.494695] (px4_msgs) StdoutLine: {'line': b'-- Up-to-date symlink: /home/lee/workspace/ros2_ex_mav/install/px4_msgs/local/lib/python3.10/dist-packages/px4_msgs/msg/_radio_status.py\n'}
[0.494725] (px4_msgs) StdoutLine: {'line': b'-- Up-to-date symlink: /home/lee/workspace/ros2_ex_mav/install/px4_msgs/local/lib/python3.10/dist-packages/px4_msgs/msg/_radio_status_s.c\n'}
[0.494756] (px4_msgs) StdoutLine: {'line': b'-- Up-to-date symlink: /home/lee/workspace/ros2_ex_mav/install/px4_msgs/local/lib/python3.10/dist-packages/px4_msgs/msg/_rate_ctrl_status.py\n'}
[0.494787] (px4_msgs) StdoutLine: {'line': b'-- Up-to-date symlink: /home/lee/workspace/ros2_ex_mav/install/px4_msgs/local/lib/python3.10/dist-packages/px4_msgs/msg/_rate_ctrl_status_s.c\n'}
[0.494818] (px4_msgs) StdoutLine: {'line': b'-- Up-to-date symlink: /home/lee/workspace/ros2_ex_mav/install/px4_msgs/local/lib/python3.10/dist-packages/px4_msgs/msg/_rc_channels.py\n'}
[0.494849] (px4_msgs) StdoutLine: {'line': b'-- Up-to-date symlink: /home/lee/workspace/ros2_ex_mav/install/px4_msgs/local/lib/python3.10/dist-packages/px4_msgs/msg/_rc_channels_s.c\n'}
[0.494879] (px4_msgs) StdoutLine: {'line': b'-- Up-to-date symlink: /home/lee/workspace/ros2_ex_mav/install/px4_msgs/local/lib/python3.10/dist-packages/px4_msgs/msg/_rc_parameter_map.py\n'}
[0.494910] (px4_msgs) StdoutLine: {'line': b'-- Up-to-date symlink: /home/lee/workspace/ros2_ex_mav/install/px4_msgs/local/lib/python3.10/dist-packages/px4_msgs/msg/_rc_parameter_map_s.c\n'}
[0.494942] (px4_msgs) StdoutLine: {'line': b'-- Up-to-date symlink: /home/lee/workspace/ros2_ex_mav/install/px4_msgs/local/lib/python3.10/dist-packages/px4_msgs/msg/_rpm.py\n'}
[0.494972] (px4_msgs) StdoutLine: {'line': b'-- Up-to-date symlink: /home/lee/workspace/ros2_ex_mav/install/px4_msgs/local/lib/python3.10/dist-packages/px4_msgs/msg/_rpm_s.c\n'}
[0.495003] (px4_msgs) StdoutLine: {'line': b'-- Up-to-date symlink: /home/lee/workspace/ros2_ex_mav/install/px4_msgs/local/lib/python3.10/dist-packages/px4_msgs/msg/_rtl_time_estimate.py\n'}
[0.495037] (px4_msgs) StdoutLine: {'line': b'-- Up-to-date symlink: /home/lee/workspace/ros2_ex_mav/install/px4_msgs/local/lib/python3.10/dist-packages/px4_msgs/msg/_rtl_time_estimate_s.c\n'}
[0.495068] (px4_msgs) StdoutLine: {'line': b'-- Up-to-date symlink: /home/lee/workspace/ros2_ex_mav/install/px4_msgs/local/lib/python3.10/dist-packages/px4_msgs/msg/_satellite_info.py\n'}
[0.495098] (px4_msgs) StdoutLine: {'line': b'-- Up-to-date symlink: /home/lee/workspace/ros2_ex_mav/install/px4_msgs/local/lib/python3.10/dist-packages/px4_msgs/msg/_satellite_info_s.c\n'}
[0.495127] (px4_msgs) StdoutLine: {'line': b'-- Up-to-date symlink: /home/lee/workspace/ros2_ex_mav/install/px4_msgs/local/lib/python3.10/dist-packages/px4_msgs/msg/_sensor_accel.py\n'}
[0.495157] (px4_msgs) StdoutLine: {'line': b'-- Up-to-date symlink: /home/lee/workspace/ros2_ex_mav/install/px4_msgs/local/lib/python3.10/dist-packages/px4_msgs/msg/_sensor_accel_fifo.py\n'}
[0.495190] (px4_msgs) StdoutLine: {'line': b'-- Up-to-date symlink: /home/lee/workspace/ros2_ex_mav/install/px4_msgs/local/lib/python3.10/dist-packages/px4_msgs/msg/_sensor_accel_fifo_s.c\n'}
[0.495223] (px4_msgs) StdoutLine: {'line': b'-- Up-to-date symlink: /home/lee/workspace/ros2_ex_mav/install/px4_msgs/local/lib/python3.10/dist-packages/px4_msgs/msg/_sensor_accel_s.c\n'}
[0.495254] (px4_msgs) StdoutLine: {'line': b'-- Up-to-date symlink: /home/lee/workspace/ros2_ex_mav/install/px4_msgs/local/lib/python3.10/dist-packages/px4_msgs/msg/_sensor_baro.py\n'}
[0.495284] (px4_msgs) StdoutLine: {'line': b'-- Up-to-date symlink: /home/lee/workspace/ros2_ex_mav/install/px4_msgs/local/lib/python3.10/dist-packages/px4_msgs/msg/_sensor_baro_s.c\n'}
[0.495316] (px4_msgs) StdoutLine: {'line': b'-- Up-to-date symlink: /home/lee/workspace/ros2_ex_mav/install/px4_msgs/local/lib/python3.10/dist-packages/px4_msgs/msg/_sensor_combined.py\n'}
[0.495347] (px4_msgs) StdoutLine: {'line': b'-- Up-to-date symlink: /home/lee/workspace/ros2_ex_mav/install/px4_msgs/local/lib/python3.10/dist-packages/px4_msgs/msg/_sensor_combined_s.c\n'}
[0.495380] (px4_msgs) StdoutLine: {'line': b'-- Up-to-date symlink: /home/lee/workspace/ros2_ex_mav/install/px4_msgs/local/lib/python3.10/dist-packages/px4_msgs/msg/_sensor_correction.py\n'}
[0.495411] (px4_msgs) StdoutLine: {'line': b'-- Up-to-date symlink: /home/lee/workspace/ros2_ex_mav/install/px4_msgs/local/lib/python3.10/dist-packages/px4_msgs/msg/_sensor_correction_s.c\n'}
[0.495443] (px4_msgs) StdoutLine: {'line': b'-- Up-to-date symlink: /home/lee/workspace/ros2_ex_mav/install/px4_msgs/local/lib/python3.10/dist-packages/px4_msgs/msg/_sensor_gnss_relative.py\n'}
[0.495474] (px4_msgs) StdoutLine: {'line': b'-- Up-to-date symlink: /home/lee/workspace/ros2_ex_mav/install/px4_msgs/local/lib/python3.10/dist-packages/px4_msgs/msg/_sensor_gnss_relative_s.c\n'}
[0.495508] (px4_msgs) StdoutLine: {'line': b'-- Up-to-date symlink: /home/lee/workspace/ros2_ex_mav/install/px4_msgs/local/lib/python3.10/dist-packages/px4_msgs/msg/_sensor_gps.py\n'}
[0.495539] (px4_msgs) StdoutLine: {'line': b'-- Up-to-date symlink: /home/lee/workspace/ros2_ex_mav/install/px4_msgs/local/lib/python3.10/dist-packages/px4_msgs/msg/_sensor_gps_s.c\n'}
[0.495570] (px4_msgs) StdoutLine: {'line': b'-- Up-to-date symlink: /home/lee/workspace/ros2_ex_mav/install/px4_msgs/local/lib/python3.10/dist-packages/px4_msgs/msg/_sensor_gyro.py\n'}
[0.495601] (px4_msgs) StdoutLine: {'line': b'-- Up-to-date symlink: /home/lee/workspace/ros2_ex_mav/install/px4_msgs/local/lib/python3.10/dist-packages/px4_msgs/msg/_sensor_gyro_fft.py\n'}
[0.495633] (px4_msgs) StdoutLine: {'line': b'-- Up-to-date symlink: /home/lee/workspace/ros2_ex_mav/install/px4_msgs/local/lib/python3.10/dist-packages/px4_msgs/msg/_sensor_gyro_fft_s.c\n'}
[0.495665] (px4_msgs) StdoutLine: {'line': b'-- Up-to-date symlink: /home/lee/workspace/ros2_ex_mav/install/px4_msgs/local/lib/python3.10/dist-packages/px4_msgs/msg/_sensor_gyro_fifo.py\n'}
[0.495696] (px4_msgs) StdoutLine: {'line': b'-- Up-to-date symlink: /home/lee/workspace/ros2_ex_mav/install/px4_msgs/local/lib/python3.10/dist-packages/px4_msgs/msg/_sensor_gyro_fifo_s.c\n'}
[0.495728] (px4_msgs) StdoutLine: {'line': b'-- Up-to-date symlink: /home/lee/workspace/ros2_ex_mav/install/px4_msgs/local/lib/python3.10/dist-packages/px4_msgs/msg/_sensor_gyro_s.c\n'}
[0.495759] (px4_msgs) StdoutLine: {'line': b'-- Up-to-date symlink: /home/lee/workspace/ros2_ex_mav/install/px4_msgs/local/lib/python3.10/dist-packages/px4_msgs/msg/_sensor_hygrometer.py\n'}
[0.495791] (px4_msgs) StdoutLine: {'line': b'-- Up-to-date symlink: /home/lee/workspace/ros2_ex_mav/install/px4_msgs/local/lib/python3.10/dist-packages/px4_msgs/msg/_sensor_hygrometer_s.c\n'}
[0.495822] (px4_msgs) StdoutLine: {'line': b'-- Up-to-date symlink: /home/lee/workspace/ros2_ex_mav/install/px4_msgs/local/lib/python3.10/dist-packages/px4_msgs/msg/_sensor_mag.py\n'}
[0.495853] (px4_msgs) StdoutLine: {'line': b'-- Up-to-date symlink: /home/lee/workspace/ros2_ex_mav/install/px4_msgs/local/lib/python3.10/dist-packages/px4_msgs/msg/_sensor_mag_s.c\n'}
[0.495886] (px4_msgs) StdoutLine: {'line': b'-- Up-to-date symlink: /home/lee/workspace/ros2_ex_mav/install/px4_msgs/local/lib/python3.10/dist-packages/px4_msgs/msg/_sensor_optical_flow.py\n'}
[0.495918] (px4_msgs) StdoutLine: {'line': b'-- Up-to-date symlink: /home/lee/workspace/ros2_ex_mav/install/px4_msgs/local/lib/python3.10/dist-packages/px4_msgs/msg/_sensor_optical_flow_s.c\n'}
[0.495950] (px4_msgs) StdoutLine: {'line': b'-- Up-to-date symlink: /home/lee/workspace/ros2_ex_mav/install/px4_msgs/local/lib/python3.10/dist-packages/px4_msgs/msg/_sensor_preflight_mag.py\n'}
[0.495985] (px4_msgs) StdoutLine: {'line': b'-- Up-to-date symlink: /home/lee/workspace/ros2_ex_mav/install/px4_msgs/local/lib/python3.10/dist-packages/px4_msgs/msg/_sensor_preflight_mag_s.c\n'}
[0.496018] (px4_msgs) StdoutLine: {'line': b'-- Up-to-date symlink: /home/lee/workspace/ros2_ex_mav/install/px4_msgs/local/lib/python3.10/dist-packages/px4_msgs/msg/_sensor_selection.py\n'}
[0.496050] (px4_msgs) StdoutLine: {'line': b'-- Up-to-date symlink: /home/lee/workspace/ros2_ex_mav/install/px4_msgs/local/lib/python3.10/dist-packages/px4_msgs/msg/_sensor_selection_s.c\n'}
[0.496079] (px4_msgs) StdoutLine: {'line': b'-- Up-to-date symlink: /home/lee/workspace/ros2_ex_mav/install/px4_msgs/local/lib/python3.10/dist-packages/px4_msgs/msg/_sensor_uwb.py\n'}
[0.496113] (px4_msgs) StdoutLine: {'line': b'-- Up-to-date symlink: /home/lee/workspace/ros2_ex_mav/install/px4_msgs/local/lib/python3.10/dist-packages/px4_msgs/msg/_sensor_uwb_s.c\n'}
[0.496148] (px4_msgs) StdoutLine: {'line': b'-- Up-to-date symlink: /home/lee/workspace/ros2_ex_mav/install/px4_msgs/local/lib/python3.10/dist-packages/px4_msgs/msg/_sensors_status.py\n'}
[0.496183] (px4_msgs) StdoutLine: {'line': b'-- Up-to-date symlink: /home/lee/workspace/ros2_ex_mav/install/px4_msgs/local/lib/python3.10/dist-packages/px4_msgs/msg/_sensors_status_imu.py\n'}
[0.496218] (px4_msgs) StdoutLine: {'line': b'-- Up-to-date symlink: /home/lee/workspace/ros2_ex_mav/install/px4_msgs/local/lib/python3.10/dist-packages/px4_msgs/msg/_sensors_status_imu_s.c\n'}
[0.496252] (px4_msgs) StdoutLine: {'line': b'-- Up-to-date symlink: /home/lee/workspace/ros2_ex_mav/install/px4_msgs/local/lib/python3.10/dist-packages/px4_msgs/msg/_sensors_status_s.c\n'}
[0.496279] (px4_msgs) StdoutLine: {'line': b'-- Up-to-date symlink: /home/lee/workspace/ros2_ex_mav/install/px4_msgs/local/lib/python3.10/dist-packages/px4_msgs/msg/_system_power.py\n'}
[0.496312] (px4_msgs) StdoutLine: {'line': b'-- Up-to-date symlink: /home/lee/workspace/ros2_ex_mav/install/px4_msgs/local/lib/python3.10/dist-packages/px4_msgs/msg/_system_power_s.c\n'}
[0.496346] (px4_msgs) StdoutLine: {'line': b'-- Up-to-date symlink: /home/lee/workspace/ros2_ex_mav/install/px4_msgs/local/lib/python3.10/dist-packages/px4_msgs/msg/_takeoff_status.py\n'}
[0.496380] (px4_msgs) StdoutLine: {'line': b'-- Up-to-date symlink: /home/lee/workspace/ros2_ex_mav/install/px4_msgs/local/lib/python3.10/dist-packages/px4_msgs/msg/_takeoff_status_s.c\n'}
[0.496408] (px4_msgs) StdoutLine: {'line': b'-- Up-to-date symlink: /home/lee/workspace/ros2_ex_mav/install/px4_msgs/local/lib/python3.10/dist-packages/px4_msgs/msg/_task_stack_info.py\n'}
[0.496439] (px4_msgs) StdoutLine: {'line': b'-- Up-to-date symlink: /home/lee/workspace/ros2_ex_mav/install/px4_msgs/local/lib/python3.10/dist-packages/px4_msgs/msg/_task_stack_info_s.c\n'}
[0.496471] (px4_msgs) StdoutLine: {'line': b'-- Up-to-date symlink: /home/lee/workspace/ros2_ex_mav/install/px4_msgs/local/lib/python3.10/dist-packages/px4_msgs/msg/_tecs_status.py\n'}
[0.496503] (px4_msgs) StdoutLine: {'line': b'-- Up-to-date symlink: /home/lee/workspace/ros2_ex_mav/install/px4_msgs/local/lib/python3.10/dist-packages/px4_msgs/msg/_tecs_status_s.c\n'}
[0.496530] (px4_msgs) StdoutLine: {'line': b'-- Up-to-date symlink: /home/lee/workspace/ros2_ex_mav/install/px4_msgs/local/lib/python3.10/dist-packages/px4_msgs/msg/_telemetry_status.py\n'}
[0.496563] (px4_msgs) StdoutLine: {'line': b'-- Up-to-date symlink: /home/lee/workspace/ros2_ex_mav/install/px4_msgs/local/lib/python3.10/dist-packages/px4_msgs/msg/_telemetry_status_s.c\n'}
[0.496595] (px4_msgs) StdoutLine: {'line': b'-- Up-to-date symlink: /home/lee/workspace/ros2_ex_mav/install/px4_msgs/local/lib/python3.10/dist-packages/px4_msgs/msg/_tiltrotor_extra_controls.py\n'}
[0.496627] (px4_msgs) StdoutLine: {'line': b'-- Up-to-date symlink: /home/lee/workspace/ros2_ex_mav/install/px4_msgs/local/lib/python3.10/dist-packages/px4_msgs/msg/_tiltrotor_extra_controls_s.c\n'}
[0.496660] (px4_msgs) StdoutLine: {'line': b'-- Up-to-date symlink: /home/lee/workspace/ros2_ex_mav/install/px4_msgs/local/lib/python3.10/dist-packages/px4_msgs/msg/_timesync_status.py\n'}
[0.496688] (px4_msgs) StdoutLine: {'line': b'-- Up-to-date symlink: /home/lee/workspace/ros2_ex_mav/install/px4_msgs/local/lib/python3.10/dist-packages/px4_msgs/msg/_timesync_status_s.c\n'}
[0.496716] (px4_msgs) StdoutLine: {'line': b'-- Up-to-date symlink: /home/lee/workspace/ros2_ex_mav/install/px4_msgs/local/lib/python3.10/dist-packages/px4_msgs/msg/_trajectory_bezier.py\n'}
[0.496750] (px4_msgs) StdoutLine: {'line': b'-- Up-to-date symlink: /home/lee/workspace/ros2_ex_mav/install/px4_msgs/local/lib/python3.10/dist-packages/px4_msgs/msg/_trajectory_bezier_s.c\n'}
[0.496781] (px4_msgs) StdoutLine: {'line': b'-- Up-to-date symlink: /home/lee/workspace/ros2_ex_mav/install/px4_msgs/local/lib/python3.10/dist-packages/px4_msgs/msg/_trajectory_setpoint.py\n'}
[0.496814] (px4_msgs) StdoutLine: {'line': b'-- Up-to-date symlink: /home/lee/workspace/ros2_ex_mav/install/px4_msgs/local/lib/python3.10/dist-packages/px4_msgs/msg/_trajectory_setpoint_s.c\n'}
[0.496842] (px4_msgs) StdoutLine: {'line': b'-- Up-to-date symlink: /home/lee/workspace/ros2_ex_mav/install/px4_msgs/local/lib/python3.10/dist-packages/px4_msgs/msg/_trajectory_waypoint.py\n'}
[0.496874] (px4_msgs) StdoutLine: {'line': b'-- Up-to-date symlink: /home/lee/workspace/ros2_ex_mav/install/px4_msgs/local/lib/python3.10/dist-packages/px4_msgs/msg/_trajectory_waypoint_s.c\n'}
[0.496905] (px4_msgs) StdoutLine: {'line': b'-- Up-to-date symlink: /home/lee/workspace/ros2_ex_mav/install/px4_msgs/local/lib/python3.10/dist-packages/px4_msgs/msg/_transponder_report.py\n'}
[0.496933] (px4_msgs) StdoutLine: {'line': b'-- Up-to-date symlink: /home/lee/workspace/ros2_ex_mav/install/px4_msgs/local/lib/python3.10/dist-packages/px4_msgs/msg/_transponder_report_s.c\n'}
[0.496965] (px4_msgs) StdoutLine: {'line': b'-- Up-to-date symlink: /home/lee/workspace/ros2_ex_mav/install/px4_msgs/local/lib/python3.10/dist-packages/px4_msgs/msg/_tune_control.py\n'}
[0.496998] (px4_msgs) StdoutLine: {'line': b'-- Up-to-date symlink: /home/lee/workspace/ros2_ex_mav/install/px4_msgs/local/lib/python3.10/dist-packages/px4_msgs/msg/_tune_control_s.c\n'}
[0.497030] (px4_msgs) StdoutLine: {'line': b'-- Up-to-date symlink: /home/lee/workspace/ros2_ex_mav/install/px4_msgs/local/lib/python3.10/dist-packages/px4_msgs/msg/_uavcan_parameter_request.py\n'}
[0.497063] (px4_msgs) StdoutLine: {'line': b'-- Up-to-date symlink: /home/lee/workspace/ros2_ex_mav/install/px4_msgs/local/lib/python3.10/dist-packages/px4_msgs/msg/_uavcan_parameter_request_s.c\n'}
[0.497091] (px4_msgs) StdoutLine: {'line': b'-- Up-to-date symlink: /home/lee/workspace/ros2_ex_mav/install/px4_msgs/local/lib/python3.10/dist-packages/px4_msgs/msg/_uavcan_parameter_value.py\n'}
[0.497118] (px4_msgs) StdoutLine: {'line': b'-- Up-to-date symlink: /home/lee/workspace/ros2_ex_mav/install/px4_msgs/local/lib/python3.10/dist-packages/px4_msgs/msg/_uavcan_parameter_value_s.c\n'}
[0.497149] (px4_msgs) StdoutLine: {'line': b'-- Up-to-date symlink: /home/lee/workspace/ros2_ex_mav/install/px4_msgs/local/lib/python3.10/dist-packages/px4_msgs/msg/_ulog_stream.py\n'}
[0.497190] (px4_msgs) StdoutLine: {'line': b'-- Up-to-date symlink: /home/lee/workspace/ros2_ex_mav/install/px4_msgs/local/lib/python3.10/dist-packages/px4_msgs/msg/_ulog_stream_ack.py\n'}
[0.497223] (px4_msgs) StdoutLine: {'line': b'-- Up-to-date symlink: /home/lee/workspace/ros2_ex_mav/install/px4_msgs/local/lib/python3.10/dist-packages/px4_msgs/msg/_ulog_stream_ack_s.c\n'}
[0.497255] (px4_msgs) StdoutLine: {'line': b'-- Up-to-date symlink: /home/lee/workspace/ros2_ex_mav/install/px4_msgs/local/lib/python3.10/dist-packages/px4_msgs/msg/_ulog_stream_s.c\n'}
[0.497287] (px4_msgs) StdoutLine: {'line': b'-- Up-to-date symlink: /home/lee/workspace/ros2_ex_mav/install/px4_msgs/local/lib/python3.10/dist-packages/px4_msgs/msg/_vehicle_acceleration.py\n'}
[0.497322] (px4_msgs) StdoutLine: {'line': b'-- Up-to-date symlink: /home/lee/workspace/ros2_ex_mav/install/px4_msgs/local/lib/python3.10/dist-packages/px4_msgs/msg/_vehicle_acceleration_s.c\n'}
[0.497366] (px4_msgs) StdoutLine: {'line': b'-- Up-to-date symlink: /home/lee/workspace/ros2_ex_mav/install/px4_msgs/local/lib/python3.10/dist-packages/px4_msgs/msg/_vehicle_air_data.py\n'}
[0.497399] (px4_msgs) StdoutLine: {'line': b'-- Up-to-date symlink: /home/lee/workspace/ros2_ex_mav/install/px4_msgs/local/lib/python3.10/dist-packages/px4_msgs/msg/_vehicle_air_data_s.c\n'}
[0.497434] (px4_msgs) StdoutLine: {'line': b'-- Up-to-date symlink: /home/lee/workspace/ros2_ex_mav/install/px4_msgs/local/lib/python3.10/dist-packages/px4_msgs/msg/_vehicle_angular_acceleration_setpoint.py\n'}
[0.497469] (px4_msgs) StdoutLine: {'line': b'-- Up-to-date symlink: /home/lee/workspace/ros2_ex_mav/install/px4_msgs/local/lib/python3.10/dist-packages/px4_msgs/msg/_vehicle_angular_acceleration_setpoint_s.c\n'}
[0.497503] (px4_msgs) StdoutLine: {'line': b'-- Up-to-date symlink: /home/lee/workspace/ros2_ex_mav/install/px4_msgs/local/lib/python3.10/dist-packages/px4_msgs/msg/_vehicle_angular_velocity.py\n'}
[0.497534] (px4_msgs) StdoutLine: {'line': b'-- Up-to-date symlink: /home/lee/workspace/ros2_ex_mav/install/px4_msgs/local/lib/python3.10/dist-packages/px4_msgs/msg/_vehicle_angular_velocity_s.c\n'}
[0.497567] (px4_msgs) StdoutLine: {'line': b'-- Up-to-date symlink: /home/lee/workspace/ros2_ex_mav/install/px4_msgs/local/lib/python3.10/dist-packages/px4_msgs/msg/_vehicle_attitude.py\n'}
[0.497599] (px4_msgs) StdoutLine: {'line': b'-- Up-to-date symlink: /home/lee/workspace/ros2_ex_mav/install/px4_msgs/local/lib/python3.10/dist-packages/px4_msgs/msg/_vehicle_attitude_s.c\n'}
[0.497630] (px4_msgs) StdoutLine: {'line': b'-- Up-to-date symlink: /home/lee/workspace/ros2_ex_mav/install/px4_msgs/local/lib/python3.10/dist-packages/px4_msgs/msg/_vehicle_attitude_setpoint.py\n'}
[0.497662] (px4_msgs) StdoutLine: {'line': b'-- Up-to-date symlink: /home/lee/workspace/ros2_ex_mav/install/px4_msgs/local/lib/python3.10/dist-packages/px4_msgs/msg/_vehicle_attitude_setpoint_s.c\n'}
[0.497695] (px4_msgs) StdoutLine: {'line': b'-- Up-to-date symlink: /home/lee/workspace/ros2_ex_mav/install/px4_msgs/local/lib/python3.10/dist-packages/px4_msgs/msg/_vehicle_command.py\n'}
[0.497728] (px4_msgs) StdoutLine: {'line': b'-- Up-to-date symlink: /home/lee/workspace/ros2_ex_mav/install/px4_msgs/local/lib/python3.10/dist-packages/px4_msgs/msg/_vehicle_command_ack.py\n'}
[0.497760] (px4_msgs) StdoutLine: {'line': b'-- Up-to-date symlink: /home/lee/workspace/ros2_ex_mav/install/px4_msgs/local/lib/python3.10/dist-packages/px4_msgs/msg/_vehicle_command_ack_s.c\n'}
[0.497792] (px4_msgs) StdoutLine: {'line': b'-- Up-to-date symlink: /home/lee/workspace/ros2_ex_mav/install/px4_msgs/local/lib/python3.10/dist-packages/px4_msgs/msg/_vehicle_command_s.c\n'}
[0.497829] (px4_msgs) StdoutLine: {'line': b'-- Up-to-date symlink: /home/lee/workspace/ros2_ex_mav/install/px4_msgs/local/lib/python3.10/dist-packages/px4_msgs/msg/_vehicle_constraints.py\n'}
[0.497861] (px4_msgs) StdoutLine: {'line': b'-- Up-to-date symlink: /home/lee/workspace/ros2_ex_mav/install/px4_msgs/local/lib/python3.10/dist-packages/px4_msgs/msg/_vehicle_constraints_s.c\n'}
[0.497892] (px4_msgs) StdoutLine: {'line': b'-- Up-to-date symlink: /home/lee/workspace/ros2_ex_mav/install/px4_msgs/local/lib/python3.10/dist-packages/px4_msgs/msg/_vehicle_control_mode.py\n'}
[0.497924] (px4_msgs) StdoutLine: {'line': b'-- Up-to-date symlink: /home/lee/workspace/ros2_ex_mav/install/px4_msgs/local/lib/python3.10/dist-packages/px4_msgs/msg/_vehicle_control_mode_s.c\n'}
[0.497954] (px4_msgs) StdoutLine: {'line': b'-- Up-to-date symlink: /home/lee/workspace/ros2_ex_mav/install/px4_msgs/local/lib/python3.10/dist-packages/px4_msgs/msg/_vehicle_global_position.py\n'}
[0.497984] (px4_msgs) StdoutLine: {'line': b'-- Up-to-date symlink: /home/lee/workspace/ros2_ex_mav/install/px4_msgs/local/lib/python3.10/dist-packages/px4_msgs/msg/_vehicle_global_position_s.c\n'}
[0.498016] (px4_msgs) StdoutLine: {'line': b'-- Up-to-date symlink: /home/lee/workspace/ros2_ex_mav/install/px4_msgs/local/lib/python3.10/dist-packages/px4_msgs/msg/_vehicle_imu.py\n'}
[0.498047] (px4_msgs) StdoutLine: {'line': b'-- Up-to-date symlink: /home/lee/workspace/ros2_ex_mav/install/px4_msgs/local/lib/python3.10/dist-packages/px4_msgs/msg/_vehicle_imu_s.c\n'}
[0.498079] (px4_msgs) StdoutLine: {'line': b'-- Up-to-date symlink: /home/lee/workspace/ros2_ex_mav/install/px4_msgs/local/lib/python3.10/dist-packages/px4_msgs/msg/_vehicle_imu_status.py\n'}
[0.498111] (px4_msgs) StdoutLine: {'line': b'-- Up-to-date symlink: /home/lee/workspace/ros2_ex_mav/install/px4_msgs/local/lib/python3.10/dist-packages/px4_msgs/msg/_vehicle_imu_status_s.c\n'}
[0.498142] (px4_msgs) StdoutLine: {'line': b'-- Up-to-date symlink: /home/lee/workspace/ros2_ex_mav/install/px4_msgs/local/lib/python3.10/dist-packages/px4_msgs/msg/_vehicle_land_detected.py\n'}
[0.498177] (px4_msgs) StdoutLine: {'line': b'-- Up-to-date symlink: /home/lee/workspace/ros2_ex_mav/install/px4_msgs/local/lib/python3.10/dist-packages/px4_msgs/msg/_vehicle_land_detected_s.c\n'}
[0.498212] (px4_msgs) StdoutLine: {'line': b'-- Up-to-date symlink: /home/lee/workspace/ros2_ex_mav/install/px4_msgs/local/lib/python3.10/dist-packages/px4_msgs/msg/_vehicle_local_position.py\n'}
[0.498246] (px4_msgs) StdoutLine: {'line': b'-- Up-to-date symlink: /home/lee/workspace/ros2_ex_mav/install/px4_msgs/local/lib/python3.10/dist-packages/px4_msgs/msg/_vehicle_local_position_s.c\n'}
[0.498280] (px4_msgs) StdoutLine: {'line': b'-- Up-to-date symlink: /home/lee/workspace/ros2_ex_mav/install/px4_msgs/local/lib/python3.10/dist-packages/px4_msgs/msg/_vehicle_local_position_setpoint.py\n'}
[0.498313] (px4_msgs) StdoutLine: {'line': b'-- Up-to-date symlink: /home/lee/workspace/ros2_ex_mav/install/px4_msgs/local/lib/python3.10/dist-packages/px4_msgs/msg/_vehicle_local_position_setpoint_s.c\n'}
[0.498347] (px4_msgs) StdoutLine: {'line': b'-- Up-to-date symlink: /home/lee/workspace/ros2_ex_mav/install/px4_msgs/local/lib/python3.10/dist-packages/px4_msgs/msg/_vehicle_magnetometer.py\n'}
[0.498375] (px4_msgs) StdoutLine: {'line': b'-- Up-to-date symlink: /home/lee/workspace/ros2_ex_mav/install/px4_msgs/local/lib/python3.10/dist-packages/px4_msgs/msg/_vehicle_magnetometer_s.c\n'}
[0.498409] (px4_msgs) StdoutLine: {'line': b'-- Up-to-date symlink: /home/lee/workspace/ros2_ex_mav/install/px4_msgs/local/lib/python3.10/dist-packages/px4_msgs/msg/_vehicle_odometry.py\n'}
[0.498436] (px4_msgs) StdoutLine: {'line': b'-- Up-to-date symlink: /home/lee/workspace/ros2_ex_mav/install/px4_msgs/local/lib/python3.10/dist-packages/px4_msgs/msg/_vehicle_odometry_s.c\n'}
[0.498465] (px4_msgs) StdoutLine: {'line': b'-- Up-to-date symlink: /home/lee/workspace/ros2_ex_mav/install/px4_msgs/local/lib/python3.10/dist-packages/px4_msgs/msg/_vehicle_optical_flow.py\n'}
[0.498498] (px4_msgs) StdoutLine: {'line': b'-- Up-to-date symlink: /home/lee/workspace/ros2_ex_mav/install/px4_msgs/local/lib/python3.10/dist-packages/px4_msgs/msg/_vehicle_optical_flow_s.c\n'}
[0.498530] (px4_msgs) StdoutLine: {'line': b'-- Up-to-date symlink: /home/lee/workspace/ros2_ex_mav/install/px4_msgs/local/lib/python3.10/dist-packages/px4_msgs/msg/_vehicle_optical_flow_vel.py\n'}
[0.498563] (px4_msgs) StdoutLine: {'line': b'-- Up-to-date symlink: /home/lee/workspace/ros2_ex_mav/install/px4_msgs/local/lib/python3.10/dist-packages/px4_msgs/msg/_vehicle_optical_flow_vel_s.c\n'}
[0.498595] (px4_msgs) StdoutLine: {'line': b'-- Up-to-date symlink: /home/lee/workspace/ros2_ex_mav/install/px4_msgs/local/lib/python3.10/dist-packages/px4_msgs/msg/_vehicle_rates_setpoint.py\n'}
[0.498627] (px4_msgs) StdoutLine: {'line': b'-- Up-to-date symlink: /home/lee/workspace/ros2_ex_mav/install/px4_msgs/local/lib/python3.10/dist-packages/px4_msgs/msg/_vehicle_rates_setpoint_s.c\n'}
[0.498659] (px4_msgs) StdoutLine: {'line': b'-- Up-to-date symlink: /home/lee/workspace/ros2_ex_mav/install/px4_msgs/local/lib/python3.10/dist-packages/px4_msgs/msg/_vehicle_roi.py\n'}
[0.498691] (px4_msgs) StdoutLine: {'line': b'-- Up-to-date symlink: /home/lee/workspace/ros2_ex_mav/install/px4_msgs/local/lib/python3.10/dist-packages/px4_msgs/msg/_vehicle_roi_s.c\n'}
[0.498727] (px4_msgs) StdoutLine: {'line': b'-- Up-to-date symlink: /home/lee/workspace/ros2_ex_mav/install/px4_msgs/local/lib/python3.10/dist-packages/px4_msgs/msg/_vehicle_status.py\n'}
[0.498758] (px4_msgs) StdoutLine: {'line': b'-- Up-to-date symlink: /home/lee/workspace/ros2_ex_mav/install/px4_msgs/local/lib/python3.10/dist-packages/px4_msgs/msg/_vehicle_status_s.c\n'}
[0.498790] (px4_msgs) StdoutLine: {'line': b'-- Up-to-date symlink: /home/lee/workspace/ros2_ex_mav/install/px4_msgs/local/lib/python3.10/dist-packages/px4_msgs/msg/_vehicle_thrust_setpoint.py\n'}
[0.498819] (px4_msgs) StdoutLine: {'line': b'-- Up-to-date symlink: /home/lee/workspace/ros2_ex_mav/install/px4_msgs/local/lib/python3.10/dist-packages/px4_msgs/msg/_vehicle_thrust_setpoint_s.c\n'}
[0.498849] (px4_msgs) StdoutLine: {'line': b'-- Up-to-date symlink: /home/lee/workspace/ros2_ex_mav/install/px4_msgs/local/lib/python3.10/dist-packages/px4_msgs/msg/_vehicle_torque_setpoint.py\n'}
[0.498881] (px4_msgs) StdoutLine: {'line': b'-- Up-to-date symlink: /home/lee/workspace/ros2_ex_mav/install/px4_msgs/local/lib/python3.10/dist-packages/px4_msgs/msg/_vehicle_torque_setpoint_s.c\n'}
[0.498916] (px4_msgs) StdoutLine: {'line': b'-- Up-to-date symlink: /home/lee/workspace/ros2_ex_mav/install/px4_msgs/local/lib/python3.10/dist-packages/px4_msgs/msg/_vehicle_trajectory_bezier.py\n'}
[0.498946] (px4_msgs) StdoutLine: {'line': b'-- Up-to-date symlink: /home/lee/workspace/ros2_ex_mav/install/px4_msgs/local/lib/python3.10/dist-packages/px4_msgs/msg/_vehicle_trajectory_bezier_s.c\n'}
[0.498977] (px4_msgs) StdoutLine: {'line': b'-- Up-to-date symlink: /home/lee/workspace/ros2_ex_mav/install/px4_msgs/local/lib/python3.10/dist-packages/px4_msgs/msg/_vehicle_trajectory_waypoint.py\n'}
[0.499010] (px4_msgs) StdoutLine: {'line': b'-- Up-to-date symlink: /home/lee/workspace/ros2_ex_mav/install/px4_msgs/local/lib/python3.10/dist-packages/px4_msgs/msg/_vehicle_trajectory_waypoint_s.c\n'}
[0.499043] (px4_msgs) StdoutLine: {'line': b'-- Up-to-date symlink: /home/lee/workspace/ros2_ex_mav/install/px4_msgs/local/lib/python3.10/dist-packages/px4_msgs/msg/_vtol_vehicle_status.py\n'}
[0.499075] (px4_msgs) StdoutLine: {'line': b'-- Up-to-date symlink: /home/lee/workspace/ros2_ex_mav/install/px4_msgs/local/lib/python3.10/dist-packages/px4_msgs/msg/_vtol_vehicle_status_s.c\n'}
[0.499109] (px4_msgs) StdoutLine: {'line': b'-- Up-to-date symlink: /home/lee/workspace/ros2_ex_mav/install/px4_msgs/local/lib/python3.10/dist-packages/px4_msgs/msg/_wind.py\n'}
[0.499140] (px4_msgs) StdoutLine: {'line': b'-- Up-to-date symlink: /home/lee/workspace/ros2_ex_mav/install/px4_msgs/local/lib/python3.10/dist-packages/px4_msgs/msg/_wind_s.c\n'}
[0.499174] (px4_msgs) StdoutLine: {'line': b'-- Up-to-date symlink: /home/lee/workspace/ros2_ex_mav/install/px4_msgs/local/lib/python3.10/dist-packages/px4_msgs/msg/_yaw_estimator_status.py\n'}
[0.499206] (px4_msgs) StdoutLine: {'line': b'-- Up-to-date symlink: /home/lee/workspace/ros2_ex_mav/install/px4_msgs/local/lib/python3.10/dist-packages/px4_msgs/msg/_yaw_estimator_status_s.c\n'}
[0.499239] (px4_msgs) StdoutLine: {'line': b'-- Up-to-date symlink: /home/lee/workspace/ros2_ex_mav/install/px4_msgs/local/lib/python3.10/dist-packages/px4_msgs/px4_msgs_s__rosidl_typesupport_c.cpython-310-x86_64-linux-gnu.so\n'}
[0.499273] (px4_msgs) StdoutLine: {'line': b'-- Up-to-date symlink: /home/lee/workspace/ros2_ex_mav/install/px4_msgs/local/lib/python3.10/dist-packages/px4_msgs/px4_msgs_s__rosidl_typesupport_fastrtps_c.cpython-310-x86_64-linux-gnu.so\n'}
[0.499305] (px4_msgs) StdoutLine: {'line': b'-- Up-to-date symlink: /home/lee/workspace/ros2_ex_mav/install/px4_msgs/local/lib/python3.10/dist-packages/px4_msgs/px4_msgs_s__rosidl_typesupport_introspection_c.cpython-310-x86_64-linux-gnu.so\n'}
[0.499420] (px4_msgs) StdoutLine: {'line': b'-- Up-to-date symlink: /home/lee/workspace/ros2_ex_mav/install/px4_msgs/local/lib/python3.10/dist-packages/px4_msgs/px4_msgs_s__rosidl_typesupport_fastrtps_c.cpython-310-x86_64-linux-gnu.so\n'}
[0.499510] (px4_msgs) StdoutLine: {'line': b'-- Up-to-date symlink: /home/lee/workspace/ros2_ex_mav/install/px4_msgs/local/lib/python3.10/dist-packages/px4_msgs/px4_msgs_s__rosidl_typesupport_introspection_c.cpython-310-x86_64-linux-gnu.so\n'}
[0.499600] (px4_msgs) StdoutLine: {'line': b'-- Up-to-date symlink: /home/lee/workspace/ros2_ex_mav/install/px4_msgs/local/lib/python3.10/dist-packages/px4_msgs/px4_msgs_s__rosidl_typesupport_c.cpython-310-x86_64-linux-gnu.so\n'}
[0.499661] (px4_msgs) StdoutLine: {'line': b'-- Up-to-date symlink: /home/lee/workspace/ros2_ex_mav/install/px4_msgs/share/px4_msgs/msg/ActionRequest.idl\n'}
[0.499712] (px4_msgs) StdoutLine: {'line': b'-- Up-to-date symlink: /home/lee/workspace/ros2_ex_mav/install/px4_msgs/share/px4_msgs/msg/ActuatorArmed.idl\n'}
[0.499762] (px4_msgs) StdoutLine: {'line': b'-- Up-to-date symlink: /home/lee/workspace/ros2_ex_mav/install/px4_msgs/share/px4_msgs/msg/ActuatorControlsStatus.idl\n'}
[0.499813] (px4_msgs) StdoutLine: {'line': b'-- Up-to-date symlink: /home/lee/workspace/ros2_ex_mav/install/px4_msgs/share/px4_msgs/msg/ActuatorMotors.idl\n'}
[0.499858] (px4_msgs) StdoutLine: {'line': b'-- Up-to-date symlink: /home/lee/workspace/ros2_ex_mav/install/px4_msgs/share/px4_msgs/msg/ActuatorOutputs.idl\n'}
[0.499903] (px4_msgs) StdoutLine: {'line': b'-- Up-to-date symlink: /home/lee/workspace/ros2_ex_mav/install/px4_msgs/share/px4_msgs/msg/ActuatorServos.idl\n'}
[0.499948] (px4_msgs) StdoutLine: {'line': b'-- Up-to-date symlink: /home/lee/workspace/ros2_ex_mav/install/px4_msgs/share/px4_msgs/msg/ActuatorServosTrim.idl\n'}
[0.499994] (px4_msgs) StdoutLine: {'line': b'-- Up-to-date symlink: /home/lee/workspace/ros2_ex_mav/install/px4_msgs/share/px4_msgs/msg/ActuatorTest.idl\n'}
[0.500040] (px4_msgs) StdoutLine: {'line': b'-- Up-to-date symlink: /home/lee/workspace/ros2_ex_mav/install/px4_msgs/share/px4_msgs/msg/AdcReport.idl\n'}
[0.500059] (-) TimerEvent: {}
[0.500118] (px4_msgs) StdoutLine: {'line': b'-- Up-to-date symlink: /home/lee/workspace/ros2_ex_mav/install/px4_msgs/share/px4_msgs/msg/Airspeed.idl\n'}
[0.500160] (px4_msgs) StdoutLine: {'line': b'-- Up-to-date symlink: /home/lee/workspace/ros2_ex_mav/install/px4_msgs/share/px4_msgs/msg/AirspeedValidated.idl\n'}
[0.500199] (px4_msgs) StdoutLine: {'line': b'-- Up-to-date symlink: /home/lee/workspace/ros2_ex_mav/install/px4_msgs/share/px4_msgs/msg/AirspeedWind.idl\n'}
[0.500228] (px4_msgs) StdoutLine: {'line': b'-- Up-to-date symlink: /home/lee/workspace/ros2_ex_mav/install/px4_msgs/share/px4_msgs/msg/AutotuneAttitudeControlStatus.idl\n'}
[0.500273] (px4_msgs) StdoutLine: {'line': b'-- Up-to-date symlink: /home/lee/workspace/ros2_ex_mav/install/px4_msgs/share/px4_msgs/msg/BatteryStatus.idl\n'}
[0.500316] (px4_msgs) StdoutLine: {'line': b'-- Up-to-date symlink: /home/lee/workspace/ros2_ex_mav/install/px4_msgs/share/px4_msgs/msg/ButtonEvent.idl\n'}
[0.500360] (px4_msgs) StdoutLine: {'line': b'-- Up-to-date symlink: /home/lee/workspace/ros2_ex_mav/install/px4_msgs/share/px4_msgs/msg/CameraCapture.idl\n'}
[0.500403] (px4_msgs) StdoutLine: {'line': b'-- Up-to-date symlink: /home/lee/workspace/ros2_ex_mav/install/px4_msgs/share/px4_msgs/msg/CameraStatus.idl\n'}
[0.500459] (px4_msgs) StdoutLine: {'line': b'-- Up-to-date symlink: /home/lee/workspace/ros2_ex_mav/install/px4_msgs/share/px4_msgs/msg/CameraTrigger.idl\n'}
[0.500492] (px4_msgs) StdoutLine: {'line': b'-- Up-to-date symlink: /home/lee/workspace/ros2_ex_mav/install/px4_msgs/share/px4_msgs/msg/CellularStatus.idl\n'}
[0.500534] (px4_msgs) StdoutLine: {'line': b'-- Up-to-date symlink: /home/lee/workspace/ros2_ex_mav/install/px4_msgs/share/px4_msgs/msg/CollisionConstraints.idl\n'}
[0.500578] (px4_msgs) StdoutLine: {'line': b'-- Up-to-date symlink: /home/lee/workspace/ros2_ex_mav/install/px4_msgs/share/px4_msgs/msg/CollisionReport.idl\n'}
[0.500622] (px4_msgs) StdoutLine: {'line': b'-- Up-to-date symlink: /home/lee/workspace/ros2_ex_mav/install/px4_msgs/share/px4_msgs/msg/ControlAllocatorStatus.idl\n'}
[0.500667] (px4_msgs) StdoutLine: {'line': b'-- Up-to-date symlink: /home/lee/workspace/ros2_ex_mav/install/px4_msgs/share/px4_msgs/msg/Cpuload.idl\n'}
[0.500712] (px4_msgs) StdoutLine: {'line': b'-- Up-to-date symlink: /home/lee/workspace/ros2_ex_mav/install/px4_msgs/share/px4_msgs/msg/DebugArray.idl\n'}
[0.500757] (px4_msgs) StdoutLine: {'line': b'-- Up-to-date symlink: /home/lee/workspace/ros2_ex_mav/install/px4_msgs/share/px4_msgs/msg/DebugKeyValue.idl\n'}
[0.500802] (px4_msgs) StdoutLine: {'line': b'-- Up-to-date symlink: /home/lee/workspace/ros2_ex_mav/install/px4_msgs/share/px4_msgs/msg/DebugValue.idl\n'}
[0.500845] (px4_msgs) StdoutLine: {'line': b'-- Up-to-date symlink: /home/lee/workspace/ros2_ex_mav/install/px4_msgs/share/px4_msgs/msg/DebugVect.idl\n'}
[0.500890] (px4_msgs) StdoutLine: {'line': b'-- Up-to-date symlink: /home/lee/workspace/ros2_ex_mav/install/px4_msgs/share/px4_msgs/msg/DifferentialPressure.idl\n'}
[0.500935] (px4_msgs) StdoutLine: {'line': b'-- Up-to-date symlink: /home/lee/workspace/ros2_ex_mav/install/px4_msgs/share/px4_msgs/msg/DistanceSensor.idl\n'}
[0.500978] (px4_msgs) StdoutLine: {'line': b'-- Up-to-date symlink: /home/lee/workspace/ros2_ex_mav/install/px4_msgs/share/px4_msgs/msg/Ekf2Timestamps.idl\n'}
[0.501022] (px4_msgs) StdoutLine: {'line': b'-- Up-to-date symlink: /home/lee/workspace/ros2_ex_mav/install/px4_msgs/share/px4_msgs/msg/EscReport.idl\n'}
[0.501064] (px4_msgs) StdoutLine: {'line': b'-- Up-to-date symlink: /home/lee/workspace/ros2_ex_mav/install/px4_msgs/share/px4_msgs/msg/EscStatus.idl\n'}
[0.501109] (px4_msgs) StdoutLine: {'line': b'-- Up-to-date symlink: /home/lee/workspace/ros2_ex_mav/install/px4_msgs/share/px4_msgs/msg/EstimatorAidSource1d.idl\n'}
[0.501152] (px4_msgs) StdoutLine: {'line': b'-- Up-to-date symlink: /home/lee/workspace/ros2_ex_mav/install/px4_msgs/share/px4_msgs/msg/EstimatorAidSource2d.idl\n'}
[0.501199] (px4_msgs) StdoutLine: {'line': b'-- Up-to-date symlink: /home/lee/workspace/ros2_ex_mav/install/px4_msgs/share/px4_msgs/msg/EstimatorAidSource3d.idl\n'}
[0.501242] (px4_msgs) StdoutLine: {'line': b'-- Up-to-date symlink: /home/lee/workspace/ros2_ex_mav/install/px4_msgs/share/px4_msgs/msg/EstimatorBias.idl\n'}
[0.501284] (px4_msgs) StdoutLine: {'line': b'-- Up-to-date symlink: /home/lee/workspace/ros2_ex_mav/install/px4_msgs/share/px4_msgs/msg/EstimatorBias3d.idl\n'}
[0.501326] (px4_msgs) StdoutLine: {'line': b'-- Up-to-date symlink: /home/lee/workspace/ros2_ex_mav/install/px4_msgs/share/px4_msgs/msg/EstimatorEventFlags.idl\n'}
[0.501370] (px4_msgs) StdoutLine: {'line': b'-- Up-to-date symlink: /home/lee/workspace/ros2_ex_mav/install/px4_msgs/share/px4_msgs/msg/EstimatorGpsStatus.idl\n'}
[0.501413] (px4_msgs) StdoutLine: {'line': b'-- Up-to-date symlink: /home/lee/workspace/ros2_ex_mav/install/px4_msgs/share/px4_msgs/msg/EstimatorInnovations.idl\n'}
[0.501457] (px4_msgs) StdoutLine: {'line': b'-- Up-to-date symlink: /home/lee/workspace/ros2_ex_mav/install/px4_msgs/share/px4_msgs/msg/EstimatorSelectorStatus.idl\n'}
[0.501500] (px4_msgs) StdoutLine: {'line': b'-- Up-to-date symlink: /home/lee/workspace/ros2_ex_mav/install/px4_msgs/share/px4_msgs/msg/EstimatorSensorBias.idl\n'}
[0.501544] (px4_msgs) StdoutLine: {'line': b'-- Up-to-date symlink: /home/lee/workspace/ros2_ex_mav/install/px4_msgs/share/px4_msgs/msg/EstimatorStates.idl\n'}
[0.501587] (px4_msgs) StdoutLine: {'line': b'-- Up-to-date symlink: /home/lee/workspace/ros2_ex_mav/install/px4_msgs/share/px4_msgs/msg/EstimatorStatus.idl\n'}
[0.501631] (px4_msgs) StdoutLine: {'line': b'-- Up-to-date symlink: /home/lee/workspace/ros2_ex_mav/install/px4_msgs/share/px4_msgs/msg/EstimatorStatusFlags.idl\n'}
[0.501676] (px4_msgs) StdoutLine: {'line': b'-- Up-to-date symlink: /home/lee/workspace/ros2_ex_mav/install/px4_msgs/share/px4_msgs/msg/Event.idl\n'}
[0.501719] (px4_msgs) StdoutLine: {'line': b'-- Up-to-date symlink: /home/lee/workspace/ros2_ex_mav/install/px4_msgs/share/px4_msgs/msg/FailsafeFlags.idl\n'}
[0.501763] (px4_msgs) StdoutLine: {'line': b'-- Up-to-date symlink: /home/lee/workspace/ros2_ex_mav/install/px4_msgs/share/px4_msgs/msg/FailureDetectorStatus.idl\n'}
[0.501807] (px4_msgs) StdoutLine: {'line': b'-- Up-to-date symlink: /home/lee/workspace/ros2_ex_mav/install/px4_msgs/share/px4_msgs/msg/FollowTarget.idl\n'}
[0.501850] (px4_msgs) StdoutLine: {'line': b'-- Up-to-date symlink: /home/lee/workspace/ros2_ex_mav/install/px4_msgs/share/px4_msgs/msg/FollowTargetEstimator.idl\n'}
[0.501896] (px4_msgs) StdoutLine: {'line': b'-- Up-to-date symlink: /home/lee/workspace/ros2_ex_mav/install/px4_msgs/share/px4_msgs/msg/FollowTargetStatus.idl\n'}
[0.501938] (px4_msgs) StdoutLine: {'line': b'-- Up-to-date symlink: /home/lee/workspace/ros2_ex_mav/install/px4_msgs/share/px4_msgs/msg/GeneratorStatus.idl\n'}
[0.501983] (px4_msgs) StdoutLine: {'line': b'-- Up-to-date symlink: /home/lee/workspace/ros2_ex_mav/install/px4_msgs/share/px4_msgs/msg/GeofenceResult.idl\n'}
[0.502024] (px4_msgs) StdoutLine: {'line': b'-- Up-to-date symlink: /home/lee/workspace/ros2_ex_mav/install/px4_msgs/share/px4_msgs/msg/GimbalControls.idl\n'}
[0.502067] (px4_msgs) StdoutLine: {'line': b'-- Up-to-date symlink: /home/lee/workspace/ros2_ex_mav/install/px4_msgs/share/px4_msgs/msg/GimbalDeviceAttitudeStatus.idl\n'}
[0.502112] (px4_msgs) StdoutLine: {'line': b'-- Up-to-date symlink: /home/lee/workspace/ros2_ex_mav/install/px4_msgs/share/px4_msgs/msg/GimbalDeviceInformation.idl\n'}
[0.502155] (px4_msgs) StdoutLine: {'line': b'-- Up-to-date symlink: /home/lee/workspace/ros2_ex_mav/install/px4_msgs/share/px4_msgs/msg/GimbalDeviceSetAttitude.idl\n'}
[0.502200] (px4_msgs) StdoutLine: {'line': b'-- Up-to-date symlink: /home/lee/workspace/ros2_ex_mav/install/px4_msgs/share/px4_msgs/msg/GimbalManagerInformation.idl\n'}
[0.502242] (px4_msgs) StdoutLine: {'line': b'-- Up-to-date symlink: /home/lee/workspace/ros2_ex_mav/install/px4_msgs/share/px4_msgs/msg/GimbalManagerSetAttitude.idl\n'}
[0.502286] (px4_msgs) StdoutLine: {'line': b'-- Up-to-date symlink: /home/lee/workspace/ros2_ex_mav/install/px4_msgs/share/px4_msgs/msg/GimbalManagerSetManualControl.idl\n'}
[0.502330] (px4_msgs) StdoutLine: {'line': b'-- Up-to-date symlink: /home/lee/workspace/ros2_ex_mav/install/px4_msgs/share/px4_msgs/msg/GimbalManagerStatus.idl\n'}
[0.502375] (px4_msgs) StdoutLine: {'line': b'-- Up-to-date symlink: /home/lee/workspace/ros2_ex_mav/install/px4_msgs/share/px4_msgs/msg/GpsDump.idl\n'}
[0.502420] (px4_msgs) StdoutLine: {'line': b'-- Up-to-date symlink: /home/lee/workspace/ros2_ex_mav/install/px4_msgs/share/px4_msgs/msg/GpsInjectData.idl\n'}
[0.502463] (px4_msgs) StdoutLine: {'line': b'-- Up-to-date symlink: /home/lee/workspace/ros2_ex_mav/install/px4_msgs/share/px4_msgs/msg/Gripper.idl\n'}
[0.502507] (px4_msgs) StdoutLine: {'line': b'-- Up-to-date symlink: /home/lee/workspace/ros2_ex_mav/install/px4_msgs/share/px4_msgs/msg/HealthReport.idl\n'}
[0.502550] (px4_msgs) StdoutLine: {'line': b'-- Up-to-date symlink: /home/lee/workspace/ros2_ex_mav/install/px4_msgs/share/px4_msgs/msg/HeaterStatus.idl\n'}
[0.502593] (px4_msgs) StdoutLine: {'line': b'-- Up-to-date symlink: /home/lee/workspace/ros2_ex_mav/install/px4_msgs/share/px4_msgs/msg/HomePosition.idl\n'}
[0.502637] (px4_msgs) StdoutLine: {'line': b'-- Up-to-date symlink: /home/lee/workspace/ros2_ex_mav/install/px4_msgs/share/px4_msgs/msg/HoverThrustEstimate.idl\n'}
[0.502682] (px4_msgs) StdoutLine: {'line': b'-- Up-to-date symlink: /home/lee/workspace/ros2_ex_mav/install/px4_msgs/share/px4_msgs/msg/InputRc.idl\n'}
[0.502727] (px4_msgs) StdoutLine: {'line': b'-- Up-to-date symlink: /home/lee/workspace/ros2_ex_mav/install/px4_msgs/share/px4_msgs/msg/InternalCombustionEngineStatus.idl\n'}
[0.502771] (px4_msgs) StdoutLine: {'line': b'-- Up-to-date symlink: /home/lee/workspace/ros2_ex_mav/install/px4_msgs/share/px4_msgs/msg/IridiumsbdStatus.idl\n'}
[0.502817] (px4_msgs) StdoutLine: {'line': b'-- Up-to-date symlink: /home/lee/workspace/ros2_ex_mav/install/px4_msgs/share/px4_msgs/msg/IrlockReport.idl\n'}
[0.502859] (px4_msgs) StdoutLine: {'line': b'-- Up-to-date symlink: /home/lee/workspace/ros2_ex_mav/install/px4_msgs/share/px4_msgs/msg/LandingGear.idl\n'}
[0.502904] (px4_msgs) StdoutLine: {'line': b'-- Up-to-date symlink: /home/lee/workspace/ros2_ex_mav/install/px4_msgs/share/px4_msgs/msg/LandingGearWheel.idl\n'}
[0.502947] (px4_msgs) StdoutLine: {'line': b'-- Up-to-date symlink: /home/lee/workspace/ros2_ex_mav/install/px4_msgs/share/px4_msgs/msg/LandingTargetInnovations.idl\n'}
[0.502992] (px4_msgs) StdoutLine: {'line': b'-- Up-to-date symlink: /home/lee/workspace/ros2_ex_mav/install/px4_msgs/share/px4_msgs/msg/LandingTargetPose.idl\n'}
[0.503035] (px4_msgs) StdoutLine: {'line': b'-- Up-to-date symlink: /home/lee/workspace/ros2_ex_mav/install/px4_msgs/share/px4_msgs/msg/LaunchDetectionStatus.idl\n'}
[0.503079] (px4_msgs) StdoutLine: {'line': b'-- Up-to-date symlink: /home/lee/workspace/ros2_ex_mav/install/px4_msgs/share/px4_msgs/msg/LedControl.idl\n'}
[0.503122] (px4_msgs) StdoutLine: {'line': b'-- Up-to-date symlink: /home/lee/workspace/ros2_ex_mav/install/px4_msgs/share/px4_msgs/msg/LogMessage.idl\n'}
[0.503167] (px4_msgs) StdoutLine: {'line': b'-- Up-to-date symlink: /home/lee/workspace/ros2_ex_mav/install/px4_msgs/share/px4_msgs/msg/LoggerStatus.idl\n'}
[0.503214] (px4_msgs) StdoutLine: {'line': b'-- Up-to-date symlink: /home/lee/workspace/ros2_ex_mav/install/px4_msgs/share/px4_msgs/msg/MagWorkerData.idl\n'}
[0.503258] (px4_msgs) StdoutLine: {'line': b'-- Up-to-date symlink: /home/lee/workspace/ros2_ex_mav/install/px4_msgs/share/px4_msgs/msg/MagnetometerBiasEstimate.idl\n'}
[0.503301] (px4_msgs) StdoutLine: {'line': b'-- Up-to-date symlink: /home/lee/workspace/ros2_ex_mav/install/px4_msgs/share/px4_msgs/msg/ManualControlSetpoint.idl\n'}
[0.503345] (px4_msgs) StdoutLine: {'line': b'-- Up-to-date symlink: /home/lee/workspace/ros2_ex_mav/install/px4_msgs/share/px4_msgs/msg/ManualControlSwitches.idl\n'}
[0.503388] (px4_msgs) StdoutLine: {'line': b'-- Up-to-date symlink: /home/lee/workspace/ros2_ex_mav/install/px4_msgs/share/px4_msgs/msg/MavlinkLog.idl\n'}
[0.503431] (px4_msgs) StdoutLine: {'line': b'-- Up-to-date symlink: /home/lee/workspace/ros2_ex_mav/install/px4_msgs/share/px4_msgs/msg/MavlinkTunnel.idl\n'}
[0.503475] (px4_msgs) StdoutLine: {'line': b'-- Up-to-date symlink: /home/lee/workspace/ros2_ex_mav/install/px4_msgs/share/px4_msgs/msg/Mission.idl\n'}
[0.503520] (px4_msgs) StdoutLine: {'line': b'-- Up-to-date symlink: /home/lee/workspace/ros2_ex_mav/install/px4_msgs/share/px4_msgs/msg/MissionResult.idl\n'}
[0.503562] (px4_msgs) StdoutLine: {'line': b'-- Up-to-date symlink: /home/lee/workspace/ros2_ex_mav/install/px4_msgs/share/px4_msgs/msg/ModeCompleted.idl\n'}
[0.503605] (px4_msgs) StdoutLine: {'line': b'-- Up-to-date symlink: /home/lee/workspace/ros2_ex_mav/install/px4_msgs/share/px4_msgs/msg/MountOrientation.idl\n'}
[0.503654] (px4_msgs) StdoutLine: {'line': b'-- Up-to-date symlink: /home/lee/workspace/ros2_ex_mav/install/px4_msgs/share/px4_msgs/msg/NavigatorMissionItem.idl\n'}
[0.503693] (px4_msgs) StdoutLine: {'line': b'-- Up-to-date symlink: /home/lee/workspace/ros2_ex_mav/install/px4_msgs/share/px4_msgs/msg/NormalizedUnsignedSetpoint.idl\n'}
[0.503738] (px4_msgs) StdoutLine: {'line': b'-- Up-to-date symlink: /home/lee/workspace/ros2_ex_mav/install/px4_msgs/share/px4_msgs/msg/NpfgStatus.idl\n'}
[0.503780] (px4_msgs) StdoutLine: {'line': b'-- Up-to-date symlink: /home/lee/workspace/ros2_ex_mav/install/px4_msgs/share/px4_msgs/msg/ObstacleDistance.idl\n'}
[0.503824] (px4_msgs) StdoutLine: {'line': b'-- Up-to-date symlink: /home/lee/workspace/ros2_ex_mav/install/px4_msgs/share/px4_msgs/msg/OffboardControlMode.idl\n'}
[0.503866] (px4_msgs) StdoutLine: {'line': b'-- Up-to-date symlink: /home/lee/workspace/ros2_ex_mav/install/px4_msgs/share/px4_msgs/msg/OnboardComputerStatus.idl\n'}
[0.503911] (px4_msgs) StdoutLine: {'line': b'-- Up-to-date symlink: /home/lee/workspace/ros2_ex_mav/install/px4_msgs/share/px4_msgs/msg/OrbTest.idl\n'}
[0.503956] (px4_msgs) StdoutLine: {'line': b'-- Up-to-date symlink: /home/lee/workspace/ros2_ex_mav/install/px4_msgs/share/px4_msgs/msg/OrbTestLarge.idl\n'}
[0.503999] (px4_msgs) StdoutLine: {'line': b'-- Up-to-date symlink: /home/lee/workspace/ros2_ex_mav/install/px4_msgs/share/px4_msgs/msg/OrbTestMedium.idl\n'}
[0.504043] (px4_msgs) StdoutLine: {'line': b'-- Up-to-date symlink: /home/lee/workspace/ros2_ex_mav/install/px4_msgs/share/px4_msgs/msg/OrbitStatus.idl\n'}
[0.504086] (px4_msgs) StdoutLine: {'line': b'-- Up-to-date symlink: /home/lee/workspace/ros2_ex_mav/install/px4_msgs/share/px4_msgs/msg/ParameterUpdate.idl\n'}
[0.504130] (px4_msgs) StdoutLine: {'line': b'-- Up-to-date symlink: /home/lee/workspace/ros2_ex_mav/install/px4_msgs/share/px4_msgs/msg/Ping.idl\n'}
[0.504177] (px4_msgs) StdoutLine: {'line': b'-- Up-to-date symlink: /home/lee/workspace/ros2_ex_mav/install/px4_msgs/share/px4_msgs/msg/PositionControllerLandingStatus.idl\n'}
[0.504223] (px4_msgs) StdoutLine: {'line': b'-- Up-to-date symlink: /home/lee/workspace/ros2_ex_mav/install/px4_msgs/share/px4_msgs/msg/PositionControllerStatus.idl\n'}
[0.504265] (px4_msgs) StdoutLine: {'line': b'-- Up-to-date symlink: /home/lee/workspace/ros2_ex_mav/install/px4_msgs/share/px4_msgs/msg/PositionSetpoint.idl\n'}
[0.504309] (px4_msgs) StdoutLine: {'line': b'-- Up-to-date symlink: /home/lee/workspace/ros2_ex_mav/install/px4_msgs/share/px4_msgs/msg/PositionSetpointTriplet.idl\n'}
[0.504354] (px4_msgs) StdoutLine: {'line': b'-- Up-to-date symlink: /home/lee/workspace/ros2_ex_mav/install/px4_msgs/share/px4_msgs/msg/PowerButtonState.idl\n'}
[0.504397] (px4_msgs) StdoutLine: {'line': b'-- Up-to-date symlink: /home/lee/workspace/ros2_ex_mav/install/px4_msgs/share/px4_msgs/msg/PowerMonitor.idl\n'}
[0.504438] (px4_msgs) StdoutLine: {'line': b'-- Up-to-date symlink: /home/lee/workspace/ros2_ex_mav/install/px4_msgs/share/px4_msgs/msg/PpsCapture.idl\n'}
[0.504482] (px4_msgs) StdoutLine: {'line': b'-- Up-to-date symlink: /home/lee/workspace/ros2_ex_mav/install/px4_msgs/share/px4_msgs/msg/PwmInput.idl\n'}
[0.504524] (px4_msgs) StdoutLine: {'line': b'-- Up-to-date symlink: /home/lee/workspace/ros2_ex_mav/install/px4_msgs/share/px4_msgs/msg/Px4ioStatus.idl\n'}
[0.504566] (px4_msgs) StdoutLine: {'line': b'-- Up-to-date symlink: /home/lee/workspace/ros2_ex_mav/install/px4_msgs/share/px4_msgs/msg/QshellReq.idl\n'}
[0.504608] (px4_msgs) StdoutLine: {'line': b'-- Up-to-date symlink: /home/lee/workspace/ros2_ex_mav/install/px4_msgs/share/px4_msgs/msg/QshellRetval.idl\n'}
[0.504650] (px4_msgs) StdoutLine: {'line': b'-- Up-to-date symlink: /home/lee/workspace/ros2_ex_mav/install/px4_msgs/share/px4_msgs/msg/RadioStatus.idl\n'}
[0.504694] (px4_msgs) StdoutLine: {'line': b'-- Up-to-date symlink: /home/lee/workspace/ros2_ex_mav/install/px4_msgs/share/px4_msgs/msg/RateCtrlStatus.idl\n'}
[0.504735] (px4_msgs) StdoutLine: {'line': b'-- Up-to-date symlink: /home/lee/workspace/ros2_ex_mav/install/px4_msgs/share/px4_msgs/msg/RcChannels.idl\n'}
[0.504777] (px4_msgs) StdoutLine: {'line': b'-- Up-to-date symlink: /home/lee/workspace/ros2_ex_mav/install/px4_msgs/share/px4_msgs/msg/RcParameterMap.idl\n'}
[0.504820] (px4_msgs) StdoutLine: {'line': b'-- Up-to-date symlink: /home/lee/workspace/ros2_ex_mav/install/px4_msgs/share/px4_msgs/msg/Rpm.idl\n'}
[0.504863] (px4_msgs) StdoutLine: {'line': b'-- Up-to-date symlink: /home/lee/workspace/ros2_ex_mav/install/px4_msgs/share/px4_msgs/msg/RtlTimeEstimate.idl\n'}
[0.504904] (px4_msgs) StdoutLine: {'line': b'-- Up-to-date symlink: /home/lee/workspace/ros2_ex_mav/install/px4_msgs/share/px4_msgs/msg/SatelliteInfo.idl\n'}
[0.504947] (px4_msgs) StdoutLine: {'line': b'-- Up-to-date symlink: /home/lee/workspace/ros2_ex_mav/install/px4_msgs/share/px4_msgs/msg/SensorAccel.idl\n'}
[0.504988] (px4_msgs) StdoutLine: {'line': b'-- Up-to-date symlink: /home/lee/workspace/ros2_ex_mav/install/px4_msgs/share/px4_msgs/msg/SensorAccelFifo.idl\n'}
[0.505030] (px4_msgs) StdoutLine: {'line': b'-- Up-to-date symlink: /home/lee/workspace/ros2_ex_mav/install/px4_msgs/share/px4_msgs/msg/SensorBaro.idl\n'}
[0.505072] (px4_msgs) StdoutLine: {'line': b'-- Up-to-date symlink: /home/lee/workspace/ros2_ex_mav/install/px4_msgs/share/px4_msgs/msg/SensorCombined.idl\n'}
[0.505114] (px4_msgs) StdoutLine: {'line': b'-- Up-to-date symlink: /home/lee/workspace/ros2_ex_mav/install/px4_msgs/share/px4_msgs/msg/SensorCorrection.idl\n'}
[0.505156] (px4_msgs) StdoutLine: {'line': b'-- Up-to-date symlink: /home/lee/workspace/ros2_ex_mav/install/px4_msgs/share/px4_msgs/msg/SensorGnssRelative.idl\n'}
[0.505201] (px4_msgs) StdoutLine: {'line': b'-- Up-to-date symlink: /home/lee/workspace/ros2_ex_mav/install/px4_msgs/share/px4_msgs/msg/SensorGps.idl\n'}
[0.505242] (px4_msgs) StdoutLine: {'line': b'-- Up-to-date symlink: /home/lee/workspace/ros2_ex_mav/install/px4_msgs/share/px4_msgs/msg/SensorGyro.idl\n'}
[0.505284] (px4_msgs) StdoutLine: {'line': b'-- Up-to-date symlink: /home/lee/workspace/ros2_ex_mav/install/px4_msgs/share/px4_msgs/msg/SensorGyroFft.idl\n'}
[0.505326] (px4_msgs) StdoutLine: {'line': b'-- Up-to-date symlink: /home/lee/workspace/ros2_ex_mav/install/px4_msgs/share/px4_msgs/msg/SensorGyroFifo.idl\n'}
[0.505369] (px4_msgs) StdoutLine: {'line': b'-- Up-to-date symlink: /home/lee/workspace/ros2_ex_mav/install/px4_msgs/share/px4_msgs/msg/SensorHygrometer.idl\n'}
[0.505413] (px4_msgs) StdoutLine: {'line': b'-- Up-to-date symlink: /home/lee/workspace/ros2_ex_mav/install/px4_msgs/share/px4_msgs/msg/SensorMag.idl\n'}
[0.505456] (px4_msgs) StdoutLine: {'line': b'-- Up-to-date symlink: /home/lee/workspace/ros2_ex_mav/install/px4_msgs/share/px4_msgs/msg/SensorOpticalFlow.idl\n'}
[0.505500] (px4_msgs) StdoutLine: {'line': b'-- Up-to-date symlink: /home/lee/workspace/ros2_ex_mav/install/px4_msgs/share/px4_msgs/msg/SensorPreflightMag.idl\n'}
[0.505543] (px4_msgs) StdoutLine: {'line': b'-- Up-to-date symlink: /home/lee/workspace/ros2_ex_mav/install/px4_msgs/share/px4_msgs/msg/SensorSelection.idl\n'}
[0.505586] (px4_msgs) StdoutLine: {'line': b'-- Up-to-date symlink: /home/lee/workspace/ros2_ex_mav/install/px4_msgs/share/px4_msgs/msg/SensorUwb.idl\n'}
[0.505630] (px4_msgs) StdoutLine: {'line': b'-- Up-to-date symlink: /home/lee/workspace/ros2_ex_mav/install/px4_msgs/share/px4_msgs/msg/SensorsStatus.idl\n'}
[0.505673] (px4_msgs) StdoutLine: {'line': b'-- Up-to-date symlink: /home/lee/workspace/ros2_ex_mav/install/px4_msgs/share/px4_msgs/msg/SensorsStatusImu.idl\n'}
[0.505716] (px4_msgs) StdoutLine: {'line': b'-- Up-to-date symlink: /home/lee/workspace/ros2_ex_mav/install/px4_msgs/share/px4_msgs/msg/SystemPower.idl\n'}
[0.505760] (px4_msgs) StdoutLine: {'line': b'-- Up-to-date symlink: /home/lee/workspace/ros2_ex_mav/install/px4_msgs/share/px4_msgs/msg/TakeoffStatus.idl\n'}
[0.505802] (px4_msgs) StdoutLine: {'line': b'-- Up-to-date symlink: /home/lee/workspace/ros2_ex_mav/install/px4_msgs/share/px4_msgs/msg/TaskStackInfo.idl\n'}
[0.505845] (px4_msgs) StdoutLine: {'line': b'-- Up-to-date symlink: /home/lee/workspace/ros2_ex_mav/install/px4_msgs/share/px4_msgs/msg/TecsStatus.idl\n'}
[0.505889] (px4_msgs) StdoutLine: {'line': b'-- Up-to-date symlink: /home/lee/workspace/ros2_ex_mav/install/px4_msgs/share/px4_msgs/msg/TelemetryStatus.idl\n'}
[0.505937] (px4_msgs) StdoutLine: {'line': b'-- Up-to-date symlink: /home/lee/workspace/ros2_ex_mav/install/px4_msgs/share/px4_msgs/msg/TiltrotorExtraControls.idl\n'}
[0.505981] (px4_msgs) StdoutLine: {'line': b'-- Up-to-date symlink: /home/lee/workspace/ros2_ex_mav/install/px4_msgs/share/px4_msgs/msg/TimesyncStatus.idl\n'}
[0.506025] (px4_msgs) StdoutLine: {'line': b'-- Up-to-date symlink: /home/lee/workspace/ros2_ex_mav/install/px4_msgs/share/px4_msgs/msg/TrajectoryBezier.idl\n'}
[0.506068] (px4_msgs) StdoutLine: {'line': b'-- Up-to-date symlink: /home/lee/workspace/ros2_ex_mav/install/px4_msgs/share/px4_msgs/msg/TrajectorySetpoint.idl\n'}
[0.506112] (px4_msgs) StdoutLine: {'line': b'-- Up-to-date symlink: /home/lee/workspace/ros2_ex_mav/install/px4_msgs/share/px4_msgs/msg/TrajectoryWaypoint.idl\n'}
[0.506154] (px4_msgs) StdoutLine: {'line': b'-- Up-to-date symlink: /home/lee/workspace/ros2_ex_mav/install/px4_msgs/share/px4_msgs/msg/TransponderReport.idl\n'}
[0.506198] (px4_msgs) StdoutLine: {'line': b'-- Up-to-date symlink: /home/lee/workspace/ros2_ex_mav/install/px4_msgs/share/px4_msgs/msg/TuneControl.idl\n'}
[0.506242] (px4_msgs) StdoutLine: {'line': b'-- Up-to-date symlink: /home/lee/workspace/ros2_ex_mav/install/px4_msgs/share/px4_msgs/msg/UavcanParameterRequest.idl\n'}
[0.506285] (px4_msgs) StdoutLine: {'line': b'-- Up-to-date symlink: /home/lee/workspace/ros2_ex_mav/install/px4_msgs/share/px4_msgs/msg/UavcanParameterValue.idl\n'}
[0.506328] (px4_msgs) StdoutLine: {'line': b'-- Up-to-date symlink: /home/lee/workspace/ros2_ex_mav/install/px4_msgs/share/px4_msgs/msg/UlogStream.idl\n'}
[0.506372] (px4_msgs) StdoutLine: {'line': b'-- Up-to-date symlink: /home/lee/workspace/ros2_ex_mav/install/px4_msgs/share/px4_msgs/msg/UlogStreamAck.idl\n'}
[0.506414] (px4_msgs) StdoutLine: {'line': b'-- Up-to-date symlink: /home/lee/workspace/ros2_ex_mav/install/px4_msgs/share/px4_msgs/msg/VehicleAcceleration.idl\n'}
[0.506457] (px4_msgs) StdoutLine: {'line': b'-- Up-to-date symlink: /home/lee/workspace/ros2_ex_mav/install/px4_msgs/share/px4_msgs/msg/VehicleAirData.idl\n'}
[0.506501] (px4_msgs) StdoutLine: {'line': b'-- Up-to-date symlink: /home/lee/workspace/ros2_ex_mav/install/px4_msgs/share/px4_msgs/msg/VehicleAngularAccelerationSetpoint.idl\n'}
[0.506546] (px4_msgs) StdoutLine: {'line': b'-- Up-to-date symlink: /home/lee/workspace/ros2_ex_mav/install/px4_msgs/share/px4_msgs/msg/VehicleAngularVelocity.idl\n'}
[0.506591] (px4_msgs) StdoutLine: {'line': b'-- Up-to-date symlink: /home/lee/workspace/ros2_ex_mav/install/px4_msgs/share/px4_msgs/msg/VehicleAttitude.idl\n'}
[0.506634] (px4_msgs) StdoutLine: {'line': b'-- Up-to-date symlink: /home/lee/workspace/ros2_ex_mav/install/px4_msgs/share/px4_msgs/msg/VehicleAttitudeSetpoint.idl\n'}
[0.506677] (px4_msgs) StdoutLine: {'line': b'-- Up-to-date symlink: /home/lee/workspace/ros2_ex_mav/install/px4_msgs/share/px4_msgs/msg/VehicleCommand.idl\n'}
[0.506720] (px4_msgs) StdoutLine: {'line': b'-- Up-to-date symlink: /home/lee/workspace/ros2_ex_mav/install/px4_msgs/share/px4_msgs/msg/VehicleCommandAck.idl\n'}
[0.506763] (px4_msgs) StdoutLine: {'line': b'-- Up-to-date symlink: /home/lee/workspace/ros2_ex_mav/install/px4_msgs/share/px4_msgs/msg/VehicleConstraints.idl\n'}
[0.506805] (px4_msgs) StdoutLine: {'line': b'-- Up-to-date symlink: /home/lee/workspace/ros2_ex_mav/install/px4_msgs/share/px4_msgs/msg/VehicleControlMode.idl\n'}
[0.506849] (px4_msgs) StdoutLine: {'line': b'-- Up-to-date symlink: /home/lee/workspace/ros2_ex_mav/install/px4_msgs/share/px4_msgs/msg/VehicleGlobalPosition.idl\n'}
[0.506892] (px4_msgs) StdoutLine: {'line': b'-- Up-to-date symlink: /home/lee/workspace/ros2_ex_mav/install/px4_msgs/share/px4_msgs/msg/VehicleImu.idl\n'}
[0.506936] (px4_msgs) StdoutLine: {'line': b'-- Up-to-date symlink: /home/lee/workspace/ros2_ex_mav/install/px4_msgs/share/px4_msgs/msg/VehicleImuStatus.idl\n'}
[0.506977] (px4_msgs) StdoutLine: {'line': b'-- Up-to-date symlink: /home/lee/workspace/ros2_ex_mav/install/px4_msgs/share/px4_msgs/msg/VehicleLandDetected.idl\n'}
[0.507023] (px4_msgs) StdoutLine: {'line': b'-- Up-to-date symlink: /home/lee/workspace/ros2_ex_mav/install/px4_msgs/share/px4_msgs/msg/VehicleLocalPosition.idl\n'}
[0.507068] (px4_msgs) StdoutLine: {'line': b'-- Up-to-date symlink: /home/lee/workspace/ros2_ex_mav/install/px4_msgs/share/px4_msgs/msg/VehicleLocalPositionSetpoint.idl\n'}
[0.507111] (px4_msgs) StdoutLine: {'line': b'-- Up-to-date symlink: /home/lee/workspace/ros2_ex_mav/install/px4_msgs/share/px4_msgs/msg/VehicleMagnetometer.idl\n'}
[0.507155] (px4_msgs) StdoutLine: {'line': b'-- Up-to-date symlink: /home/lee/workspace/ros2_ex_mav/install/px4_msgs/share/px4_msgs/msg/VehicleOdometry.idl\n'}
[0.507200] (px4_msgs) StdoutLine: {'line': b'-- Up-to-date symlink: /home/lee/workspace/ros2_ex_mav/install/px4_msgs/share/px4_msgs/msg/VehicleOpticalFlow.idl\n'}
[0.507244] (px4_msgs) StdoutLine: {'line': b'-- Up-to-date symlink: /home/lee/workspace/ros2_ex_mav/install/px4_msgs/share/px4_msgs/msg/VehicleOpticalFlowVel.idl\n'}
[0.507288] (px4_msgs) StdoutLine: {'line': b'-- Up-to-date symlink: /home/lee/workspace/ros2_ex_mav/install/px4_msgs/share/px4_msgs/msg/VehicleRatesSetpoint.idl\n'}
[0.507354] (px4_msgs) StdoutLine: {'line': b'-- Up-to-date symlink: /home/lee/workspace/ros2_ex_mav/install/px4_msgs/share/px4_msgs/msg/VehicleRoi.idl\n'}
[0.507399] (px4_msgs) StdoutLine: {'line': b'-- Up-to-date symlink: /home/lee/workspace/ros2_ex_mav/install/px4_msgs/share/px4_msgs/msg/VehicleStatus.idl\n'}
[0.507445] (px4_msgs) StdoutLine: {'line': b'-- Up-to-date symlink: /home/lee/workspace/ros2_ex_mav/install/px4_msgs/share/px4_msgs/msg/VehicleThrustSetpoint.idl\n'}
[0.507489] (px4_msgs) StdoutLine: {'line': b'-- Up-to-date symlink: /home/lee/workspace/ros2_ex_mav/install/px4_msgs/share/px4_msgs/msg/VehicleTorqueSetpoint.idl\n'}
[0.507533] (px4_msgs) StdoutLine: {'line': b'-- Up-to-date symlink: /home/lee/workspace/ros2_ex_mav/install/px4_msgs/share/px4_msgs/msg/VehicleTrajectoryBezier.idl\n'}
[0.507579] (px4_msgs) StdoutLine: {'line': b'-- Up-to-date symlink: /home/lee/workspace/ros2_ex_mav/install/px4_msgs/share/px4_msgs/msg/VehicleTrajectoryWaypoint.idl\n'}
[0.507623] (px4_msgs) StdoutLine: {'line': b'-- Up-to-date symlink: /home/lee/workspace/ros2_ex_mav/install/px4_msgs/share/px4_msgs/msg/VtolVehicleStatus.idl\n'}
[0.507667] (px4_msgs) StdoutLine: {'line': b'-- Up-to-date symlink: /home/lee/workspace/ros2_ex_mav/install/px4_msgs/share/px4_msgs/msg/Wind.idl\n'}
[0.507711] (px4_msgs) StdoutLine: {'line': b'-- Up-to-date symlink: /home/lee/workspace/ros2_ex_mav/install/px4_msgs/share/px4_msgs/msg/YawEstimatorStatus.idl\n'}
[0.507757] (px4_msgs) StdoutLine: {'line': b'-- Up-to-date symlink: /home/lee/workspace/ros2_ex_mav/install/px4_msgs/share/px4_msgs/msg/ActionRequest.msg\n'}
[0.507801] (px4_msgs) StdoutLine: {'line': b'-- Up-to-date symlink: /home/lee/workspace/ros2_ex_mav/install/px4_msgs/share/px4_msgs/msg/ActuatorArmed.msg\n'}
[0.507846] (px4_msgs) StdoutLine: {'line': b'-- Up-to-date symlink: /home/lee/workspace/ros2_ex_mav/install/px4_msgs/share/px4_msgs/msg/ActuatorControlsStatus.msg\n'}
[0.507888] (px4_msgs) StdoutLine: {'line': b'-- Up-to-date symlink: /home/lee/workspace/ros2_ex_mav/install/px4_msgs/share/px4_msgs/msg/ActuatorMotors.msg\n'}
[0.507934] (px4_msgs) StdoutLine: {'line': b'-- Up-to-date symlink: /home/lee/workspace/ros2_ex_mav/install/px4_msgs/share/px4_msgs/msg/ActuatorOutputs.msg\n'}
[0.507977] (px4_msgs) StdoutLine: {'line': b'-- Up-to-date symlink: /home/lee/workspace/ros2_ex_mav/install/px4_msgs/share/px4_msgs/msg/ActuatorServos.msg\n'}
[0.508020] (px4_msgs) StdoutLine: {'line': b'-- Up-to-date symlink: /home/lee/workspace/ros2_ex_mav/install/px4_msgs/share/px4_msgs/msg/ActuatorServosTrim.msg\n'}
[0.508064] (px4_msgs) StdoutLine: {'line': b'-- Up-to-date symlink: /home/lee/workspace/ros2_ex_mav/install/px4_msgs/share/px4_msgs/msg/ActuatorTest.msg\n'}
[0.508109] (px4_msgs) StdoutLine: {'line': b'-- Up-to-date symlink: /home/lee/workspace/ros2_ex_mav/install/px4_msgs/share/px4_msgs/msg/AdcReport.msg\n'}
[0.508153] (px4_msgs) StdoutLine: {'line': b'-- Up-to-date symlink: /home/lee/workspace/ros2_ex_mav/install/px4_msgs/share/px4_msgs/msg/Airspeed.msg\n'}
[0.508197] (px4_msgs) StdoutLine: {'line': b'-- Up-to-date symlink: /home/lee/workspace/ros2_ex_mav/install/px4_msgs/share/px4_msgs/msg/AirspeedValidated.msg\n'}
[0.508241] (px4_msgs) StdoutLine: {'line': b'-- Up-to-date symlink: /home/lee/workspace/ros2_ex_mav/install/px4_msgs/share/px4_msgs/msg/AirspeedWind.msg\n'}
[0.508285] (px4_msgs) StdoutLine: {'line': b'-- Up-to-date symlink: /home/lee/workspace/ros2_ex_mav/install/px4_msgs/share/px4_msgs/msg/AutotuneAttitudeControlStatus.msg\n'}
[0.508328] (px4_msgs) StdoutLine: {'line': b'-- Up-to-date symlink: /home/lee/workspace/ros2_ex_mav/install/px4_msgs/share/px4_msgs/msg/BatteryStatus.msg\n'}
[0.508371] (px4_msgs) StdoutLine: {'line': b'-- Up-to-date symlink: /home/lee/workspace/ros2_ex_mav/install/px4_msgs/share/px4_msgs/msg/ButtonEvent.msg\n'}
[0.508415] (px4_msgs) StdoutLine: {'line': b'-- Up-to-date symlink: /home/lee/workspace/ros2_ex_mav/install/px4_msgs/share/px4_msgs/msg/CameraCapture.msg\n'}
[0.508459] (px4_msgs) StdoutLine: {'line': b'-- Up-to-date symlink: /home/lee/workspace/ros2_ex_mav/install/px4_msgs/share/px4_msgs/msg/CameraStatus.msg\n'}
[0.508498] (px4_msgs) StdoutLine: {'line': b'-- Up-to-date symlink: /home/lee/workspace/ros2_ex_mav/install/px4_msgs/share/px4_msgs/msg/CameraTrigger.msg\n'}
[0.508540] (px4_msgs) StdoutLine: {'line': b'-- Up-to-date symlink: /home/lee/workspace/ros2_ex_mav/install/px4_msgs/share/px4_msgs/msg/CellularStatus.msg\n'}
[0.508583] (px4_msgs) StdoutLine: {'line': b'-- Up-to-date symlink: /home/lee/workspace/ros2_ex_mav/install/px4_msgs/share/px4_msgs/msg/CollisionConstraints.msg\n'}
[0.508626] (px4_msgs) StdoutLine: {'line': b'-- Up-to-date symlink: /home/lee/workspace/ros2_ex_mav/install/px4_msgs/share/px4_msgs/msg/CollisionReport.msg\n'}
[0.508669] (px4_msgs) StdoutLine: {'line': b'-- Up-to-date symlink: /home/lee/workspace/ros2_ex_mav/install/px4_msgs/share/px4_msgs/msg/ControlAllocatorStatus.msg\n'}
[0.508713] (px4_msgs) StdoutLine: {'line': b'-- Up-to-date symlink: /home/lee/workspace/ros2_ex_mav/install/px4_msgs/share/px4_msgs/msg/Cpuload.msg\n'}
[0.508756] (px4_msgs) StdoutLine: {'line': b'-- Up-to-date symlink: /home/lee/workspace/ros2_ex_mav/install/px4_msgs/share/px4_msgs/msg/DebugArray.msg\n'}
[0.508798] (px4_msgs) StdoutLine: {'line': b'-- Up-to-date symlink: /home/lee/workspace/ros2_ex_mav/install/px4_msgs/share/px4_msgs/msg/DebugKeyValue.msg\n'}
[0.508843] (px4_msgs) StdoutLine: {'line': b'-- Up-to-date symlink: /home/lee/workspace/ros2_ex_mav/install/px4_msgs/share/px4_msgs/msg/DebugValue.msg\n'}
[0.508885] (px4_msgs) StdoutLine: {'line': b'-- Up-to-date symlink: /home/lee/workspace/ros2_ex_mav/install/px4_msgs/share/px4_msgs/msg/DebugVect.msg\n'}
[0.508928] (px4_msgs) StdoutLine: {'line': b'-- Up-to-date symlink: /home/lee/workspace/ros2_ex_mav/install/px4_msgs/share/px4_msgs/msg/DifferentialPressure.msg\n'}
[0.508973] (px4_msgs) StdoutLine: {'line': b'-- Up-to-date symlink: /home/lee/workspace/ros2_ex_mav/install/px4_msgs/share/px4_msgs/msg/DistanceSensor.msg\n'}
[0.509014] (px4_msgs) StdoutLine: {'line': b'-- Up-to-date symlink: /home/lee/workspace/ros2_ex_mav/install/px4_msgs/share/px4_msgs/msg/Ekf2Timestamps.msg\n'}
[0.509057] (px4_msgs) StdoutLine: {'line': b'-- Up-to-date symlink: /home/lee/workspace/ros2_ex_mav/install/px4_msgs/share/px4_msgs/msg/EscReport.msg\n'}
[0.509100] (px4_msgs) StdoutLine: {'line': b'-- Up-to-date symlink: /home/lee/workspace/ros2_ex_mav/install/px4_msgs/share/px4_msgs/msg/EscStatus.msg\n'}
[0.509142] (px4_msgs) StdoutLine: {'line': b'-- Up-to-date symlink: /home/lee/workspace/ros2_ex_mav/install/px4_msgs/share/px4_msgs/msg/EstimatorAidSource1d.msg\n'}
[0.509187] (px4_msgs) StdoutLine: {'line': b'-- Up-to-date symlink: /home/lee/workspace/ros2_ex_mav/install/px4_msgs/share/px4_msgs/msg/EstimatorAidSource2d.msg\n'}
[0.509230] (px4_msgs) StdoutLine: {'line': b'-- Up-to-date symlink: /home/lee/workspace/ros2_ex_mav/install/px4_msgs/share/px4_msgs/msg/EstimatorAidSource3d.msg\n'}
[0.509274] (px4_msgs) StdoutLine: {'line': b'-- Up-to-date symlink: /home/lee/workspace/ros2_ex_mav/install/px4_msgs/share/px4_msgs/msg/EstimatorBias.msg\n'}
[0.509315] (px4_msgs) StdoutLine: {'line': b'-- Up-to-date symlink: /home/lee/workspace/ros2_ex_mav/install/px4_msgs/share/px4_msgs/msg/EstimatorBias3d.msg\n'}
[0.509357] (px4_msgs) StdoutLine: {'line': b'-- Up-to-date symlink: /home/lee/workspace/ros2_ex_mav/install/px4_msgs/share/px4_msgs/msg/EstimatorEventFlags.msg\n'}
[0.509400] (px4_msgs) StdoutLine: {'line': b'-- Up-to-date symlink: /home/lee/workspace/ros2_ex_mav/install/px4_msgs/share/px4_msgs/msg/EstimatorGpsStatus.msg\n'}
[0.509443] (px4_msgs) StdoutLine: {'line': b'-- Up-to-date symlink: /home/lee/workspace/ros2_ex_mav/install/px4_msgs/share/px4_msgs/msg/EstimatorInnovations.msg\n'}
[0.509485] (px4_msgs) StdoutLine: {'line': b'-- Up-to-date symlink: /home/lee/workspace/ros2_ex_mav/install/px4_msgs/share/px4_msgs/msg/EstimatorSelectorStatus.msg\n'}
[0.509525] (px4_msgs) StdoutLine: {'line': b'-- Up-to-date symlink: /home/lee/workspace/ros2_ex_mav/install/px4_msgs/share/px4_msgs/msg/EstimatorSensorBias.msg\n'}
[0.509568] (px4_msgs) StdoutLine: {'line': b'-- Up-to-date symlink: /home/lee/workspace/ros2_ex_mav/install/px4_msgs/share/px4_msgs/msg/EstimatorStates.msg\n'}
[0.509611] (px4_msgs) StdoutLine: {'line': b'-- Up-to-date symlink: /home/lee/workspace/ros2_ex_mav/install/px4_msgs/share/px4_msgs/msg/EstimatorStatus.msg\n'}
[0.509652] (px4_msgs) StdoutLine: {'line': b'-- Up-to-date symlink: /home/lee/workspace/ros2_ex_mav/install/px4_msgs/share/px4_msgs/msg/EstimatorStatusFlags.msg\n'}
[0.509695] (px4_msgs) StdoutLine: {'line': b'-- Up-to-date symlink: /home/lee/workspace/ros2_ex_mav/install/px4_msgs/share/px4_msgs/msg/Event.msg\n'}
[0.509739] (px4_msgs) StdoutLine: {'line': b'-- Up-to-date symlink: /home/lee/workspace/ros2_ex_mav/install/px4_msgs/share/px4_msgs/msg/FailsafeFlags.msg\n'}
[0.509780] (px4_msgs) StdoutLine: {'line': b'-- Up-to-date symlink: /home/lee/workspace/ros2_ex_mav/install/px4_msgs/share/px4_msgs/msg/FailureDetectorStatus.msg\n'}
[0.509823] (px4_msgs) StdoutLine: {'line': b'-- Up-to-date symlink: /home/lee/workspace/ros2_ex_mav/install/px4_msgs/share/px4_msgs/msg/FollowTarget.msg\n'}
[0.509866] (px4_msgs) StdoutLine: {'line': b'-- Up-to-date symlink: /home/lee/workspace/ros2_ex_mav/install/px4_msgs/share/px4_msgs/msg/FollowTargetEstimator.msg\n'}
[0.509909] (px4_msgs) StdoutLine: {'line': b'-- Up-to-date symlink: /home/lee/workspace/ros2_ex_mav/install/px4_msgs/share/px4_msgs/msg/FollowTargetStatus.msg\n'}
[0.509954] (px4_msgs) StdoutLine: {'line': b'-- Up-to-date symlink: /home/lee/workspace/ros2_ex_mav/install/px4_msgs/share/px4_msgs/msg/GeneratorStatus.msg\n'}
[0.509998] (px4_msgs) StdoutLine: {'line': b'-- Up-to-date symlink: /home/lee/workspace/ros2_ex_mav/install/px4_msgs/share/px4_msgs/msg/GeofenceResult.msg\n'}
[0.510039] (px4_msgs) StdoutLine: {'line': b'-- Up-to-date symlink: /home/lee/workspace/ros2_ex_mav/install/px4_msgs/share/px4_msgs/msg/GimbalControls.msg\n'}
[0.510082] (px4_msgs) StdoutLine: {'line': b'-- Up-to-date symlink: /home/lee/workspace/ros2_ex_mav/install/px4_msgs/share/px4_msgs/msg/GimbalDeviceAttitudeStatus.msg\n'}
[0.510125] (px4_msgs) StdoutLine: {'line': b'-- Up-to-date symlink: /home/lee/workspace/ros2_ex_mav/install/px4_msgs/share/px4_msgs/msg/GimbalDeviceInformation.msg\n'}
[0.510170] (px4_msgs) StdoutLine: {'line': b'-- Up-to-date symlink: /home/lee/workspace/ros2_ex_mav/install/px4_msgs/share/px4_msgs/msg/GimbalDeviceSetAttitude.msg\n'}
[0.510215] (px4_msgs) StdoutLine: {'line': b'-- Up-to-date symlink: /home/lee/workspace/ros2_ex_mav/install/px4_msgs/share/px4_msgs/msg/GimbalManagerInformation.msg\n'}
[0.510256] (px4_msgs) StdoutLine: {'line': b'-- Up-to-date symlink: /home/lee/workspace/ros2_ex_mav/install/px4_msgs/share/px4_msgs/msg/GimbalManagerSetAttitude.msg\n'}
[0.510298] (px4_msgs) StdoutLine: {'line': b'-- Up-to-date symlink: /home/lee/workspace/ros2_ex_mav/install/px4_msgs/share/px4_msgs/msg/GimbalManagerSetManualControl.msg\n'}
[0.510340] (px4_msgs) StdoutLine: {'line': b'-- Up-to-date symlink: /home/lee/workspace/ros2_ex_mav/install/px4_msgs/share/px4_msgs/msg/GimbalManagerStatus.msg\n'}
[0.510383] (px4_msgs) StdoutLine: {'line': b'-- Up-to-date symlink: /home/lee/workspace/ros2_ex_mav/install/px4_msgs/share/px4_msgs/msg/GpsDump.msg\n'}
[0.510425] (px4_msgs) StdoutLine: {'line': b'-- Up-to-date symlink: /home/lee/workspace/ros2_ex_mav/install/px4_msgs/share/px4_msgs/msg/GpsInjectData.msg\n'}
[0.510467] (px4_msgs) StdoutLine: {'line': b'-- Up-to-date symlink: /home/lee/workspace/ros2_ex_mav/install/px4_msgs/share/px4_msgs/msg/Gripper.msg\n'}
[0.510510] (px4_msgs) StdoutLine: {'line': b'-- Up-to-date symlink: /home/lee/workspace/ros2_ex_mav/install/px4_msgs/share/px4_msgs/msg/HealthReport.msg\n'}
[0.510549] (px4_msgs) StdoutLine: {'line': b'-- Up-to-date symlink: /home/lee/workspace/ros2_ex_mav/install/px4_msgs/share/px4_msgs/msg/HeaterStatus.msg\n'}
[0.510590] (px4_msgs) StdoutLine: {'line': b'-- Up-to-date symlink: /home/lee/workspace/ros2_ex_mav/install/px4_msgs/share/px4_msgs/msg/HomePosition.msg\n'}
[0.510631] (px4_msgs) StdoutLine: {'line': b'-- Up-to-date symlink: /home/lee/workspace/ros2_ex_mav/install/px4_msgs/share/px4_msgs/msg/HoverThrustEstimate.msg\n'}
[0.510672] (px4_msgs) StdoutLine: {'line': b'-- Up-to-date symlink: /home/lee/workspace/ros2_ex_mav/install/px4_msgs/share/px4_msgs/msg/InputRc.msg\n'}
[0.510714] (px4_msgs) StdoutLine: {'line': b'-- Up-to-date symlink: /home/lee/workspace/ros2_ex_mav/install/px4_msgs/share/px4_msgs/msg/InternalCombustionEngineStatus.msg\n'}
[0.510756] (px4_msgs) StdoutLine: {'line': b'-- Up-to-date symlink: /home/lee/workspace/ros2_ex_mav/install/px4_msgs/share/px4_msgs/msg/IridiumsbdStatus.msg\n'}
[0.510798] (px4_msgs) StdoutLine: {'line': b'-- Up-to-date symlink: /home/lee/workspace/ros2_ex_mav/install/px4_msgs/share/px4_msgs/msg/IrlockReport.msg\n'}
[0.510840] (px4_msgs) StdoutLine: {'line': b'-- Up-to-date symlink: /home/lee/workspace/ros2_ex_mav/install/px4_msgs/share/px4_msgs/msg/LandingGear.msg\n'}
[0.510880] (px4_msgs) StdoutLine: {'line': b'-- Up-to-date symlink: /home/lee/workspace/ros2_ex_mav/install/px4_msgs/share/px4_msgs/msg/LandingGearWheel.msg\n'}
[0.510922] (px4_msgs) StdoutLine: {'line': b'-- Up-to-date symlink: /home/lee/workspace/ros2_ex_mav/install/px4_msgs/share/px4_msgs/msg/LandingTargetInnovations.msg\n'}
[0.510962] (px4_msgs) StdoutLine: {'line': b'-- Up-to-date symlink: /home/lee/workspace/ros2_ex_mav/install/px4_msgs/share/px4_msgs/msg/LandingTargetPose.msg\n'}
[0.511004] (px4_msgs) StdoutLine: {'line': b'-- Up-to-date symlink: /home/lee/workspace/ros2_ex_mav/install/px4_msgs/share/px4_msgs/msg/LaunchDetectionStatus.msg\n'}
[0.511046] (px4_msgs) StdoutLine: {'line': b'-- Up-to-date symlink: /home/lee/workspace/ros2_ex_mav/install/px4_msgs/share/px4_msgs/msg/LedControl.msg\n'}
[0.511087] (px4_msgs) StdoutLine: {'line': b'-- Up-to-date symlink: /home/lee/workspace/ros2_ex_mav/install/px4_msgs/share/px4_msgs/msg/LogMessage.msg\n'}
[0.511129] (px4_msgs) StdoutLine: {'line': b'-- Up-to-date symlink: /home/lee/workspace/ros2_ex_mav/install/px4_msgs/share/px4_msgs/msg/LoggerStatus.msg\n'}
[0.511172] (px4_msgs) StdoutLine: {'line': b'-- Up-to-date symlink: /home/lee/workspace/ros2_ex_mav/install/px4_msgs/share/px4_msgs/msg/MagWorkerData.msg\n'}
[0.511216] (px4_msgs) StdoutLine: {'line': b'-- Up-to-date symlink: /home/lee/workspace/ros2_ex_mav/install/px4_msgs/share/px4_msgs/msg/MagnetometerBiasEstimate.msg\n'}
[0.511257] (px4_msgs) StdoutLine: {'line': b'-- Up-to-date symlink: /home/lee/workspace/ros2_ex_mav/install/px4_msgs/share/px4_msgs/msg/ManualControlSetpoint.msg\n'}
[0.511298] (px4_msgs) StdoutLine: {'line': b'-- Up-to-date symlink: /home/lee/workspace/ros2_ex_mav/install/px4_msgs/share/px4_msgs/msg/ManualControlSwitches.msg\n'}
[0.511341] (px4_msgs) StdoutLine: {'line': b'-- Up-to-date symlink: /home/lee/workspace/ros2_ex_mav/install/px4_msgs/share/px4_msgs/msg/MavlinkLog.msg\n'}
[0.511382] (px4_msgs) StdoutLine: {'line': b'-- Up-to-date symlink: /home/lee/workspace/ros2_ex_mav/install/px4_msgs/share/px4_msgs/msg/MavlinkTunnel.msg\n'}
[0.511424] (px4_msgs) StdoutLine: {'line': b'-- Up-to-date symlink: /home/lee/workspace/ros2_ex_mav/install/px4_msgs/share/px4_msgs/msg/Mission.msg\n'}
[0.511465] (px4_msgs) StdoutLine: {'line': b'-- Up-to-date symlink: /home/lee/workspace/ros2_ex_mav/install/px4_msgs/share/px4_msgs/msg/MissionResult.msg\n'}
[0.511506] (px4_msgs) StdoutLine: {'line': b'-- Up-to-date symlink: /home/lee/workspace/ros2_ex_mav/install/px4_msgs/share/px4_msgs/msg/ModeCompleted.msg\n'}
[0.511547] (px4_msgs) StdoutLine: {'line': b'-- Up-to-date symlink: /home/lee/workspace/ros2_ex_mav/install/px4_msgs/share/px4_msgs/msg/MountOrientation.msg\n'}
[0.511589] (px4_msgs) StdoutLine: {'line': b'-- Up-to-date symlink: /home/lee/workspace/ros2_ex_mav/install/px4_msgs/share/px4_msgs/msg/NavigatorMissionItem.msg\n'}
[0.511633] (px4_msgs) StdoutLine: {'line': b'-- Up-to-date symlink: /home/lee/workspace/ros2_ex_mav/install/px4_msgs/share/px4_msgs/msg/NormalizedUnsignedSetpoint.msg\n'}
[0.511673] (px4_msgs) StdoutLine: {'line': b'-- Up-to-date symlink: /home/lee/workspace/ros2_ex_mav/install/px4_msgs/share/px4_msgs/msg/NpfgStatus.msg\n'}
[0.511715] (px4_msgs) StdoutLine: {'line': b'-- Up-to-date symlink: /home/lee/workspace/ros2_ex_mav/install/px4_msgs/share/px4_msgs/msg/ObstacleDistance.msg\n'}
[0.511757] (px4_msgs) StdoutLine: {'line': b'-- Up-to-date symlink: /home/lee/workspace/ros2_ex_mav/install/px4_msgs/share/px4_msgs/msg/OffboardControlMode.msg\n'}
[0.511798] (px4_msgs) StdoutLine: {'line': b'-- Up-to-date symlink: /home/lee/workspace/ros2_ex_mav/install/px4_msgs/share/px4_msgs/msg/OnboardComputerStatus.msg\n'}
[0.511840] (px4_msgs) StdoutLine: {'line': b'-- Up-to-date symlink: /home/lee/workspace/ros2_ex_mav/install/px4_msgs/share/px4_msgs/msg/OrbTest.msg\n'}
[0.511884] (px4_msgs) StdoutLine: {'line': b'-- Up-to-date symlink: /home/lee/workspace/ros2_ex_mav/install/px4_msgs/share/px4_msgs/msg/OrbTestLarge.msg\n'}
[0.511925] (px4_msgs) StdoutLine: {'line': b'-- Up-to-date symlink: /home/lee/workspace/ros2_ex_mav/install/px4_msgs/share/px4_msgs/msg/OrbTestMedium.msg\n'}
[0.511967] (px4_msgs) StdoutLine: {'line': b'-- Up-to-date symlink: /home/lee/workspace/ros2_ex_mav/install/px4_msgs/share/px4_msgs/msg/OrbitStatus.msg\n'}
[0.512008] (px4_msgs) StdoutLine: {'line': b'-- Up-to-date symlink: /home/lee/workspace/ros2_ex_mav/install/px4_msgs/share/px4_msgs/msg/ParameterUpdate.msg\n'}
[0.512051] (px4_msgs) StdoutLine: {'line': b'-- Up-to-date symlink: /home/lee/workspace/ros2_ex_mav/install/px4_msgs/share/px4_msgs/msg/Ping.msg\n'}
[0.512094] (px4_msgs) StdoutLine: {'line': b'-- Up-to-date symlink: /home/lee/workspace/ros2_ex_mav/install/px4_msgs/share/px4_msgs/msg/PositionControllerLandingStatus.msg\n'}
[0.512135] (px4_msgs) StdoutLine: {'line': b'-- Up-to-date symlink: /home/lee/workspace/ros2_ex_mav/install/px4_msgs/share/px4_msgs/msg/PositionControllerStatus.msg\n'}
[0.512178] (px4_msgs) StdoutLine: {'line': b'-- Up-to-date symlink: /home/lee/workspace/ros2_ex_mav/install/px4_msgs/share/px4_msgs/msg/PositionSetpoint.msg\n'}
[0.512219] (px4_msgs) StdoutLine: {'line': b'-- Up-to-date symlink: /home/lee/workspace/ros2_ex_mav/install/px4_msgs/share/px4_msgs/msg/PositionSetpointTriplet.msg\n'}
[0.512259] (px4_msgs) StdoutLine: {'line': b'-- Up-to-date symlink: /home/lee/workspace/ros2_ex_mav/install/px4_msgs/share/px4_msgs/msg/PowerButtonState.msg\n'}
[0.512301] (px4_msgs) StdoutLine: {'line': b'-- Up-to-date symlink: /home/lee/workspace/ros2_ex_mav/install/px4_msgs/share/px4_msgs/msg/PowerMonitor.msg\n'}
[0.512343] (px4_msgs) StdoutLine: {'line': b'-- Up-to-date symlink: /home/lee/workspace/ros2_ex_mav/install/px4_msgs/share/px4_msgs/msg/PpsCapture.msg\n'}
[0.512385] (px4_msgs) StdoutLine: {'line': b'-- Up-to-date symlink: /home/lee/workspace/ros2_ex_mav/install/px4_msgs/share/px4_msgs/msg/PwmInput.msg\n'}
[0.512428] (px4_msgs) StdoutLine: {'line': b'-- Up-to-date symlink: /home/lee/workspace/ros2_ex_mav/install/px4_msgs/share/px4_msgs/msg/Px4ioStatus.msg\n'}
[0.512468] (px4_msgs) StdoutLine: {'line': b'-- Up-to-date symlink: /home/lee/workspace/ros2_ex_mav/install/px4_msgs/share/px4_msgs/msg/QshellReq.msg\n'}
[0.512510] (px4_msgs) StdoutLine: {'line': b'-- Up-to-date symlink: /home/lee/workspace/ros2_ex_mav/install/px4_msgs/share/px4_msgs/msg/QshellRetval.msg\n'}
[0.512552] (px4_msgs) StdoutLine: {'line': b'-- Up-to-date symlink: /home/lee/workspace/ros2_ex_mav/install/px4_msgs/share/px4_msgs/msg/RadioStatus.msg\n'}
[0.512594] (px4_msgs) StdoutLine: {'line': b'-- Up-to-date symlink: /home/lee/workspace/ros2_ex_mav/install/px4_msgs/share/px4_msgs/msg/RateCtrlStatus.msg\n'}
[0.512635] (px4_msgs) StdoutLine: {'line': b'-- Up-to-date symlink: /home/lee/workspace/ros2_ex_mav/install/px4_msgs/share/px4_msgs/msg/RcChannels.msg\n'}
[0.512677] (px4_msgs) StdoutLine: {'line': b'-- Up-to-date symlink: /home/lee/workspace/ros2_ex_mav/install/px4_msgs/share/px4_msgs/msg/RcParameterMap.msg\n'}
[0.512718] (px4_msgs) StdoutLine: {'line': b'-- Up-to-date symlink: /home/lee/workspace/ros2_ex_mav/install/px4_msgs/share/px4_msgs/msg/Rpm.msg\n'}
[0.512761] (px4_msgs) StdoutLine: {'line': b'-- Up-to-date symlink: /home/lee/workspace/ros2_ex_mav/install/px4_msgs/share/px4_msgs/msg/RtlTimeEstimate.msg\n'}
[0.512801] (px4_msgs) StdoutLine: {'line': b'-- Up-to-date symlink: /home/lee/workspace/ros2_ex_mav/install/px4_msgs/share/px4_msgs/msg/SatelliteInfo.msg\n'}
[0.512843] (px4_msgs) StdoutLine: {'line': b'-- Up-to-date symlink: /home/lee/workspace/ros2_ex_mav/install/px4_msgs/share/px4_msgs/msg/SensorAccel.msg\n'}
[0.512884] (px4_msgs) StdoutLine: {'line': b'-- Up-to-date symlink: /home/lee/workspace/ros2_ex_mav/install/px4_msgs/share/px4_msgs/msg/SensorAccelFifo.msg\n'}
[0.512926] (px4_msgs) StdoutLine: {'line': b'-- Up-to-date symlink: /home/lee/workspace/ros2_ex_mav/install/px4_msgs/share/px4_msgs/msg/SensorBaro.msg\n'}
[0.512967] (px4_msgs) StdoutLine: {'line': b'-- Up-to-date symlink: /home/lee/workspace/ros2_ex_mav/install/px4_msgs/share/px4_msgs/msg/SensorCombined.msg\n'}
[0.513009] (px4_msgs) StdoutLine: {'line': b'-- Up-to-date symlink: /home/lee/workspace/ros2_ex_mav/install/px4_msgs/share/px4_msgs/msg/SensorCorrection.msg\n'}
[0.513051] (px4_msgs) StdoutLine: {'line': b'-- Up-to-date symlink: /home/lee/workspace/ros2_ex_mav/install/px4_msgs/share/px4_msgs/msg/SensorGnssRelative.msg\n'}
[0.513094] (px4_msgs) StdoutLine: {'line': b'-- Up-to-date symlink: /home/lee/workspace/ros2_ex_mav/install/px4_msgs/share/px4_msgs/msg/SensorGps.msg\n'}
[0.513136] (px4_msgs) StdoutLine: {'line': b'-- Up-to-date symlink: /home/lee/workspace/ros2_ex_mav/install/px4_msgs/share/px4_msgs/msg/SensorGyro.msg\n'}
[0.513181] (px4_msgs) StdoutLine: {'line': b'-- Up-to-date symlink: /home/lee/workspace/ros2_ex_mav/install/px4_msgs/share/px4_msgs/msg/SensorGyroFft.msg\n'}
[0.513222] (px4_msgs) StdoutLine: {'line': b'-- Up-to-date symlink: /home/lee/workspace/ros2_ex_mav/install/px4_msgs/share/px4_msgs/msg/SensorGyroFifo.msg\n'}
[0.513263] (px4_msgs) StdoutLine: {'line': b'-- Up-to-date symlink: /home/lee/workspace/ros2_ex_mav/install/px4_msgs/share/px4_msgs/msg/SensorHygrometer.msg\n'}
[0.513307] (px4_msgs) StdoutLine: {'line': b'-- Up-to-date symlink: /home/lee/workspace/ros2_ex_mav/install/px4_msgs/share/px4_msgs/msg/SensorMag.msg\n'}
[0.513350] (px4_msgs) StdoutLine: {'line': b'-- Up-to-date symlink: /home/lee/workspace/ros2_ex_mav/install/px4_msgs/share/px4_msgs/msg/SensorOpticalFlow.msg\n'}
[0.513391] (px4_msgs) StdoutLine: {'line': b'-- Up-to-date symlink: /home/lee/workspace/ros2_ex_mav/install/px4_msgs/share/px4_msgs/msg/SensorPreflightMag.msg\n'}
[0.513432] (px4_msgs) StdoutLine: {'line': b'-- Up-to-date symlink: /home/lee/workspace/ros2_ex_mav/install/px4_msgs/share/px4_msgs/msg/SensorSelection.msg\n'}
[0.513474] (px4_msgs) StdoutLine: {'line': b'-- Up-to-date symlink: /home/lee/workspace/ros2_ex_mav/install/px4_msgs/share/px4_msgs/msg/SensorUwb.msg\n'}
[0.513516] (px4_msgs) StdoutLine: {'line': b'-- Up-to-date symlink: /home/lee/workspace/ros2_ex_mav/install/px4_msgs/share/px4_msgs/msg/SensorsStatus.msg\n'}
[0.513558] (px4_msgs) StdoutLine: {'line': b'-- Up-to-date symlink: /home/lee/workspace/ros2_ex_mav/install/px4_msgs/share/px4_msgs/msg/SensorsStatusImu.msg\n'}
[0.513601] (px4_msgs) StdoutLine: {'line': b'-- Up-to-date symlink: /home/lee/workspace/ros2_ex_mav/install/px4_msgs/share/px4_msgs/msg/SystemPower.msg\n'}
[0.513642] (px4_msgs) StdoutLine: {'line': b'-- Up-to-date symlink: /home/lee/workspace/ros2_ex_mav/install/px4_msgs/share/px4_msgs/msg/TakeoffStatus.msg\n'}
[0.513684] (px4_msgs) StdoutLine: {'line': b'-- Up-to-date symlink: /home/lee/workspace/ros2_ex_mav/install/px4_msgs/share/px4_msgs/msg/TaskStackInfo.msg\n'}
[0.513727] (px4_msgs) StdoutLine: {'line': b'-- Up-to-date symlink: /home/lee/workspace/ros2_ex_mav/install/px4_msgs/share/px4_msgs/msg/TecsStatus.msg\n'}
[0.513768] (px4_msgs) StdoutLine: {'line': b'-- Up-to-date symlink: /home/lee/workspace/ros2_ex_mav/install/px4_msgs/share/px4_msgs/msg/TelemetryStatus.msg\n'}
[0.513811] (px4_msgs) StdoutLine: {'line': b'-- Up-to-date symlink: /home/lee/workspace/ros2_ex_mav/install/px4_msgs/share/px4_msgs/msg/TiltrotorExtraControls.msg\n'}
[0.513856] (px4_msgs) StdoutLine: {'line': b'-- Up-to-date symlink: /home/lee/workspace/ros2_ex_mav/install/px4_msgs/share/px4_msgs/msg/TimesyncStatus.msg\n'}
[0.513899] (px4_msgs) StdoutLine: {'line': b'-- Up-to-date symlink: /home/lee/workspace/ros2_ex_mav/install/px4_msgs/share/px4_msgs/msg/TrajectoryBezier.msg\n'}
[0.513941] (px4_msgs) StdoutLine: {'line': b'-- Up-to-date symlink: /home/lee/workspace/ros2_ex_mav/install/px4_msgs/share/px4_msgs/msg/TrajectorySetpoint.msg\n'}
[0.513985] (px4_msgs) StdoutLine: {'line': b'-- Up-to-date symlink: /home/lee/workspace/ros2_ex_mav/install/px4_msgs/share/px4_msgs/msg/TrajectoryWaypoint.msg\n'}
[0.514027] (px4_msgs) StdoutLine: {'line': b'-- Up-to-date symlink: /home/lee/workspace/ros2_ex_mav/install/px4_msgs/share/px4_msgs/msg/TransponderReport.msg\n'}
[0.514071] (px4_msgs) StdoutLine: {'line': b'-- Up-to-date symlink: /home/lee/workspace/ros2_ex_mav/install/px4_msgs/share/px4_msgs/msg/TuneControl.msg\n'}
[0.514113] (px4_msgs) StdoutLine: {'line': b'-- Up-to-date symlink: /home/lee/workspace/ros2_ex_mav/install/px4_msgs/share/px4_msgs/msg/UavcanParameterRequest.msg\n'}
[0.514155] (px4_msgs) StdoutLine: {'line': b'-- Up-to-date symlink: /home/lee/workspace/ros2_ex_mav/install/px4_msgs/share/px4_msgs/msg/UavcanParameterValue.msg\n'}
[0.514202] (px4_msgs) StdoutLine: {'line': b'-- Up-to-date symlink: /home/lee/workspace/ros2_ex_mav/install/px4_msgs/share/px4_msgs/msg/UlogStream.msg\n'}
[0.514244] (px4_msgs) StdoutLine: {'line': b'-- Up-to-date symlink: /home/lee/workspace/ros2_ex_mav/install/px4_msgs/share/px4_msgs/msg/UlogStreamAck.msg\n'}
[0.514287] (px4_msgs) StdoutLine: {'line': b'-- Up-to-date symlink: /home/lee/workspace/ros2_ex_mav/install/px4_msgs/share/px4_msgs/msg/VehicleAcceleration.msg\n'}
[0.514330] (px4_msgs) StdoutLine: {'line': b'-- Up-to-date symlink: /home/lee/workspace/ros2_ex_mav/install/px4_msgs/share/px4_msgs/msg/VehicleAirData.msg\n'}
[0.514375] (px4_msgs) StdoutLine: {'line': b'-- Up-to-date symlink: /home/lee/workspace/ros2_ex_mav/install/px4_msgs/share/px4_msgs/msg/VehicleAngularAccelerationSetpoint.msg\n'}
[0.514415] (px4_msgs) StdoutLine: {'line': b'-- Up-to-date symlink: /home/lee/workspace/ros2_ex_mav/install/px4_msgs/share/px4_msgs/msg/VehicleAngularVelocity.msg\n'}
[0.514458] (px4_msgs) StdoutLine: {'line': b'-- Up-to-date symlink: /home/lee/workspace/ros2_ex_mav/install/px4_msgs/share/px4_msgs/msg/VehicleAttitude.msg\n'}
[0.514500] (px4_msgs) StdoutLine: {'line': b'-- Up-to-date symlink: /home/lee/workspace/ros2_ex_mav/install/px4_msgs/share/px4_msgs/msg/VehicleAttitudeSetpoint.msg\n'}
[0.514543] (px4_msgs) StdoutLine: {'line': b'-- Up-to-date symlink: /home/lee/workspace/ros2_ex_mav/install/px4_msgs/share/px4_msgs/msg/VehicleCommand.msg\n'}
[0.514585] (px4_msgs) StdoutLine: {'line': b'-- Up-to-date symlink: /home/lee/workspace/ros2_ex_mav/install/px4_msgs/share/px4_msgs/msg/VehicleCommandAck.msg\n'}
[0.514629] (px4_msgs) StdoutLine: {'line': b'-- Up-to-date symlink: /home/lee/workspace/ros2_ex_mav/install/px4_msgs/share/px4_msgs/msg/VehicleConstraints.msg\n'}
[0.514669] (px4_msgs) StdoutLine: {'line': b'-- Up-to-date symlink: /home/lee/workspace/ros2_ex_mav/install/px4_msgs/share/px4_msgs/msg/VehicleControlMode.msg\n'}
[0.514710] (px4_msgs) StdoutLine: {'line': b'-- Up-to-date symlink: /home/lee/workspace/ros2_ex_mav/install/px4_msgs/share/px4_msgs/msg/VehicleGlobalPosition.msg\n'}
[0.514755] (px4_msgs) StdoutLine: {'line': b'-- Up-to-date symlink: /home/lee/workspace/ros2_ex_mav/install/px4_msgs/share/px4_msgs/msg/VehicleImu.msg\n'}
[0.514810] (px4_msgs) StdoutLine: {'line': b'-- Up-to-date symlink: /home/lee/workspace/ros2_ex_mav/install/px4_msgs/share/px4_msgs/msg/VehicleImuStatus.msg\n'}
[0.514903] (px4_msgs) StdoutLine: {'line': b'-- Up-to-date symlink: /home/lee/workspace/ros2_ex_mav/install/px4_msgs/share/px4_msgs/msg/VehicleLandDetected.msg\n'}
[0.515042] (px4_msgs) StdoutLine: {'line': b'-- Up-to-date symlink: /home/lee/workspace/ros2_ex_mav/install/px4_msgs/share/px4_msgs/msg/VehicleLocalPosition.msg\n'}
[0.515079] (px4_msgs) StdoutLine: {'line': b'-- Up-to-date symlink: /home/lee/workspace/ros2_ex_mav/install/px4_msgs/share/px4_msgs/msg/VehicleLocalPositionSetpoint.msg\n'}
[0.515103] (px4_msgs) StdoutLine: {'line': b'-- Up-to-date symlink: /home/lee/workspace/ros2_ex_mav/install/px4_msgs/share/px4_msgs/msg/VehicleMagnetometer.msg\n'}
[0.515123] (px4_msgs) StdoutLine: {'line': b'-- Up-to-date symlink: /home/lee/workspace/ros2_ex_mav/install/px4_msgs/share/px4_msgs/msg/VehicleOdometry.msg\n'}
[0.515224] (px4_msgs) StdoutLine: {'line': b'-- Up-to-date symlink: /home/lee/workspace/ros2_ex_mav/install/px4_msgs/share/px4_msgs/msg/VehicleOpticalFlow.msg\n'}
[0.515251] (px4_msgs) StdoutLine: {'line': b'-- Up-to-date symlink: /home/lee/workspace/ros2_ex_mav/install/px4_msgs/share/px4_msgs/msg/VehicleOpticalFlowVel.msg\n'}
[0.515287] (px4_msgs) StdoutLine: {'line': b'-- Up-to-date symlink: /home/lee/workspace/ros2_ex_mav/install/px4_msgs/share/px4_msgs/msg/VehicleRatesSetpoint.msg\n'}
[0.515306] (px4_msgs) StdoutLine: {'line': b'-- Up-to-date symlink: /home/lee/workspace/ros2_ex_mav/install/px4_msgs/share/px4_msgs/msg/VehicleRoi.msg\n'}
[0.515328] (px4_msgs) StdoutLine: {'line': b'-- Up-to-date symlink: /home/lee/workspace/ros2_ex_mav/install/px4_msgs/share/px4_msgs/msg/VehicleStatus.msg\n'}
[0.515347] (px4_msgs) StdoutLine: {'line': b'-- Up-to-date symlink: /home/lee/workspace/ros2_ex_mav/install/px4_msgs/share/px4_msgs/msg/VehicleThrustSetpoint.msg\n'}
[0.515504] (px4_msgs) StdoutLine: {'line': b'-- Up-to-date symlink: /home/lee/workspace/ros2_ex_mav/install/px4_msgs/share/px4_msgs/msg/VehicleTorqueSetpoint.msg\n'}
[0.515545] (px4_msgs) StdoutLine: {'line': b'-- Up-to-date symlink: /home/lee/workspace/ros2_ex_mav/install/px4_msgs/share/px4_msgs/msg/VehicleTrajectoryBezier.msg\n'}
[0.515566] (px4_msgs) StdoutLine: {'line': b'-- Up-to-date symlink: /home/lee/workspace/ros2_ex_mav/install/px4_msgs/share/px4_msgs/msg/VehicleTrajectoryWaypoint.msg\n'}
[0.515600] (px4_msgs) StdoutLine: {'line': b'-- Up-to-date symlink: /home/lee/workspace/ros2_ex_mav/install/px4_msgs/share/px4_msgs/msg/VtolVehicleStatus.msg\n'}
[0.515620] (px4_msgs) StdoutLine: {'line': b'-- Up-to-date symlink: /home/lee/workspace/ros2_ex_mav/install/px4_msgs/share/px4_msgs/msg/Wind.msg\n'}
[0.515644] (px4_msgs) StdoutLine: {'line': b'-- Up-to-date symlink: /home/lee/workspace/ros2_ex_mav/install/px4_msgs/share/px4_msgs/msg/YawEstimatorStatus.msg\n'}
[0.515697] (px4_msgs) StdoutLine: {'line': b'-- Up-to-date symlink: /home/lee/workspace/ros2_ex_mav/install/px4_msgs/share/ament_index/resource_index/package_run_dependencies/px4_msgs\n'}
[0.515742] (px4_msgs) StdoutLine: {'line': b'-- Up-to-date symlink: /home/lee/workspace/ros2_ex_mav/install/px4_msgs/share/ament_index/resource_index/parent_prefix_path/px4_msgs\n'}
[0.515766] (px4_msgs) StdoutLine: {'line': b'-- Up-to-date symlink: /home/lee/workspace/ros2_ex_mav/install/px4_msgs/share/px4_msgs/environment/ament_prefix_path.sh\n'}
[0.515800] (px4_msgs) StdoutLine: {'line': b'-- Up-to-date symlink: /home/lee/workspace/ros2_ex_mav/install/px4_msgs/share/px4_msgs/environment/ament_prefix_path.dsv\n'}
[0.515835] (px4_msgs) StdoutLine: {'line': b'-- Up-to-date symlink: /home/lee/workspace/ros2_ex_mav/install/px4_msgs/share/px4_msgs/environment/path.sh\n'}
[0.515855] (px4_msgs) StdoutLine: {'line': b'-- Up-to-date symlink: /home/lee/workspace/ros2_ex_mav/install/px4_msgs/share/px4_msgs/environment/path.dsv\n'}
[0.515885] (px4_msgs) StdoutLine: {'line': b'-- Up-to-date symlink: /home/lee/workspace/ros2_ex_mav/install/px4_msgs/share/px4_msgs/local_setup.bash\n'}
[0.515916] (px4_msgs) StdoutLine: {'line': b'-- Up-to-date symlink: /home/lee/workspace/ros2_ex_mav/install/px4_msgs/share/px4_msgs/local_setup.sh\n'}
[0.515947] (px4_msgs) StdoutLine: {'line': b'-- Up-to-date symlink: /home/lee/workspace/ros2_ex_mav/install/px4_msgs/share/px4_msgs/local_setup.zsh\n'}
[0.515989] (px4_msgs) StdoutLine: {'line': b'-- Up-to-date symlink: /home/lee/workspace/ros2_ex_mav/install/px4_msgs/share/px4_msgs/local_setup.dsv\n'}
[0.516022] (px4_msgs) StdoutLine: {'line': b'-- Symlinking: /home/lee/workspace/ros2_ex_mav/install/px4_msgs/share/px4_msgs/package.dsv\n'}
[0.520792] (px4_msgs) StdoutLine: {'line': b'-- Up-to-date symlink: /home/lee/workspace/ros2_ex_mav/install/px4_msgs/share/ament_index/resource_index/packages/px4_msgs\n'}
[0.520872] (px4_msgs) StdoutLine: {'line': b'-- Up-to-date symlink: /home/lee/workspace/ros2_ex_mav/install/px4_msgs/share/px4_msgs/cmake/rosidl_cmake-extras.cmake\n'}
[0.520910] (px4_msgs) StdoutLine: {'line': b'-- Up-to-date symlink: /home/lee/workspace/ros2_ex_mav/install/px4_msgs/share/px4_msgs/cmake/ament_cmake_export_dependencies-extras.cmake\n'}
[0.520946] (px4_msgs) StdoutLine: {'line': b'-- Up-to-date symlink: /home/lee/workspace/ros2_ex_mav/install/px4_msgs/share/px4_msgs/cmake/ament_cmake_export_include_directories-extras.cmake\n'}
[0.520987] (px4_msgs) StdoutLine: {'line': b'-- Up-to-date symlink: /home/lee/workspace/ros2_ex_mav/install/px4_msgs/share/px4_msgs/cmake/ament_cmake_export_libraries-extras.cmake\n'}
[0.521022] (px4_msgs) StdoutLine: {'line': b'-- Up-to-date symlink: /home/lee/workspace/ros2_ex_mav/install/px4_msgs/share/px4_msgs/cmake/ament_cmake_export_targets-extras.cmake\n'}
[0.521066] (px4_msgs) StdoutLine: {'line': b'-- Up-to-date symlink: /home/lee/workspace/ros2_ex_mav/install/px4_msgs/share/px4_msgs/cmake/rosidl_cmake_export_typesupport_targets-extras.cmake\n'}
[0.521112] (px4_msgs) StdoutLine: {'line': b'-- Up-to-date symlink: /home/lee/workspace/ros2_ex_mav/install/px4_msgs/share/px4_msgs/cmake/rosidl_cmake_export_typesupport_libraries-extras.cmake\n'}
[0.521161] (px4_msgs) StdoutLine: {'line': b'-- Up-to-date symlink: /home/lee/workspace/ros2_ex_mav/install/px4_msgs/share/px4_msgs/cmake/px4_msgsConfig.cmake\n'}
[0.521200] (px4_msgs) StdoutLine: {'line': b'-- Up-to-date symlink: /home/lee/workspace/ros2_ex_mav/install/px4_msgs/share/px4_msgs/cmake/px4_msgsConfig-version.cmake\n'}
[0.521248] (px4_msgs) StdoutLine: {'line': b'-- Up-to-date symlink: /home/lee/workspace/ros2_ex_mav/install/px4_msgs/share/px4_msgs/package.xml\n'}
[0.521414] (px4_msgs) StdoutLine: {'line': b'-- Up-to-date: /home/lee/workspace/ros2_ex_mav/install/px4_msgs/lib/libpx4_msgs__rosidl_generator_c.so\n'}
[0.521517] (px4_msgs) StdoutLine: {'line': b'-- Up-to-date: /home/lee/workspace/ros2_ex_mav/install/px4_msgs/lib/libpx4_msgs__rosidl_typesupport_fastrtps_c.so\n'}
[0.521614] (px4_msgs) StdoutLine: {'line': b'-- Up-to-date: /home/lee/workspace/ros2_ex_mav/install/px4_msgs/lib/libpx4_msgs__rosidl_typesupport_fastrtps_cpp.so\n'}
[0.521706] (px4_msgs) StdoutLine: {'line': b'-- Up-to-date: /home/lee/workspace/ros2_ex_mav/install/px4_msgs/lib/libpx4_msgs__rosidl_typesupport_introspection_c.so\n'}
[0.521789] (px4_msgs) StdoutLine: {'line': b'-- Up-to-date: /home/lee/workspace/ros2_ex_mav/install/px4_msgs/lib/libpx4_msgs__rosidl_typesupport_c.so\n'}
[0.521876] (px4_msgs) StdoutLine: {'line': b'-- Up-to-date: /home/lee/workspace/ros2_ex_mav/install/px4_msgs/lib/libpx4_msgs__rosidl_typesupport_introspection_cpp.so\n'}
[0.521964] (px4_msgs) StdoutLine: {'line': b'-- Up-to-date: /home/lee/workspace/ros2_ex_mav/install/px4_msgs/lib/libpx4_msgs__rosidl_typesupport_cpp.so\n'}
[0.543123] (px4_msgs) StdoutLine: {'line': b"Listing '/home/lee/workspace/ros2_ex_mav/install/px4_msgs/local/lib/python3.10/dist-packages/px4_msgs'...\n"}
[0.543260] (px4_msgs) StdoutLine: {'line': b"Listing '/home/lee/workspace/ros2_ex_mav/install/px4_msgs/local/lib/python3.10/dist-packages/px4_msgs/msg'...\n"}
[0.545092] (px4_msgs) StdoutLine: {'line': b'-- Up-to-date: /home/lee/workspace/ros2_ex_mav/install/px4_msgs/lib/libpx4_msgs__rosidl_generator_py.so\n'}
[0.545193] (px4_msgs) StdoutLine: {'line': b'-- Up-to-date: /home/lee/workspace/ros2_ex_mav/install/px4_msgs/share/px4_msgs/cmake/export_px4_msgs__rosidl_generator_cExport.cmake\n'}
[0.545227] (px4_msgs) StdoutLine: {'line': b'-- Up-to-date: /home/lee/workspace/ros2_ex_mav/install/px4_msgs/share/px4_msgs/cmake/export_px4_msgs__rosidl_generator_cExport-relwithdebinfo.cmake\n'}
[0.545272] (px4_msgs) StdoutLine: {'line': b'-- Up-to-date: /home/lee/workspace/ros2_ex_mav/install/px4_msgs/share/px4_msgs/cmake/export_px4_msgs__rosidl_typesupport_fastrtps_cExport.cmake\n'}
[0.545294] (px4_msgs) StdoutLine: {'line': b'-- Up-to-date: /home/lee/workspace/ros2_ex_mav/install/px4_msgs/share/px4_msgs/cmake/export_px4_msgs__rosidl_typesupport_fastrtps_cExport-relwithdebinfo.cmake\n'}
[0.545337] (px4_msgs) StdoutLine: {'line': b'-- Up-to-date: /home/lee/workspace/ros2_ex_mav/install/px4_msgs/share/px4_msgs/cmake/export_px4_msgs__rosidl_generator_cppExport.cmake\n'}
[0.545374] (px4_msgs) StdoutLine: {'line': b'-- Up-to-date: /home/lee/workspace/ros2_ex_mav/install/px4_msgs/share/px4_msgs/cmake/export_px4_msgs__rosidl_typesupport_fastrtps_cppExport.cmake\n'}
[0.545422] (px4_msgs) StdoutLine: {'line': b'-- Up-to-date: /home/lee/workspace/ros2_ex_mav/install/px4_msgs/share/px4_msgs/cmake/export_px4_msgs__rosidl_typesupport_fastrtps_cppExport-relwithdebinfo.cmake\n'}
[0.545451] (px4_msgs) StdoutLine: {'line': b'-- Up-to-date: /home/lee/workspace/ros2_ex_mav/install/px4_msgs/share/px4_msgs/cmake/px4_msgs__rosidl_typesupport_introspection_cExport.cmake\n'}
[0.545485] (px4_msgs) StdoutLine: {'line': b'-- Up-to-date: /home/lee/workspace/ros2_ex_mav/install/px4_msgs/share/px4_msgs/cmake/px4_msgs__rosidl_typesupport_introspection_cExport-relwithdebinfo.cmake\n'}
[0.545505] (px4_msgs) StdoutLine: {'line': b'-- Up-to-date: /home/lee/workspace/ros2_ex_mav/install/px4_msgs/share/px4_msgs/cmake/px4_msgs__rosidl_typesupport_cExport.cmake\n'}
[0.545526] (px4_msgs) StdoutLine: {'line': b'-- Up-to-date: /home/lee/workspace/ros2_ex_mav/install/px4_msgs/share/px4_msgs/cmake/px4_msgs__rosidl_typesupport_cExport-relwithdebinfo.cmake\n'}
[0.545546] (px4_msgs) StdoutLine: {'line': b'-- Up-to-date: /home/lee/workspace/ros2_ex_mav/install/px4_msgs/share/px4_msgs/cmake/px4_msgs__rosidl_typesupport_introspection_cppExport.cmake\n'}
[0.545566] (px4_msgs) StdoutLine: {'line': b'-- Up-to-date: /home/lee/workspace/ros2_ex_mav/install/px4_msgs/share/px4_msgs/cmake/px4_msgs__rosidl_typesupport_introspection_cppExport-relwithdebinfo.cmake\n'}
[0.545586] (px4_msgs) StdoutLine: {'line': b'-- Up-to-date: /home/lee/workspace/ros2_ex_mav/install/px4_msgs/share/px4_msgs/cmake/px4_msgs__rosidl_typesupport_cppExport.cmake\n'}
[0.545620] (px4_msgs) StdoutLine: {'line': b'-- Up-to-date: /home/lee/workspace/ros2_ex_mav/install/px4_msgs/share/px4_msgs/cmake/px4_msgs__rosidl_typesupport_cppExport-relwithdebinfo.cmake\n'}
[0.545658] (px4_msgs) StdoutLine: {'line': b'-- Up-to-date: /home/lee/workspace/ros2_ex_mav/install/px4_msgs/share/px4_msgs/cmake/export_px4_msgs__rosidl_generator_pyExport.cmake\n'}
[0.545678] (px4_msgs) StdoutLine: {'line': b'-- Up-to-date: /home/lee/workspace/ros2_ex_mav/install/px4_msgs/share/px4_msgs/cmake/export_px4_msgs__rosidl_generator_pyExport-relwithdebinfo.cmake\n'}
[0.547057] (px4_msgs) CommandEnded: {'returncode': 0}
[0.558474] (px4_msgs) JobEnded: {'identifier': 'px4_msgs', 'rc': 0}
[0.558870] (mav) JobStarted: {'identifier': 'mav'}
[0.560794] (px4_multi_uav) JobStarted: {'identifier': 'px4_multi_uav'}
[0.563874] (mav) JobProgress: {'identifier': 'mav', 'progress': 'cmake'}
[0.564236] (mav) JobProgress: {'identifier': 'mav', 'progress': 'build'}
[0.564394] (mav) Command: {'cmd': ['/usr/bin/cmake', '--build', '/home/lee/workspace/ros2_ex_mav/build/mav', '--', '-j32', '-l32'], 'cwd': '/home/lee/workspace/ros2_ex_mav/build/mav', 'env': OrderedDict([('GZ_SIM_SYSTEM_PLUGIN_PATH', ':/home/lee/gazebo_maritime_ws/install/lib:/home/lee/workspace/gz_sim_modle/gazebo_joint_plugin/build:/home/lee/PX4-Autopilot/Tools/sitl_gazebo/build/px4_sitl_default/build_gz'), ('USER', 'lee'), ('LC_TIME', 'lzh_TW'), ('GZ_SIM_RESOURCE_PATH', ':/home/lee/PX4-Autopilot/Tools/sitl_gazebo/models:/home/lee/workspace/gz_sim_modle:/usr/share/gz/gz-sim8/worlds:/home/lee/PX4-Autopilot/Tools/simulation/gz/worlds:/home/lee/PX4-Autopilot/Tools/sitl_gazebo/models:/home/lee/PX4-Autopilot/Tools/simulation/gz/models'), ('XDG_SESSION_TYPE', 'x11'), ('SHLVL', '1'), ('LD_LIBRARY_PATH', '/home/lee/workspace/ros2_ex_mav/install/px4_msgs/lib:/home/lee/workspace/ros2_ex/install/px4_msgs/lib:/opt/ros/humble/opt/rviz_ogre_vendor/lib:/opt/ros/humble/lib/x86_64-linux-gnu:/opt/ros/humble/lib:/home/lee/gazebo_maritime_ws/install/lib'), ('HOME', '/home/lee'), ('OLDPWD', '/home/lee'), ('LESS', '-R'), ('DESKTOP_SESSION', 'ubuntu'), ('ZSH', '/home/lee/.oh-my-zsh'), ('LSCOLORS', 'Gxfxcxdxbxegedabagacad'), ('GTK_MODULES', 'gail:atk-bridge'), ('GNOME_SHELL_SESSION_MODE', 'ubuntu'), ('PAGER', 'less'), ('ROS_PYTHON_VERSION', '3'), ('MANAGERPID', '1906'), ('LC_MONETARY', 'lzh_TW'), ('SYSTEMD_EXEC_PID', '2299'), ('DBUS_SESSION_BUS_ADDRESS', 'unix:path=/run/user/1000/bus'), ('P9K_TTY', 'old'), ('GIO_LAUNCHED_DESKTOP_FILE_PID', '22104'), ('COLORTERM', 'truecolor'), ('TERMINATOR_DBUS_NAME', 'net.tenshu.Terminator23558193cd9818af7fe4d2c2f5bd9d00f'), ('_colcon_cd_root', '/opt/ros/humble/'), ('ROS_DISTRO', 'humble'), ('COLCON_PREFIX_PATH', '/home/lee/workspace/ros2_ex_mav/install:/home/lee/workspace/ros2_ex/install'), ('GTK_IM_MODULE', 'ibus'), ('LOGNAME', 'lee'), ('JOURNAL_STREAM', '8:20942'), ('_P9K_SSH_TTY', '/dev/pts/10'), ('_', '/usr/bin/colcon'), ('XDG_SESSION_CLASS', 'user'), ('ROS_VERSION', '2'), ('TERM', 'xterm-256color'), ('USERNAME', 'lee'), ('GAZEBO_MODEL_PATH', '/home/lee/PX4-Autopilot/Tools/simulation/gz/models'), ('GNOME_DESKTOP_SESSION_ID', 'this-is-deprecated'), ('ROS_LOCALHOST_ONLY', '0'), ('WINDOWPATH', '2'), ('PATH', '/opt/ros/humble/bin:/usr/local/MATLAB/R2024b/bin/:/home/lee/.local/bin:/usr/local/sbin:/usr/local/bin:/usr/sbin:/usr/bin:/sbin:/bin:/usr/games:/usr/local/games:/snap/bin:/snap/bin'), ('SESSION_MANAGER', 'local/lee-System-Product-Name:@/tmp/.ICE-unix/2136,unix/lee-System-Product-Name:/tmp/.ICE-unix/2136'), ('INVOCATION_ID', 'cd208e3c12a34c228f9f8a38a5c838eb'), ('XDG_MENU_PREFIX', 'gnome-'), ('XDG_RUNTIME_DIR', '/run/user/1000'), ('LC_ADDRESS', 'lzh_TW'), ('DISPLAY', ':1'), ('LANG', 'en_US.UTF-8'), ('XDG_CURRENT_DESKTOP', 'ubuntu:GNOME'), ('IBUS_DISABLE_SNOOPER', '1'), ('LC_TELEPHONE', 'lzh_TW'), ('TERMINATOR_DBUS_PATH', '/net/tenshu/Terminator2'), ('GZ_TRANSPORT_VERSION', '12'), ('XDG_SESSION_DESKTOP', 'ubuntu'), ('XMODIFIERS', '@im=ibus'), ('XAUTHORITY', '/run/user/1000/gdm/Xauthority'), ('LS_COLORS', 'rs=0:di=01;34:ln=01;36:mh=00:pi=40;33:so=01;35:do=01;35:bd=40;33;01:cd=40;33;01:or=40;31;01:mi=00:su=37;41:sg=30;43:ca=30;41:tw=30;42:ow=34;42:st=37;44:ex=01;32:*.tar=01;31:*.tgz=01;31:*.arc=01;31:*.arj=01;31:*.taz=01;31:*.lha=01;31:*.lz4=01;31:*.lzh=01;31:*.lzma=01;31:*.tlz=01;31:*.txz=01;31:*.tzo=01;31:*.t7z=01;31:*.zip=01;31:*.z=01;31:*.dz=01;31:*.gz=01;31:*.lrz=01;31:*.lz=01;31:*.lzo=01;31:*.xz=01;31:*.zst=01;31:*.tzst=01;31:*.bz2=01;31:*.bz=01;31:*.tbz=01;31:*.tbz2=01;31:*.tz=01;31:*.deb=01;31:*.rpm=01;31:*.jar=01;31:*.war=01;31:*.ear=01;31:*.sar=01;31:*.rar=01;31:*.alz=01;31:*.ace=01;31:*.zoo=01;31:*.cpio=01;31:*.7z=01;31:*.rz=01;31:*.cab=01;31:*.wim=01;31:*.swm=01;31:*.dwm=01;31:*.esd=01;31:*.jpg=01;35:*.jpeg=01;35:*.mjpg=01;35:*.mjpeg=01;35:*.gif=01;35:*.bmp=01;35:*.pbm=01;35:*.pgm=01;35:*.ppm=01;35:*.tga=01;35:*.xbm=01;35:*.xpm=01;35:*.tif=01;35:*.tiff=01;35:*.png=01;35:*.svg=01;35:*.svgz=01;35:*.mng=01;35:*.pcx=01;35:*.mov=01;35:*.mpg=01;35:*.mpeg=01;35:*.m2v=01;35:*.mkv=01;35:*.webm=01;35:*.webp=01;35:*.ogm=01;35:*.mp4=01;35:*.m4v=01;35:*.mp4v=01;35:*.vob=01;35:*.qt=01;35:*.nuv=01;35:*.wmv=01;35:*.asf=01;35:*.rm=01;35:*.rmvb=01;35:*.flc=01;35:*.avi=01;35:*.fli=01;35:*.flv=01;35:*.gl=01;35:*.dl=01;35:*.xcf=01;35:*.xwd=01;35:*.yuv=01;35:*.cgm=01;35:*.emf=01;35:*.ogv=01;35:*.ogx=01;35:*.aac=00;36:*.au=00;36:*.flac=00;36:*.m4a=00;36:*.mid=00;36:*.midi=00;36:*.mka=00;36:*.mp3=00;36:*.mpc=00;36:*.ogg=00;36:*.ra=00;36:*.wav=00;36:*.oga=00;36:*.opus=00;36:*.spx=00;36:*.xspf=00;36:'), ('SSH_AUTH_SOCK', '/run/user/1000/keyring/ssh'), ('SSH_AGENT_LAUNCHER', 'gnome-keyring'), ('AMENT_PREFIX_PATH', '/home/lee/workspace/ros2_ex_mav/install/px4_multi_uav:/home/lee/workspace/ros2_ex_mav/install/mav:/home/lee/workspace/ros2_ex_mav/install/px4_msgs:/home/lee/workspace/ros2_ex/install/mav:/home/lee/workspace/ros2_ex/install/ground:/home/lee/workspace/ros2_ex/install/MAV:/home/lee/workspace/ros2_ex/install/px4_msgs:/opt/ros/humble'), ('TERMINATOR_UUID', 'urn:uuid:d1338618-454e-415d-a7f1-4a6142cb5d95'), ('SHELL', '/usr/bin/zsh'), ('LC_NAME', 'lzh_TW'), ('QT_ACCESSIBILITY', '1'), ('GDMSESSION', 'ubuntu'), ('GZ_SIM_MODEL_PATH', '/home/lee/PX4-Autopilot/Tools/simulation/gz/models'), ('LC_MEASUREMENT', 'lzh_TW'), ('LC_IDENTIFICATION', 'lzh_TW'), ('GPG_AGENT_INFO', '/run/user/1000/gnupg/S.gpg-agent:0:1'), ('P9K_SSH', '0'), ('QT_IM_MODULE', 'ibus'), ('LC_ALL', 'en_US.UTF-8'), ('PWD', '/home/lee/workspace/ros2_ex_mav/build/mav'), ('XDG_DATA_DIRS', '/usr/share/ubuntu:/usr/share/gnome:/usr/local/share/:/usr/share/:/var/lib/snapd/desktop'), ('XDG_CONFIG_DIRS', '/etc/xdg/xdg-ubuntu:/etc/xdg'), ('GAZEBO_PLUGIN_PATH', ':/home/lee/PX4-Autopilot/build/px4_sitl_default/src/lib'), ('_P9K_TTY', '/dev/pts/10'), ('LC_NUMERIC', 'lzh_TW'), ('PYTHONPATH', '/home/lee/workspace/ros2_ex_mav/install/px4_msgs/local/lib/python3.10/dist-packages:/home/lee/workspace/ros2_ex/install/px4_msgs/local/lib/python3.10/dist-packages:/opt/ros/humble/lib/python3.10/site-packages:/opt/ros/humble/local/lib/python3.10/dist-packages'), ('LC_PAPER', 'lzh_TW'), ('COLCON', '1'), ('VTE_VERSION', '6800'), ('CMAKE_PREFIX_PATH', '/home/lee/workspace/ros2_ex_mav/install/px4_msgs:/home/lee/workspace/ros2_ex_mav/install/px4_multi_uav:/home/lee/workspace/ros2_ex_mav/install/mav:/home/lee/workspace/ros2_ex/install/mav:/home/lee/workspace/ros2_ex/install/ground:/home/lee/workspace/ros2_ex/install/MAV4:/home/lee/workspace/ros2_ex/install/MAV3:/home/lee/workspace/ros2_ex/install/MAV2:/home/lee/workspace/ros2_ex/install/MAV1:/home/lee/workspace/ros2_ex/install/MAV:/home/lee/workspace/ros2_ex/install/px4_msgs:/opt/ros/humble')]), 'shell': False}
[0.566587] (px4_multi_uav) JobProgress: {'identifier': 'px4_multi_uav', 'progress': 'cmake'}
[0.566762] (px4_multi_uav) JobProgress: {'identifier': 'px4_multi_uav', 'progress': 'build'}
[0.567000] (px4_multi_uav) Command: {'cmd': ['/usr/bin/cmake', '--build', '/home/lee/workspace/ros2_ex_mav/build/px4_multi_uav', '--', '-j32', '-l32'], 'cwd': '/home/lee/workspace/ros2_ex_mav/build/px4_multi_uav', 'env': OrderedDict([('GZ_SIM_SYSTEM_PLUGIN_PATH', ':/home/lee/gazebo_maritime_ws/install/lib:/home/lee/workspace/gz_sim_modle/gazebo_joint_plugin/build:/home/lee/PX4-Autopilot/Tools/sitl_gazebo/build/px4_sitl_default/build_gz'), ('USER', 'lee'), ('LC_TIME', 'lzh_TW'), ('GZ_SIM_RESOURCE_PATH', ':/home/lee/PX4-Autopilot/Tools/sitl_gazebo/models:/home/lee/workspace/gz_sim_modle:/usr/share/gz/gz-sim8/worlds:/home/lee/PX4-Autopilot/Tools/simulation/gz/worlds:/home/lee/PX4-Autopilot/Tools/sitl_gazebo/models:/home/lee/PX4-Autopilot/Tools/simulation/gz/models'), ('XDG_SESSION_TYPE', 'x11'), ('SHLVL', '1'), ('LD_LIBRARY_PATH', '/home/lee/workspace/ros2_ex_mav/install/px4_msgs/lib:/home/lee/workspace/ros2_ex/install/px4_msgs/lib:/opt/ros/humble/opt/rviz_ogre_vendor/lib:/opt/ros/humble/lib/x86_64-linux-gnu:/opt/ros/humble/lib:/home/lee/gazebo_maritime_ws/install/lib'), ('HOME', '/home/lee'), ('OLDPWD', '/home/lee'), ('LESS', '-R'), ('DESKTOP_SESSION', 'ubuntu'), ('ZSH', '/home/lee/.oh-my-zsh'), ('LSCOLORS', 'Gxfxcxdxbxegedabagacad'), ('GTK_MODULES', 'gail:atk-bridge'), ('GNOME_SHELL_SESSION_MODE', 'ubuntu'), ('PAGER', 'less'), ('ROS_PYTHON_VERSION', '3'), ('MANAGERPID', '1906'), ('LC_MONETARY', 'lzh_TW'), ('SYSTEMD_EXEC_PID', '2299'), ('DBUS_SESSION_BUS_ADDRESS', 'unix:path=/run/user/1000/bus'), ('P9K_TTY', 'old'), ('GIO_LAUNCHED_DESKTOP_FILE_PID', '22104'), ('COLORTERM', 'truecolor'), ('TERMINATOR_DBUS_NAME', 'net.tenshu.Terminator23558193cd9818af7fe4d2c2f5bd9d00f'), ('_colcon_cd_root', '/opt/ros/humble/'), ('ROS_DISTRO', 'humble'), ('COLCON_PREFIX_PATH', '/home/lee/workspace/ros2_ex_mav/install:/home/lee/workspace/ros2_ex/install'), ('GTK_IM_MODULE', 'ibus'), ('LOGNAME', 'lee'), ('JOURNAL_STREAM', '8:20942'), ('_P9K_SSH_TTY', '/dev/pts/10'), ('_', '/usr/bin/colcon'), ('XDG_SESSION_CLASS', 'user'), ('ROS_VERSION', '2'), ('TERM', 'xterm-256color'), ('USERNAME', 'lee'), ('GAZEBO_MODEL_PATH', '/home/lee/PX4-Autopilot/Tools/simulation/gz/models'), ('GNOME_DESKTOP_SESSION_ID', 'this-is-deprecated'), ('ROS_LOCALHOST_ONLY', '0'), ('WINDOWPATH', '2'), ('PATH', '/opt/ros/humble/bin:/usr/local/MATLAB/R2024b/bin/:/home/lee/.local/bin:/usr/local/sbin:/usr/local/bin:/usr/sbin:/usr/bin:/sbin:/bin:/usr/games:/usr/local/games:/snap/bin:/snap/bin'), ('SESSION_MANAGER', 'local/lee-System-Product-Name:@/tmp/.ICE-unix/2136,unix/lee-System-Product-Name:/tmp/.ICE-unix/2136'), ('INVOCATION_ID', 'cd208e3c12a34c228f9f8a38a5c838eb'), ('XDG_MENU_PREFIX', 'gnome-'), ('XDG_RUNTIME_DIR', '/run/user/1000'), ('LC_ADDRESS', 'lzh_TW'), ('DISPLAY', ':1'), ('LANG', 'en_US.UTF-8'), ('XDG_CURRENT_DESKTOP', 'ubuntu:GNOME'), ('IBUS_DISABLE_SNOOPER', '1'), ('LC_TELEPHONE', 'lzh_TW'), ('TERMINATOR_DBUS_PATH', '/net/tenshu/Terminator2'), ('GZ_TRANSPORT_VERSION', '12'), ('XDG_SESSION_DESKTOP', 'ubuntu'), ('XMODIFIERS', '@im=ibus'), ('XAUTHORITY', '/run/user/1000/gdm/Xauthority'), ('LS_COLORS', 'rs=0:di=01;34:ln=01;36:mh=00:pi=40;33:so=01;35:do=01;35:bd=40;33;01:cd=40;33;01:or=40;31;01:mi=00:su=37;41:sg=30;43:ca=30;41:tw=30;42:ow=34;42:st=37;44:ex=01;32:*.tar=01;31:*.tgz=01;31:*.arc=01;31:*.arj=01;31:*.taz=01;31:*.lha=01;31:*.lz4=01;31:*.lzh=01;31:*.lzma=01;31:*.tlz=01;31:*.txz=01;31:*.tzo=01;31:*.t7z=01;31:*.zip=01;31:*.z=01;31:*.dz=01;31:*.gz=01;31:*.lrz=01;31:*.lz=01;31:*.lzo=01;31:*.xz=01;31:*.zst=01;31:*.tzst=01;31:*.bz2=01;31:*.bz=01;31:*.tbz=01;31:*.tbz2=01;31:*.tz=01;31:*.deb=01;31:*.rpm=01;31:*.jar=01;31:*.war=01;31:*.ear=01;31:*.sar=01;31:*.rar=01;31:*.alz=01;31:*.ace=01;31:*.zoo=01;31:*.cpio=01;31:*.7z=01;31:*.rz=01;31:*.cab=01;31:*.wim=01;31:*.swm=01;31:*.dwm=01;31:*.esd=01;31:*.jpg=01;35:*.jpeg=01;35:*.mjpg=01;35:*.mjpeg=01;35:*.gif=01;35:*.bmp=01;35:*.pbm=01;35:*.pgm=01;35:*.ppm=01;35:*.tga=01;35:*.xbm=01;35:*.xpm=01;35:*.tif=01;35:*.tiff=01;35:*.png=01;35:*.svg=01;35:*.svgz=01;35:*.mng=01;35:*.pcx=01;35:*.mov=01;35:*.mpg=01;35:*.mpeg=01;35:*.m2v=01;35:*.mkv=01;35:*.webm=01;35:*.webp=01;35:*.ogm=01;35:*.mp4=01;35:*.m4v=01;35:*.mp4v=01;35:*.vob=01;35:*.qt=01;35:*.nuv=01;35:*.wmv=01;35:*.asf=01;35:*.rm=01;35:*.rmvb=01;35:*.flc=01;35:*.avi=01;35:*.fli=01;35:*.flv=01;35:*.gl=01;35:*.dl=01;35:*.xcf=01;35:*.xwd=01;35:*.yuv=01;35:*.cgm=01;35:*.emf=01;35:*.ogv=01;35:*.ogx=01;35:*.aac=00;36:*.au=00;36:*.flac=00;36:*.m4a=00;36:*.mid=00;36:*.midi=00;36:*.mka=00;36:*.mp3=00;36:*.mpc=00;36:*.ogg=00;36:*.ra=00;36:*.wav=00;36:*.oga=00;36:*.opus=00;36:*.spx=00;36:*.xspf=00;36:'), ('SSH_AUTH_SOCK', '/run/user/1000/keyring/ssh'), ('SSH_AGENT_LAUNCHER', 'gnome-keyring'), ('AMENT_PREFIX_PATH', '/home/lee/workspace/ros2_ex_mav/install/px4_multi_uav:/home/lee/workspace/ros2_ex_mav/install/mav:/home/lee/workspace/ros2_ex_mav/install/px4_msgs:/home/lee/workspace/ros2_ex/install/mav:/home/lee/workspace/ros2_ex/install/ground:/home/lee/workspace/ros2_ex/install/MAV:/home/lee/workspace/ros2_ex/install/px4_msgs:/opt/ros/humble'), ('TERMINATOR_UUID', 'urn:uuid:d1338618-454e-415d-a7f1-4a6142cb5d95'), ('SHELL', '/usr/bin/zsh'), ('LC_NAME', 'lzh_TW'), ('QT_ACCESSIBILITY', '1'), ('GDMSESSION', 'ubuntu'), ('GZ_SIM_MODEL_PATH', '/home/lee/PX4-Autopilot/Tools/simulation/gz/models'), ('LC_MEASUREMENT', 'lzh_TW'), ('LC_IDENTIFICATION', 'lzh_TW'), ('GPG_AGENT_INFO', '/run/user/1000/gnupg/S.gpg-agent:0:1'), ('P9K_SSH', '0'), ('QT_IM_MODULE', 'ibus'), ('LC_ALL', 'en_US.UTF-8'), ('PWD', '/home/lee/workspace/ros2_ex_mav/build/px4_multi_uav'), ('XDG_DATA_DIRS', '/usr/share/ubuntu:/usr/share/gnome:/usr/local/share/:/usr/share/:/var/lib/snapd/desktop'), ('XDG_CONFIG_DIRS', '/etc/xdg/xdg-ubuntu:/etc/xdg'), ('GAZEBO_PLUGIN_PATH', ':/home/lee/PX4-Autopilot/build/px4_sitl_default/src/lib'), ('_P9K_TTY', '/dev/pts/10'), ('LC_NUMERIC', 'lzh_TW'), ('PYTHONPATH', '/home/lee/workspace/ros2_ex_mav/install/px4_msgs/local/lib/python3.10/dist-packages:/home/lee/workspace/ros2_ex/install/px4_msgs/local/lib/python3.10/dist-packages:/opt/ros/humble/lib/python3.10/site-packages:/opt/ros/humble/local/lib/python3.10/dist-packages'), ('LC_PAPER', 'lzh_TW'), ('COLCON', '1'), ('VTE_VERSION', '6800'), ('CMAKE_PREFIX_PATH', '/home/lee/workspace/ros2_ex_mav/install/px4_msgs:/home/lee/workspace/ros2_ex_mav/install/px4_multi_uav:/home/lee/workspace/ros2_ex_mav/install/mav:/home/lee/workspace/ros2_ex/install/mav:/home/lee/workspace/ros2_ex/install/ground:/home/lee/workspace/ros2_ex/install/MAV4:/home/lee/workspace/ros2_ex/install/MAV3:/home/lee/workspace/ros2_ex/install/MAV2:/home/lee/workspace/ros2_ex/install/MAV1:/home/lee/workspace/ros2_ex/install/MAV:/home/lee/workspace/ros2_ex/install/px4_msgs:/opt/ros/humble')]), 'shell': False}
[0.590247] (px4_multi_uav) StdoutLine: {'line': b'\x1b[35m\x1b[1mConsolidate compiler generated dependencies of target leader\x1b[0m\n'}
[0.596206] (px4_multi_uav) StdoutLine: {'line': b'[ 26%] Built target mav4\n'}
[0.596359] (px4_multi_uav) StdoutLine: {'line': b'[ 26%] Built target mav3\n'}
[0.597001] (px4_multi_uav) StdoutLine: {'line': b'[ 33%] \x1b[32mBuilding CXX object CMakeFiles/leader.dir/node/leader.cpp.o\x1b[0m\n'}
[0.597124] (px4_multi_uav) StdoutLine: {'line': b'[ 53%] Built target keyboard_node\n'}
[0.597676] (mav) StdoutLine: {'line': b'[ 12%] Built target mav4_syn\n'}
[0.597795] (mav) StdoutLine: {'line': b'[ 25%] Built target mav1\n'}
[0.597894] (px4_multi_uav) StdoutLine: {'line': b'[ 66%] Built target formation\n'}
[0.598136] (mav) StdoutLine: {'line': b'[ 37%] Built target mav4\n'}
[0.598484] (px4_multi_uav) StdoutLine: {'line': b'[ 80%] Built target mav2\n'}
[0.599660] (px4_multi_uav) StdoutLine: {'line': b'[ 93%] Built target mav1\n'}
[0.599750] (mav) StdoutLine: {'line': b'[ 50%] Built target mav3\n'}
[0.599830] (mav) StdoutLine: {'line': b'[ 62%] Built target mav2\n'}
[0.599959] (mav) StdoutLine: {'line': b'[ 75%] Built target mav2_syn\n'}
[0.600135] (-) TimerEvent: {}
[0.600795] (mav) StdoutLine: {'line': b'[ 87%] Built target mav3_syn\n'}
[0.601295] (mav) StdoutLine: {'line': b'[100%] Built target mav1_syn\n'}
[0.606842] (mav) CommandEnded: {'returncode': 0}
[0.607367] (mav) JobProgress: {'identifier': 'mav', 'progress': 'install'}
[0.607602] (mav) Command: {'cmd': ['/usr/bin/cmake', '--install', '/home/lee/workspace/ros2_ex_mav/build/mav'], 'cwd': '/home/lee/workspace/ros2_ex_mav/build/mav', 'env': OrderedDict([('GZ_SIM_SYSTEM_PLUGIN_PATH', ':/home/lee/gazebo_maritime_ws/install/lib:/home/lee/workspace/gz_sim_modle/gazebo_joint_plugin/build:/home/lee/PX4-Autopilot/Tools/sitl_gazebo/build/px4_sitl_default/build_gz'), ('USER', 'lee'), ('LC_TIME', 'lzh_TW'), ('GZ_SIM_RESOURCE_PATH', ':/home/lee/PX4-Autopilot/Tools/sitl_gazebo/models:/home/lee/workspace/gz_sim_modle:/usr/share/gz/gz-sim8/worlds:/home/lee/PX4-Autopilot/Tools/simulation/gz/worlds:/home/lee/PX4-Autopilot/Tools/sitl_gazebo/models:/home/lee/PX4-Autopilot/Tools/simulation/gz/models'), ('XDG_SESSION_TYPE', 'x11'), ('SHLVL', '1'), ('LD_LIBRARY_PATH', '/home/lee/workspace/ros2_ex_mav/install/px4_msgs/lib:/home/lee/workspace/ros2_ex/install/px4_msgs/lib:/opt/ros/humble/opt/rviz_ogre_vendor/lib:/opt/ros/humble/lib/x86_64-linux-gnu:/opt/ros/humble/lib:/home/lee/gazebo_maritime_ws/install/lib'), ('HOME', '/home/lee'), ('OLDPWD', '/home/lee'), ('LESS', '-R'), ('DESKTOP_SESSION', 'ubuntu'), ('ZSH', '/home/lee/.oh-my-zsh'), ('LSCOLORS', 'Gxfxcxdxbxegedabagacad'), ('GTK_MODULES', 'gail:atk-bridge'), ('GNOME_SHELL_SESSION_MODE', 'ubuntu'), ('PAGER', 'less'), ('ROS_PYTHON_VERSION', '3'), ('MANAGERPID', '1906'), ('LC_MONETARY', 'lzh_TW'), ('SYSTEMD_EXEC_PID', '2299'), ('DBUS_SESSION_BUS_ADDRESS', 'unix:path=/run/user/1000/bus'), ('P9K_TTY', 'old'), ('GIO_LAUNCHED_DESKTOP_FILE_PID', '22104'), ('COLORTERM', 'truecolor'), ('TERMINATOR_DBUS_NAME', 'net.tenshu.Terminator23558193cd9818af7fe4d2c2f5bd9d00f'), ('_colcon_cd_root', '/opt/ros/humble/'), ('ROS_DISTRO', 'humble'), ('COLCON_PREFIX_PATH', '/home/lee/workspace/ros2_ex_mav/install:/home/lee/workspace/ros2_ex/install'), ('GTK_IM_MODULE', 'ibus'), ('LOGNAME', 'lee'), ('JOURNAL_STREAM', '8:20942'), ('_P9K_SSH_TTY', '/dev/pts/10'), ('_', '/usr/bin/colcon'), ('XDG_SESSION_CLASS', 'user'), ('ROS_VERSION', '2'), ('TERM', 'xterm-256color'), ('USERNAME', 'lee'), ('GAZEBO_MODEL_PATH', '/home/lee/PX4-Autopilot/Tools/simulation/gz/models'), ('GNOME_DESKTOP_SESSION_ID', 'this-is-deprecated'), ('ROS_LOCALHOST_ONLY', '0'), ('WINDOWPATH', '2'), ('PATH', '/opt/ros/humble/bin:/usr/local/MATLAB/R2024b/bin/:/home/lee/.local/bin:/usr/local/sbin:/usr/local/bin:/usr/sbin:/usr/bin:/sbin:/bin:/usr/games:/usr/local/games:/snap/bin:/snap/bin'), ('SESSION_MANAGER', 'local/lee-System-Product-Name:@/tmp/.ICE-unix/2136,unix/lee-System-Product-Name:/tmp/.ICE-unix/2136'), ('INVOCATION_ID', 'cd208e3c12a34c228f9f8a38a5c838eb'), ('XDG_MENU_PREFIX', 'gnome-'), ('XDG_RUNTIME_DIR', '/run/user/1000'), ('LC_ADDRESS', 'lzh_TW'), ('DISPLAY', ':1'), ('LANG', 'en_US.UTF-8'), ('XDG_CURRENT_DESKTOP', 'ubuntu:GNOME'), ('IBUS_DISABLE_SNOOPER', '1'), ('LC_TELEPHONE', 'lzh_TW'), ('TERMINATOR_DBUS_PATH', '/net/tenshu/Terminator2'), ('GZ_TRANSPORT_VERSION', '12'), ('XDG_SESSION_DESKTOP', 'ubuntu'), ('XMODIFIERS', '@im=ibus'), ('XAUTHORITY', '/run/user/1000/gdm/Xauthority'), ('LS_COLORS', 'rs=0:di=01;34:ln=01;36:mh=00:pi=40;33:so=01;35:do=01;35:bd=40;33;01:cd=40;33;01:or=40;31;01:mi=00:su=37;41:sg=30;43:ca=30;41:tw=30;42:ow=34;42:st=37;44:ex=01;32:*.tar=01;31:*.tgz=01;31:*.arc=01;31:*.arj=01;31:*.taz=01;31:*.lha=01;31:*.lz4=01;31:*.lzh=01;31:*.lzma=01;31:*.tlz=01;31:*.txz=01;31:*.tzo=01;31:*.t7z=01;31:*.zip=01;31:*.z=01;31:*.dz=01;31:*.gz=01;31:*.lrz=01;31:*.lz=01;31:*.lzo=01;31:*.xz=01;31:*.zst=01;31:*.tzst=01;31:*.bz2=01;31:*.bz=01;31:*.tbz=01;31:*.tbz2=01;31:*.tz=01;31:*.deb=01;31:*.rpm=01;31:*.jar=01;31:*.war=01;31:*.ear=01;31:*.sar=01;31:*.rar=01;31:*.alz=01;31:*.ace=01;31:*.zoo=01;31:*.cpio=01;31:*.7z=01;31:*.rz=01;31:*.cab=01;31:*.wim=01;31:*.swm=01;31:*.dwm=01;31:*.esd=01;31:*.jpg=01;35:*.jpeg=01;35:*.mjpg=01;35:*.mjpeg=01;35:*.gif=01;35:*.bmp=01;35:*.pbm=01;35:*.pgm=01;35:*.ppm=01;35:*.tga=01;35:*.xbm=01;35:*.xpm=01;35:*.tif=01;35:*.tiff=01;35:*.png=01;35:*.svg=01;35:*.svgz=01;35:*.mng=01;35:*.pcx=01;35:*.mov=01;35:*.mpg=01;35:*.mpeg=01;35:*.m2v=01;35:*.mkv=01;35:*.webm=01;35:*.webp=01;35:*.ogm=01;35:*.mp4=01;35:*.m4v=01;35:*.mp4v=01;35:*.vob=01;35:*.qt=01;35:*.nuv=01;35:*.wmv=01;35:*.asf=01;35:*.rm=01;35:*.rmvb=01;35:*.flc=01;35:*.avi=01;35:*.fli=01;35:*.flv=01;35:*.gl=01;35:*.dl=01;35:*.xcf=01;35:*.xwd=01;35:*.yuv=01;35:*.cgm=01;35:*.emf=01;35:*.ogv=01;35:*.ogx=01;35:*.aac=00;36:*.au=00;36:*.flac=00;36:*.m4a=00;36:*.mid=00;36:*.midi=00;36:*.mka=00;36:*.mp3=00;36:*.mpc=00;36:*.ogg=00;36:*.ra=00;36:*.wav=00;36:*.oga=00;36:*.opus=00;36:*.spx=00;36:*.xspf=00;36:'), ('SSH_AUTH_SOCK', '/run/user/1000/keyring/ssh'), ('SSH_AGENT_LAUNCHER', 'gnome-keyring'), ('AMENT_PREFIX_PATH', '/home/lee/workspace/ros2_ex_mav/install/px4_multi_uav:/home/lee/workspace/ros2_ex_mav/install/mav:/home/lee/workspace/ros2_ex_mav/install/px4_msgs:/home/lee/workspace/ros2_ex/install/mav:/home/lee/workspace/ros2_ex/install/ground:/home/lee/workspace/ros2_ex/install/MAV:/home/lee/workspace/ros2_ex/install/px4_msgs:/opt/ros/humble'), ('TERMINATOR_UUID', 'urn:uuid:d1338618-454e-415d-a7f1-4a6142cb5d95'), ('SHELL', '/usr/bin/zsh'), ('LC_NAME', 'lzh_TW'), ('QT_ACCESSIBILITY', '1'), ('GDMSESSION', 'ubuntu'), ('GZ_SIM_MODEL_PATH', '/home/lee/PX4-Autopilot/Tools/simulation/gz/models'), ('LC_MEASUREMENT', 'lzh_TW'), ('LC_IDENTIFICATION', 'lzh_TW'), ('GPG_AGENT_INFO', '/run/user/1000/gnupg/S.gpg-agent:0:1'), ('P9K_SSH', '0'), ('QT_IM_MODULE', 'ibus'), ('LC_ALL', 'en_US.UTF-8'), ('PWD', '/home/lee/workspace/ros2_ex_mav/build/mav'), ('XDG_DATA_DIRS', '/usr/share/ubuntu:/usr/share/gnome:/usr/local/share/:/usr/share/:/var/lib/snapd/desktop'), ('XDG_CONFIG_DIRS', '/etc/xdg/xdg-ubuntu:/etc/xdg'), ('GAZEBO_PLUGIN_PATH', ':/home/lee/PX4-Autopilot/build/px4_sitl_default/src/lib'), ('_P9K_TTY', '/dev/pts/10'), ('LC_NUMERIC', 'lzh_TW'), ('PYTHONPATH', '/home/lee/workspace/ros2_ex_mav/install/px4_msgs/local/lib/python3.10/dist-packages:/home/lee/workspace/ros2_ex/install/px4_msgs/local/lib/python3.10/dist-packages:/opt/ros/humble/lib/python3.10/site-packages:/opt/ros/humble/local/lib/python3.10/dist-packages'), ('LC_PAPER', 'lzh_TW'), ('COLCON', '1'), ('VTE_VERSION', '6800'), ('CMAKE_PREFIX_PATH', '/home/lee/workspace/ros2_ex_mav/install/px4_msgs:/home/lee/workspace/ros2_ex_mav/install/px4_multi_uav:/home/lee/workspace/ros2_ex_mav/install/mav:/home/lee/workspace/ros2_ex/install/mav:/home/lee/workspace/ros2_ex/install/ground:/home/lee/workspace/ros2_ex/install/MAV4:/home/lee/workspace/ros2_ex/install/MAV3:/home/lee/workspace/ros2_ex/install/MAV2:/home/lee/workspace/ros2_ex/install/MAV1:/home/lee/workspace/ros2_ex/install/MAV:/home/lee/workspace/ros2_ex/install/px4_msgs:/opt/ros/humble')]), 'shell': False}
[0.610992] (mav) StdoutLine: {'line': b'-- Install configuration: "RelWithDebInfo"\n'}
[0.611226] (mav) StdoutLine: {'line': b'-- Execute custom install script\n'}
[0.611357] (mav) StdoutLine: {'line': b'-- Up-to-date symlink: /home/lee/workspace/ros2_ex_mav/install/mav/lib/mav/mav1\n'}
[0.611412] (mav) StdoutLine: {'line': b'-- Up-to-date symlink: /home/lee/workspace/ros2_ex_mav/install/mav/lib/mav/mav2\n'}
[0.611464] (mav) StdoutLine: {'line': b'-- Up-to-date symlink: /home/lee/workspace/ros2_ex_mav/install/mav/lib/mav/mav3\n'}
[0.611518] (mav) StdoutLine: {'line': b'-- Up-to-date symlink: /home/lee/workspace/ros2_ex_mav/install/mav/lib/mav/mav4\n'}
[0.611578] (mav) StdoutLine: {'line': b'-- Up-to-date symlink: /home/lee/workspace/ros2_ex_mav/install/mav/lib/mav/mav1_syn\n'}
[0.611624] (mav) StdoutLine: {'line': b'-- Up-to-date symlink: /home/lee/workspace/ros2_ex_mav/install/mav/lib/mav/mav2_syn\n'}
[0.611652] (mav) StdoutLine: {'line': b'-- Up-to-date symlink: /home/lee/workspace/ros2_ex_mav/install/mav/lib/mav/mav3_syn\n'}
[0.611691] (mav) StdoutLine: {'line': b'-- Up-to-date symlink: /home/lee/workspace/ros2_ex_mav/install/mav/lib/mav/mav4_syn\n'}
[0.611828] (mav) StdoutLine: {'line': b'-- Up-to-date symlink: /home/lee/workspace/ros2_ex_mav/install/mav/share/mav/launch/mav_launch.xml\n'}
[0.611865] (mav) StdoutLine: {'line': b'-- Up-to-date symlink: /home/lee/workspace/ros2_ex_mav/install/mav/share/mav/launch/mav_syn_launch\n'}
[0.611932] (mav) StdoutLine: {'line': b'-- Up-to-date symlink: /home/lee/workspace/ros2_ex_mav/install/mav/share/ament_index/resource_index/package_run_dependencies/mav\n'}
[0.611990] (mav) StdoutLine: {'line': b'-- Up-to-date symlink: /home/lee/workspace/ros2_ex_mav/install/mav/share/ament_index/resource_index/parent_prefix_path/mav\n'}
[0.612045] (mav) StdoutLine: {'line': b'-- Up-to-date symlink: /home/lee/workspace/ros2_ex_mav/install/mav/share/mav/environment/ament_prefix_path.sh\n'}
[0.612096] (mav) StdoutLine: {'line': b'-- Up-to-date symlink: /home/lee/workspace/ros2_ex_mav/install/mav/share/mav/environment/ament_prefix_path.dsv\n'}
[0.612145] (mav) StdoutLine: {'line': b'-- Up-to-date symlink: /home/lee/workspace/ros2_ex_mav/install/mav/share/mav/environment/path.sh\n'}
[0.612194] (mav) StdoutLine: {'line': b'-- Up-to-date symlink: /home/lee/workspace/ros2_ex_mav/install/mav/share/mav/environment/path.dsv\n'}
[0.612242] (mav) StdoutLine: {'line': b'-- Up-to-date symlink: /home/lee/workspace/ros2_ex_mav/install/mav/share/mav/local_setup.bash\n'}
[0.612288] (mav) StdoutLine: {'line': b'-- Up-to-date symlink: /home/lee/workspace/ros2_ex_mav/install/mav/share/mav/local_setup.sh\n'}
[0.612335] (mav) StdoutLine: {'line': b'-- Up-to-date symlink: /home/lee/workspace/ros2_ex_mav/install/mav/share/mav/local_setup.zsh\n'}
[0.612383] (mav) StdoutLine: {'line': b'-- Up-to-date symlink: /home/lee/workspace/ros2_ex_mav/install/mav/share/mav/local_setup.dsv\n'}
[0.612418] (mav) StdoutLine: {'line': b'-- Symlinking: /home/lee/workspace/ros2_ex_mav/install/mav/share/mav/package.dsv\n'}
[0.617496] (mav) StdoutLine: {'line': b'-- Up-to-date symlink: /home/lee/workspace/ros2_ex_mav/install/mav/share/ament_index/resource_index/packages/mav\n'}
[0.617580] (mav) StdoutLine: {'line': b'-- Up-to-date symlink: /home/lee/workspace/ros2_ex_mav/install/mav/share/mav/cmake/mavConfig.cmake\n'}
[0.617622] (mav) StdoutLine: {'line': b'-- Up-to-date symlink: /home/lee/workspace/ros2_ex_mav/install/mav/share/mav/cmake/mavConfig-version.cmake\n'}
[0.617644] (mav) StdoutLine: {'line': b'-- Up-to-date symlink: /home/lee/workspace/ros2_ex_mav/install/mav/share/mav/package.xml\n'}
[0.618446] (mav) CommandEnded: {'returncode': 0}
[0.623150] (mav) JobEnded: {'identifier': 'mav', 'rc': 0}
[0.700209] (-) TimerEvent: {}
[0.800375] (-) TimerEvent: {}
[0.900530] (-) TimerEvent: {}
[1.000747] (-) TimerEvent: {}
[1.100931] (-) TimerEvent: {}
[1.201135] (-) TimerEvent: {}
[1.301318] (-) TimerEvent: {}
[1.401503] (-) TimerEvent: {}
[1.501696] (-) TimerEvent: {}
[1.601884] (-) TimerEvent: {}
[1.702110] (-) TimerEvent: {}
[1.802342] (-) TimerEvent: {}
[1.902571] (-) TimerEvent: {}
[2.002875] (-) TimerEvent: {}
[2.103187] (-) TimerEvent: {}
[2.203496] (-) TimerEvent: {}
[2.303698] (-) TimerEvent: {}
[2.404003] (-) TimerEvent: {}
[2.504326] (-) TimerEvent: {}
[2.604634] (-) TimerEvent: {}
[2.704954] (-) TimerEvent: {}
[2.805290] (-) TimerEvent: {}
[2.905510] (-) TimerEvent: {}
[3.005690] (-) TimerEvent: {}
[3.105883] (-) TimerEvent: {}
[3.206104] (-) TimerEvent: {}
[3.306296] (-) TimerEvent: {}
[3.406560] (-) TimerEvent: {}
[3.506858] (-) TimerEvent: {}
[3.607175] (-) TimerEvent: {}
[3.707457] (-) TimerEvent: {}
[3.807648] (-) TimerEvent: {}
[3.907838] (-) TimerEvent: {}
[4.008023] (-) TimerEvent: {}
[4.108239] (-) TimerEvent: {}
[4.208420] (-) TimerEvent: {}
[4.308603] (-) TimerEvent: {}
[4.408900] (-) TimerEvent: {}
[4.509127] (-) TimerEvent: {}
[4.609427] (-) TimerEvent: {}
[4.709650] (-) TimerEvent: {}
[4.809932] (-) TimerEvent: {}
[4.910155] (-) TimerEvent: {}
[5.010444] (-) TimerEvent: {}
[5.110737] (-) TimerEvent: {}
[5.211047] (-) TimerEvent: {}
[5.311372] (-) TimerEvent: {}
[5.411740] (-) TimerEvent: {}
[5.512027] (-) TimerEvent: {}
[5.612345] (-) TimerEvent: {}
[5.712661] (-) TimerEvent: {}
[5.812960] (-) TimerEvent: {}
[5.913330] (-) TimerEvent: {}
[6.013664] (-) TimerEvent: {}
[6.113961] (-) TimerEvent: {}
[6.214267] (-) TimerEvent: {}
[6.314481] (-) TimerEvent: {}
[6.414774] (-) TimerEvent: {}
[6.515087] (-) TimerEvent: {}
[6.615312] (-) TimerEvent: {}
[6.715605] (-) TimerEvent: {}
[6.815902] (-) TimerEvent: {}
[6.916090] (-) TimerEvent: {}
[7.016324] (-) TimerEvent: {}
[7.116519] (-) TimerEvent: {}
[7.216702] (-) TimerEvent: {}
[7.316899] (-) TimerEvent: {}
[7.356005] (px4_multi_uav) StdoutLine: {'line': b'[100%] \x1b[32m\x1b[1mLinking CXX executable leader\x1b[0m\n'}
[7.417089] (-) TimerEvent: {}
[7.480409] (px4_multi_uav) StdoutLine: {'line': b'[100%] Built target leader\n'}
[7.488131] (px4_multi_uav) CommandEnded: {'returncode': 0}
[7.488582] (px4_multi_uav) JobProgress: {'identifier': 'px4_multi_uav', 'progress': 'install'}
[7.488862] (px4_multi_uav) Command: {'cmd': ['/usr/bin/cmake', '--install', '/home/lee/workspace/ros2_ex_mav/build/px4_multi_uav'], 'cwd': '/home/lee/workspace/ros2_ex_mav/build/px4_multi_uav', 'env': OrderedDict([('GZ_SIM_SYSTEM_PLUGIN_PATH', ':/home/lee/gazebo_maritime_ws/install/lib:/home/lee/workspace/gz_sim_modle/gazebo_joint_plugin/build:/home/lee/PX4-Autopilot/Tools/sitl_gazebo/build/px4_sitl_default/build_gz'), ('USER', 'lee'), ('LC_TIME', 'lzh_TW'), ('GZ_SIM_RESOURCE_PATH', ':/home/lee/PX4-Autopilot/Tools/sitl_gazebo/models:/home/lee/workspace/gz_sim_modle:/usr/share/gz/gz-sim8/worlds:/home/lee/PX4-Autopilot/Tools/simulation/gz/worlds:/home/lee/PX4-Autopilot/Tools/sitl_gazebo/models:/home/lee/PX4-Autopilot/Tools/simulation/gz/models'), ('XDG_SESSION_TYPE', 'x11'), ('SHLVL', '1'), ('LD_LIBRARY_PATH', '/home/lee/workspace/ros2_ex_mav/install/px4_msgs/lib:/home/lee/workspace/ros2_ex/install/px4_msgs/lib:/opt/ros/humble/opt/rviz_ogre_vendor/lib:/opt/ros/humble/lib/x86_64-linux-gnu:/opt/ros/humble/lib:/home/lee/gazebo_maritime_ws/install/lib'), ('HOME', '/home/lee'), ('OLDPWD', '/home/lee'), ('LESS', '-R'), ('DESKTOP_SESSION', 'ubuntu'), ('ZSH', '/home/lee/.oh-my-zsh'), ('LSCOLORS', 'Gxfxcxdxbxegedabagacad'), ('GTK_MODULES', 'gail:atk-bridge'), ('GNOME_SHELL_SESSION_MODE', 'ubuntu'), ('PAGER', 'less'), ('ROS_PYTHON_VERSION', '3'), ('MANAGERPID', '1906'), ('LC_MONETARY', 'lzh_TW'), ('SYSTEMD_EXEC_PID', '2299'), ('DBUS_SESSION_BUS_ADDRESS', 'unix:path=/run/user/1000/bus'), ('P9K_TTY', 'old'), ('GIO_LAUNCHED_DESKTOP_FILE_PID', '22104'), ('COLORTERM', 'truecolor'), ('TERMINATOR_DBUS_NAME', 'net.tenshu.Terminator23558193cd9818af7fe4d2c2f5bd9d00f'), ('_colcon_cd_root', '/opt/ros/humble/'), ('ROS_DISTRO', 'humble'), ('COLCON_PREFIX_PATH', '/home/lee/workspace/ros2_ex_mav/install:/home/lee/workspace/ros2_ex/install'), ('GTK_IM_MODULE', 'ibus'), ('LOGNAME', 'lee'), ('JOURNAL_STREAM', '8:20942'), ('_P9K_SSH_TTY', '/dev/pts/10'), ('_', '/usr/bin/colcon'), ('XDG_SESSION_CLASS', 'user'), ('ROS_VERSION', '2'), ('TERM', 'xterm-256color'), ('USERNAME', 'lee'), ('GAZEBO_MODEL_PATH', '/home/lee/PX4-Autopilot/Tools/simulation/gz/models'), ('GNOME_DESKTOP_SESSION_ID', 'this-is-deprecated'), ('ROS_LOCALHOST_ONLY', '0'), ('WINDOWPATH', '2'), ('PATH', '/opt/ros/humble/bin:/usr/local/MATLAB/R2024b/bin/:/home/lee/.local/bin:/usr/local/sbin:/usr/local/bin:/usr/sbin:/usr/bin:/sbin:/bin:/usr/games:/usr/local/games:/snap/bin:/snap/bin'), ('SESSION_MANAGER', 'local/lee-System-Product-Name:@/tmp/.ICE-unix/2136,unix/lee-System-Product-Name:/tmp/.ICE-unix/2136'), ('INVOCATION_ID', 'cd208e3c12a34c228f9f8a38a5c838eb'), ('XDG_MENU_PREFIX', 'gnome-'), ('XDG_RUNTIME_DIR', '/run/user/1000'), ('LC_ADDRESS', 'lzh_TW'), ('DISPLAY', ':1'), ('LANG', 'en_US.UTF-8'), ('XDG_CURRENT_DESKTOP', 'ubuntu:GNOME'), ('IBUS_DISABLE_SNOOPER', '1'), ('LC_TELEPHONE', 'lzh_TW'), ('TERMINATOR_DBUS_PATH', '/net/tenshu/Terminator2'), ('GZ_TRANSPORT_VERSION', '12'), ('XDG_SESSION_DESKTOP', 'ubuntu'), ('XMODIFIERS', '@im=ibus'), ('XAUTHORITY', '/run/user/1000/gdm/Xauthority'), ('LS_COLORS', 'rs=0:di=01;34:ln=01;36:mh=00:pi=40;33:so=01;35:do=01;35:bd=40;33;01:cd=40;33;01:or=40;31;01:mi=00:su=37;41:sg=30;43:ca=30;41:tw=30;42:ow=34;42:st=37;44:ex=01;32:*.tar=01;31:*.tgz=01;31:*.arc=01;31:*.arj=01;31:*.taz=01;31:*.lha=01;31:*.lz4=01;31:*.lzh=01;31:*.lzma=01;31:*.tlz=01;31:*.txz=01;31:*.tzo=01;31:*.t7z=01;31:*.zip=01;31:*.z=01;31:*.dz=01;31:*.gz=01;31:*.lrz=01;31:*.lz=01;31:*.lzo=01;31:*.xz=01;31:*.zst=01;31:*.tzst=01;31:*.bz2=01;31:*.bz=01;31:*.tbz=01;31:*.tbz2=01;31:*.tz=01;31:*.deb=01;31:*.rpm=01;31:*.jar=01;31:*.war=01;31:*.ear=01;31:*.sar=01;31:*.rar=01;31:*.alz=01;31:*.ace=01;31:*.zoo=01;31:*.cpio=01;31:*.7z=01;31:*.rz=01;31:*.cab=01;31:*.wim=01;31:*.swm=01;31:*.dwm=01;31:*.esd=01;31:*.jpg=01;35:*.jpeg=01;35:*.mjpg=01;35:*.mjpeg=01;35:*.gif=01;35:*.bmp=01;35:*.pbm=01;35:*.pgm=01;35:*.ppm=01;35:*.tga=01;35:*.xbm=01;35:*.xpm=01;35:*.tif=01;35:*.tiff=01;35:*.png=01;35:*.svg=01;35:*.svgz=01;35:*.mng=01;35:*.pcx=01;35:*.mov=01;35:*.mpg=01;35:*.mpeg=01;35:*.m2v=01;35:*.mkv=01;35:*.webm=01;35:*.webp=01;35:*.ogm=01;35:*.mp4=01;35:*.m4v=01;35:*.mp4v=01;35:*.vob=01;35:*.qt=01;35:*.nuv=01;35:*.wmv=01;35:*.asf=01;35:*.rm=01;35:*.rmvb=01;35:*.flc=01;35:*.avi=01;35:*.fli=01;35:*.flv=01;35:*.gl=01;35:*.dl=01;35:*.xcf=01;35:*.xwd=01;35:*.yuv=01;35:*.cgm=01;35:*.emf=01;35:*.ogv=01;35:*.ogx=01;35:*.aac=00;36:*.au=00;36:*.flac=00;36:*.m4a=00;36:*.mid=00;36:*.midi=00;36:*.mka=00;36:*.mp3=00;36:*.mpc=00;36:*.ogg=00;36:*.ra=00;36:*.wav=00;36:*.oga=00;36:*.opus=00;36:*.spx=00;36:*.xspf=00;36:'), ('SSH_AUTH_SOCK', '/run/user/1000/keyring/ssh'), ('SSH_AGENT_LAUNCHER', 'gnome-keyring'), ('AMENT_PREFIX_PATH', '/home/lee/workspace/ros2_ex_mav/install/px4_multi_uav:/home/lee/workspace/ros2_ex_mav/install/mav:/home/lee/workspace/ros2_ex_mav/install/px4_msgs:/home/lee/workspace/ros2_ex/install/mav:/home/lee/workspace/ros2_ex/install/ground:/home/lee/workspace/ros2_ex/install/MAV:/home/lee/workspace/ros2_ex/install/px4_msgs:/opt/ros/humble'), ('TERMINATOR_UUID', 'urn:uuid:d1338618-454e-415d-a7f1-4a6142cb5d95'), ('SHELL', '/usr/bin/zsh'), ('LC_NAME', 'lzh_TW'), ('QT_ACCESSIBILITY', '1'), ('GDMSESSION', 'ubuntu'), ('GZ_SIM_MODEL_PATH', '/home/lee/PX4-Autopilot/Tools/simulation/gz/models'), ('LC_MEASUREMENT', 'lzh_TW'), ('LC_IDENTIFICATION', 'lzh_TW'), ('GPG_AGENT_INFO', '/run/user/1000/gnupg/S.gpg-agent:0:1'), ('P9K_SSH', '0'), ('QT_IM_MODULE', 'ibus'), ('LC_ALL', 'en_US.UTF-8'), ('PWD', '/home/lee/workspace/ros2_ex_mav/build/px4_multi_uav'), ('XDG_DATA_DIRS', '/usr/share/ubuntu:/usr/share/gnome:/usr/local/share/:/usr/share/:/var/lib/snapd/desktop'), ('XDG_CONFIG_DIRS', '/etc/xdg/xdg-ubuntu:/etc/xdg'), ('GAZEBO_PLUGIN_PATH', ':/home/lee/PX4-Autopilot/build/px4_sitl_default/src/lib'), ('_P9K_TTY', '/dev/pts/10'), ('LC_NUMERIC', 'lzh_TW'), ('PYTHONPATH', '/home/lee/workspace/ros2_ex_mav/install/px4_msgs/local/lib/python3.10/dist-packages:/home/lee/workspace/ros2_ex/install/px4_msgs/local/lib/python3.10/dist-packages:/opt/ros/humble/lib/python3.10/site-packages:/opt/ros/humble/local/lib/python3.10/dist-packages'), ('LC_PAPER', 'lzh_TW'), ('COLCON', '1'), ('VTE_VERSION', '6800'), ('CMAKE_PREFIX_PATH', '/home/lee/workspace/ros2_ex_mav/install/px4_msgs:/home/lee/workspace/ros2_ex_mav/install/px4_multi_uav:/home/lee/workspace/ros2_ex_mav/install/mav:/home/lee/workspace/ros2_ex/install/mav:/home/lee/workspace/ros2_ex/install/ground:/home/lee/workspace/ros2_ex/install/MAV4:/home/lee/workspace/ros2_ex/install/MAV3:/home/lee/workspace/ros2_ex/install/MAV2:/home/lee/workspace/ros2_ex/install/MAV1:/home/lee/workspace/ros2_ex/install/MAV:/home/lee/workspace/ros2_ex/install/px4_msgs:/opt/ros/humble')]), 'shell': False}
[7.493016] (px4_multi_uav) StdoutLine: {'line': b'-- Install configuration: "RelWithDebInfo"\n'}
[7.493112] (px4_multi_uav) StdoutLine: {'line': b'-- Execute custom install script\n'}
[7.493439] (px4_multi_uav) StdoutLine: {'line': b'-- Up-to-date symlink: /home/lee/workspace/ros2_ex_mav/install/px4_multi_uav/lib/px4_multi_uav/formation\n'}
[7.493508] (px4_multi_uav) StdoutLine: {'line': b'-- Up-to-date symlink: /home/lee/workspace/ros2_ex_mav/install/px4_multi_uav/lib/px4_multi_uav/keyboard_node\n'}
[7.493582] (px4_multi_uav) StdoutLine: {'line': b'-- Up-to-date symlink: /home/lee/workspace/ros2_ex_mav/install/px4_multi_uav/lib/px4_multi_uav/leader\n'}
[7.493628] (px4_multi_uav) StdoutLine: {'line': b'-- Up-to-date symlink: /home/lee/workspace/ros2_ex_mav/install/px4_multi_uav/lib/px4_multi_uav/mav1\n'}
[7.493692] (px4_multi_uav) StdoutLine: {'line': b'-- Up-to-date symlink: /home/lee/workspace/ros2_ex_mav/install/px4_multi_uav/lib/px4_multi_uav/mav2\n'}
[7.493745] (px4_multi_uav) StdoutLine: {'line': b'-- Up-to-date symlink: /home/lee/workspace/ros2_ex_mav/install/px4_multi_uav/lib/px4_multi_uav/mav3\n'}
[7.493798] (px4_multi_uav) StdoutLine: {'line': b'-- Up-to-date symlink: /home/lee/workspace/ros2_ex_mav/install/px4_multi_uav/lib/px4_multi_uav/mav4\n'}
[7.493851] (px4_multi_uav) StdoutLine: {'line': b'-- Up-to-date symlink: /home/lee/workspace/ros2_ex_mav/install/px4_multi_uav/share/px4_multi_uav/launch/formation_launch.xml\n'}
[7.493905] (px4_multi_uav) StdoutLine: {'line': b'-- Up-to-date symlink: /home/lee/workspace/ros2_ex_mav/install/px4_multi_uav/share/px4_multi_uav/launch/mav_launch.xml\n'}
[7.493957] (px4_multi_uav) StdoutLine: {'line': b'-- Up-to-date symlink: /home/lee/workspace/ros2_ex_mav/install/px4_multi_uav/share/ament_index/resource_index/package_run_dependencies/px4_multi_uav\n'}
[7.494010] (px4_multi_uav) StdoutLine: {'line': b'-- Up-to-date symlink: /home/lee/workspace/ros2_ex_mav/install/px4_multi_uav/share/ament_index/resource_index/parent_prefix_path/px4_multi_uav\n'}
[7.494063] (px4_multi_uav) StdoutLine: {'line': b'-- Up-to-date symlink: /home/lee/workspace/ros2_ex_mav/install/px4_multi_uav/share/px4_multi_uav/environment/ament_prefix_path.sh\n'}
[7.494125] (px4_multi_uav) StdoutLine: {'line': b'-- Up-to-date symlink: /home/lee/workspace/ros2_ex_mav/install/px4_multi_uav/share/px4_multi_uav/environment/ament_prefix_path.dsv\n'}
[7.494181] (px4_multi_uav) StdoutLine: {'line': b'-- Up-to-date symlink: /home/lee/workspace/ros2_ex_mav/install/px4_multi_uav/share/px4_multi_uav/environment/path.sh\n'}
[7.494236] (px4_multi_uav) StdoutLine: {'line': b'-- Up-to-date symlink: /home/lee/workspace/ros2_ex_mav/install/px4_multi_uav/share/px4_multi_uav/environment/path.dsv\n'}
[7.494280] (px4_multi_uav) StdoutLine: {'line': b'-- Up-to-date symlink: /home/lee/workspace/ros2_ex_mav/install/px4_multi_uav/share/px4_multi_uav/local_setup.bash\n'}
[7.494323] (px4_multi_uav) StdoutLine: {'line': b'-- Up-to-date symlink: /home/lee/workspace/ros2_ex_mav/install/px4_multi_uav/share/px4_multi_uav/local_setup.sh\n'}
[7.494366] (px4_multi_uav) StdoutLine: {'line': b'-- Up-to-date symlink: /home/lee/workspace/ros2_ex_mav/install/px4_multi_uav/share/px4_multi_uav/local_setup.zsh\n'}
[7.494409] (px4_multi_uav) StdoutLine: {'line': b'-- Up-to-date symlink: /home/lee/workspace/ros2_ex_mav/install/px4_multi_uav/share/px4_multi_uav/local_setup.dsv\n'}
[7.494451] (px4_multi_uav) StdoutLine: {'line': b'-- Symlinking: /home/lee/workspace/ros2_ex_mav/install/px4_multi_uav/share/px4_multi_uav/package.dsv\n'}
[7.498375] (px4_multi_uav) StdoutLine: {'line': b'-- Up-to-date symlink: /home/lee/workspace/ros2_ex_mav/install/px4_multi_uav/share/ament_index/resource_index/packages/px4_multi_uav\n'}
[7.498446] (px4_multi_uav) StdoutLine: {'line': b'-- Up-to-date symlink: /home/lee/workspace/ros2_ex_mav/install/px4_multi_uav/share/px4_multi_uav/cmake/px4_multi_uavConfig.cmake\n'}
[7.498501] (px4_multi_uav) StdoutLine: {'line': b'-- Up-to-date symlink: /home/lee/workspace/ros2_ex_mav/install/px4_multi_uav/share/px4_multi_uav/cmake/px4_multi_uavConfig-version.cmake\n'}
[7.498553] (px4_multi_uav) StdoutLine: {'line': b'-- Up-to-date symlink: /home/lee/workspace/ros2_ex_mav/install/px4_multi_uav/share/px4_multi_uav/package.xml\n'}
[7.499540] (px4_multi_uav) CommandEnded: {'returncode': 0}
[7.504214] (px4_multi_uav) JobEnded: {'identifier': 'px4_multi_uav', 'rc': 0}
[7.504527] (-) EventReactorShutdown: {}
