[0.000000] (-) TimerEvent: {}
[0.000117] (px4_msgs) JobQueued: {'identifier': 'px4_msgs', 'dependencies': OrderedDict()}
[0.000167] (mav) JobQueued: {'identifier': 'mav', 'dependencies': OrderedDict([('px4_msgs', '/home/lee/workspace/ros2_ex_mav/install/px4_msgs')])}
[0.000186] (px4_multi_uav) JobQueued: {'identifier': 'px4_multi_uav', 'dependencies': OrderedDict([('px4_msgs', '/home/lee/workspace/ros2_ex_mav/install/px4_msgs')])}
[0.000202] (px4_msgs) JobStarted: {'identifier': 'px4_msgs'}
[0.003927] (px4_msgs) JobProgress: {'identifier': 'px4_msgs', 'progress': 'cmake'}
[0.004151] (px4_msgs) JobProgress: {'identifier': 'px4_msgs', 'progress': 'build'}
[0.004487] (px4_msgs) Command: {'cmd': ['/usr/bin/cmake', '--build', '/home/lee/workspace/ros2_ex_mav/build/px4_msgs', '--', '-j32', '-l32'], 'cwd': '/home/lee/workspace/ros2_ex_mav/build/px4_msgs', 'env': OrderedDict([('GZ_SIM_SYSTEM_PLUGIN_PATH', ':/home/lee/gazebo_maritime_ws/install/lib:/home/lee/workspace/gz_sim_modle/gazebo_joint_plugin/build:/home/lee/PX4-Autopilot/Tools/sitl_gazebo/build/px4_sitl_default/build_gz'), ('USER', 'lee'), ('LC_TIME', 'lzh_TW'), ('GZ_SIM_RESOURCE_PATH', ':/home/lee/PX4-Autopilot/Tools/sitl_gazebo/models:/home/lee/workspace/gz_sim_modle:/usr/share/gz/gz-sim8/worlds:/home/lee/PX4-Autopilot/Tools/simulation/gz/worlds:/home/lee/PX4-Autopilot/Tools/sitl_gazebo/models:/home/lee/PX4-Autopilot/Tools/simulation/gz/models'), ('XDG_SESSION_TYPE', 'x11'), ('SHLVL', '1'), ('LD_LIBRARY_PATH', '/home/lee/workspace/ros2_ex_mav/install/px4_msgs/lib:/home/lee/workspace/ros2_ex/install/px4_msgs/lib:/opt/ros/humble/opt/rviz_ogre_vendor/lib:/opt/ros/humble/lib/x86_64-linux-gnu:/opt/ros/humble/lib:/home/lee/gazebo_maritime_ws/install/lib'), ('HOME', '/home/lee'), ('OLDPWD', '/home/lee'), ('LESS', '-R'), ('DESKTOP_SESSION', 'ubuntu'), ('ZSH', '/home/lee/.oh-my-zsh'), ('LSCOLORS', 'Gxfxcxdxbxegedabagacad'), ('GTK_MODULES', 'gail:atk-bridge'), ('GNOME_SHELL_SESSION_MODE', 'ubuntu'), ('PAGER', 'less'), ('ROS_PYTHON_VERSION', '3'), ('MANAGERPID', '1906'), ('LC_MONETARY', 'lzh_TW'), ('SYSTEMD_EXEC_PID', '2299'), ('DBUS_SESSION_BUS_ADDRESS', 'unix:path=/run/user/1000/bus'), ('P9K_TTY', 'old'), ('GIO_LAUNCHED_DESKTOP_FILE_PID', '22104'), ('COLORTERM', 'truecolor'), ('TERMINATOR_DBUS_NAME', 'net.tenshu.Terminator23558193cd9818af7fe4d2c2f5bd9d00f'), ('_colcon_cd_root', '/opt/ros/humble/'), ('ROS_DISTRO', 'humble'), ('COLCON_PREFIX_PATH', '/home/lee/workspace/ros2_ex_mav/install:/home/lee/workspace/ros2_ex/install'), ('GTK_IM_MODULE', 'ibus'), ('LOGNAME', 'lee'), ('JOURNAL_STREAM', '8:20942'), ('_P9K_SSH_TTY', '/dev/pts/10'), ('_', '/usr/bin/colcon'), ('XDG_SESSION_CLASS', 'user'), ('ROS_VERSION', '2'), ('TERM', 'xterm-256color'), ('USERNAME', 'lee'), ('GAZEBO_MODEL_PATH', '/home/lee/PX4-Autopilot/Tools/simulation/gz/models'), ('GNOME_DESKTOP_SESSION_ID', 'this-is-deprecated'), ('ROS_LOCALHOST_ONLY', '0'), ('WINDOWPATH', '2'), ('PATH', '/opt/ros/humble/bin:/usr/local/MATLAB/R2024b/bin/:/home/lee/.local/bin:/usr/local/sbin:/usr/local/bin:/usr/sbin:/usr/bin:/sbin:/bin:/usr/games:/usr/local/games:/snap/bin:/snap/bin'), ('SESSION_MANAGER', 'local/lee-System-Product-Name:@/tmp/.ICE-unix/2136,unix/lee-System-Product-Name:/tmp/.ICE-unix/2136'), ('INVOCATION_ID', 'cd208e3c12a34c228f9f8a38a5c838eb'), ('XDG_MENU_PREFIX', 'gnome-'), ('XDG_RUNTIME_DIR', '/run/user/1000'), ('LC_ADDRESS', 'lzh_TW'), ('DISPLAY', ':1'), ('LANG', 'en_US.UTF-8'), ('XDG_CURRENT_DESKTOP', 'ubuntu:GNOME'), ('IBUS_DISABLE_SNOOPER', '1'), ('LC_TELEPHONE', 'lzh_TW'), ('TERMINATOR_DBUS_PATH', '/net/tenshu/Terminator2'), ('GZ_TRANSPORT_VERSION', '12'), ('XDG_SESSION_DESKTOP', 'ubuntu'), ('XMODIFIERS', '@im=ibus'), ('XAUTHORITY', '/run/user/1000/gdm/Xauthority'), ('LS_COLORS', 'rs=0:di=01;34:ln=01;36:mh=00:pi=40;33:so=01;35:do=01;35:bd=40;33;01:cd=40;33;01:or=40;31;01:mi=00:su=37;41:sg=30;43:ca=30;41:tw=30;42:ow=34;42:st=37;44:ex=01;32:*.tar=01;31:*.tgz=01;31:*.arc=01;31:*.arj=01;31:*.taz=01;31:*.lha=01;31:*.lz4=01;31:*.lzh=01;31:*.lzma=01;31:*.tlz=01;31:*.txz=01;31:*.tzo=01;31:*.t7z=01;31:*.zip=01;31:*.z=01;31:*.dz=01;31:*.gz=01;31:*.lrz=01;31:*.lz=01;31:*.lzo=01;31:*.xz=01;31:*.zst=01;31:*.tzst=01;31:*.bz2=01;31:*.bz=01;31:*.tbz=01;31:*.tbz2=01;31:*.tz=01;31:*.deb=01;31:*.rpm=01;31:*.jar=01;31:*.war=01;31:*.ear=01;31:*.sar=01;31:*.rar=01;31:*.alz=01;31:*.ace=01;31:*.zoo=01;31:*.cpio=01;31:*.7z=01;31:*.rz=01;31:*.cab=01;31:*.wim=01;31:*.swm=01;31:*.dwm=01;31:*.esd=01;31:*.jpg=01;35:*.jpeg=01;35:*.mjpg=01;35:*.mjpeg=01;35:*.gif=01;35:*.bmp=01;35:*.pbm=01;35:*.pgm=01;35:*.ppm=01;35:*.tga=01;35:*.xbm=01;35:*.xpm=01;35:*.tif=01;35:*.tiff=01;35:*.png=01;35:*.svg=01;35:*.svgz=01;35:*.mng=01;35:*.pcx=01;35:*.mov=01;35:*.mpg=01;35:*.mpeg=01;35:*.m2v=01;35:*.mkv=01;35:*.webm=01;35:*.webp=01;35:*.ogm=01;35:*.mp4=01;35:*.m4v=01;35:*.mp4v=01;35:*.vob=01;35:*.qt=01;35:*.nuv=01;35:*.wmv=01;35:*.asf=01;35:*.rm=01;35:*.rmvb=01;35:*.flc=01;35:*.avi=01;35:*.fli=01;35:*.flv=01;35:*.gl=01;35:*.dl=01;35:*.xcf=01;35:*.xwd=01;35:*.yuv=01;35:*.cgm=01;35:*.emf=01;35:*.ogv=01;35:*.ogx=01;35:*.aac=00;36:*.au=00;36:*.flac=00;36:*.m4a=00;36:*.mid=00;36:*.midi=00;36:*.mka=00;36:*.mp3=00;36:*.mpc=00;36:*.ogg=00;36:*.ra=00;36:*.wav=00;36:*.oga=00;36:*.opus=00;36:*.spx=00;36:*.xspf=00;36:'), ('SSH_AUTH_SOCK', '/run/user/1000/keyring/ssh'), ('SSH_AGENT_LAUNCHER', 'gnome-keyring'), ('AMENT_PREFIX_PATH', '/home/lee/workspace/ros2_ex_mav/install/px4_multi_uav:/home/lee/workspace/ros2_ex_mav/install/mav:/home/lee/workspace/ros2_ex_mav/install/px4_msgs:/home/lee/workspace/ros2_ex/install/mav:/home/lee/workspace/ros2_ex/install/ground:/home/lee/workspace/ros2_ex/install/MAV:/home/lee/workspace/ros2_ex/install/px4_msgs:/opt/ros/humble'), ('TERMINATOR_UUID', 'urn:uuid:d1338618-454e-415d-a7f1-4a6142cb5d95'), ('SHELL', '/usr/bin/zsh'), ('LC_NAME', 'lzh_TW'), ('QT_ACCESSIBILITY', '1'), ('GDMSESSION', 'ubuntu'), ('GZ_SIM_MODEL_PATH', '/home/lee/PX4-Autopilot/Tools/simulation/gz/models'), ('LC_MEASUREMENT', 'lzh_TW'), ('LC_IDENTIFICATION', 'lzh_TW'), ('GPG_AGENT_INFO', '/run/user/1000/gnupg/S.gpg-agent:0:1'), ('P9K_SSH', '0'), ('QT_IM_MODULE', 'ibus'), ('LC_ALL', 'en_US.UTF-8'), ('PWD', '/home/lee/workspace/ros2_ex_mav/build/px4_msgs'), ('XDG_DATA_DIRS', '/usr/share/ubuntu:/usr/share/gnome:/usr/local/share/:/usr/share/:/var/lib/snapd/desktop'), ('XDG_CONFIG_DIRS', '/etc/xdg/xdg-ubuntu:/etc/xdg'), ('GAZEBO_PLUGIN_PATH', ':/home/lee/PX4-Autopilot/build/px4_sitl_default/src/lib'), ('_P9K_TTY', '/dev/pts/10'), ('LC_NUMERIC', 'lzh_TW'), ('PYTHONPATH', '/home/lee/workspace/ros2_ex_mav/install/px4_msgs/local/lib/python3.10/dist-packages:/home/lee/workspace/ros2_ex/install/px4_msgs/local/lib/python3.10/dist-packages:/opt/ros/humble/lib/python3.10/site-packages:/opt/ros/humble/local/lib/python3.10/dist-packages'), ('LC_PAPER', 'lzh_TW'), ('COLCON', '1'), ('VTE_VERSION', '6800'), ('CMAKE_PREFIX_PATH', '/home/lee/workspace/ros2_ex_mav/install/px4_multi_uav:/home/lee/workspace/ros2_ex_mav/install/mav:/home/lee/workspace/ros2_ex_mav/install/px4_msgs:/home/lee/workspace/ros2_ex/install/mav:/home/lee/workspace/ros2_ex/install/ground:/home/lee/workspace/ros2_ex/install/MAV4:/home/lee/workspace/ros2_ex/install/MAV3:/home/lee/workspace/ros2_ex/install/MAV2:/home/lee/workspace/ros2_ex/install/MAV1:/home/lee/workspace/ros2_ex/install/MAV:/home/lee/workspace/ros2_ex/install/px4_msgs:/opt/ros/humble')]), 'shell': False}
[0.099653] (-) TimerEvent: {}
[0.179575] (px4_msgs) StdoutLine: {'line': b'[  0%] Built target ament_cmake_python_symlink_px4_msgs\n'}
[0.188444] (px4_msgs) StdoutLine: {'line': b'[  0%] Built target px4_msgs__cpp\n'}
[0.199767] (-) TimerEvent: {}
[0.207039] (px4_msgs) StdoutLine: {'line': b'[ 12%] Built target px4_msgs__rosidl_generator_c\n'}
[0.241043] (px4_msgs) StdoutLine: {'line': b'[ 25%] Built target px4_msgs__rosidl_typesupport_c\n'}
[0.242976] (px4_msgs) StdoutLine: {'line': b'[ 37%] Built target px4_msgs__rosidl_typesupport_cpp\n'}
[0.244065] (px4_msgs) StdoutLine: {'line': b'[ 50%] Built target px4_msgs__rosidl_typesupport_introspection_c\n'}
[0.245488] (px4_msgs) StdoutLine: {'line': b'[ 62%] Built target px4_msgs__rosidl_typesupport_fastrtps_cpp\n'}
[0.247175] (px4_msgs) StdoutLine: {'line': b'[ 75%] Built target px4_msgs__rosidl_typesupport_introspection_cpp\n'}
[0.266064] (px4_msgs) StdoutLine: {'line': b'[ 88%] Built target px4_msgs__rosidl_typesupport_fastrtps_c\n'}
[0.271059] (px4_msgs) StdoutLine: {'line': b'running egg_info\n'}
[0.276960] (px4_msgs) StdoutLine: {'line': b'writing px4_msgs.egg-info/PKG-INFO\n'}
[0.277189] (px4_msgs) StdoutLine: {'line': b'writing dependency_links to px4_msgs.egg-info/dependency_links.txt\n'}
[0.277414] (px4_msgs) StdoutLine: {'line': b'writing top-level names to px4_msgs.egg-info/top_level.txt\n'}
[0.277464] (px4_msgs) StdoutLine: {'line': b'[ 88%] Built target px4_msgs\n'}
[0.294062] (px4_msgs) StdoutLine: {'line': b'[ 88%] Built target px4_msgs__py\n'}
[0.295313] (px4_msgs) StdoutLine: {'line': b"reading manifest file 'px4_msgs.egg-info/SOURCES.txt'\n"}
[0.296676] (px4_msgs) StdoutLine: {'line': b"writing manifest file 'px4_msgs.egg-info/SOURCES.txt'\n"}
[0.299829] (-) TimerEvent: {}
[0.310875] (px4_msgs) StdoutLine: {'line': b'[ 88%] Built target ament_cmake_python_build_px4_msgs_egg\n'}
[0.340140] (px4_msgs) StdoutLine: {'line': b'[100%] Built target px4_msgs__rosidl_generator_py\n'}
[0.358037] (px4_msgs) StdoutLine: {'line': b'[100%] Built target px4_msgs__rosidl_typesupport_introspection_c__pyext\n'}
[0.358408] (px4_msgs) StdoutLine: {'line': b'[100%] Built target px4_msgs__rosidl_typesupport_fastrtps_c__pyext\n'}
[0.358476] (px4_msgs) StdoutLine: {'line': b'[100%] Built target px4_msgs__rosidl_typesupport_c__pyext\n'}
[0.366867] (px4_msgs) CommandEnded: {'returncode': 0}
[0.367378] (px4_msgs) JobProgress: {'identifier': 'px4_msgs', 'progress': 'install'}
[0.371022] (px4_msgs) Command: {'cmd': ['/usr/bin/cmake', '--install', '/home/lee/workspace/ros2_ex_mav/build/px4_msgs'], 'cwd': '/home/lee/workspace/ros2_ex_mav/build/px4_msgs', 'env': OrderedDict([('GZ_SIM_SYSTEM_PLUGIN_PATH', ':/home/lee/gazebo_maritime_ws/install/lib:/home/lee/workspace/gz_sim_modle/gazebo_joint_plugin/build:/home/lee/PX4-Autopilot/Tools/sitl_gazebo/build/px4_sitl_default/build_gz'), ('USER', 'lee'), ('LC_TIME', 'lzh_TW'), ('GZ_SIM_RESOURCE_PATH', ':/home/lee/PX4-Autopilot/Tools/sitl_gazebo/models:/home/lee/workspace/gz_sim_modle:/usr/share/gz/gz-sim8/worlds:/home/lee/PX4-Autopilot/Tools/simulation/gz/worlds:/home/lee/PX4-Autopilot/Tools/sitl_gazebo/models:/home/lee/PX4-Autopilot/Tools/simulation/gz/models'), ('XDG_SESSION_TYPE', 'x11'), ('SHLVL', '1'), ('LD_LIBRARY_PATH', '/home/lee/workspace/ros2_ex_mav/install/px4_msgs/lib:/home/lee/workspace/ros2_ex/install/px4_msgs/lib:/opt/ros/humble/opt/rviz_ogre_vendor/lib:/opt/ros/humble/lib/x86_64-linux-gnu:/opt/ros/humble/lib:/home/lee/gazebo_maritime_ws/install/lib'), ('HOME', '/home/lee'), ('OLDPWD', '/home/lee'), ('LESS', '-R'), ('DESKTOP_SESSION', 'ubuntu'), ('ZSH', '/home/lee/.oh-my-zsh'), ('LSCOLORS', 'Gxfxcxdxbxegedabagacad'), ('GTK_MODULES', 'gail:atk-bridge'), ('GNOME_SHELL_SESSION_MODE', 'ubuntu'), ('PAGER', 'less'), ('ROS_PYTHON_VERSION', '3'), ('MANAGERPID', '1906'), ('LC_MONETARY', 'lzh_TW'), ('SYSTEMD_EXEC_PID', '2299'), ('DBUS_SESSION_BUS_ADDRESS', 'unix:path=/run/user/1000/bus'), ('P9K_TTY', 'old'), ('GIO_LAUNCHED_DESKTOP_FILE_PID', '22104'), ('COLORTERM', 'truecolor'), ('TERMINATOR_DBUS_NAME', 'net.tenshu.Terminator23558193cd9818af7fe4d2c2f5bd9d00f'), ('_colcon_cd_root', '/opt/ros/humble/'), ('ROS_DISTRO', 'humble'), ('COLCON_PREFIX_PATH', '/home/lee/workspace/ros2_ex_mav/install:/home/lee/workspace/ros2_ex/install'), ('GTK_IM_MODULE', 'ibus'), ('LOGNAME', 'lee'), ('JOURNAL_STREAM', '8:20942'), ('_P9K_SSH_TTY', '/dev/pts/10'), ('_', '/usr/bin/colcon'), ('XDG_SESSION_CLASS', 'user'), ('ROS_VERSION', '2'), ('TERM', 'xterm-256color'), ('USERNAME', 'lee'), ('GAZEBO_MODEL_PATH', '/home/lee/PX4-Autopilot/Tools/simulation/gz/models'), ('GNOME_DESKTOP_SESSION_ID', 'this-is-deprecated'), ('ROS_LOCALHOST_ONLY', '0'), ('WINDOWPATH', '2'), ('PATH', '/opt/ros/humble/bin:/usr/local/MATLAB/R2024b/bin/:/home/lee/.local/bin:/usr/local/sbin:/usr/local/bin:/usr/sbin:/usr/bin:/sbin:/bin:/usr/games:/usr/local/games:/snap/bin:/snap/bin'), ('SESSION_MANAGER', 'local/lee-System-Product-Name:@/tmp/.ICE-unix/2136,unix/lee-System-Product-Name:/tmp/.ICE-unix/2136'), ('INVOCATION_ID', 'cd208e3c12a34c228f9f8a38a5c838eb'), ('XDG_MENU_PREFIX', 'gnome-'), ('XDG_RUNTIME_DIR', '/run/user/1000'), ('LC_ADDRESS', 'lzh_TW'), ('DISPLAY', ':1'), ('LANG', 'en_US.UTF-8'), ('XDG_CURRENT_DESKTOP', 'ubuntu:GNOME'), ('IBUS_DISABLE_SNOOPER', '1'), ('LC_TELEPHONE', 'lzh_TW'), ('TERMINATOR_DBUS_PATH', '/net/tenshu/Terminator2'), ('GZ_TRANSPORT_VERSION', '12'), ('XDG_SESSION_DESKTOP', 'ubuntu'), ('XMODIFIERS', '@im=ibus'), ('XAUTHORITY', '/run/user/1000/gdm/Xauthority'), ('LS_COLORS', 'rs=0:di=01;34:ln=01;36:mh=00:pi=40;33:so=01;35:do=01;35:bd=40;33;01:cd=40;33;01:or=40;31;01:mi=00:su=37;41:sg=30;43:ca=30;41:tw=30;42:ow=34;42:st=37;44:ex=01;32:*.tar=01;31:*.tgz=01;31:*.arc=01;31:*.arj=01;31:*.taz=01;31:*.lha=01;31:*.lz4=01;31:*.lzh=01;31:*.lzma=01;31:*.tlz=01;31:*.txz=01;31:*.tzo=01;31:*.t7z=01;31:*.zip=01;31:*.z=01;31:*.dz=01;31:*.gz=01;31:*.lrz=01;31:*.lz=01;31:*.lzo=01;31:*.xz=01;31:*.zst=01;31:*.tzst=01;31:*.bz2=01;31:*.bz=01;31:*.tbz=01;31:*.tbz2=01;31:*.tz=01;31:*.deb=01;31:*.rpm=01;31:*.jar=01;31:*.war=01;31:*.ear=01;31:*.sar=01;31:*.rar=01;31:*.alz=01;31:*.ace=01;31:*.zoo=01;31:*.cpio=01;31:*.7z=01;31:*.rz=01;31:*.cab=01;31:*.wim=01;31:*.swm=01;31:*.dwm=01;31:*.esd=01;31:*.jpg=01;35:*.jpeg=01;35:*.mjpg=01;35:*.mjpeg=01;35:*.gif=01;35:*.bmp=01;35:*.pbm=01;35:*.pgm=01;35:*.ppm=01;35:*.tga=01;35:*.xbm=01;35:*.xpm=01;35:*.tif=01;35:*.tiff=01;35:*.png=01;35:*.svg=01;35:*.svgz=01;35:*.mng=01;35:*.pcx=01;35:*.mov=01;35:*.mpg=01;35:*.mpeg=01;35:*.m2v=01;35:*.mkv=01;35:*.webm=01;35:*.webp=01;35:*.ogm=01;35:*.mp4=01;35:*.m4v=01;35:*.mp4v=01;35:*.vob=01;35:*.qt=01;35:*.nuv=01;35:*.wmv=01;35:*.asf=01;35:*.rm=01;35:*.rmvb=01;35:*.flc=01;35:*.avi=01;35:*.fli=01;35:*.flv=01;35:*.gl=01;35:*.dl=01;35:*.xcf=01;35:*.xwd=01;35:*.yuv=01;35:*.cgm=01;35:*.emf=01;35:*.ogv=01;35:*.ogx=01;35:*.aac=00;36:*.au=00;36:*.flac=00;36:*.m4a=00;36:*.mid=00;36:*.midi=00;36:*.mka=00;36:*.mp3=00;36:*.mpc=00;36:*.ogg=00;36:*.ra=00;36:*.wav=00;36:*.oga=00;36:*.opus=00;36:*.spx=00;36:*.xspf=00;36:'), ('SSH_AUTH_SOCK', '/run/user/1000/keyring/ssh'), ('SSH_AGENT_LAUNCHER', 'gnome-keyring'), ('AMENT_PREFIX_PATH', '/home/lee/workspace/ros2_ex_mav/install/px4_multi_uav:/home/lee/workspace/ros2_ex_mav/install/mav:/home/lee/workspace/ros2_ex_mav/install/px4_msgs:/home/lee/workspace/ros2_ex/install/mav:/home/lee/workspace/ros2_ex/install/ground:/home/lee/workspace/ros2_ex/install/MAV:/home/lee/workspace/ros2_ex/install/px4_msgs:/opt/ros/humble'), ('TERMINATOR_UUID', 'urn:uuid:d1338618-454e-415d-a7f1-4a6142cb5d95'), ('SHELL', '/usr/bin/zsh'), ('LC_NAME', 'lzh_TW'), ('QT_ACCESSIBILITY', '1'), ('GDMSESSION', 'ubuntu'), ('GZ_SIM_MODEL_PATH', '/home/lee/PX4-Autopilot/Tools/simulation/gz/models'), ('LC_MEASUREMENT', 'lzh_TW'), ('LC_IDENTIFICATION', 'lzh_TW'), ('GPG_AGENT_INFO', '/run/user/1000/gnupg/S.gpg-agent:0:1'), ('P9K_SSH', '0'), ('QT_IM_MODULE', 'ibus'), ('LC_ALL', 'en_US.UTF-8'), ('PWD', '/home/lee/workspace/ros2_ex_mav/build/px4_msgs'), ('XDG_DATA_DIRS', '/usr/share/ubuntu:/usr/share/gnome:/usr/local/share/:/usr/share/:/var/lib/snapd/desktop'), ('XDG_CONFIG_DIRS', '/etc/xdg/xdg-ubuntu:/etc/xdg'), ('GAZEBO_PLUGIN_PATH', ':/home/lee/PX4-Autopilot/build/px4_sitl_default/src/lib'), ('_P9K_TTY', '/dev/pts/10'), ('LC_NUMERIC', 'lzh_TW'), ('PYTHONPATH', '/home/lee/workspace/ros2_ex_mav/install/px4_msgs/local/lib/python3.10/dist-packages:/home/lee/workspace/ros2_ex/install/px4_msgs/local/lib/python3.10/dist-packages:/opt/ros/humble/lib/python3.10/site-packages:/opt/ros/humble/local/lib/python3.10/dist-packages'), ('LC_PAPER', 'lzh_TW'), ('COLCON', '1'), ('VTE_VERSION', '6800'), ('CMAKE_PREFIX_PATH', '/home/lee/workspace/ros2_ex_mav/install/px4_multi_uav:/home/lee/workspace/ros2_ex_mav/install/mav:/home/lee/workspace/ros2_ex_mav/install/px4_msgs:/home/lee/workspace/ros2_ex/install/mav:/home/lee/workspace/ros2_ex/install/ground:/home/lee/workspace/ros2_ex/install/MAV4:/home/lee/workspace/ros2_ex/install/MAV3:/home/lee/workspace/ros2_ex/install/MAV2:/home/lee/workspace/ros2_ex/install/MAV1:/home/lee/workspace/ros2_ex/install/MAV:/home/lee/workspace/ros2_ex/install/px4_msgs:/opt/ros/humble')]), 'shell': False}
[0.374790] (px4_msgs) StdoutLine: {'line': b'-- Install configuration: "RelWithDebInfo"\n'}
[0.375787] (px4_msgs) StdoutLine: {'line': b'-- Execute custom install script\n'}
[0.375881] (px4_msgs) StdoutLine: {'line': b'-- Up-to-date symlink: /home/lee/workspace/ros2_ex_mav/install/px4_msgs/share/ament_index/resource_index/rosidl_interfaces/px4_msgs\n'}
[0.378559] (px4_msgs) StdoutLine: {'line': b'-- Up-to-date symlink: /home/lee/workspace/ros2_ex_mav/install/px4_msgs/include/px4_msgs/px4_msgs/msg/action_request.h\n'}
[0.378620] (px4_msgs) StdoutLine: {'line': b'-- Up-to-date symlink: /home/lee/workspace/ros2_ex_mav/install/px4_msgs/include/px4_msgs/px4_msgs/msg/actuator_armed.h\n'}
[0.378692] (px4_msgs) StdoutLine: {'line': b'-- Up-to-date symlink: /home/lee/workspace/ros2_ex_mav/install/px4_msgs/include/px4_msgs/px4_msgs/msg/actuator_controls_status.h\n'}
[0.378737] (px4_msgs) StdoutLine: {'line': b'-- Up-to-date symlink: /home/lee/workspace/ros2_ex_mav/install/px4_msgs/include/px4_msgs/px4_msgs/msg/actuator_motors.h\n'}
[0.378759] (px4_msgs) StdoutLine: {'line': b'-- Up-to-date symlink: /home/lee/workspace/ros2_ex_mav/install/px4_msgs/include/px4_msgs/px4_msgs/msg/actuator_outputs.h\n'}
[0.378805] (px4_msgs) StdoutLine: {'line': b'-- Up-to-date symlink: /home/lee/workspace/ros2_ex_mav/install/px4_msgs/include/px4_msgs/px4_msgs/msg/actuator_servos.h\n'}
[0.378824] (px4_msgs) StdoutLine: {'line': b'-- Up-to-date symlink: /home/lee/workspace/ros2_ex_mav/install/px4_msgs/include/px4_msgs/px4_msgs/msg/actuator_servos_trim.h\n'}
[0.378853] (px4_msgs) StdoutLine: {'line': b'-- Up-to-date symlink: /home/lee/workspace/ros2_ex_mav/install/px4_msgs/include/px4_msgs/px4_msgs/msg/actuator_test.h\n'}
[0.378873] (px4_msgs) StdoutLine: {'line': b'-- Up-to-date symlink: /home/lee/workspace/ros2_ex_mav/install/px4_msgs/include/px4_msgs/px4_msgs/msg/adc_report.h\n'}
[0.378912] (px4_msgs) StdoutLine: {'line': b'-- Up-to-date symlink: /home/lee/workspace/ros2_ex_mav/install/px4_msgs/include/px4_msgs/px4_msgs/msg/airspeed.h\n'}
[0.378940] (px4_msgs) StdoutLine: {'line': b'-- Up-to-date symlink: /home/lee/workspace/ros2_ex_mav/install/px4_msgs/include/px4_msgs/px4_msgs/msg/airspeed_validated.h\n'}
[0.378958] (px4_msgs) StdoutLine: {'line': b'-- Up-to-date symlink: /home/lee/workspace/ros2_ex_mav/install/px4_msgs/include/px4_msgs/px4_msgs/msg/airspeed_wind.h\n'}
[0.378992] (px4_msgs) StdoutLine: {'line': b'-- Up-to-date symlink: /home/lee/workspace/ros2_ex_mav/install/px4_msgs/include/px4_msgs/px4_msgs/msg/autotune_attitude_control_status.h\n'}
[0.379027] (px4_msgs) StdoutLine: {'line': b'-- Up-to-date symlink: /home/lee/workspace/ros2_ex_mav/install/px4_msgs/include/px4_msgs/px4_msgs/msg/battery_status.h\n'}
[0.379067] (px4_msgs) StdoutLine: {'line': b'-- Up-to-date symlink: /home/lee/workspace/ros2_ex_mav/install/px4_msgs/include/px4_msgs/px4_msgs/msg/button_event.h\n'}
[0.379091] (px4_msgs) StdoutLine: {'line': b'-- Up-to-date symlink: /home/lee/workspace/ros2_ex_mav/install/px4_msgs/include/px4_msgs/px4_msgs/msg/camera_capture.h\n'}
[0.379129] (px4_msgs) StdoutLine: {'line': b'-- Up-to-date symlink: /home/lee/workspace/ros2_ex_mav/install/px4_msgs/include/px4_msgs/px4_msgs/msg/camera_status.h\n'}
[0.379148] (px4_msgs) StdoutLine: {'line': b'-- Up-to-date symlink: /home/lee/workspace/ros2_ex_mav/install/px4_msgs/include/px4_msgs/px4_msgs/msg/camera_trigger.h\n'}
[0.379174] (px4_msgs) StdoutLine: {'line': b'-- Up-to-date symlink: /home/lee/workspace/ros2_ex_mav/install/px4_msgs/include/px4_msgs/px4_msgs/msg/cellular_status.h\n'}
[0.379208] (px4_msgs) StdoutLine: {'line': b'-- Up-to-date symlink: /home/lee/workspace/ros2_ex_mav/install/px4_msgs/include/px4_msgs/px4_msgs/msg/collision_constraints.h\n'}
[0.379236] (px4_msgs) StdoutLine: {'line': b'-- Up-to-date symlink: /home/lee/workspace/ros2_ex_mav/install/px4_msgs/include/px4_msgs/px4_msgs/msg/collision_report.h\n'}
[0.379272] (px4_msgs) StdoutLine: {'line': b'-- Up-to-date symlink: /home/lee/workspace/ros2_ex_mav/install/px4_msgs/include/px4_msgs/px4_msgs/msg/control_allocator_status.h\n'}
[0.379307] (px4_msgs) StdoutLine: {'line': b'-- Up-to-date symlink: /home/lee/workspace/ros2_ex_mav/install/px4_msgs/include/px4_msgs/px4_msgs/msg/cpuload.h\n'}
[0.379341] (px4_msgs) StdoutLine: {'line': b'-- Up-to-date symlink: /home/lee/workspace/ros2_ex_mav/install/px4_msgs/include/px4_msgs/px4_msgs/msg/debug_array.h\n'}
[0.379380] (px4_msgs) StdoutLine: {'line': b'-- Up-to-date symlink: /home/lee/workspace/ros2_ex_mav/install/px4_msgs/include/px4_msgs/px4_msgs/msg/debug_key_value.h\n'}
[0.379401] (px4_msgs) StdoutLine: {'line': b'-- Up-to-date symlink: /home/lee/workspace/ros2_ex_mav/install/px4_msgs/include/px4_msgs/px4_msgs/msg/debug_value.h\n'}
[0.379428] (px4_msgs) StdoutLine: {'line': b'-- Up-to-date symlink: /home/lee/workspace/ros2_ex_mav/install/px4_msgs/include/px4_msgs/px4_msgs/msg/debug_vect.h\n'}
[0.379455] (px4_msgs) StdoutLine: {'line': b'-- Up-to-date symlink: /home/lee/workspace/ros2_ex_mav/install/px4_msgs/include/px4_msgs/px4_msgs/msg/detail/action_request__functions.h\n'}
[0.379487] (px4_msgs) StdoutLine: {'line': b'-- Up-to-date symlink: /home/lee/workspace/ros2_ex_mav/install/px4_msgs/include/px4_msgs/px4_msgs/msg/detail/action_request__struct.h\n'}
[0.379520] (px4_msgs) StdoutLine: {'line': b'-- Up-to-date symlink: /home/lee/workspace/ros2_ex_mav/install/px4_msgs/include/px4_msgs/px4_msgs/msg/detail/action_request__type_support.h\n'}
[0.379552] (px4_msgs) StdoutLine: {'line': b'-- Up-to-date symlink: /home/lee/workspace/ros2_ex_mav/install/px4_msgs/include/px4_msgs/px4_msgs/msg/detail/actuator_armed__functions.h\n'}
[0.379579] (px4_msgs) StdoutLine: {'line': b'-- Up-to-date symlink: /home/lee/workspace/ros2_ex_mav/install/px4_msgs/include/px4_msgs/px4_msgs/msg/detail/actuator_armed__struct.h\n'}
[0.379611] (px4_msgs) StdoutLine: {'line': b'-- Up-to-date symlink: /home/lee/workspace/ros2_ex_mav/install/px4_msgs/include/px4_msgs/px4_msgs/msg/detail/actuator_armed__type_support.h\n'}
[0.379644] (px4_msgs) StdoutLine: {'line': b'-- Up-to-date symlink: /home/lee/workspace/ros2_ex_mav/install/px4_msgs/include/px4_msgs/px4_msgs/msg/detail/actuator_controls_status__functions.h\n'}
[0.379675] (px4_msgs) StdoutLine: {'line': b'-- Up-to-date symlink: /home/lee/workspace/ros2_ex_mav/install/px4_msgs/include/px4_msgs/px4_msgs/msg/detail/actuator_controls_status__struct.h\n'}
[0.379708] (px4_msgs) StdoutLine: {'line': b'-- Up-to-date symlink: /home/lee/workspace/ros2_ex_mav/install/px4_msgs/include/px4_msgs/px4_msgs/msg/detail/actuator_controls_status__type_support.h\n'}
[0.379743] (px4_msgs) StdoutLine: {'line': b'-- Up-to-date symlink: /home/lee/workspace/ros2_ex_mav/install/px4_msgs/include/px4_msgs/px4_msgs/msg/detail/actuator_motors__functions.h\n'}
[0.379775] (px4_msgs) StdoutLine: {'line': b'-- Up-to-date symlink: /home/lee/workspace/ros2_ex_mav/install/px4_msgs/include/px4_msgs/px4_msgs/msg/detail/actuator_motors__struct.h\n'}
[0.379811] (px4_msgs) StdoutLine: {'line': b'-- Up-to-date symlink: /home/lee/workspace/ros2_ex_mav/install/px4_msgs/include/px4_msgs/px4_msgs/msg/detail/actuator_motors__type_support.h\n'}
[0.379845] (px4_msgs) StdoutLine: {'line': b'-- Up-to-date symlink: /home/lee/workspace/ros2_ex_mav/install/px4_msgs/include/px4_msgs/px4_msgs/msg/detail/actuator_outputs__functions.h\n'}
[0.379878] (px4_msgs) StdoutLine: {'line': b'-- Up-to-date symlink: /home/lee/workspace/ros2_ex_mav/install/px4_msgs/include/px4_msgs/px4_msgs/msg/detail/actuator_outputs__struct.h\n'}
[0.379912] (px4_msgs) StdoutLine: {'line': b'-- Up-to-date symlink: /home/lee/workspace/ros2_ex_mav/install/px4_msgs/include/px4_msgs/px4_msgs/msg/detail/actuator_outputs__type_support.h\n'}
[0.379945] (px4_msgs) StdoutLine: {'line': b'-- Up-to-date symlink: /home/lee/workspace/ros2_ex_mav/install/px4_msgs/include/px4_msgs/px4_msgs/msg/detail/actuator_servos__functions.h\n'}
[0.379978] (px4_msgs) StdoutLine: {'line': b'-- Up-to-date symlink: /home/lee/workspace/ros2_ex_mav/install/px4_msgs/include/px4_msgs/px4_msgs/msg/detail/actuator_servos__struct.h\n'}
[0.380016] (px4_msgs) StdoutLine: {'line': b'-- Up-to-date symlink: /home/lee/workspace/ros2_ex_mav/install/px4_msgs/include/px4_msgs/px4_msgs/msg/detail/actuator_servos__type_support.h\n'}
[0.380050] (px4_msgs) StdoutLine: {'line': b'-- Up-to-date symlink: /home/lee/workspace/ros2_ex_mav/install/px4_msgs/include/px4_msgs/px4_msgs/msg/detail/actuator_servos_trim__functions.h\n'}
[0.380083] (px4_msgs) StdoutLine: {'line': b'-- Up-to-date symlink: /home/lee/workspace/ros2_ex_mav/install/px4_msgs/include/px4_msgs/px4_msgs/msg/detail/actuator_servos_trim__struct.h\n'}
[0.380116] (px4_msgs) StdoutLine: {'line': b'-- Up-to-date symlink: /home/lee/workspace/ros2_ex_mav/install/px4_msgs/include/px4_msgs/px4_msgs/msg/detail/actuator_servos_trim__type_support.h\n'}
[0.380147] (px4_msgs) StdoutLine: {'line': b'-- Up-to-date symlink: /home/lee/workspace/ros2_ex_mav/install/px4_msgs/include/px4_msgs/px4_msgs/msg/detail/actuator_test__functions.h\n'}
[0.380180] (px4_msgs) StdoutLine: {'line': b'-- Up-to-date symlink: /home/lee/workspace/ros2_ex_mav/install/px4_msgs/include/px4_msgs/px4_msgs/msg/detail/actuator_test__struct.h\n'}
[0.380215] (px4_msgs) StdoutLine: {'line': b'-- Up-to-date symlink: /home/lee/workspace/ros2_ex_mav/install/px4_msgs/include/px4_msgs/px4_msgs/msg/detail/actuator_test__type_support.h\n'}
[0.380248] (px4_msgs) StdoutLine: {'line': b'-- Up-to-date symlink: /home/lee/workspace/ros2_ex_mav/install/px4_msgs/include/px4_msgs/px4_msgs/msg/detail/adc_report__functions.h\n'}
[0.380281] (px4_msgs) StdoutLine: {'line': b'-- Up-to-date symlink: /home/lee/workspace/ros2_ex_mav/install/px4_msgs/include/px4_msgs/px4_msgs/msg/detail/adc_report__struct.h\n'}
[0.380313] (px4_msgs) StdoutLine: {'line': b'-- Up-to-date symlink: /home/lee/workspace/ros2_ex_mav/install/px4_msgs/include/px4_msgs/px4_msgs/msg/detail/adc_report__type_support.h\n'}
[0.380346] (px4_msgs) StdoutLine: {'line': b'-- Up-to-date symlink: /home/lee/workspace/ros2_ex_mav/install/px4_msgs/include/px4_msgs/px4_msgs/msg/detail/airspeed__functions.h\n'}
[0.380380] (px4_msgs) StdoutLine: {'line': b'-- Up-to-date symlink: /home/lee/workspace/ros2_ex_mav/install/px4_msgs/include/px4_msgs/px4_msgs/msg/detail/airspeed__struct.h\n'}
[0.380413] (px4_msgs) StdoutLine: {'line': b'-- Up-to-date symlink: /home/lee/workspace/ros2_ex_mav/install/px4_msgs/include/px4_msgs/px4_msgs/msg/detail/airspeed__type_support.h\n'}
[0.380445] (px4_msgs) StdoutLine: {'line': b'-- Up-to-date symlink: /home/lee/workspace/ros2_ex_mav/install/px4_msgs/include/px4_msgs/px4_msgs/msg/detail/airspeed_validated__functions.h\n'}
[0.380478] (px4_msgs) StdoutLine: {'line': b'-- Up-to-date symlink: /home/lee/workspace/ros2_ex_mav/install/px4_msgs/include/px4_msgs/px4_msgs/msg/detail/airspeed_validated__struct.h\n'}
[0.380512] (px4_msgs) StdoutLine: {'line': b'-- Up-to-date symlink: /home/lee/workspace/ros2_ex_mav/install/px4_msgs/include/px4_msgs/px4_msgs/msg/detail/airspeed_validated__type_support.h\n'}
[0.380546] (px4_msgs) StdoutLine: {'line': b'-- Up-to-date symlink: /home/lee/workspace/ros2_ex_mav/install/px4_msgs/include/px4_msgs/px4_msgs/msg/detail/airspeed_wind__functions.h\n'}
[0.380579] (px4_msgs) StdoutLine: {'line': b'-- Up-to-date symlink: /home/lee/workspace/ros2_ex_mav/install/px4_msgs/include/px4_msgs/px4_msgs/msg/detail/airspeed_wind__struct.h\n'}
[0.380613] (px4_msgs) StdoutLine: {'line': b'-- Up-to-date symlink: /home/lee/workspace/ros2_ex_mav/install/px4_msgs/include/px4_msgs/px4_msgs/msg/detail/airspeed_wind__type_support.h\n'}
[0.380650] (px4_msgs) StdoutLine: {'line': b'-- Up-to-date symlink: /home/lee/workspace/ros2_ex_mav/install/px4_msgs/include/px4_msgs/px4_msgs/msg/detail/autotune_attitude_control_status__functions.h\n'}
[0.380685] (px4_msgs) StdoutLine: {'line': b'-- Up-to-date symlink: /home/lee/workspace/ros2_ex_mav/install/px4_msgs/include/px4_msgs/px4_msgs/msg/detail/autotune_attitude_control_status__struct.h\n'}
[0.380719] (px4_msgs) StdoutLine: {'line': b'-- Up-to-date symlink: /home/lee/workspace/ros2_ex_mav/install/px4_msgs/include/px4_msgs/px4_msgs/msg/detail/autotune_attitude_control_status__type_support.h\n'}
[0.380754] (px4_msgs) StdoutLine: {'line': b'-- Up-to-date symlink: /home/lee/workspace/ros2_ex_mav/install/px4_msgs/include/px4_msgs/px4_msgs/msg/detail/battery_status__functions.h\n'}
[0.380789] (px4_msgs) StdoutLine: {'line': b'-- Up-to-date symlink: /home/lee/workspace/ros2_ex_mav/install/px4_msgs/include/px4_msgs/px4_msgs/msg/detail/battery_status__struct.h\n'}
[0.380823] (px4_msgs) StdoutLine: {'line': b'-- Up-to-date symlink: /home/lee/workspace/ros2_ex_mav/install/px4_msgs/include/px4_msgs/px4_msgs/msg/detail/battery_status__type_support.h\n'}
[0.380856] (px4_msgs) StdoutLine: {'line': b'-- Up-to-date symlink: /home/lee/workspace/ros2_ex_mav/install/px4_msgs/include/px4_msgs/px4_msgs/msg/detail/button_event__functions.h\n'}
[0.380889] (px4_msgs) StdoutLine: {'line': b'-- Up-to-date symlink: /home/lee/workspace/ros2_ex_mav/install/px4_msgs/include/px4_msgs/px4_msgs/msg/detail/button_event__struct.h\n'}
[0.380922] (px4_msgs) StdoutLine: {'line': b'-- Up-to-date symlink: /home/lee/workspace/ros2_ex_mav/install/px4_msgs/include/px4_msgs/px4_msgs/msg/detail/button_event__type_support.h\n'}
[0.380961] (px4_msgs) StdoutLine: {'line': b'-- Up-to-date symlink: /home/lee/workspace/ros2_ex_mav/install/px4_msgs/include/px4_msgs/px4_msgs/msg/detail/camera_capture__functions.h\n'}
[0.380988] (px4_msgs) StdoutLine: {'line': b'-- Up-to-date symlink: /home/lee/workspace/ros2_ex_mav/install/px4_msgs/include/px4_msgs/px4_msgs/msg/detail/camera_capture__struct.h\n'}
[0.381023] (px4_msgs) StdoutLine: {'line': b'-- Up-to-date symlink: /home/lee/workspace/ros2_ex_mav/install/px4_msgs/include/px4_msgs/px4_msgs/msg/detail/camera_capture__type_support.h\n'}
[0.381054] (px4_msgs) StdoutLine: {'line': b'-- Up-to-date symlink: /home/lee/workspace/ros2_ex_mav/install/px4_msgs/include/px4_msgs/px4_msgs/msg/detail/camera_status__functions.h\n'}
[0.381086] (px4_msgs) StdoutLine: {'line': b'-- Up-to-date symlink: /home/lee/workspace/ros2_ex_mav/install/px4_msgs/include/px4_msgs/px4_msgs/msg/detail/camera_status__struct.h\n'}
[0.381119] (px4_msgs) StdoutLine: {'line': b'-- Up-to-date symlink: /home/lee/workspace/ros2_ex_mav/install/px4_msgs/include/px4_msgs/px4_msgs/msg/detail/camera_status__type_support.h\n'}
[0.381152] (px4_msgs) StdoutLine: {'line': b'-- Up-to-date symlink: /home/lee/workspace/ros2_ex_mav/install/px4_msgs/include/px4_msgs/px4_msgs/msg/detail/camera_trigger__functions.h\n'}
[0.381184] (px4_msgs) StdoutLine: {'line': b'-- Up-to-date symlink: /home/lee/workspace/ros2_ex_mav/install/px4_msgs/include/px4_msgs/px4_msgs/msg/detail/camera_trigger__struct.h\n'}
[0.381215] (px4_msgs) StdoutLine: {'line': b'-- Up-to-date symlink: /home/lee/workspace/ros2_ex_mav/install/px4_msgs/include/px4_msgs/px4_msgs/msg/detail/camera_trigger__type_support.h\n'}
[0.381249] (px4_msgs) StdoutLine: {'line': b'-- Up-to-date symlink: /home/lee/workspace/ros2_ex_mav/install/px4_msgs/include/px4_msgs/px4_msgs/msg/detail/cellular_status__functions.h\n'}
[0.381281] (px4_msgs) StdoutLine: {'line': b'-- Up-to-date symlink: /home/lee/workspace/ros2_ex_mav/install/px4_msgs/include/px4_msgs/px4_msgs/msg/detail/cellular_status__struct.h\n'}
[0.381317] (px4_msgs) StdoutLine: {'line': b'-- Up-to-date symlink: /home/lee/workspace/ros2_ex_mav/install/px4_msgs/include/px4_msgs/px4_msgs/msg/detail/cellular_status__type_support.h\n'}
[0.381347] (px4_msgs) StdoutLine: {'line': b'-- Up-to-date symlink: /home/lee/workspace/ros2_ex_mav/install/px4_msgs/include/px4_msgs/px4_msgs/msg/detail/collision_constraints__functions.h\n'}
[0.381382] (px4_msgs) StdoutLine: {'line': b'-- Up-to-date symlink: /home/lee/workspace/ros2_ex_mav/install/px4_msgs/include/px4_msgs/px4_msgs/msg/detail/collision_constraints__struct.h\n'}
[0.381415] (px4_msgs) StdoutLine: {'line': b'-- Up-to-date symlink: /home/lee/workspace/ros2_ex_mav/install/px4_msgs/include/px4_msgs/px4_msgs/msg/detail/collision_constraints__type_support.h\n'}
[0.381449] (px4_msgs) StdoutLine: {'line': b'-- Up-to-date symlink: /home/lee/workspace/ros2_ex_mav/install/px4_msgs/include/px4_msgs/px4_msgs/msg/detail/collision_report__functions.h\n'}
[0.381483] (px4_msgs) StdoutLine: {'line': b'-- Up-to-date symlink: /home/lee/workspace/ros2_ex_mav/install/px4_msgs/include/px4_msgs/px4_msgs/msg/detail/collision_report__struct.h\n'}
[0.381516] (px4_msgs) StdoutLine: {'line': b'-- Up-to-date symlink: /home/lee/workspace/ros2_ex_mav/install/px4_msgs/include/px4_msgs/px4_msgs/msg/detail/collision_report__type_support.h\n'}
[0.381550] (px4_msgs) StdoutLine: {'line': b'-- Up-to-date symlink: /home/lee/workspace/ros2_ex_mav/install/px4_msgs/include/px4_msgs/px4_msgs/msg/detail/control_allocator_status__functions.h\n'}
[0.381583] (px4_msgs) StdoutLine: {'line': b'-- Up-to-date symlink: /home/lee/workspace/ros2_ex_mav/install/px4_msgs/include/px4_msgs/px4_msgs/msg/detail/control_allocator_status__struct.h\n'}
[0.381617] (px4_msgs) StdoutLine: {'line': b'-- Up-to-date symlink: /home/lee/workspace/ros2_ex_mav/install/px4_msgs/include/px4_msgs/px4_msgs/msg/detail/control_allocator_status__type_support.h\n'}
[0.381663] (px4_msgs) StdoutLine: {'line': b'-- Up-to-date symlink: /home/lee/workspace/ros2_ex_mav/install/px4_msgs/include/px4_msgs/px4_msgs/msg/detail/cpuload__functions.h\n'}
[0.381746] (px4_msgs) StdoutLine: {'line': b'-- Up-to-date symlink: /home/lee/workspace/ros2_ex_mav/install/px4_msgs/include/px4_msgs/px4_msgs/msg/detail/cpuload__struct.h\n'}
[0.381782] (px4_msgs) StdoutLine: {'line': b'-- Up-to-date symlink: /home/lee/workspace/ros2_ex_mav/install/px4_msgs/include/px4_msgs/px4_msgs/msg/detail/cpuload__type_support.h\n'}
[0.381818] (px4_msgs) StdoutLine: {'line': b'-- Up-to-date symlink: /home/lee/workspace/ros2_ex_mav/install/px4_msgs/include/px4_msgs/px4_msgs/msg/detail/debug_array__functions.h\n'}
[0.381853] (px4_msgs) StdoutLine: {'line': b'-- Up-to-date symlink: /home/lee/workspace/ros2_ex_mav/install/px4_msgs/include/px4_msgs/px4_msgs/msg/detail/debug_array__struct.h\n'}
[0.381892] (px4_msgs) StdoutLine: {'line': b'-- Up-to-date symlink: /home/lee/workspace/ros2_ex_mav/install/px4_msgs/include/px4_msgs/px4_msgs/msg/detail/debug_array__type_support.h\n'}
[0.381925] (px4_msgs) StdoutLine: {'line': b'-- Up-to-date symlink: /home/lee/workspace/ros2_ex_mav/install/px4_msgs/include/px4_msgs/px4_msgs/msg/detail/debug_key_value__functions.h\n'}
[0.381958] (px4_msgs) StdoutLine: {'line': b'-- Up-to-date symlink: /home/lee/workspace/ros2_ex_mav/install/px4_msgs/include/px4_msgs/px4_msgs/msg/detail/debug_key_value__struct.h\n'}
[0.381992] (px4_msgs) StdoutLine: {'line': b'-- Up-to-date symlink: /home/lee/workspace/ros2_ex_mav/install/px4_msgs/include/px4_msgs/px4_msgs/msg/detail/debug_key_value__type_support.h\n'}
[0.382026] (px4_msgs) StdoutLine: {'line': b'-- Up-to-date symlink: /home/lee/workspace/ros2_ex_mav/install/px4_msgs/include/px4_msgs/px4_msgs/msg/detail/debug_value__functions.h\n'}
[0.382060] (px4_msgs) StdoutLine: {'line': b'-- Up-to-date symlink: /home/lee/workspace/ros2_ex_mav/install/px4_msgs/include/px4_msgs/px4_msgs/msg/detail/debug_value__struct.h\n'}
[0.382094] (px4_msgs) StdoutLine: {'line': b'-- Up-to-date symlink: /home/lee/workspace/ros2_ex_mav/install/px4_msgs/include/px4_msgs/px4_msgs/msg/detail/debug_value__type_support.h\n'}
[0.382130] (px4_msgs) StdoutLine: {'line': b'-- Up-to-date symlink: /home/lee/workspace/ros2_ex_mav/install/px4_msgs/include/px4_msgs/px4_msgs/msg/detail/debug_vect__functions.h\n'}
[0.382160] (px4_msgs) StdoutLine: {'line': b'-- Up-to-date symlink: /home/lee/workspace/ros2_ex_mav/install/px4_msgs/include/px4_msgs/px4_msgs/msg/detail/debug_vect__struct.h\n'}
[0.382194] (px4_msgs) StdoutLine: {'line': b'-- Up-to-date symlink: /home/lee/workspace/ros2_ex_mav/install/px4_msgs/include/px4_msgs/px4_msgs/msg/detail/debug_vect__type_support.h\n'}
[0.382229] (px4_msgs) StdoutLine: {'line': b'-- Up-to-date symlink: /home/lee/workspace/ros2_ex_mav/install/px4_msgs/include/px4_msgs/px4_msgs/msg/detail/differential_pressure__functions.h\n'}
[0.382270] (px4_msgs) StdoutLine: {'line': b'-- Up-to-date symlink: /home/lee/workspace/ros2_ex_mav/install/px4_msgs/include/px4_msgs/px4_msgs/msg/detail/differential_pressure__struct.h\n'}
[0.382310] (px4_msgs) StdoutLine: {'line': b'-- Up-to-date symlink: /home/lee/workspace/ros2_ex_mav/install/px4_msgs/include/px4_msgs/px4_msgs/msg/detail/differential_pressure__type_support.h\n'}
[0.382345] (px4_msgs) StdoutLine: {'line': b'-- Up-to-date symlink: /home/lee/workspace/ros2_ex_mav/install/px4_msgs/include/px4_msgs/px4_msgs/msg/detail/distance_sensor__functions.h\n'}
[0.382379] (px4_msgs) StdoutLine: {'line': b'-- Up-to-date symlink: /home/lee/workspace/ros2_ex_mav/install/px4_msgs/include/px4_msgs/px4_msgs/msg/detail/distance_sensor__struct.h\n'}
[0.382412] (px4_msgs) StdoutLine: {'line': b'-- Up-to-date symlink: /home/lee/workspace/ros2_ex_mav/install/px4_msgs/include/px4_msgs/px4_msgs/msg/detail/distance_sensor__type_support.h\n'}
[0.382446] (px4_msgs) StdoutLine: {'line': b'-- Up-to-date symlink: /home/lee/workspace/ros2_ex_mav/install/px4_msgs/include/px4_msgs/px4_msgs/msg/detail/ekf2_timestamps__functions.h\n'}
[0.382479] (px4_msgs) StdoutLine: {'line': b'-- Up-to-date symlink: /home/lee/workspace/ros2_ex_mav/install/px4_msgs/include/px4_msgs/px4_msgs/msg/detail/ekf2_timestamps__struct.h\n'}
[0.382512] (px4_msgs) StdoutLine: {'line': b'-- Up-to-date symlink: /home/lee/workspace/ros2_ex_mav/install/px4_msgs/include/px4_msgs/px4_msgs/msg/detail/ekf2_timestamps__type_support.h\n'}
[0.382544] (px4_msgs) StdoutLine: {'line': b'-- Up-to-date symlink: /home/lee/workspace/ros2_ex_mav/install/px4_msgs/include/px4_msgs/px4_msgs/msg/detail/esc_report__functions.h\n'}
[0.382578] (px4_msgs) StdoutLine: {'line': b'-- Up-to-date symlink: /home/lee/workspace/ros2_ex_mav/install/px4_msgs/include/px4_msgs/px4_msgs/msg/detail/esc_report__struct.h\n'}
[0.382611] (px4_msgs) StdoutLine: {'line': b'-- Up-to-date symlink: /home/lee/workspace/ros2_ex_mav/install/px4_msgs/include/px4_msgs/px4_msgs/msg/detail/esc_report__type_support.h\n'}
[0.382648] (px4_msgs) StdoutLine: {'line': b'-- Up-to-date symlink: /home/lee/workspace/ros2_ex_mav/install/px4_msgs/include/px4_msgs/px4_msgs/msg/detail/esc_status__functions.h\n'}
[0.382682] (px4_msgs) StdoutLine: {'line': b'-- Up-to-date symlink: /home/lee/workspace/ros2_ex_mav/install/px4_msgs/include/px4_msgs/px4_msgs/msg/detail/esc_status__struct.h\n'}
[0.382715] (px4_msgs) StdoutLine: {'line': b'-- Up-to-date symlink: /home/lee/workspace/ros2_ex_mav/install/px4_msgs/include/px4_msgs/px4_msgs/msg/detail/esc_status__type_support.h\n'}
[0.382749] (px4_msgs) StdoutLine: {'line': b'-- Up-to-date symlink: /home/lee/workspace/ros2_ex_mav/install/px4_msgs/include/px4_msgs/px4_msgs/msg/detail/estimator_aid_source1d__functions.h\n'}
[0.382785] (px4_msgs) StdoutLine: {'line': b'-- Up-to-date symlink: /home/lee/workspace/ros2_ex_mav/install/px4_msgs/include/px4_msgs/px4_msgs/msg/detail/estimator_aid_source1d__struct.h\n'}
[0.382819] (px4_msgs) StdoutLine: {'line': b'-- Up-to-date symlink: /home/lee/workspace/ros2_ex_mav/install/px4_msgs/include/px4_msgs/px4_msgs/msg/detail/estimator_aid_source1d__type_support.h\n'}
[0.382853] (px4_msgs) StdoutLine: {'line': b'-- Up-to-date symlink: /home/lee/workspace/ros2_ex_mav/install/px4_msgs/include/px4_msgs/px4_msgs/msg/detail/estimator_aid_source2d__functions.h\n'}
[0.382889] (px4_msgs) StdoutLine: {'line': b'-- Up-to-date symlink: /home/lee/workspace/ros2_ex_mav/install/px4_msgs/include/px4_msgs/px4_msgs/msg/detail/estimator_aid_source2d__struct.h\n'}
[0.382922] (px4_msgs) StdoutLine: {'line': b'-- Up-to-date symlink: /home/lee/workspace/ros2_ex_mav/install/px4_msgs/include/px4_msgs/px4_msgs/msg/detail/estimator_aid_source2d__type_support.h\n'}
[0.382955] (px4_msgs) StdoutLine: {'line': b'-- Up-to-date symlink: /home/lee/workspace/ros2_ex_mav/install/px4_msgs/include/px4_msgs/px4_msgs/msg/detail/estimator_aid_source3d__functions.h\n'}
[0.382995] (px4_msgs) StdoutLine: {'line': b'-- Up-to-date symlink: /home/lee/workspace/ros2_ex_mav/install/px4_msgs/include/px4_msgs/px4_msgs/msg/detail/estimator_aid_source3d__struct.h\n'}
[0.383024] (px4_msgs) StdoutLine: {'line': b'-- Up-to-date symlink: /home/lee/workspace/ros2_ex_mav/install/px4_msgs/include/px4_msgs/px4_msgs/msg/detail/estimator_aid_source3d__type_support.h\n'}
[0.383059] (px4_msgs) StdoutLine: {'line': b'-- Up-to-date symlink: /home/lee/workspace/ros2_ex_mav/install/px4_msgs/include/px4_msgs/px4_msgs/msg/detail/estimator_bias3d__functions.h\n'}
[0.383094] (px4_msgs) StdoutLine: {'line': b'-- Up-to-date symlink: /home/lee/workspace/ros2_ex_mav/install/px4_msgs/include/px4_msgs/px4_msgs/msg/detail/estimator_bias3d__struct.h\n'}
[0.383128] (px4_msgs) StdoutLine: {'line': b'-- Up-to-date symlink: /home/lee/workspace/ros2_ex_mav/install/px4_msgs/include/px4_msgs/px4_msgs/msg/detail/estimator_bias3d__type_support.h\n'}
[0.383161] (px4_msgs) StdoutLine: {'line': b'-- Up-to-date symlink: /home/lee/workspace/ros2_ex_mav/install/px4_msgs/include/px4_msgs/px4_msgs/msg/detail/estimator_bias__functions.h\n'}
[0.383195] (px4_msgs) StdoutLine: {'line': b'-- Up-to-date symlink: /home/lee/workspace/ros2_ex_mav/install/px4_msgs/include/px4_msgs/px4_msgs/msg/detail/estimator_bias__struct.h\n'}
[0.383227] (px4_msgs) StdoutLine: {'line': b'-- Up-to-date symlink: /home/lee/workspace/ros2_ex_mav/install/px4_msgs/include/px4_msgs/px4_msgs/msg/detail/estimator_bias__type_support.h\n'}
[0.383263] (px4_msgs) StdoutLine: {'line': b'-- Up-to-date symlink: /home/lee/workspace/ros2_ex_mav/install/px4_msgs/include/px4_msgs/px4_msgs/msg/detail/estimator_event_flags__functions.h\n'}
[0.383300] (px4_msgs) StdoutLine: {'line': b'-- Up-to-date symlink: /home/lee/workspace/ros2_ex_mav/install/px4_msgs/include/px4_msgs/px4_msgs/msg/detail/estimator_event_flags__struct.h\n'}
[0.383331] (px4_msgs) StdoutLine: {'line': b'-- Up-to-date symlink: /home/lee/workspace/ros2_ex_mav/install/px4_msgs/include/px4_msgs/px4_msgs/msg/detail/estimator_event_flags__type_support.h\n'}
[0.383365] (px4_msgs) StdoutLine: {'line': b'-- Up-to-date symlink: /home/lee/workspace/ros2_ex_mav/install/px4_msgs/include/px4_msgs/px4_msgs/msg/detail/estimator_gps_status__functions.h\n'}
[0.383399] (px4_msgs) StdoutLine: {'line': b'-- Up-to-date symlink: /home/lee/workspace/ros2_ex_mav/install/px4_msgs/include/px4_msgs/px4_msgs/msg/detail/estimator_gps_status__struct.h\n'}
[0.383431] (px4_msgs) StdoutLine: {'line': b'-- Up-to-date symlink: /home/lee/workspace/ros2_ex_mav/install/px4_msgs/include/px4_msgs/px4_msgs/msg/detail/estimator_gps_status__type_support.h\n'}
[0.383464] (px4_msgs) StdoutLine: {'line': b'-- Up-to-date symlink: /home/lee/workspace/ros2_ex_mav/install/px4_msgs/include/px4_msgs/px4_msgs/msg/detail/estimator_innovations__functions.h\n'}
[0.383497] (px4_msgs) StdoutLine: {'line': b'-- Up-to-date symlink: /home/lee/workspace/ros2_ex_mav/install/px4_msgs/include/px4_msgs/px4_msgs/msg/detail/estimator_innovations__struct.h\n'}
[0.383530] (px4_msgs) StdoutLine: {'line': b'-- Up-to-date symlink: /home/lee/workspace/ros2_ex_mav/install/px4_msgs/include/px4_msgs/px4_msgs/msg/detail/estimator_innovations__type_support.h\n'}
[0.383562] (px4_msgs) StdoutLine: {'line': b'-- Up-to-date symlink: /home/lee/workspace/ros2_ex_mav/install/px4_msgs/include/px4_msgs/px4_msgs/msg/detail/estimator_selector_status__functions.h\n'}
[0.383595] (px4_msgs) StdoutLine: {'line': b'-- Up-to-date symlink: /home/lee/workspace/ros2_ex_mav/install/px4_msgs/include/px4_msgs/px4_msgs/msg/detail/estimator_selector_status__struct.h\n'}
[0.383629] (px4_msgs) StdoutLine: {'line': b'-- Up-to-date symlink: /home/lee/workspace/ros2_ex_mav/install/px4_msgs/include/px4_msgs/px4_msgs/msg/detail/estimator_selector_status__type_support.h\n'}
[0.383749] (px4_msgs) StdoutLine: {'line': b'-- Up-to-date symlink: /home/lee/workspace/ros2_ex_mav/install/px4_msgs/include/px4_msgs/px4_msgs/msg/detail/estimator_sensor_bias__functions.h\n'}
[0.383815] (px4_msgs) StdoutLine: {'line': b'-- Up-to-date symlink: /home/lee/workspace/ros2_ex_mav/install/px4_msgs/include/px4_msgs/px4_msgs/msg/detail/estimator_sensor_bias__struct.h\n'}
[0.383842] (px4_msgs) StdoutLine: {'line': b'-- Up-to-date symlink: /home/lee/workspace/ros2_ex_mav/install/px4_msgs/include/px4_msgs/px4_msgs/msg/detail/estimator_sensor_bias__type_support.h\n'}
[0.383870] (px4_msgs) StdoutLine: {'line': b'-- Up-to-date symlink: /home/lee/workspace/ros2_ex_mav/install/px4_msgs/include/px4_msgs/px4_msgs/msg/detail/estimator_states__functions.h\n'}
[0.383891] (px4_msgs) StdoutLine: {'line': b'-- Up-to-date symlink: /home/lee/workspace/ros2_ex_mav/install/px4_msgs/include/px4_msgs/px4_msgs/msg/detail/estimator_states__struct.h\n'}
[0.383927] (px4_msgs) StdoutLine: {'line': b'-- Up-to-date symlink: /home/lee/workspace/ros2_ex_mav/install/px4_msgs/include/px4_msgs/px4_msgs/msg/detail/estimator_states__type_support.h\n'}
[0.383948] (px4_msgs) StdoutLine: {'line': b'-- Up-to-date symlink: /home/lee/workspace/ros2_ex_mav/install/px4_msgs/include/px4_msgs/px4_msgs/msg/detail/estimator_status__functions.h\n'}
[0.383968] (px4_msgs) StdoutLine: {'line': b'-- Up-to-date symlink: /home/lee/workspace/ros2_ex_mav/install/px4_msgs/include/px4_msgs/px4_msgs/msg/detail/estimator_status__struct.h\n'}
[0.383988] (px4_msgs) StdoutLine: {'line': b'-- Up-to-date symlink: /home/lee/workspace/ros2_ex_mav/install/px4_msgs/include/px4_msgs/px4_msgs/msg/detail/estimator_status__type_support.h\n'}
[0.384021] (px4_msgs) StdoutLine: {'line': b'-- Up-to-date symlink: /home/lee/workspace/ros2_ex_mav/install/px4_msgs/include/px4_msgs/px4_msgs/msg/detail/estimator_status_flags__functions.h\n'}
[0.384043] (px4_msgs) StdoutLine: {'line': b'-- Up-to-date symlink: /home/lee/workspace/ros2_ex_mav/install/px4_msgs/include/px4_msgs/px4_msgs/msg/detail/estimator_status_flags__struct.h\n'}
[0.384075] (px4_msgs) StdoutLine: {'line': b'-- Up-to-date symlink: /home/lee/workspace/ros2_ex_mav/install/px4_msgs/include/px4_msgs/px4_msgs/msg/detail/estimator_status_flags__type_support.h\n'}
[0.384097] (px4_msgs) StdoutLine: {'line': b'-- Up-to-date symlink: /home/lee/workspace/ros2_ex_mav/install/px4_msgs/include/px4_msgs/px4_msgs/msg/detail/event__functions.h\n'}
[0.384129] (px4_msgs) StdoutLine: {'line': b'-- Up-to-date symlink: /home/lee/workspace/ros2_ex_mav/install/px4_msgs/include/px4_msgs/px4_msgs/msg/detail/event__struct.h\n'}
[0.384149] (px4_msgs) StdoutLine: {'line': b'-- Up-to-date symlink: /home/lee/workspace/ros2_ex_mav/install/px4_msgs/include/px4_msgs/px4_msgs/msg/detail/event__type_support.h\n'}
[0.384177] (px4_msgs) StdoutLine: {'line': b'-- Up-to-date symlink: /home/lee/workspace/ros2_ex_mav/install/px4_msgs/include/px4_msgs/px4_msgs/msg/detail/failsafe_flags__functions.h\n'}
[0.384205] (px4_msgs) StdoutLine: {'line': b'-- Up-to-date symlink: /home/lee/workspace/ros2_ex_mav/install/px4_msgs/include/px4_msgs/px4_msgs/msg/detail/failsafe_flags__struct.h\n'}
[0.384233] (px4_msgs) StdoutLine: {'line': b'-- Up-to-date symlink: /home/lee/workspace/ros2_ex_mav/install/px4_msgs/include/px4_msgs/px4_msgs/msg/detail/failsafe_flags__type_support.h\n'}
[0.384261] (px4_msgs) StdoutLine: {'line': b'-- Up-to-date symlink: /home/lee/workspace/ros2_ex_mav/install/px4_msgs/include/px4_msgs/px4_msgs/msg/detail/failure_detector_status__functions.h\n'}
[0.384293] (px4_msgs) StdoutLine: {'line': b'-- Up-to-date symlink: /home/lee/workspace/ros2_ex_mav/install/px4_msgs/include/px4_msgs/px4_msgs/msg/detail/failure_detector_status__struct.h\n'}
[0.384327] (px4_msgs) StdoutLine: {'line': b'-- Up-to-date symlink: /home/lee/workspace/ros2_ex_mav/install/px4_msgs/include/px4_msgs/px4_msgs/msg/detail/failure_detector_status__type_support.h\n'}
[0.384362] (px4_msgs) StdoutLine: {'line': b'-- Up-to-date symlink: /home/lee/workspace/ros2_ex_mav/install/px4_msgs/include/px4_msgs/px4_msgs/msg/detail/follow_target__functions.h\n'}
[0.384396] (px4_msgs) StdoutLine: {'line': b'-- Up-to-date symlink: /home/lee/workspace/ros2_ex_mav/install/px4_msgs/include/px4_msgs/px4_msgs/msg/detail/follow_target__struct.h\n'}
[0.384429] (px4_msgs) StdoutLine: {'line': b'-- Up-to-date symlink: /home/lee/workspace/ros2_ex_mav/install/px4_msgs/include/px4_msgs/px4_msgs/msg/detail/follow_target__type_support.h\n'}
[0.384463] (px4_msgs) StdoutLine: {'line': b'-- Up-to-date symlink: /home/lee/workspace/ros2_ex_mav/install/px4_msgs/include/px4_msgs/px4_msgs/msg/detail/follow_target_estimator__functions.h\n'}
[0.384497] (px4_msgs) StdoutLine: {'line': b'-- Up-to-date symlink: /home/lee/workspace/ros2_ex_mav/install/px4_msgs/include/px4_msgs/px4_msgs/msg/detail/follow_target_estimator__struct.h\n'}
[0.384531] (px4_msgs) StdoutLine: {'line': b'-- Up-to-date symlink: /home/lee/workspace/ros2_ex_mav/install/px4_msgs/include/px4_msgs/px4_msgs/msg/detail/follow_target_estimator__type_support.h\n'}
[0.384565] (px4_msgs) StdoutLine: {'line': b'-- Up-to-date symlink: /home/lee/workspace/ros2_ex_mav/install/px4_msgs/include/px4_msgs/px4_msgs/msg/detail/follow_target_status__functions.h\n'}
[0.384599] (px4_msgs) StdoutLine: {'line': b'-- Up-to-date symlink: /home/lee/workspace/ros2_ex_mav/install/px4_msgs/include/px4_msgs/px4_msgs/msg/detail/follow_target_status__struct.h\n'}
[0.384636] (px4_msgs) StdoutLine: {'line': b'-- Up-to-date symlink: /home/lee/workspace/ros2_ex_mav/install/px4_msgs/include/px4_msgs/px4_msgs/msg/detail/follow_target_status__type_support.h\n'}
[0.384674] (px4_msgs) StdoutLine: {'line': b'-- Up-to-date symlink: /home/lee/workspace/ros2_ex_mav/install/px4_msgs/include/px4_msgs/px4_msgs/msg/detail/generator_status__functions.h\n'}
[0.384708] (px4_msgs) StdoutLine: {'line': b'-- Up-to-date symlink: /home/lee/workspace/ros2_ex_mav/install/px4_msgs/include/px4_msgs/px4_msgs/msg/detail/generator_status__struct.h\n'}
[0.384742] (px4_msgs) StdoutLine: {'line': b'-- Up-to-date symlink: /home/lee/workspace/ros2_ex_mav/install/px4_msgs/include/px4_msgs/px4_msgs/msg/detail/generator_status__type_support.h\n'}
[0.384776] (px4_msgs) StdoutLine: {'line': b'-- Up-to-date symlink: /home/lee/workspace/ros2_ex_mav/install/px4_msgs/include/px4_msgs/px4_msgs/msg/detail/geofence_result__functions.h\n'}
[0.384809] (px4_msgs) StdoutLine: {'line': b'-- Up-to-date symlink: /home/lee/workspace/ros2_ex_mav/install/px4_msgs/include/px4_msgs/px4_msgs/msg/detail/geofence_result__struct.h\n'}
[0.384843] (px4_msgs) StdoutLine: {'line': b'-- Up-to-date symlink: /home/lee/workspace/ros2_ex_mav/install/px4_msgs/include/px4_msgs/px4_msgs/msg/detail/geofence_result__type_support.h\n'}
[0.384876] (px4_msgs) StdoutLine: {'line': b'-- Up-to-date symlink: /home/lee/workspace/ros2_ex_mav/install/px4_msgs/include/px4_msgs/px4_msgs/msg/detail/gimbal_controls__functions.h\n'}
[0.384909] (px4_msgs) StdoutLine: {'line': b'-- Up-to-date symlink: /home/lee/workspace/ros2_ex_mav/install/px4_msgs/include/px4_msgs/px4_msgs/msg/detail/gimbal_controls__struct.h\n'}
[0.384942] (px4_msgs) StdoutLine: {'line': b'-- Up-to-date symlink: /home/lee/workspace/ros2_ex_mav/install/px4_msgs/include/px4_msgs/px4_msgs/msg/detail/gimbal_controls__type_support.h\n'}
[0.384977] (px4_msgs) StdoutLine: {'line': b'-- Up-to-date symlink: /home/lee/workspace/ros2_ex_mav/install/px4_msgs/include/px4_msgs/px4_msgs/msg/detail/gimbal_device_attitude_status__functions.h\n'}
[0.385012] (px4_msgs) StdoutLine: {'line': b'-- Up-to-date symlink: /home/lee/workspace/ros2_ex_mav/install/px4_msgs/include/px4_msgs/px4_msgs/msg/detail/gimbal_device_attitude_status__struct.h\n'}
[0.385046] (px4_msgs) StdoutLine: {'line': b'-- Up-to-date symlink: /home/lee/workspace/ros2_ex_mav/install/px4_msgs/include/px4_msgs/px4_msgs/msg/detail/gimbal_device_attitude_status__type_support.h\n'}
[0.385080] (px4_msgs) StdoutLine: {'line': b'-- Up-to-date symlink: /home/lee/workspace/ros2_ex_mav/install/px4_msgs/include/px4_msgs/px4_msgs/msg/detail/gimbal_device_information__functions.h\n'}
[0.385114] (px4_msgs) StdoutLine: {'line': b'-- Up-to-date symlink: /home/lee/workspace/ros2_ex_mav/install/px4_msgs/include/px4_msgs/px4_msgs/msg/detail/gimbal_device_information__struct.h\n'}
[0.385147] (px4_msgs) StdoutLine: {'line': b'-- Up-to-date symlink: /home/lee/workspace/ros2_ex_mav/install/px4_msgs/include/px4_msgs/px4_msgs/msg/detail/gimbal_device_information__type_support.h\n'}
[0.385179] (px4_msgs) StdoutLine: {'line': b'-- Up-to-date symlink: /home/lee/workspace/ros2_ex_mav/install/px4_msgs/include/px4_msgs/px4_msgs/msg/detail/gimbal_device_set_attitude__functions.h\n'}
[0.385212] (px4_msgs) StdoutLine: {'line': b'-- Up-to-date symlink: /home/lee/workspace/ros2_ex_mav/install/px4_msgs/include/px4_msgs/px4_msgs/msg/detail/gimbal_device_set_attitude__struct.h\n'}
[0.385245] (px4_msgs) StdoutLine: {'line': b'-- Up-to-date symlink: /home/lee/workspace/ros2_ex_mav/install/px4_msgs/include/px4_msgs/px4_msgs/msg/detail/gimbal_device_set_attitude__type_support.h\n'}
[0.385278] (px4_msgs) StdoutLine: {'line': b'-- Up-to-date symlink: /home/lee/workspace/ros2_ex_mav/install/px4_msgs/include/px4_msgs/px4_msgs/msg/detail/gimbal_manager_information__functions.h\n'}
[0.385309] (px4_msgs) StdoutLine: {'line': b'-- Up-to-date symlink: /home/lee/workspace/ros2_ex_mav/install/px4_msgs/include/px4_msgs/px4_msgs/msg/detail/gimbal_manager_information__struct.h\n'}
[0.385342] (px4_msgs) StdoutLine: {'line': b'-- Up-to-date symlink: /home/lee/workspace/ros2_ex_mav/install/px4_msgs/include/px4_msgs/px4_msgs/msg/detail/gimbal_manager_information__type_support.h\n'}
[0.385374] (px4_msgs) StdoutLine: {'line': b'-- Up-to-date symlink: /home/lee/workspace/ros2_ex_mav/install/px4_msgs/include/px4_msgs/px4_msgs/msg/detail/gimbal_manager_set_attitude__functions.h\n'}
[0.385407] (px4_msgs) StdoutLine: {'line': b'-- Up-to-date symlink: /home/lee/workspace/ros2_ex_mav/install/px4_msgs/include/px4_msgs/px4_msgs/msg/detail/gimbal_manager_set_attitude__struct.h\n'}
[0.385440] (px4_msgs) StdoutLine: {'line': b'-- Up-to-date symlink: /home/lee/workspace/ros2_ex_mav/install/px4_msgs/include/px4_msgs/px4_msgs/msg/detail/gimbal_manager_set_attitude__type_support.h\n'}
[0.385473] (px4_msgs) StdoutLine: {'line': b'-- Up-to-date symlink: /home/lee/workspace/ros2_ex_mav/install/px4_msgs/include/px4_msgs/px4_msgs/msg/detail/gimbal_manager_set_manual_control__functions.h\n'}
[0.385506] (px4_msgs) StdoutLine: {'line': b'-- Up-to-date symlink: /home/lee/workspace/ros2_ex_mav/install/px4_msgs/include/px4_msgs/px4_msgs/msg/detail/gimbal_manager_set_manual_control__struct.h\n'}
[0.385540] (px4_msgs) StdoutLine: {'line': b'-- Up-to-date symlink: /home/lee/workspace/ros2_ex_mav/install/px4_msgs/include/px4_msgs/px4_msgs/msg/detail/gimbal_manager_set_manual_control__type_support.h\n'}
[0.385572] (px4_msgs) StdoutLine: {'line': b'-- Up-to-date symlink: /home/lee/workspace/ros2_ex_mav/install/px4_msgs/include/px4_msgs/px4_msgs/msg/detail/gimbal_manager_status__functions.h\n'}
[0.385606] (px4_msgs) StdoutLine: {'line': b'-- Up-to-date symlink: /home/lee/workspace/ros2_ex_mav/install/px4_msgs/include/px4_msgs/px4_msgs/msg/detail/gimbal_manager_status__struct.h\n'}
[0.385640] (px4_msgs) StdoutLine: {'line': b'-- Up-to-date symlink: /home/lee/workspace/ros2_ex_mav/install/px4_msgs/include/px4_msgs/px4_msgs/msg/detail/gimbal_manager_status__type_support.h\n'}
[0.385677] (px4_msgs) StdoutLine: {'line': b'-- Up-to-date symlink: /home/lee/workspace/ros2_ex_mav/install/px4_msgs/include/px4_msgs/px4_msgs/msg/detail/gps_dump__functions.h\n'}
[0.385708] (px4_msgs) StdoutLine: {'line': b'-- Up-to-date symlink: /home/lee/workspace/ros2_ex_mav/install/px4_msgs/include/px4_msgs/px4_msgs/msg/detail/gps_dump__struct.h\n'}
[0.385740] (px4_msgs) StdoutLine: {'line': b'-- Up-to-date symlink: /home/lee/workspace/ros2_ex_mav/install/px4_msgs/include/px4_msgs/px4_msgs/msg/detail/gps_dump__type_support.h\n'}
[0.385774] (px4_msgs) StdoutLine: {'line': b'-- Up-to-date symlink: /home/lee/workspace/ros2_ex_mav/install/px4_msgs/include/px4_msgs/px4_msgs/msg/detail/gps_inject_data__functions.h\n'}
[0.385807] (px4_msgs) StdoutLine: {'line': b'-- Up-to-date symlink: /home/lee/workspace/ros2_ex_mav/install/px4_msgs/include/px4_msgs/px4_msgs/msg/detail/gps_inject_data__struct.h\n'}
[0.385841] (px4_msgs) StdoutLine: {'line': b'-- Up-to-date symlink: /home/lee/workspace/ros2_ex_mav/install/px4_msgs/include/px4_msgs/px4_msgs/msg/detail/gps_inject_data__type_support.h\n'}
[0.385873] (px4_msgs) StdoutLine: {'line': b'-- Up-to-date symlink: /home/lee/workspace/ros2_ex_mav/install/px4_msgs/include/px4_msgs/px4_msgs/msg/detail/gripper__functions.h\n'}
[0.385907] (px4_msgs) StdoutLine: {'line': b'-- Up-to-date symlink: /home/lee/workspace/ros2_ex_mav/install/px4_msgs/include/px4_msgs/px4_msgs/msg/detail/gripper__struct.h\n'}
[0.385940] (px4_msgs) StdoutLine: {'line': b'-- Up-to-date symlink: /home/lee/workspace/ros2_ex_mav/install/px4_msgs/include/px4_msgs/px4_msgs/msg/detail/gripper__type_support.h\n'}
[0.385972] (px4_msgs) StdoutLine: {'line': b'-- Up-to-date symlink: /home/lee/workspace/ros2_ex_mav/install/px4_msgs/include/px4_msgs/px4_msgs/msg/detail/health_report__functions.h\n'}
[0.386004] (px4_msgs) StdoutLine: {'line': b'-- Up-to-date symlink: /home/lee/workspace/ros2_ex_mav/install/px4_msgs/include/px4_msgs/px4_msgs/msg/detail/health_report__struct.h\n'}
[0.386036] (px4_msgs) StdoutLine: {'line': b'-- Up-to-date symlink: /home/lee/workspace/ros2_ex_mav/install/px4_msgs/include/px4_msgs/px4_msgs/msg/detail/health_report__type_support.h\n'}
[0.386069] (px4_msgs) StdoutLine: {'line': b'-- Up-to-date symlink: /home/lee/workspace/ros2_ex_mav/install/px4_msgs/include/px4_msgs/px4_msgs/msg/detail/heater_status__functions.h\n'}
[0.386101] (px4_msgs) StdoutLine: {'line': b'-- Up-to-date symlink: /home/lee/workspace/ros2_ex_mav/install/px4_msgs/include/px4_msgs/px4_msgs/msg/detail/heater_status__struct.h\n'}
[0.386135] (px4_msgs) StdoutLine: {'line': b'-- Up-to-date symlink: /home/lee/workspace/ros2_ex_mav/install/px4_msgs/include/px4_msgs/px4_msgs/msg/detail/heater_status__type_support.h\n'}
[0.386365] (px4_msgs) StdoutLine: {'line': b'-- Up-to-date symlink: /home/lee/workspace/ros2_ex_mav/install/px4_msgs/include/px4_msgs/px4_msgs/msg/detail/home_position__functions.h\n'}
[0.386385] (px4_msgs) StdoutLine: {'line': b'-- Up-to-date symlink: /home/lee/workspace/ros2_ex_mav/install/px4_msgs/include/px4_msgs/px4_msgs/msg/detail/home_position__struct.h\n'}
[0.386404] (px4_msgs) StdoutLine: {'line': b'-- Up-to-date symlink: /home/lee/workspace/ros2_ex_mav/install/px4_msgs/include/px4_msgs/px4_msgs/msg/detail/home_position__type_support.h\n'}
[0.386422] (px4_msgs) StdoutLine: {'line': b'-- Up-to-date symlink: /home/lee/workspace/ros2_ex_mav/install/px4_msgs/include/px4_msgs/px4_msgs/msg/detail/hover_thrust_estimate__functions.h\n'}
[0.386443] (px4_msgs) StdoutLine: {'line': b'-- Up-to-date symlink: /home/lee/workspace/ros2_ex_mav/install/px4_msgs/include/px4_msgs/px4_msgs/msg/detail/hover_thrust_estimate__struct.h\n'}
[0.386460] (px4_msgs) StdoutLine: {'line': b'-- Up-to-date symlink: /home/lee/workspace/ros2_ex_mav/install/px4_msgs/include/px4_msgs/px4_msgs/msg/detail/hover_thrust_estimate__type_support.h\n'}
[0.386478] (px4_msgs) StdoutLine: {'line': b'-- Up-to-date symlink: /home/lee/workspace/ros2_ex_mav/install/px4_msgs/include/px4_msgs/px4_msgs/msg/detail/input_rc__functions.h\n'}
[0.386540] (px4_msgs) StdoutLine: {'line': b'-- Up-to-date symlink: /home/lee/workspace/ros2_ex_mav/install/px4_msgs/include/px4_msgs/px4_msgs/msg/detail/input_rc__struct.h\n'}
[0.386559] (px4_msgs) StdoutLine: {'line': b'-- Up-to-date symlink: /home/lee/workspace/ros2_ex_mav/install/px4_msgs/include/px4_msgs/px4_msgs/msg/detail/input_rc__type_support.h\n'}
[0.386584] (px4_msgs) StdoutLine: {'line': b'-- Up-to-date symlink: /home/lee/workspace/ros2_ex_mav/install/px4_msgs/include/px4_msgs/px4_msgs/msg/detail/internal_combustion_engine_status__functions.h\n'}
[0.386603] (px4_msgs) StdoutLine: {'line': b'-- Up-to-date symlink: /home/lee/workspace/ros2_ex_mav/install/px4_msgs/include/px4_msgs/px4_msgs/msg/detail/internal_combustion_engine_status__struct.h\n'}
[0.386629] (px4_msgs) StdoutLine: {'line': b'-- Up-to-date symlink: /home/lee/workspace/ros2_ex_mav/install/px4_msgs/include/px4_msgs/px4_msgs/msg/detail/internal_combustion_engine_status__type_support.h\n'}
[0.386651] (px4_msgs) StdoutLine: {'line': b'-- Up-to-date symlink: /home/lee/workspace/ros2_ex_mav/install/px4_msgs/include/px4_msgs/px4_msgs/msg/detail/iridiumsbd_status__functions.h\n'}
[0.386671] (px4_msgs) StdoutLine: {'line': b'-- Up-to-date symlink: /home/lee/workspace/ros2_ex_mav/install/px4_msgs/include/px4_msgs/px4_msgs/msg/detail/iridiumsbd_status__struct.h\n'}
[0.386699] (px4_msgs) StdoutLine: {'line': b'-- Up-to-date symlink: /home/lee/workspace/ros2_ex_mav/install/px4_msgs/include/px4_msgs/px4_msgs/msg/detail/iridiumsbd_status__type_support.h\n'}
[0.386719] (px4_msgs) StdoutLine: {'line': b'-- Up-to-date symlink: /home/lee/workspace/ros2_ex_mav/install/px4_msgs/include/px4_msgs/px4_msgs/msg/detail/irlock_report__functions.h\n'}
[0.386752] (px4_msgs) StdoutLine: {'line': b'-- Up-to-date symlink: /home/lee/workspace/ros2_ex_mav/install/px4_msgs/include/px4_msgs/px4_msgs/msg/detail/irlock_report__struct.h\n'}
[0.386772] (px4_msgs) StdoutLine: {'line': b'-- Up-to-date symlink: /home/lee/workspace/ros2_ex_mav/install/px4_msgs/include/px4_msgs/px4_msgs/msg/detail/irlock_report__type_support.h\n'}
[0.386803] (px4_msgs) StdoutLine: {'line': b'-- Up-to-date symlink: /home/lee/workspace/ros2_ex_mav/install/px4_msgs/include/px4_msgs/px4_msgs/msg/detail/landing_gear__functions.h\n'}
[0.386823] (px4_msgs) StdoutLine: {'line': b'-- Up-to-date symlink: /home/lee/workspace/ros2_ex_mav/install/px4_msgs/include/px4_msgs/px4_msgs/msg/detail/landing_gear__struct.h\n'}
[0.386846] (px4_msgs) StdoutLine: {'line': b'-- Up-to-date symlink: /home/lee/workspace/ros2_ex_mav/install/px4_msgs/include/px4_msgs/px4_msgs/msg/detail/landing_gear__type_support.h\n'}
[0.386872] (px4_msgs) StdoutLine: {'line': b'-- Up-to-date symlink: /home/lee/workspace/ros2_ex_mav/install/px4_msgs/include/px4_msgs/px4_msgs/msg/detail/landing_gear_wheel__functions.h\n'}
[0.386902] (px4_msgs) StdoutLine: {'line': b'-- Up-to-date symlink: /home/lee/workspace/ros2_ex_mav/install/px4_msgs/include/px4_msgs/px4_msgs/msg/detail/landing_gear_wheel__struct.h\n'}
[0.386938] (px4_msgs) StdoutLine: {'line': b'-- Up-to-date symlink: /home/lee/workspace/ros2_ex_mav/install/px4_msgs/include/px4_msgs/px4_msgs/msg/detail/landing_gear_wheel__type_support.h\n'}
[0.386971] (px4_msgs) StdoutLine: {'line': b'-- Up-to-date symlink: /home/lee/workspace/ros2_ex_mav/install/px4_msgs/include/px4_msgs/px4_msgs/msg/detail/landing_target_innovations__functions.h\n'}
[0.387005] (px4_msgs) StdoutLine: {'line': b'-- Up-to-date symlink: /home/lee/workspace/ros2_ex_mav/install/px4_msgs/include/px4_msgs/px4_msgs/msg/detail/landing_target_innovations__struct.h\n'}
[0.387039] (px4_msgs) StdoutLine: {'line': b'-- Up-to-date symlink: /home/lee/workspace/ros2_ex_mav/install/px4_msgs/include/px4_msgs/px4_msgs/msg/detail/landing_target_innovations__type_support.h\n'}
[0.387073] (px4_msgs) StdoutLine: {'line': b'-- Up-to-date symlink: /home/lee/workspace/ros2_ex_mav/install/px4_msgs/include/px4_msgs/px4_msgs/msg/detail/landing_target_pose__functions.h\n'}
[0.387107] (px4_msgs) StdoutLine: {'line': b'-- Up-to-date symlink: /home/lee/workspace/ros2_ex_mav/install/px4_msgs/include/px4_msgs/px4_msgs/msg/detail/landing_target_pose__struct.h\n'}
[0.387140] (px4_msgs) StdoutLine: {'line': b'-- Up-to-date symlink: /home/lee/workspace/ros2_ex_mav/install/px4_msgs/include/px4_msgs/px4_msgs/msg/detail/landing_target_pose__type_support.h\n'}
[0.387174] (px4_msgs) StdoutLine: {'line': b'-- Up-to-date symlink: /home/lee/workspace/ros2_ex_mav/install/px4_msgs/include/px4_msgs/px4_msgs/msg/detail/launch_detection_status__functions.h\n'}
[0.387209] (px4_msgs) StdoutLine: {'line': b'-- Up-to-date symlink: /home/lee/workspace/ros2_ex_mav/install/px4_msgs/include/px4_msgs/px4_msgs/msg/detail/launch_detection_status__struct.h\n'}
[0.387243] (px4_msgs) StdoutLine: {'line': b'-- Up-to-date symlink: /home/lee/workspace/ros2_ex_mav/install/px4_msgs/include/px4_msgs/px4_msgs/msg/detail/launch_detection_status__type_support.h\n'}
[0.387278] (px4_msgs) StdoutLine: {'line': b'-- Up-to-date symlink: /home/lee/workspace/ros2_ex_mav/install/px4_msgs/include/px4_msgs/px4_msgs/msg/detail/led_control__functions.h\n'}
[0.387312] (px4_msgs) StdoutLine: {'line': b'-- Up-to-date symlink: /home/lee/workspace/ros2_ex_mav/install/px4_msgs/include/px4_msgs/px4_msgs/msg/detail/led_control__struct.h\n'}
[0.387345] (px4_msgs) StdoutLine: {'line': b'-- Up-to-date symlink: /home/lee/workspace/ros2_ex_mav/install/px4_msgs/include/px4_msgs/px4_msgs/msg/detail/led_control__type_support.h\n'}
[0.387378] (px4_msgs) StdoutLine: {'line': b'-- Up-to-date symlink: /home/lee/workspace/ros2_ex_mav/install/px4_msgs/include/px4_msgs/px4_msgs/msg/detail/log_message__functions.h\n'}
[0.387410] (px4_msgs) StdoutLine: {'line': b'-- Up-to-date symlink: /home/lee/workspace/ros2_ex_mav/install/px4_msgs/include/px4_msgs/px4_msgs/msg/detail/log_message__struct.h\n'}
[0.387443] (px4_msgs) StdoutLine: {'line': b'-- Up-to-date symlink: /home/lee/workspace/ros2_ex_mav/install/px4_msgs/include/px4_msgs/px4_msgs/msg/detail/log_message__type_support.h\n'}
[0.387474] (px4_msgs) StdoutLine: {'line': b'-- Up-to-date symlink: /home/lee/workspace/ros2_ex_mav/install/px4_msgs/include/px4_msgs/px4_msgs/msg/detail/logger_status__functions.h\n'}
[0.387507] (px4_msgs) StdoutLine: {'line': b'-- Up-to-date symlink: /home/lee/workspace/ros2_ex_mav/install/px4_msgs/include/px4_msgs/px4_msgs/msg/detail/logger_status__struct.h\n'}
[0.387540] (px4_msgs) StdoutLine: {'line': b'-- Up-to-date symlink: /home/lee/workspace/ros2_ex_mav/install/px4_msgs/include/px4_msgs/px4_msgs/msg/detail/logger_status__type_support.h\n'}
[0.387573] (px4_msgs) StdoutLine: {'line': b'-- Up-to-date symlink: /home/lee/workspace/ros2_ex_mav/install/px4_msgs/include/px4_msgs/px4_msgs/msg/detail/mag_worker_data__functions.h\n'}
[0.387605] (px4_msgs) StdoutLine: {'line': b'-- Up-to-date symlink: /home/lee/workspace/ros2_ex_mav/install/px4_msgs/include/px4_msgs/px4_msgs/msg/detail/mag_worker_data__struct.h\n'}
[0.387640] (px4_msgs) StdoutLine: {'line': b'-- Up-to-date symlink: /home/lee/workspace/ros2_ex_mav/install/px4_msgs/include/px4_msgs/px4_msgs/msg/detail/mag_worker_data__type_support.h\n'}
[0.387675] (px4_msgs) StdoutLine: {'line': b'-- Up-to-date symlink: /home/lee/workspace/ros2_ex_mav/install/px4_msgs/include/px4_msgs/px4_msgs/msg/detail/magnetometer_bias_estimate__functions.h\n'}
[0.387708] (px4_msgs) StdoutLine: {'line': b'-- Up-to-date symlink: /home/lee/workspace/ros2_ex_mav/install/px4_msgs/include/px4_msgs/px4_msgs/msg/detail/magnetometer_bias_estimate__struct.h\n'}
[0.387743] (px4_msgs) StdoutLine: {'line': b'-- Up-to-date symlink: /home/lee/workspace/ros2_ex_mav/install/px4_msgs/include/px4_msgs/px4_msgs/msg/detail/magnetometer_bias_estimate__type_support.h\n'}
[0.387776] (px4_msgs) StdoutLine: {'line': b'-- Up-to-date symlink: /home/lee/workspace/ros2_ex_mav/install/px4_msgs/include/px4_msgs/px4_msgs/msg/detail/manual_control_setpoint__functions.h\n'}
[0.387810] (px4_msgs) StdoutLine: {'line': b'-- Up-to-date symlink: /home/lee/workspace/ros2_ex_mav/install/px4_msgs/include/px4_msgs/px4_msgs/msg/detail/manual_control_setpoint__struct.h\n'}
[0.387843] (px4_msgs) StdoutLine: {'line': b'-- Up-to-date symlink: /home/lee/workspace/ros2_ex_mav/install/px4_msgs/include/px4_msgs/px4_msgs/msg/detail/manual_control_setpoint__type_support.h\n'}
[0.387877] (px4_msgs) StdoutLine: {'line': b'-- Up-to-date symlink: /home/lee/workspace/ros2_ex_mav/install/px4_msgs/include/px4_msgs/px4_msgs/msg/detail/manual_control_switches__functions.h\n'}
[0.387911] (px4_msgs) StdoutLine: {'line': b'-- Up-to-date symlink: /home/lee/workspace/ros2_ex_mav/install/px4_msgs/include/px4_msgs/px4_msgs/msg/detail/manual_control_switches__struct.h\n'}
[0.387944] (px4_msgs) StdoutLine: {'line': b'-- Up-to-date symlink: /home/lee/workspace/ros2_ex_mav/install/px4_msgs/include/px4_msgs/px4_msgs/msg/detail/manual_control_switches__type_support.h\n'}
[0.387978] (px4_msgs) StdoutLine: {'line': b'-- Up-to-date symlink: /home/lee/workspace/ros2_ex_mav/install/px4_msgs/include/px4_msgs/px4_msgs/msg/detail/mavlink_log__functions.h\n'}
[0.388012] (px4_msgs) StdoutLine: {'line': b'-- Up-to-date symlink: /home/lee/workspace/ros2_ex_mav/install/px4_msgs/include/px4_msgs/px4_msgs/msg/detail/mavlink_log__struct.h\n'}
[0.388045] (px4_msgs) StdoutLine: {'line': b'-- Up-to-date symlink: /home/lee/workspace/ros2_ex_mav/install/px4_msgs/include/px4_msgs/px4_msgs/msg/detail/mavlink_log__type_support.h\n'}
[0.388078] (px4_msgs) StdoutLine: {'line': b'-- Up-to-date symlink: /home/lee/workspace/ros2_ex_mav/install/px4_msgs/include/px4_msgs/px4_msgs/msg/detail/mavlink_tunnel__functions.h\n'}
[0.388114] (px4_msgs) StdoutLine: {'line': b'-- Up-to-date symlink: /home/lee/workspace/ros2_ex_mav/install/px4_msgs/include/px4_msgs/px4_msgs/msg/detail/mavlink_tunnel__struct.h\n'}
[0.388148] (px4_msgs) StdoutLine: {'line': b'-- Up-to-date symlink: /home/lee/workspace/ros2_ex_mav/install/px4_msgs/include/px4_msgs/px4_msgs/msg/detail/mavlink_tunnel__type_support.h\n'}
[0.388180] (px4_msgs) StdoutLine: {'line': b'-- Up-to-date symlink: /home/lee/workspace/ros2_ex_mav/install/px4_msgs/include/px4_msgs/px4_msgs/msg/detail/mission__functions.h\n'}
[0.388214] (px4_msgs) StdoutLine: {'line': b'-- Up-to-date symlink: /home/lee/workspace/ros2_ex_mav/install/px4_msgs/include/px4_msgs/px4_msgs/msg/detail/mission__struct.h\n'}
[0.388247] (px4_msgs) StdoutLine: {'line': b'-- Up-to-date symlink: /home/lee/workspace/ros2_ex_mav/install/px4_msgs/include/px4_msgs/px4_msgs/msg/detail/mission__type_support.h\n'}
[0.388281] (px4_msgs) StdoutLine: {'line': b'-- Up-to-date symlink: /home/lee/workspace/ros2_ex_mav/install/px4_msgs/include/px4_msgs/px4_msgs/msg/detail/mission_result__functions.h\n'}
[0.388314] (px4_msgs) StdoutLine: {'line': b'-- Up-to-date symlink: /home/lee/workspace/ros2_ex_mav/install/px4_msgs/include/px4_msgs/px4_msgs/msg/detail/mission_result__struct.h\n'}
[0.388347] (px4_msgs) StdoutLine: {'line': b'-- Up-to-date symlink: /home/lee/workspace/ros2_ex_mav/install/px4_msgs/include/px4_msgs/px4_msgs/msg/detail/mission_result__type_support.h\n'}
[0.388381] (px4_msgs) StdoutLine: {'line': b'-- Up-to-date symlink: /home/lee/workspace/ros2_ex_mav/install/px4_msgs/include/px4_msgs/px4_msgs/msg/detail/mode_completed__functions.h\n'}
[0.388413] (px4_msgs) StdoutLine: {'line': b'-- Up-to-date symlink: /home/lee/workspace/ros2_ex_mav/install/px4_msgs/include/px4_msgs/px4_msgs/msg/detail/mode_completed__struct.h\n'}
[0.388447] (px4_msgs) StdoutLine: {'line': b'-- Up-to-date symlink: /home/lee/workspace/ros2_ex_mav/install/px4_msgs/include/px4_msgs/px4_msgs/msg/detail/mode_completed__type_support.h\n'}
[0.388479] (px4_msgs) StdoutLine: {'line': b'-- Up-to-date symlink: /home/lee/workspace/ros2_ex_mav/install/px4_msgs/include/px4_msgs/px4_msgs/msg/detail/mount_orientation__functions.h\n'}
[0.388511] (px4_msgs) StdoutLine: {'line': b'-- Up-to-date symlink: /home/lee/workspace/ros2_ex_mav/install/px4_msgs/include/px4_msgs/px4_msgs/msg/detail/mount_orientation__struct.h\n'}
[0.388545] (px4_msgs) StdoutLine: {'line': b'-- Up-to-date symlink: /home/lee/workspace/ros2_ex_mav/install/px4_msgs/include/px4_msgs/px4_msgs/msg/detail/mount_orientation__type_support.h\n'}
[0.388578] (px4_msgs) StdoutLine: {'line': b'-- Up-to-date symlink: /home/lee/workspace/ros2_ex_mav/install/px4_msgs/include/px4_msgs/px4_msgs/msg/detail/navigator_mission_item__functions.h\n'}
[0.388613] (px4_msgs) StdoutLine: {'line': b'-- Up-to-date symlink: /home/lee/workspace/ros2_ex_mav/install/px4_msgs/include/px4_msgs/px4_msgs/msg/detail/navigator_mission_item__struct.h\n'}
[0.388652] (px4_msgs) StdoutLine: {'line': b'-- Up-to-date symlink: /home/lee/workspace/ros2_ex_mav/install/px4_msgs/include/px4_msgs/px4_msgs/msg/detail/navigator_mission_item__type_support.h\n'}
[0.388686] (px4_msgs) StdoutLine: {'line': b'-- Up-to-date symlink: /home/lee/workspace/ros2_ex_mav/install/px4_msgs/include/px4_msgs/px4_msgs/msg/detail/normalized_unsigned_setpoint__functions.h\n'}
[0.388719] (px4_msgs) StdoutLine: {'line': b'-- Up-to-date symlink: /home/lee/workspace/ros2_ex_mav/install/px4_msgs/include/px4_msgs/px4_msgs/msg/detail/normalized_unsigned_setpoint__struct.h\n'}
[0.388754] (px4_msgs) StdoutLine: {'line': b'-- Up-to-date symlink: /home/lee/workspace/ros2_ex_mav/install/px4_msgs/include/px4_msgs/px4_msgs/msg/detail/normalized_unsigned_setpoint__type_support.h\n'}
[0.388788] (px4_msgs) StdoutLine: {'line': b'-- Up-to-date symlink: /home/lee/workspace/ros2_ex_mav/install/px4_msgs/include/px4_msgs/px4_msgs/msg/detail/npfg_status__functions.h\n'}
[0.388823] (px4_msgs) StdoutLine: {'line': b'-- Up-to-date symlink: /home/lee/workspace/ros2_ex_mav/install/px4_msgs/include/px4_msgs/px4_msgs/msg/detail/npfg_status__struct.h\n'}
[0.388855] (px4_msgs) StdoutLine: {'line': b'-- Up-to-date symlink: /home/lee/workspace/ros2_ex_mav/install/px4_msgs/include/px4_msgs/px4_msgs/msg/detail/npfg_status__type_support.h\n'}
[0.388888] (px4_msgs) StdoutLine: {'line': b'-- Up-to-date symlink: /home/lee/workspace/ros2_ex_mav/install/px4_msgs/include/px4_msgs/px4_msgs/msg/detail/obstacle_distance__functions.h\n'}
[0.388921] (px4_msgs) StdoutLine: {'line': b'-- Up-to-date symlink: /home/lee/workspace/ros2_ex_mav/install/px4_msgs/include/px4_msgs/px4_msgs/msg/detail/obstacle_distance__struct.h\n'}
[0.388954] (px4_msgs) StdoutLine: {'line': b'-- Up-to-date symlink: /home/lee/workspace/ros2_ex_mav/install/px4_msgs/include/px4_msgs/px4_msgs/msg/detail/obstacle_distance__type_support.h\n'}
[0.388988] (px4_msgs) StdoutLine: {'line': b'-- Up-to-date symlink: /home/lee/workspace/ros2_ex_mav/install/px4_msgs/include/px4_msgs/px4_msgs/msg/detail/offboard_control_mode__functions.h\n'}
[0.389021] (px4_msgs) StdoutLine: {'line': b'-- Up-to-date symlink: /home/lee/workspace/ros2_ex_mav/install/px4_msgs/include/px4_msgs/px4_msgs/msg/detail/offboard_control_mode__struct.h\n'}
[0.389056] (px4_msgs) StdoutLine: {'line': b'-- Up-to-date symlink: /home/lee/workspace/ros2_ex_mav/install/px4_msgs/include/px4_msgs/px4_msgs/msg/detail/offboard_control_mode__type_support.h\n'}
[0.389088] (px4_msgs) StdoutLine: {'line': b'-- Up-to-date symlink: /home/lee/workspace/ros2_ex_mav/install/px4_msgs/include/px4_msgs/px4_msgs/msg/detail/onboard_computer_status__functions.h\n'}
[0.389122] (px4_msgs) StdoutLine: {'line': b'-- Up-to-date symlink: /home/lee/workspace/ros2_ex_mav/install/px4_msgs/include/px4_msgs/px4_msgs/msg/detail/onboard_computer_status__struct.h\n'}
[0.389155] (px4_msgs) StdoutLine: {'line': b'-- Up-to-date symlink: /home/lee/workspace/ros2_ex_mav/install/px4_msgs/include/px4_msgs/px4_msgs/msg/detail/onboard_computer_status__type_support.h\n'}
[0.389189] (px4_msgs) StdoutLine: {'line': b'-- Up-to-date symlink: /home/lee/workspace/ros2_ex_mav/install/px4_msgs/include/px4_msgs/px4_msgs/msg/detail/orb_test__functions.h\n'}
[0.389222] (px4_msgs) StdoutLine: {'line': b'-- Up-to-date symlink: /home/lee/workspace/ros2_ex_mav/install/px4_msgs/include/px4_msgs/px4_msgs/msg/detail/orb_test__struct.h\n'}
[0.389255] (px4_msgs) StdoutLine: {'line': b'-- Up-to-date symlink: /home/lee/workspace/ros2_ex_mav/install/px4_msgs/include/px4_msgs/px4_msgs/msg/detail/orb_test__type_support.h\n'}
[0.389289] (px4_msgs) StdoutLine: {'line': b'-- Up-to-date symlink: /home/lee/workspace/ros2_ex_mav/install/px4_msgs/include/px4_msgs/px4_msgs/msg/detail/orb_test_large__functions.h\n'}
[0.389320] (px4_msgs) StdoutLine: {'line': b'-- Up-to-date symlink: /home/lee/workspace/ros2_ex_mav/install/px4_msgs/include/px4_msgs/px4_msgs/msg/detail/orb_test_large__struct.h\n'}
[0.389352] (px4_msgs) StdoutLine: {'line': b'-- Up-to-date symlink: /home/lee/workspace/ros2_ex_mav/install/px4_msgs/include/px4_msgs/px4_msgs/msg/detail/orb_test_large__type_support.h\n'}
[0.389384] (px4_msgs) StdoutLine: {'line': b'-- Up-to-date symlink: /home/lee/workspace/ros2_ex_mav/install/px4_msgs/include/px4_msgs/px4_msgs/msg/detail/orb_test_medium__functions.h\n'}
[0.389492] (px4_msgs) StdoutLine: {'line': b'-- Up-to-date symlink: /home/lee/workspace/ros2_ex_mav/install/px4_msgs/include/px4_msgs/px4_msgs/msg/detail/orb_test_medium__struct.h\n'}
[0.389551] (px4_msgs) StdoutLine: {'line': b'-- Up-to-date symlink: /home/lee/workspace/ros2_ex_mav/install/px4_msgs/include/px4_msgs/px4_msgs/msg/detail/orb_test_medium__type_support.h\n'}
[0.389571] (px4_msgs) StdoutLine: {'line': b'-- Up-to-date symlink: /home/lee/workspace/ros2_ex_mav/install/px4_msgs/include/px4_msgs/px4_msgs/msg/detail/orbit_status__functions.h\n'}
[0.389597] (px4_msgs) StdoutLine: {'line': b'-- Up-to-date symlink: /home/lee/workspace/ros2_ex_mav/install/px4_msgs/include/px4_msgs/px4_msgs/msg/detail/orbit_status__struct.h\n'}
[0.389617] (px4_msgs) StdoutLine: {'line': b'-- Up-to-date symlink: /home/lee/workspace/ros2_ex_mav/install/px4_msgs/include/px4_msgs/px4_msgs/msg/detail/orbit_status__type_support.h\n'}
[0.389639] (px4_msgs) StdoutLine: {'line': b'-- Up-to-date symlink: /home/lee/workspace/ros2_ex_mav/install/px4_msgs/include/px4_msgs/px4_msgs/msg/detail/parameter_update__functions.h\n'}
[0.389674] (px4_msgs) StdoutLine: {'line': b'-- Up-to-date symlink: /home/lee/workspace/ros2_ex_mav/install/px4_msgs/include/px4_msgs/px4_msgs/msg/detail/parameter_update__struct.h\n'}
[0.389693] (px4_msgs) StdoutLine: {'line': b'-- Up-to-date symlink: /home/lee/workspace/ros2_ex_mav/install/px4_msgs/include/px4_msgs/px4_msgs/msg/detail/parameter_update__type_support.h\n'}
[0.389711] (px4_msgs) StdoutLine: {'line': b'-- Up-to-date symlink: /home/lee/workspace/ros2_ex_mav/install/px4_msgs/include/px4_msgs/px4_msgs/msg/detail/ping__functions.h\n'}
[0.389742] (px4_msgs) StdoutLine: {'line': b'-- Up-to-date symlink: /home/lee/workspace/ros2_ex_mav/install/px4_msgs/include/px4_msgs/px4_msgs/msg/detail/ping__struct.h\n'}
[0.389761] (px4_msgs) StdoutLine: {'line': b'-- Up-to-date symlink: /home/lee/workspace/ros2_ex_mav/install/px4_msgs/include/px4_msgs/px4_msgs/msg/detail/ping__type_support.h\n'}
[0.389790] (px4_msgs) StdoutLine: {'line': b'-- Up-to-date symlink: /home/lee/workspace/ros2_ex_mav/install/px4_msgs/include/px4_msgs/px4_msgs/msg/detail/position_controller_landing_status__functions.h\n'}
[0.389818] (px4_msgs) StdoutLine: {'line': b'-- Up-to-date symlink: /home/lee/workspace/ros2_ex_mav/install/px4_msgs/include/px4_msgs/px4_msgs/msg/detail/position_controller_landing_status__struct.h\n'}
[0.389847] (px4_msgs) StdoutLine: {'line': b'-- Up-to-date symlink: /home/lee/workspace/ros2_ex_mav/install/px4_msgs/include/px4_msgs/px4_msgs/msg/detail/position_controller_landing_status__type_support.h\n'}
[0.389900] (px4_msgs) StdoutLine: {'line': b'-- Up-to-date symlink: /home/lee/workspace/ros2_ex_mav/install/px4_msgs/include/px4_msgs/px4_msgs/msg/detail/position_controller_status__functions.h\n'}
[0.389935] (px4_msgs) StdoutLine: {'line': b'-- Up-to-date symlink: /home/lee/workspace/ros2_ex_mav/install/px4_msgs/include/px4_msgs/px4_msgs/msg/detail/position_controller_status__struct.h\n'}
[0.389965] (px4_msgs) StdoutLine: {'line': b'-- Up-to-date symlink: /home/lee/workspace/ros2_ex_mav/install/px4_msgs/include/px4_msgs/px4_msgs/msg/detail/position_controller_status__type_support.h\n'}
[0.389993] (px4_msgs) StdoutLine: {'line': b'-- Up-to-date symlink: /home/lee/workspace/ros2_ex_mav/install/px4_msgs/include/px4_msgs/px4_msgs/msg/detail/position_setpoint__functions.h\n'}
[0.390025] (px4_msgs) StdoutLine: {'line': b'-- Up-to-date symlink: /home/lee/workspace/ros2_ex_mav/install/px4_msgs/include/px4_msgs/px4_msgs/msg/detail/position_setpoint__struct.h\n'}
[0.390060] (px4_msgs) StdoutLine: {'line': b'-- Up-to-date symlink: /home/lee/workspace/ros2_ex_mav/install/px4_msgs/include/px4_msgs/px4_msgs/msg/detail/position_setpoint__type_support.h\n'}
[0.390093] (px4_msgs) StdoutLine: {'line': b'-- Up-to-date symlink: /home/lee/workspace/ros2_ex_mav/install/px4_msgs/include/px4_msgs/px4_msgs/msg/detail/position_setpoint_triplet__functions.h\n'}
[0.390126] (px4_msgs) StdoutLine: {'line': b'-- Up-to-date symlink: /home/lee/workspace/ros2_ex_mav/install/px4_msgs/include/px4_msgs/px4_msgs/msg/detail/position_setpoint_triplet__struct.h\n'}
[0.390160] (px4_msgs) StdoutLine: {'line': b'-- Up-to-date symlink: /home/lee/workspace/ros2_ex_mav/install/px4_msgs/include/px4_msgs/px4_msgs/msg/detail/position_setpoint_triplet__type_support.h\n'}
[0.390196] (px4_msgs) StdoutLine: {'line': b'-- Up-to-date symlink: /home/lee/workspace/ros2_ex_mav/install/px4_msgs/include/px4_msgs/px4_msgs/msg/detail/power_button_state__functions.h\n'}
[0.390231] (px4_msgs) StdoutLine: {'line': b'-- Up-to-date symlink: /home/lee/workspace/ros2_ex_mav/install/px4_msgs/include/px4_msgs/px4_msgs/msg/detail/power_button_state__struct.h\n'}
[0.390265] (px4_msgs) StdoutLine: {'line': b'-- Up-to-date symlink: /home/lee/workspace/ros2_ex_mav/install/px4_msgs/include/px4_msgs/px4_msgs/msg/detail/power_button_state__type_support.h\n'}
[0.390295] (px4_msgs) StdoutLine: {'line': b'-- Up-to-date symlink: /home/lee/workspace/ros2_ex_mav/install/px4_msgs/include/px4_msgs/px4_msgs/msg/detail/power_monitor__functions.h\n'}
[0.390328] (px4_msgs) StdoutLine: {'line': b'-- Up-to-date symlink: /home/lee/workspace/ros2_ex_mav/install/px4_msgs/include/px4_msgs/px4_msgs/msg/detail/power_monitor__struct.h\n'}
[0.390361] (px4_msgs) StdoutLine: {'line': b'-- Up-to-date symlink: /home/lee/workspace/ros2_ex_mav/install/px4_msgs/include/px4_msgs/px4_msgs/msg/detail/power_monitor__type_support.h\n'}
[0.390394] (px4_msgs) StdoutLine: {'line': b'-- Up-to-date symlink: /home/lee/workspace/ros2_ex_mav/install/px4_msgs/include/px4_msgs/px4_msgs/msg/detail/pps_capture__functions.h\n'}
[0.390427] (px4_msgs) StdoutLine: {'line': b'-- Up-to-date symlink: /home/lee/workspace/ros2_ex_mav/install/px4_msgs/include/px4_msgs/px4_msgs/msg/detail/pps_capture__struct.h\n'}
[0.390461] (px4_msgs) StdoutLine: {'line': b'-- Up-to-date symlink: /home/lee/workspace/ros2_ex_mav/install/px4_msgs/include/px4_msgs/px4_msgs/msg/detail/pps_capture__type_support.h\n'}
[0.390494] (px4_msgs) StdoutLine: {'line': b'-- Up-to-date symlink: /home/lee/workspace/ros2_ex_mav/install/px4_msgs/include/px4_msgs/px4_msgs/msg/detail/pwm_input__functions.h\n'}
[0.390526] (px4_msgs) StdoutLine: {'line': b'-- Up-to-date symlink: /home/lee/workspace/ros2_ex_mav/install/px4_msgs/include/px4_msgs/px4_msgs/msg/detail/pwm_input__struct.h\n'}
[0.390559] (px4_msgs) StdoutLine: {'line': b'-- Up-to-date symlink: /home/lee/workspace/ros2_ex_mav/install/px4_msgs/include/px4_msgs/px4_msgs/msg/detail/pwm_input__type_support.h\n'}
[0.390591] (px4_msgs) StdoutLine: {'line': b'-- Up-to-date symlink: /home/lee/workspace/ros2_ex_mav/install/px4_msgs/include/px4_msgs/px4_msgs/msg/detail/px4io_status__functions.h\n'}
[0.390624] (px4_msgs) StdoutLine: {'line': b'-- Up-to-date symlink: /home/lee/workspace/ros2_ex_mav/install/px4_msgs/include/px4_msgs/px4_msgs/msg/detail/px4io_status__struct.h\n'}
[0.390660] (px4_msgs) StdoutLine: {'line': b'-- Up-to-date symlink: /home/lee/workspace/ros2_ex_mav/install/px4_msgs/include/px4_msgs/px4_msgs/msg/detail/px4io_status__type_support.h\n'}
[0.390693] (px4_msgs) StdoutLine: {'line': b'-- Up-to-date symlink: /home/lee/workspace/ros2_ex_mav/install/px4_msgs/include/px4_msgs/px4_msgs/msg/detail/qshell_req__functions.h\n'}
[0.390725] (px4_msgs) StdoutLine: {'line': b'-- Up-to-date symlink: /home/lee/workspace/ros2_ex_mav/install/px4_msgs/include/px4_msgs/px4_msgs/msg/detail/qshell_req__struct.h\n'}
[0.390757] (px4_msgs) StdoutLine: {'line': b'-- Up-to-date symlink: /home/lee/workspace/ros2_ex_mav/install/px4_msgs/include/px4_msgs/px4_msgs/msg/detail/qshell_req__type_support.h\n'}
[0.390789] (px4_msgs) StdoutLine: {'line': b'-- Up-to-date symlink: /home/lee/workspace/ros2_ex_mav/install/px4_msgs/include/px4_msgs/px4_msgs/msg/detail/qshell_retval__functions.h\n'}
[0.390822] (px4_msgs) StdoutLine: {'line': b'-- Up-to-date symlink: /home/lee/workspace/ros2_ex_mav/install/px4_msgs/include/px4_msgs/px4_msgs/msg/detail/qshell_retval__struct.h\n'}
[0.390855] (px4_msgs) StdoutLine: {'line': b'-- Up-to-date symlink: /home/lee/workspace/ros2_ex_mav/install/px4_msgs/include/px4_msgs/px4_msgs/msg/detail/qshell_retval__type_support.h\n'}
[0.390888] (px4_msgs) StdoutLine: {'line': b'-- Up-to-date symlink: /home/lee/workspace/ros2_ex_mav/install/px4_msgs/include/px4_msgs/px4_msgs/msg/detail/radio_status__functions.h\n'}
[0.390921] (px4_msgs) StdoutLine: {'line': b'-- Up-to-date symlink: /home/lee/workspace/ros2_ex_mav/install/px4_msgs/include/px4_msgs/px4_msgs/msg/detail/radio_status__struct.h\n'}
[0.390955] (px4_msgs) StdoutLine: {'line': b'-- Up-to-date symlink: /home/lee/workspace/ros2_ex_mav/install/px4_msgs/include/px4_msgs/px4_msgs/msg/detail/radio_status__type_support.h\n'}
[0.390987] (px4_msgs) StdoutLine: {'line': b'-- Up-to-date symlink: /home/lee/workspace/ros2_ex_mav/install/px4_msgs/include/px4_msgs/px4_msgs/msg/detail/rate_ctrl_status__functions.h\n'}
[0.391020] (px4_msgs) StdoutLine: {'line': b'-- Up-to-date symlink: /home/lee/workspace/ros2_ex_mav/install/px4_msgs/include/px4_msgs/px4_msgs/msg/detail/rate_ctrl_status__struct.h\n'}
[0.391053] (px4_msgs) StdoutLine: {'line': b'-- Up-to-date symlink: /home/lee/workspace/ros2_ex_mav/install/px4_msgs/include/px4_msgs/px4_msgs/msg/detail/rate_ctrl_status__type_support.h\n'}
[0.391086] (px4_msgs) StdoutLine: {'line': b'-- Up-to-date symlink: /home/lee/workspace/ros2_ex_mav/install/px4_msgs/include/px4_msgs/px4_msgs/msg/detail/rc_channels__functions.h\n'}
[0.391119] (px4_msgs) StdoutLine: {'line': b'-- Up-to-date symlink: /home/lee/workspace/ros2_ex_mav/install/px4_msgs/include/px4_msgs/px4_msgs/msg/detail/rc_channels__struct.h\n'}
[0.391151] (px4_msgs) StdoutLine: {'line': b'-- Up-to-date symlink: /home/lee/workspace/ros2_ex_mav/install/px4_msgs/include/px4_msgs/px4_msgs/msg/detail/rc_channels__type_support.h\n'}
[0.391186] (px4_msgs) StdoutLine: {'line': b'-- Up-to-date symlink: /home/lee/workspace/ros2_ex_mav/install/px4_msgs/include/px4_msgs/px4_msgs/msg/detail/rc_parameter_map__functions.h\n'}
[0.391222] (px4_msgs) StdoutLine: {'line': b'-- Up-to-date symlink: /home/lee/workspace/ros2_ex_mav/install/px4_msgs/include/px4_msgs/px4_msgs/msg/detail/rc_parameter_map__struct.h\n'}
[0.391254] (px4_msgs) StdoutLine: {'line': b'-- Up-to-date symlink: /home/lee/workspace/ros2_ex_mav/install/px4_msgs/include/px4_msgs/px4_msgs/msg/detail/rc_parameter_map__type_support.h\n'}
[0.391284] (px4_msgs) StdoutLine: {'line': b'-- Up-to-date symlink: /home/lee/workspace/ros2_ex_mav/install/px4_msgs/include/px4_msgs/px4_msgs/msg/detail/rpm__functions.h\n'}
[0.391319] (px4_msgs) StdoutLine: {'line': b'-- Up-to-date symlink: /home/lee/workspace/ros2_ex_mav/install/px4_msgs/include/px4_msgs/px4_msgs/msg/detail/rpm__struct.h\n'}
[0.391352] (px4_msgs) StdoutLine: {'line': b'-- Up-to-date symlink: /home/lee/workspace/ros2_ex_mav/install/px4_msgs/include/px4_msgs/px4_msgs/msg/detail/rpm__type_support.h\n'}
[0.391385] (px4_msgs) StdoutLine: {'line': b'-- Up-to-date symlink: /home/lee/workspace/ros2_ex_mav/install/px4_msgs/include/px4_msgs/px4_msgs/msg/detail/rtl_time_estimate__functions.h\n'}
[0.391418] (px4_msgs) StdoutLine: {'line': b'-- Up-to-date symlink: /home/lee/workspace/ros2_ex_mav/install/px4_msgs/include/px4_msgs/px4_msgs/msg/detail/rtl_time_estimate__struct.h\n'}
[0.391451] (px4_msgs) StdoutLine: {'line': b'-- Up-to-date symlink: /home/lee/workspace/ros2_ex_mav/install/px4_msgs/include/px4_msgs/px4_msgs/msg/detail/rtl_time_estimate__type_support.h\n'}
[0.391484] (px4_msgs) StdoutLine: {'line': b'-- Up-to-date symlink: /home/lee/workspace/ros2_ex_mav/install/px4_msgs/include/px4_msgs/px4_msgs/msg/detail/satellite_info__functions.h\n'}
[0.391516] (px4_msgs) StdoutLine: {'line': b'-- Up-to-date symlink: /home/lee/workspace/ros2_ex_mav/install/px4_msgs/include/px4_msgs/px4_msgs/msg/detail/satellite_info__struct.h\n'}
[0.391548] (px4_msgs) StdoutLine: {'line': b'-- Up-to-date symlink: /home/lee/workspace/ros2_ex_mav/install/px4_msgs/include/px4_msgs/px4_msgs/msg/detail/satellite_info__type_support.h\n'}
[0.391581] (px4_msgs) StdoutLine: {'line': b'-- Up-to-date symlink: /home/lee/workspace/ros2_ex_mav/install/px4_msgs/include/px4_msgs/px4_msgs/msg/detail/sensor_accel__functions.h\n'}
[0.391613] (px4_msgs) StdoutLine: {'line': b'-- Up-to-date symlink: /home/lee/workspace/ros2_ex_mav/install/px4_msgs/include/px4_msgs/px4_msgs/msg/detail/sensor_accel__struct.h\n'}
[0.391647] (px4_msgs) StdoutLine: {'line': b'-- Up-to-date symlink: /home/lee/workspace/ros2_ex_mav/install/px4_msgs/include/px4_msgs/px4_msgs/msg/detail/sensor_accel__type_support.h\n'}
[0.391680] (px4_msgs) StdoutLine: {'line': b'-- Up-to-date symlink: /home/lee/workspace/ros2_ex_mav/install/px4_msgs/include/px4_msgs/px4_msgs/msg/detail/sensor_accel_fifo__functions.h\n'}
[0.391712] (px4_msgs) StdoutLine: {'line': b'-- Up-to-date symlink: /home/lee/workspace/ros2_ex_mav/install/px4_msgs/include/px4_msgs/px4_msgs/msg/detail/sensor_accel_fifo__struct.h\n'}
[0.391745] (px4_msgs) StdoutLine: {'line': b'-- Up-to-date symlink: /home/lee/workspace/ros2_ex_mav/install/px4_msgs/include/px4_msgs/px4_msgs/msg/detail/sensor_accel_fifo__type_support.h\n'}
[0.391777] (px4_msgs) StdoutLine: {'line': b'-- Up-to-date symlink: /home/lee/workspace/ros2_ex_mav/install/px4_msgs/include/px4_msgs/px4_msgs/msg/detail/sensor_baro__functions.h\n'}
[0.391809] (px4_msgs) StdoutLine: {'line': b'-- Up-to-date symlink: /home/lee/workspace/ros2_ex_mav/install/px4_msgs/include/px4_msgs/px4_msgs/msg/detail/sensor_baro__struct.h\n'}
[0.391841] (px4_msgs) StdoutLine: {'line': b'-- Up-to-date symlink: /home/lee/workspace/ros2_ex_mav/install/px4_msgs/include/px4_msgs/px4_msgs/msg/detail/sensor_baro__type_support.h\n'}
[0.391873] (px4_msgs) StdoutLine: {'line': b'-- Up-to-date symlink: /home/lee/workspace/ros2_ex_mav/install/px4_msgs/include/px4_msgs/px4_msgs/msg/detail/sensor_combined__functions.h\n'}
[0.391905] (px4_msgs) StdoutLine: {'line': b'-- Up-to-date symlink: /home/lee/workspace/ros2_ex_mav/install/px4_msgs/include/px4_msgs/px4_msgs/msg/detail/sensor_combined__struct.h\n'}
[0.391937] (px4_msgs) StdoutLine: {'line': b'-- Up-to-date symlink: /home/lee/workspace/ros2_ex_mav/install/px4_msgs/include/px4_msgs/px4_msgs/msg/detail/sensor_combined__type_support.h\n'}
[0.391969] (px4_msgs) StdoutLine: {'line': b'-- Up-to-date symlink: /home/lee/workspace/ros2_ex_mav/install/px4_msgs/include/px4_msgs/px4_msgs/msg/detail/sensor_correction__functions.h\n'}
[0.392000] (px4_msgs) StdoutLine: {'line': b'-- Up-to-date symlink: /home/lee/workspace/ros2_ex_mav/install/px4_msgs/include/px4_msgs/px4_msgs/msg/detail/sensor_correction__struct.h\n'}
[0.392033] (px4_msgs) StdoutLine: {'line': b'-- Up-to-date symlink: /home/lee/workspace/ros2_ex_mav/install/px4_msgs/include/px4_msgs/px4_msgs/msg/detail/sensor_correction__type_support.h\n'}
[0.392065] (px4_msgs) StdoutLine: {'line': b'-- Up-to-date symlink: /home/lee/workspace/ros2_ex_mav/install/px4_msgs/include/px4_msgs/px4_msgs/msg/detail/sensor_gnss_relative__functions.h\n'}
[0.392097] (px4_msgs) StdoutLine: {'line': b'-- Up-to-date symlink: /home/lee/workspace/ros2_ex_mav/install/px4_msgs/include/px4_msgs/px4_msgs/msg/detail/sensor_gnss_relative__struct.h\n'}
[0.392130] (px4_msgs) StdoutLine: {'line': b'-- Up-to-date symlink: /home/lee/workspace/ros2_ex_mav/install/px4_msgs/include/px4_msgs/px4_msgs/msg/detail/sensor_gnss_relative__type_support.h\n'}
[0.392163] (px4_msgs) StdoutLine: {'line': b'-- Up-to-date symlink: /home/lee/workspace/ros2_ex_mav/install/px4_msgs/include/px4_msgs/px4_msgs/msg/detail/sensor_gps__functions.h\n'}
[0.392196] (px4_msgs) StdoutLine: {'line': b'-- Up-to-date symlink: /home/lee/workspace/ros2_ex_mav/install/px4_msgs/include/px4_msgs/px4_msgs/msg/detail/sensor_gps__struct.h\n'}
[0.392228] (px4_msgs) StdoutLine: {'line': b'-- Up-to-date symlink: /home/lee/workspace/ros2_ex_mav/install/px4_msgs/include/px4_msgs/px4_msgs/msg/detail/sensor_gps__type_support.h\n'}
[0.392260] (px4_msgs) StdoutLine: {'line': b'-- Up-to-date symlink: /home/lee/workspace/ros2_ex_mav/install/px4_msgs/include/px4_msgs/px4_msgs/msg/detail/sensor_gyro__functions.h\n'}
[0.392292] (px4_msgs) StdoutLine: {'line': b'-- Up-to-date symlink: /home/lee/workspace/ros2_ex_mav/install/px4_msgs/include/px4_msgs/px4_msgs/msg/detail/sensor_gyro__struct.h\n'}
[0.392324] (px4_msgs) StdoutLine: {'line': b'-- Up-to-date symlink: /home/lee/workspace/ros2_ex_mav/install/px4_msgs/include/px4_msgs/px4_msgs/msg/detail/sensor_gyro__type_support.h\n'}
[0.392356] (px4_msgs) StdoutLine: {'line': b'-- Up-to-date symlink: /home/lee/workspace/ros2_ex_mav/install/px4_msgs/include/px4_msgs/px4_msgs/msg/detail/sensor_gyro_fft__functions.h\n'}
[0.392389] (px4_msgs) StdoutLine: {'line': b'-- Up-to-date symlink: /home/lee/workspace/ros2_ex_mav/install/px4_msgs/include/px4_msgs/px4_msgs/msg/detail/sensor_gyro_fft__struct.h\n'}
[0.392421] (px4_msgs) StdoutLine: {'line': b'-- Up-to-date symlink: /home/lee/workspace/ros2_ex_mav/install/px4_msgs/include/px4_msgs/px4_msgs/msg/detail/sensor_gyro_fft__type_support.h\n'}
[0.392453] (px4_msgs) StdoutLine: {'line': b'-- Up-to-date symlink: /home/lee/workspace/ros2_ex_mav/install/px4_msgs/include/px4_msgs/px4_msgs/msg/detail/sensor_gyro_fifo__functions.h\n'}
[0.392487] (px4_msgs) StdoutLine: {'line': b'-- Up-to-date symlink: /home/lee/workspace/ros2_ex_mav/install/px4_msgs/include/px4_msgs/px4_msgs/msg/detail/sensor_gyro_fifo__struct.h\n'}
[0.392520] (px4_msgs) StdoutLine: {'line': b'-- Up-to-date symlink: /home/lee/workspace/ros2_ex_mav/install/px4_msgs/include/px4_msgs/px4_msgs/msg/detail/sensor_gyro_fifo__type_support.h\n'}
[0.392552] (px4_msgs) StdoutLine: {'line': b'-- Up-to-date symlink: /home/lee/workspace/ros2_ex_mav/install/px4_msgs/include/px4_msgs/px4_msgs/msg/detail/sensor_hygrometer__functions.h\n'}
[0.392585] (px4_msgs) StdoutLine: {'line': b'-- Up-to-date symlink: /home/lee/workspace/ros2_ex_mav/install/px4_msgs/include/px4_msgs/px4_msgs/msg/detail/sensor_hygrometer__struct.h\n'}
[0.392618] (px4_msgs) StdoutLine: {'line': b'-- Up-to-date symlink: /home/lee/workspace/ros2_ex_mav/install/px4_msgs/include/px4_msgs/px4_msgs/msg/detail/sensor_hygrometer__type_support.h\n'}
[0.392653] (px4_msgs) StdoutLine: {'line': b'-- Up-to-date symlink: /home/lee/workspace/ros2_ex_mav/install/px4_msgs/include/px4_msgs/px4_msgs/msg/detail/sensor_mag__functions.h\n'}
[0.392688] (px4_msgs) StdoutLine: {'line': b'-- Up-to-date symlink: /home/lee/workspace/ros2_ex_mav/install/px4_msgs/include/px4_msgs/px4_msgs/msg/detail/sensor_mag__struct.h\n'}
[0.392721] (px4_msgs) StdoutLine: {'line': b'-- Up-to-date symlink: /home/lee/workspace/ros2_ex_mav/install/px4_msgs/include/px4_msgs/px4_msgs/msg/detail/sensor_mag__type_support.h\n'}
[0.392752] (px4_msgs) StdoutLine: {'line': b'-- Up-to-date symlink: /home/lee/workspace/ros2_ex_mav/install/px4_msgs/include/px4_msgs/px4_msgs/msg/detail/sensor_optical_flow__functions.h\n'}
[0.392785] (px4_msgs) StdoutLine: {'line': b'-- Up-to-date symlink: /home/lee/workspace/ros2_ex_mav/install/px4_msgs/include/px4_msgs/px4_msgs/msg/detail/sensor_optical_flow__struct.h\n'}
[0.392821] (px4_msgs) StdoutLine: {'line': b'-- Up-to-date symlink: /home/lee/workspace/ros2_ex_mav/install/px4_msgs/include/px4_msgs/px4_msgs/msg/detail/sensor_optical_flow__type_support.h\n'}
[0.392854] (px4_msgs) StdoutLine: {'line': b'-- Up-to-date symlink: /home/lee/workspace/ros2_ex_mav/install/px4_msgs/include/px4_msgs/px4_msgs/msg/detail/sensor_preflight_mag__functions.h\n'}
[0.392887] (px4_msgs) StdoutLine: {'line': b'-- Up-to-date symlink: /home/lee/workspace/ros2_ex_mav/install/px4_msgs/include/px4_msgs/px4_msgs/msg/detail/sensor_preflight_mag__struct.h\n'}
[0.392920] (px4_msgs) StdoutLine: {'line': b'-- Up-to-date symlink: /home/lee/workspace/ros2_ex_mav/install/px4_msgs/include/px4_msgs/px4_msgs/msg/detail/sensor_preflight_mag__type_support.h\n'}
[0.392954] (px4_msgs) StdoutLine: {'line': b'-- Up-to-date symlink: /home/lee/workspace/ros2_ex_mav/install/px4_msgs/include/px4_msgs/px4_msgs/msg/detail/sensor_selection__functions.h\n'}
[0.392987] (px4_msgs) StdoutLine: {'line': b'-- Up-to-date symlink: /home/lee/workspace/ros2_ex_mav/install/px4_msgs/include/px4_msgs/px4_msgs/msg/detail/sensor_selection__struct.h\n'}
[0.393020] (px4_msgs) StdoutLine: {'line': b'-- Up-to-date symlink: /home/lee/workspace/ros2_ex_mav/install/px4_msgs/include/px4_msgs/px4_msgs/msg/detail/sensor_selection__type_support.h\n'}
[0.393054] (px4_msgs) StdoutLine: {'line': b'-- Up-to-date symlink: /home/lee/workspace/ros2_ex_mav/install/px4_msgs/include/px4_msgs/px4_msgs/msg/detail/sensor_uwb__functions.h\n'}
[0.393086] (px4_msgs) StdoutLine: {'line': b'-- Up-to-date symlink: /home/lee/workspace/ros2_ex_mav/install/px4_msgs/include/px4_msgs/px4_msgs/msg/detail/sensor_uwb__struct.h\n'}
[0.393119] (px4_msgs) StdoutLine: {'line': b'-- Up-to-date symlink: /home/lee/workspace/ros2_ex_mav/install/px4_msgs/include/px4_msgs/px4_msgs/msg/detail/sensor_uwb__type_support.h\n'}
[0.393156] (px4_msgs) StdoutLine: {'line': b'-- Up-to-date symlink: /home/lee/workspace/ros2_ex_mav/install/px4_msgs/include/px4_msgs/px4_msgs/msg/detail/sensors_status__functions.h\n'}
[0.393189] (px4_msgs) StdoutLine: {'line': b'-- Up-to-date symlink: /home/lee/workspace/ros2_ex_mav/install/px4_msgs/include/px4_msgs/px4_msgs/msg/detail/sensors_status__struct.h\n'}
[0.393222] (px4_msgs) StdoutLine: {'line': b'-- Up-to-date symlink: /home/lee/workspace/ros2_ex_mav/install/px4_msgs/include/px4_msgs/px4_msgs/msg/detail/sensors_status__type_support.h\n'}
[0.393255] (px4_msgs) StdoutLine: {'line': b'-- Up-to-date symlink: /home/lee/workspace/ros2_ex_mav/install/px4_msgs/include/px4_msgs/px4_msgs/msg/detail/sensors_status_imu__functions.h\n'}
[0.393288] (px4_msgs) StdoutLine: {'line': b'-- Up-to-date symlink: /home/lee/workspace/ros2_ex_mav/install/px4_msgs/include/px4_msgs/px4_msgs/msg/detail/sensors_status_imu__struct.h\n'}
[0.393321] (px4_msgs) StdoutLine: {'line': b'-- Up-to-date symlink: /home/lee/workspace/ros2_ex_mav/install/px4_msgs/include/px4_msgs/px4_msgs/msg/detail/sensors_status_imu__type_support.h\n'}
[0.393354] (px4_msgs) StdoutLine: {'line': b'-- Up-to-date symlink: /home/lee/workspace/ros2_ex_mav/install/px4_msgs/include/px4_msgs/px4_msgs/msg/detail/system_power__functions.h\n'}
[0.393386] (px4_msgs) StdoutLine: {'line': b'-- Up-to-date symlink: /home/lee/workspace/ros2_ex_mav/install/px4_msgs/include/px4_msgs/px4_msgs/msg/detail/system_power__struct.h\n'}
[0.393416] (px4_msgs) StdoutLine: {'line': b'-- Up-to-date symlink: /home/lee/workspace/ros2_ex_mav/install/px4_msgs/include/px4_msgs/px4_msgs/msg/detail/system_power__type_support.h\n'}
[0.393449] (px4_msgs) StdoutLine: {'line': b'-- Up-to-date symlink: /home/lee/workspace/ros2_ex_mav/install/px4_msgs/include/px4_msgs/px4_msgs/msg/detail/takeoff_status__functions.h\n'}
[0.393481] (px4_msgs) StdoutLine: {'line': b'-- Up-to-date symlink: /home/lee/workspace/ros2_ex_mav/install/px4_msgs/include/px4_msgs/px4_msgs/msg/detail/takeoff_status__struct.h\n'}
[0.393513] (px4_msgs) StdoutLine: {'line': b'-- Up-to-date symlink: /home/lee/workspace/ros2_ex_mav/install/px4_msgs/include/px4_msgs/px4_msgs/msg/detail/takeoff_status__type_support.h\n'}
[0.393545] (px4_msgs) StdoutLine: {'line': b'-- Up-to-date symlink: /home/lee/workspace/ros2_ex_mav/install/px4_msgs/include/px4_msgs/px4_msgs/msg/detail/task_stack_info__functions.h\n'}
[0.393577] (px4_msgs) StdoutLine: {'line': b'-- Up-to-date symlink: /home/lee/workspace/ros2_ex_mav/install/px4_msgs/include/px4_msgs/px4_msgs/msg/detail/task_stack_info__struct.h\n'}
[0.393608] (px4_msgs) StdoutLine: {'line': b'-- Up-to-date symlink: /home/lee/workspace/ros2_ex_mav/install/px4_msgs/include/px4_msgs/px4_msgs/msg/detail/task_stack_info__type_support.h\n'}
[0.393643] (px4_msgs) StdoutLine: {'line': b'-- Up-to-date symlink: /home/lee/workspace/ros2_ex_mav/install/px4_msgs/include/px4_msgs/px4_msgs/msg/detail/tecs_status__functions.h\n'}
[0.393673] (px4_msgs) StdoutLine: {'line': b'-- Up-to-date symlink: /home/lee/workspace/ros2_ex_mav/install/px4_msgs/include/px4_msgs/px4_msgs/msg/detail/tecs_status__struct.h\n'}
[0.393704] (px4_msgs) StdoutLine: {'line': b'-- Up-to-date symlink: /home/lee/workspace/ros2_ex_mav/install/px4_msgs/include/px4_msgs/px4_msgs/msg/detail/tecs_status__type_support.h\n'}
[0.393736] (px4_msgs) StdoutLine: {'line': b'-- Up-to-date symlink: /home/lee/workspace/ros2_ex_mav/install/px4_msgs/include/px4_msgs/px4_msgs/msg/detail/telemetry_status__functions.h\n'}
[0.393769] (px4_msgs) StdoutLine: {'line': b'-- Up-to-date symlink: /home/lee/workspace/ros2_ex_mav/install/px4_msgs/include/px4_msgs/px4_msgs/msg/detail/telemetry_status__struct.h\n'}
[0.393801] (px4_msgs) StdoutLine: {'line': b'-- Up-to-date symlink: /home/lee/workspace/ros2_ex_mav/install/px4_msgs/include/px4_msgs/px4_msgs/msg/detail/telemetry_status__type_support.h\n'}
[0.393835] (px4_msgs) StdoutLine: {'line': b'-- Up-to-date symlink: /home/lee/workspace/ros2_ex_mav/install/px4_msgs/include/px4_msgs/px4_msgs/msg/detail/tiltrotor_extra_controls__functions.h\n'}
[0.393868] (px4_msgs) StdoutLine: {'line': b'-- Up-to-date symlink: /home/lee/workspace/ros2_ex_mav/install/px4_msgs/include/px4_msgs/px4_msgs/msg/detail/tiltrotor_extra_controls__struct.h\n'}
[0.393902] (px4_msgs) StdoutLine: {'line': b'-- Up-to-date symlink: /home/lee/workspace/ros2_ex_mav/install/px4_msgs/include/px4_msgs/px4_msgs/msg/detail/tiltrotor_extra_controls__type_support.h\n'}
[0.393936] (px4_msgs) StdoutLine: {'line': b'-- Up-to-date symlink: /home/lee/workspace/ros2_ex_mav/install/px4_msgs/include/px4_msgs/px4_msgs/msg/detail/timesync_status__functions.h\n'}
[0.393970] (px4_msgs) StdoutLine: {'line': b'-- Up-to-date symlink: /home/lee/workspace/ros2_ex_mav/install/px4_msgs/include/px4_msgs/px4_msgs/msg/detail/timesync_status__struct.h\n'}
[0.394004] (px4_msgs) StdoutLine: {'line': b'-- Up-to-date symlink: /home/lee/workspace/ros2_ex_mav/install/px4_msgs/include/px4_msgs/px4_msgs/msg/detail/timesync_status__type_support.h\n'}
[0.394036] (px4_msgs) StdoutLine: {'line': b'-- Up-to-date symlink: /home/lee/workspace/ros2_ex_mav/install/px4_msgs/include/px4_msgs/px4_msgs/msg/detail/trajectory_bezier__functions.h\n'}
[0.394069] (px4_msgs) StdoutLine: {'line': b'-- Up-to-date symlink: /home/lee/workspace/ros2_ex_mav/install/px4_msgs/include/px4_msgs/px4_msgs/msg/detail/trajectory_bezier__struct.h\n'}
[0.394102] (px4_msgs) StdoutLine: {'line': b'-- Up-to-date symlink: /home/lee/workspace/ros2_ex_mav/install/px4_msgs/include/px4_msgs/px4_msgs/msg/detail/trajectory_bezier__type_support.h\n'}
[0.394134] (px4_msgs) StdoutLine: {'line': b'-- Up-to-date symlink: /home/lee/workspace/ros2_ex_mav/install/px4_msgs/include/px4_msgs/px4_msgs/msg/detail/trajectory_setpoint__functions.h\n'}
[0.394167] (px4_msgs) StdoutLine: {'line': b'-- Up-to-date symlink: /home/lee/workspace/ros2_ex_mav/install/px4_msgs/include/px4_msgs/px4_msgs/msg/detail/trajectory_setpoint__struct.h\n'}
[0.394200] (px4_msgs) StdoutLine: {'line': b'-- Up-to-date symlink: /home/lee/workspace/ros2_ex_mav/install/px4_msgs/include/px4_msgs/px4_msgs/msg/detail/trajectory_setpoint__type_support.h\n'}
[0.394235] (px4_msgs) StdoutLine: {'line': b'-- Up-to-date symlink: /home/lee/workspace/ros2_ex_mav/install/px4_msgs/include/px4_msgs/px4_msgs/msg/detail/trajectory_waypoint__functions.h\n'}
[0.394268] (px4_msgs) StdoutLine: {'line': b'-- Up-to-date symlink: /home/lee/workspace/ros2_ex_mav/install/px4_msgs/include/px4_msgs/px4_msgs/msg/detail/trajectory_waypoint__struct.h\n'}
[0.394301] (px4_msgs) StdoutLine: {'line': b'-- Up-to-date symlink: /home/lee/workspace/ros2_ex_mav/install/px4_msgs/include/px4_msgs/px4_msgs/msg/detail/trajectory_waypoint__type_support.h\n'}
[0.394335] (px4_msgs) StdoutLine: {'line': b'-- Up-to-date symlink: /home/lee/workspace/ros2_ex_mav/install/px4_msgs/include/px4_msgs/px4_msgs/msg/detail/transponder_report__functions.h\n'}
[0.394369] (px4_msgs) StdoutLine: {'line': b'-- Up-to-date symlink: /home/lee/workspace/ros2_ex_mav/install/px4_msgs/include/px4_msgs/px4_msgs/msg/detail/transponder_report__struct.h\n'}
[0.394402] (px4_msgs) StdoutLine: {'line': b'-- Up-to-date symlink: /home/lee/workspace/ros2_ex_mav/install/px4_msgs/include/px4_msgs/px4_msgs/msg/detail/transponder_report__type_support.h\n'}
[0.394437] (px4_msgs) StdoutLine: {'line': b'-- Up-to-date symlink: /home/lee/workspace/ros2_ex_mav/install/px4_msgs/include/px4_msgs/px4_msgs/msg/detail/tune_control__functions.h\n'}
[0.394470] (px4_msgs) StdoutLine: {'line': b'-- Up-to-date symlink: /home/lee/workspace/ros2_ex_mav/install/px4_msgs/include/px4_msgs/px4_msgs/msg/detail/tune_control__struct.h\n'}
[0.394504] (px4_msgs) StdoutLine: {'line': b'-- Up-to-date symlink: /home/lee/workspace/ros2_ex_mav/install/px4_msgs/include/px4_msgs/px4_msgs/msg/detail/tune_control__type_support.h\n'}
[0.394538] (px4_msgs) StdoutLine: {'line': b'-- Up-to-date symlink: /home/lee/workspace/ros2_ex_mav/install/px4_msgs/include/px4_msgs/px4_msgs/msg/detail/uavcan_parameter_request__functions.h\n'}
[0.394571] (px4_msgs) StdoutLine: {'line': b'-- Up-to-date symlink: /home/lee/workspace/ros2_ex_mav/install/px4_msgs/include/px4_msgs/px4_msgs/msg/detail/uavcan_parameter_request__struct.h\n'}
[0.394604] (px4_msgs) StdoutLine: {'line': b'-- Up-to-date symlink: /home/lee/workspace/ros2_ex_mav/install/px4_msgs/include/px4_msgs/px4_msgs/msg/detail/uavcan_parameter_request__type_support.h\n'}
[0.394640] (px4_msgs) StdoutLine: {'line': b'-- Up-to-date symlink: /home/lee/workspace/ros2_ex_mav/install/px4_msgs/include/px4_msgs/px4_msgs/msg/detail/uavcan_parameter_value__functions.h\n'}
[0.394675] (px4_msgs) StdoutLine: {'line': b'-- Up-to-date symlink: /home/lee/workspace/ros2_ex_mav/install/px4_msgs/include/px4_msgs/px4_msgs/msg/detail/uavcan_parameter_value__struct.h\n'}
[0.394707] (px4_msgs) StdoutLine: {'line': b'-- Up-to-date symlink: /home/lee/workspace/ros2_ex_mav/install/px4_msgs/include/px4_msgs/px4_msgs/msg/detail/uavcan_parameter_value__type_support.h\n'}
[0.394741] (px4_msgs) StdoutLine: {'line': b'-- Up-to-date symlink: /home/lee/workspace/ros2_ex_mav/install/px4_msgs/include/px4_msgs/px4_msgs/msg/detail/ulog_stream__functions.h\n'}
[0.394774] (px4_msgs) StdoutLine: {'line': b'-- Up-to-date symlink: /home/lee/workspace/ros2_ex_mav/install/px4_msgs/include/px4_msgs/px4_msgs/msg/detail/ulog_stream__struct.h\n'}
[0.394807] (px4_msgs) StdoutLine: {'line': b'-- Up-to-date symlink: /home/lee/workspace/ros2_ex_mav/install/px4_msgs/include/px4_msgs/px4_msgs/msg/detail/ulog_stream__type_support.h\n'}
[0.394840] (px4_msgs) StdoutLine: {'line': b'-- Up-to-date symlink: /home/lee/workspace/ros2_ex_mav/install/px4_msgs/include/px4_msgs/px4_msgs/msg/detail/ulog_stream_ack__functions.h\n'}
[0.394874] (px4_msgs) StdoutLine: {'line': b'-- Up-to-date symlink: /home/lee/workspace/ros2_ex_mav/install/px4_msgs/include/px4_msgs/px4_msgs/msg/detail/ulog_stream_ack__struct.h\n'}
[0.394908] (px4_msgs) StdoutLine: {'line': b'-- Up-to-date symlink: /home/lee/workspace/ros2_ex_mav/install/px4_msgs/include/px4_msgs/px4_msgs/msg/detail/ulog_stream_ack__type_support.h\n'}
[0.394943] (px4_msgs) StdoutLine: {'line': b'-- Up-to-date symlink: /home/lee/workspace/ros2_ex_mav/install/px4_msgs/include/px4_msgs/px4_msgs/msg/detail/vehicle_acceleration__functions.h\n'}
[0.394975] (px4_msgs) StdoutLine: {'line': b'-- Up-to-date symlink: /home/lee/workspace/ros2_ex_mav/install/px4_msgs/include/px4_msgs/px4_msgs/msg/detail/vehicle_acceleration__struct.h\n'}
[0.395009] (px4_msgs) StdoutLine: {'line': b'-- Up-to-date symlink: /home/lee/workspace/ros2_ex_mav/install/px4_msgs/include/px4_msgs/px4_msgs/msg/detail/vehicle_acceleration__type_support.h\n'}
[0.395043] (px4_msgs) StdoutLine: {'line': b'-- Up-to-date symlink: /home/lee/workspace/ros2_ex_mav/install/px4_msgs/include/px4_msgs/px4_msgs/msg/detail/vehicle_air_data__functions.h\n'}
[0.395076] (px4_msgs) StdoutLine: {'line': b'-- Up-to-date symlink: /home/lee/workspace/ros2_ex_mav/install/px4_msgs/include/px4_msgs/px4_msgs/msg/detail/vehicle_air_data__struct.h\n'}
[0.395111] (px4_msgs) StdoutLine: {'line': b'-- Up-to-date symlink: /home/lee/workspace/ros2_ex_mav/install/px4_msgs/include/px4_msgs/px4_msgs/msg/detail/vehicle_air_data__type_support.h\n'}
[0.395148] (px4_msgs) StdoutLine: {'line': b'-- Up-to-date symlink: /home/lee/workspace/ros2_ex_mav/install/px4_msgs/include/px4_msgs/px4_msgs/msg/detail/vehicle_angular_acceleration_setpoint__functions.h\n'}
[0.395184] (px4_msgs) StdoutLine: {'line': b'-- Up-to-date symlink: /home/lee/workspace/ros2_ex_mav/install/px4_msgs/include/px4_msgs/px4_msgs/msg/detail/vehicle_angular_acceleration_setpoint__struct.h\n'}
[0.395218] (px4_msgs) StdoutLine: {'line': b'-- Up-to-date symlink: /home/lee/workspace/ros2_ex_mav/install/px4_msgs/include/px4_msgs/px4_msgs/msg/detail/vehicle_angular_acceleration_setpoint__type_support.h\n'}
[0.395254] (px4_msgs) StdoutLine: {'line': b'-- Up-to-date symlink: /home/lee/workspace/ros2_ex_mav/install/px4_msgs/include/px4_msgs/px4_msgs/msg/detail/vehicle_angular_velocity__functions.h\n'}
[0.395288] (px4_msgs) StdoutLine: {'line': b'-- Up-to-date symlink: /home/lee/workspace/ros2_ex_mav/install/px4_msgs/include/px4_msgs/px4_msgs/msg/detail/vehicle_angular_velocity__struct.h\n'}
[0.395321] (px4_msgs) StdoutLine: {'line': b'-- Up-to-date symlink: /home/lee/workspace/ros2_ex_mav/install/px4_msgs/include/px4_msgs/px4_msgs/msg/detail/vehicle_angular_velocity__type_support.h\n'}
[0.395356] (px4_msgs) StdoutLine: {'line': b'-- Up-to-date symlink: /home/lee/workspace/ros2_ex_mav/install/px4_msgs/include/px4_msgs/px4_msgs/msg/detail/vehicle_attitude__functions.h\n'}
[0.395390] (px4_msgs) StdoutLine: {'line': b'-- Up-to-date symlink: /home/lee/workspace/ros2_ex_mav/install/px4_msgs/include/px4_msgs/px4_msgs/msg/detail/vehicle_attitude__struct.h\n'}
[0.395423] (px4_msgs) StdoutLine: {'line': b'-- Up-to-date symlink: /home/lee/workspace/ros2_ex_mav/install/px4_msgs/include/px4_msgs/px4_msgs/msg/detail/vehicle_attitude__type_support.h\n'}
[0.395458] (px4_msgs) StdoutLine: {'line': b'-- Up-to-date symlink: /home/lee/workspace/ros2_ex_mav/install/px4_msgs/include/px4_msgs/px4_msgs/msg/detail/vehicle_attitude_setpoint__functions.h\n'}
[0.395491] (px4_msgs) StdoutLine: {'line': b'-- Up-to-date symlink: /home/lee/workspace/ros2_ex_mav/install/px4_msgs/include/px4_msgs/px4_msgs/msg/detail/vehicle_attitude_setpoint__struct.h\n'}
[0.395524] (px4_msgs) StdoutLine: {'line': b'-- Up-to-date symlink: /home/lee/workspace/ros2_ex_mav/install/px4_msgs/include/px4_msgs/px4_msgs/msg/detail/vehicle_attitude_setpoint__type_support.h\n'}
[0.395559] (px4_msgs) StdoutLine: {'line': b'-- Up-to-date symlink: /home/lee/workspace/ros2_ex_mav/install/px4_msgs/include/px4_msgs/px4_msgs/msg/detail/vehicle_command__functions.h\n'}
[0.395593] (px4_msgs) StdoutLine: {'line': b'-- Up-to-date symlink: /home/lee/workspace/ros2_ex_mav/install/px4_msgs/include/px4_msgs/px4_msgs/msg/detail/vehicle_command__struct.h\n'}
[0.395626] (px4_msgs) StdoutLine: {'line': b'-- Up-to-date symlink: /home/lee/workspace/ros2_ex_mav/install/px4_msgs/include/px4_msgs/px4_msgs/msg/detail/vehicle_command__type_support.h\n'}
[0.395661] (px4_msgs) StdoutLine: {'line': b'-- Up-to-date symlink: /home/lee/workspace/ros2_ex_mav/install/px4_msgs/include/px4_msgs/px4_msgs/msg/detail/vehicle_command_ack__functions.h\n'}
[0.395692] (px4_msgs) StdoutLine: {'line': b'-- Up-to-date symlink: /home/lee/workspace/ros2_ex_mav/install/px4_msgs/include/px4_msgs/px4_msgs/msg/detail/vehicle_command_ack__struct.h\n'}
[0.395726] (px4_msgs) StdoutLine: {'line': b'-- Up-to-date symlink: /home/lee/workspace/ros2_ex_mav/install/px4_msgs/include/px4_msgs/px4_msgs/msg/detail/vehicle_command_ack__type_support.h\n'}
[0.395758] (px4_msgs) StdoutLine: {'line': b'-- Up-to-date symlink: /home/lee/workspace/ros2_ex_mav/install/px4_msgs/include/px4_msgs/px4_msgs/msg/detail/vehicle_constraints__functions.h\n'}
[0.395791] (px4_msgs) StdoutLine: {'line': b'-- Up-to-date symlink: /home/lee/workspace/ros2_ex_mav/install/px4_msgs/include/px4_msgs/px4_msgs/msg/detail/vehicle_constraints__struct.h\n'}
[0.395825] (px4_msgs) StdoutLine: {'line': b'-- Up-to-date symlink: /home/lee/workspace/ros2_ex_mav/install/px4_msgs/include/px4_msgs/px4_msgs/msg/detail/vehicle_constraints__type_support.h\n'}
[0.395861] (px4_msgs) StdoutLine: {'line': b'-- Up-to-date symlink: /home/lee/workspace/ros2_ex_mav/install/px4_msgs/include/px4_msgs/px4_msgs/msg/detail/vehicle_control_mode__functions.h\n'}
[0.395894] (px4_msgs) StdoutLine: {'line': b'-- Up-to-date symlink: /home/lee/workspace/ros2_ex_mav/install/px4_msgs/include/px4_msgs/px4_msgs/msg/detail/vehicle_control_mode__struct.h\n'}
[0.395927] (px4_msgs) StdoutLine: {'line': b'-- Up-to-date symlink: /home/lee/workspace/ros2_ex_mav/install/px4_msgs/include/px4_msgs/px4_msgs/msg/detail/vehicle_control_mode__type_support.h\n'}
[0.395961] (px4_msgs) StdoutLine: {'line': b'-- Up-to-date symlink: /home/lee/workspace/ros2_ex_mav/install/px4_msgs/include/px4_msgs/px4_msgs/msg/detail/vehicle_global_position__functions.h\n'}
[0.395996] (px4_msgs) StdoutLine: {'line': b'-- Up-to-date symlink: /home/lee/workspace/ros2_ex_mav/install/px4_msgs/include/px4_msgs/px4_msgs/msg/detail/vehicle_global_position__struct.h\n'}
[0.396029] (px4_msgs) StdoutLine: {'line': b'-- Up-to-date symlink: /home/lee/workspace/ros2_ex_mav/install/px4_msgs/include/px4_msgs/px4_msgs/msg/detail/vehicle_global_position__type_support.h\n'}
[0.396063] (px4_msgs) StdoutLine: {'line': b'-- Up-to-date symlink: /home/lee/workspace/ros2_ex_mav/install/px4_msgs/include/px4_msgs/px4_msgs/msg/detail/vehicle_imu__functions.h\n'}
[0.396097] (px4_msgs) StdoutLine: {'line': b'-- Up-to-date symlink: /home/lee/workspace/ros2_ex_mav/install/px4_msgs/include/px4_msgs/px4_msgs/msg/detail/vehicle_imu__struct.h\n'}
[0.396129] (px4_msgs) StdoutLine: {'line': b'-- Up-to-date symlink: /home/lee/workspace/ros2_ex_mav/install/px4_msgs/include/px4_msgs/px4_msgs/msg/detail/vehicle_imu__type_support.h\n'}
[0.396163] (px4_msgs) StdoutLine: {'line': b'-- Up-to-date symlink: /home/lee/workspace/ros2_ex_mav/install/px4_msgs/include/px4_msgs/px4_msgs/msg/detail/vehicle_imu_status__functions.h\n'}
[0.396195] (px4_msgs) StdoutLine: {'line': b'-- Up-to-date symlink: /home/lee/workspace/ros2_ex_mav/install/px4_msgs/include/px4_msgs/px4_msgs/msg/detail/vehicle_imu_status__struct.h\n'}
[0.396231] (px4_msgs) StdoutLine: {'line': b'-- Up-to-date symlink: /home/lee/workspace/ros2_ex_mav/install/px4_msgs/include/px4_msgs/px4_msgs/msg/detail/vehicle_imu_status__type_support.h\n'}
[0.396264] (px4_msgs) StdoutLine: {'line': b'-- Up-to-date symlink: /home/lee/workspace/ros2_ex_mav/install/px4_msgs/include/px4_msgs/px4_msgs/msg/detail/vehicle_land_detected__functions.h\n'}
[0.396304] (px4_msgs) StdoutLine: {'line': b'-- Up-to-date symlink: /home/lee/workspace/ros2_ex_mav/install/px4_msgs/include/px4_msgs/px4_msgs/msg/detail/vehicle_land_detected__struct.h\n'}
[0.396335] (px4_msgs) StdoutLine: {'line': b'-- Up-to-date symlink: /home/lee/workspace/ros2_ex_mav/install/px4_msgs/include/px4_msgs/px4_msgs/msg/detail/vehicle_land_detected__type_support.h\n'}
[0.396367] (px4_msgs) StdoutLine: {'line': b'-- Up-to-date symlink: /home/lee/workspace/ros2_ex_mav/install/px4_msgs/include/px4_msgs/px4_msgs/msg/detail/vehicle_local_position__functions.h\n'}
[0.396401] (px4_msgs) StdoutLine: {'line': b'-- Up-to-date symlink: /home/lee/workspace/ros2_ex_mav/install/px4_msgs/include/px4_msgs/px4_msgs/msg/detail/vehicle_local_position__struct.h\n'}
[0.396434] (px4_msgs) StdoutLine: {'line': b'-- Up-to-date symlink: /home/lee/workspace/ros2_ex_mav/install/px4_msgs/include/px4_msgs/px4_msgs/msg/detail/vehicle_local_position__type_support.h\n'}
[0.396468] (px4_msgs) StdoutLine: {'line': b'-- Up-to-date symlink: /home/lee/workspace/ros2_ex_mav/install/px4_msgs/include/px4_msgs/px4_msgs/msg/detail/vehicle_local_position_setpoint__functions.h\n'}
[0.396502] (px4_msgs) StdoutLine: {'line': b'-- Up-to-date symlink: /home/lee/workspace/ros2_ex_mav/install/px4_msgs/include/px4_msgs/px4_msgs/msg/detail/vehicle_local_position_setpoint__struct.h\n'}
[0.396536] (px4_msgs) StdoutLine: {'line': b'-- Up-to-date symlink: /home/lee/workspace/ros2_ex_mav/install/px4_msgs/include/px4_msgs/px4_msgs/msg/detail/vehicle_local_position_setpoint__type_support.h\n'}
[0.396570] (px4_msgs) StdoutLine: {'line': b'-- Up-to-date symlink: /home/lee/workspace/ros2_ex_mav/install/px4_msgs/include/px4_msgs/px4_msgs/msg/detail/vehicle_magnetometer__functions.h\n'}
[0.396606] (px4_msgs) StdoutLine: {'line': b'-- Up-to-date symlink: /home/lee/workspace/ros2_ex_mav/install/px4_msgs/include/px4_msgs/px4_msgs/msg/detail/vehicle_magnetometer__struct.h\n'}
[0.396641] (px4_msgs) StdoutLine: {'line': b'-- Up-to-date symlink: /home/lee/workspace/ros2_ex_mav/install/px4_msgs/include/px4_msgs/px4_msgs/msg/detail/vehicle_magnetometer__type_support.h\n'}
[0.396678] (px4_msgs) StdoutLine: {'line': b'-- Up-to-date symlink: /home/lee/workspace/ros2_ex_mav/install/px4_msgs/include/px4_msgs/px4_msgs/msg/detail/vehicle_odometry__functions.h\n'}
[0.396713] (px4_msgs) StdoutLine: {'line': b'-- Up-to-date symlink: /home/lee/workspace/ros2_ex_mav/install/px4_msgs/include/px4_msgs/px4_msgs/msg/detail/vehicle_odometry__struct.h\n'}
[0.396745] (px4_msgs) StdoutLine: {'line': b'-- Up-to-date symlink: /home/lee/workspace/ros2_ex_mav/install/px4_msgs/include/px4_msgs/px4_msgs/msg/detail/vehicle_odometry__type_support.h\n'}
[0.396782] (px4_msgs) StdoutLine: {'line': b'-- Up-to-date symlink: /home/lee/workspace/ros2_ex_mav/install/px4_msgs/include/px4_msgs/px4_msgs/msg/detail/vehicle_optical_flow__functions.h\n'}
[0.396823] (px4_msgs) StdoutLine: {'line': b'-- Up-to-date symlink: /home/lee/workspace/ros2_ex_mav/install/px4_msgs/include/px4_msgs/px4_msgs/msg/detail/vehicle_optical_flow__struct.h\n'}
[0.396858] (px4_msgs) StdoutLine: {'line': b'-- Up-to-date symlink: /home/lee/workspace/ros2_ex_mav/install/px4_msgs/include/px4_msgs/px4_msgs/msg/detail/vehicle_optical_flow__type_support.h\n'}
[0.396893] (px4_msgs) StdoutLine: {'line': b'-- Up-to-date symlink: /home/lee/workspace/ros2_ex_mav/install/px4_msgs/include/px4_msgs/px4_msgs/msg/detail/vehicle_optical_flow_vel__functions.h\n'}
[0.396923] (px4_msgs) StdoutLine: {'line': b'-- Up-to-date symlink: /home/lee/workspace/ros2_ex_mav/install/px4_msgs/include/px4_msgs/px4_msgs/msg/detail/vehicle_optical_flow_vel__struct.h\n'}
[0.396958] (px4_msgs) StdoutLine: {'line': b'-- Up-to-date symlink: /home/lee/workspace/ros2_ex_mav/install/px4_msgs/include/px4_msgs/px4_msgs/msg/detail/vehicle_optical_flow_vel__type_support.h\n'}
[0.396986] (px4_msgs) StdoutLine: {'line': b'-- Up-to-date symlink: /home/lee/workspace/ros2_ex_mav/install/px4_msgs/include/px4_msgs/px4_msgs/msg/detail/vehicle_rates_setpoint__functions.h\n'}
[0.397018] (px4_msgs) StdoutLine: {'line': b'-- Up-to-date symlink: /home/lee/workspace/ros2_ex_mav/install/px4_msgs/include/px4_msgs/px4_msgs/msg/detail/vehicle_rates_setpoint__struct.h\n'}
[0.397049] (px4_msgs) StdoutLine: {'line': b'-- Up-to-date symlink: /home/lee/workspace/ros2_ex_mav/install/px4_msgs/include/px4_msgs/px4_msgs/msg/detail/vehicle_rates_setpoint__type_support.h\n'}
[0.397081] (px4_msgs) StdoutLine: {'line': b'-- Up-to-date symlink: /home/lee/workspace/ros2_ex_mav/install/px4_msgs/include/px4_msgs/px4_msgs/msg/detail/vehicle_roi__functions.h\n'}
[0.397114] (px4_msgs) StdoutLine: {'line': b'-- Up-to-date symlink: /home/lee/workspace/ros2_ex_mav/install/px4_msgs/include/px4_msgs/px4_msgs/msg/detail/vehicle_roi__struct.h\n'}
[0.397147] (px4_msgs) StdoutLine: {'line': b'-- Up-to-date symlink: /home/lee/workspace/ros2_ex_mav/install/px4_msgs/include/px4_msgs/px4_msgs/msg/detail/vehicle_roi__type_support.h\n'}
[0.397180] (px4_msgs) StdoutLine: {'line': b'-- Up-to-date symlink: /home/lee/workspace/ros2_ex_mav/install/px4_msgs/include/px4_msgs/px4_msgs/msg/detail/vehicle_status__functions.h\n'}
[0.397213] (px4_msgs) StdoutLine: {'line': b'-- Up-to-date symlink: /home/lee/workspace/ros2_ex_mav/install/px4_msgs/include/px4_msgs/px4_msgs/msg/detail/vehicle_status__struct.h\n'}
[0.397245] (px4_msgs) StdoutLine: {'line': b'-- Up-to-date symlink: /home/lee/workspace/ros2_ex_mav/install/px4_msgs/include/px4_msgs/px4_msgs/msg/detail/vehicle_status__type_support.h\n'}
[0.397279] (px4_msgs) StdoutLine: {'line': b'-- Up-to-date symlink: /home/lee/workspace/ros2_ex_mav/install/px4_msgs/include/px4_msgs/px4_msgs/msg/detail/vehicle_thrust_setpoint__functions.h\n'}
[0.397312] (px4_msgs) StdoutLine: {'line': b'-- Up-to-date symlink: /home/lee/workspace/ros2_ex_mav/install/px4_msgs/include/px4_msgs/px4_msgs/msg/detail/vehicle_thrust_setpoint__struct.h\n'}
[0.397345] (px4_msgs) StdoutLine: {'line': b'-- Up-to-date symlink: /home/lee/workspace/ros2_ex_mav/install/px4_msgs/include/px4_msgs/px4_msgs/msg/detail/vehicle_thrust_setpoint__type_support.h\n'}
[0.397379] (px4_msgs) StdoutLine: {'line': b'-- Up-to-date symlink: /home/lee/workspace/ros2_ex_mav/install/px4_msgs/include/px4_msgs/px4_msgs/msg/detail/vehicle_torque_setpoint__functions.h\n'}
[0.397414] (px4_msgs) StdoutLine: {'line': b'-- Up-to-date symlink: /home/lee/workspace/ros2_ex_mav/install/px4_msgs/include/px4_msgs/px4_msgs/msg/detail/vehicle_torque_setpoint__struct.h\n'}
[0.397447] (px4_msgs) StdoutLine: {'line': b'-- Up-to-date symlink: /home/lee/workspace/ros2_ex_mav/install/px4_msgs/include/px4_msgs/px4_msgs/msg/detail/vehicle_torque_setpoint__type_support.h\n'}
[0.397480] (px4_msgs) StdoutLine: {'line': b'-- Up-to-date symlink: /home/lee/workspace/ros2_ex_mav/install/px4_msgs/include/px4_msgs/px4_msgs/msg/detail/vehicle_trajectory_bezier__functions.h\n'}
[0.397513] (px4_msgs) StdoutLine: {'line': b'-- Up-to-date symlink: /home/lee/workspace/ros2_ex_mav/install/px4_msgs/include/px4_msgs/px4_msgs/msg/detail/vehicle_trajectory_bezier__struct.h\n'}
[0.397547] (px4_msgs) StdoutLine: {'line': b'-- Up-to-date symlink: /home/lee/workspace/ros2_ex_mav/install/px4_msgs/include/px4_msgs/px4_msgs/msg/detail/vehicle_trajectory_bezier__type_support.h\n'}
[0.397580] (px4_msgs) StdoutLine: {'line': b'-- Up-to-date symlink: /home/lee/workspace/ros2_ex_mav/install/px4_msgs/include/px4_msgs/px4_msgs/msg/detail/vehicle_trajectory_waypoint__functions.h\n'}
[0.397612] (px4_msgs) StdoutLine: {'line': b'-- Up-to-date symlink: /home/lee/workspace/ros2_ex_mav/install/px4_msgs/include/px4_msgs/px4_msgs/msg/detail/vehicle_trajectory_waypoint__struct.h\n'}
[0.397650] (px4_msgs) StdoutLine: {'line': b'-- Up-to-date symlink: /home/lee/workspace/ros2_ex_mav/install/px4_msgs/include/px4_msgs/px4_msgs/msg/detail/vehicle_trajectory_waypoint__type_support.h\n'}
[0.397685] (px4_msgs) StdoutLine: {'line': b'-- Up-to-date symlink: /home/lee/workspace/ros2_ex_mav/install/px4_msgs/include/px4_msgs/px4_msgs/msg/detail/vtol_vehicle_status__functions.h\n'}
[0.397720] (px4_msgs) StdoutLine: {'line': b'-- Up-to-date symlink: /home/lee/workspace/ros2_ex_mav/install/px4_msgs/include/px4_msgs/px4_msgs/msg/detail/vtol_vehicle_status__struct.h\n'}
[0.397753] (px4_msgs) StdoutLine: {'line': b'-- Up-to-date symlink: /home/lee/workspace/ros2_ex_mav/install/px4_msgs/include/px4_msgs/px4_msgs/msg/detail/vtol_vehicle_status__type_support.h\n'}
[0.397789] (px4_msgs) StdoutLine: {'line': b'-- Up-to-date symlink: /home/lee/workspace/ros2_ex_mav/install/px4_msgs/include/px4_msgs/px4_msgs/msg/detail/wind__functions.h\n'}
[0.397821] (px4_msgs) StdoutLine: {'line': b'-- Up-to-date symlink: /home/lee/workspace/ros2_ex_mav/install/px4_msgs/include/px4_msgs/px4_msgs/msg/detail/wind__struct.h\n'}
[0.397856] (px4_msgs) StdoutLine: {'line': b'-- Up-to-date symlink: /home/lee/workspace/ros2_ex_mav/install/px4_msgs/include/px4_msgs/px4_msgs/msg/detail/wind__type_support.h\n'}
[0.397889] (px4_msgs) StdoutLine: {'line': b'-- Up-to-date symlink: /home/lee/workspace/ros2_ex_mav/install/px4_msgs/include/px4_msgs/px4_msgs/msg/detail/yaw_estimator_status__functions.h\n'}
[0.397922] (px4_msgs) StdoutLine: {'line': b'-- Up-to-date symlink: /home/lee/workspace/ros2_ex_mav/install/px4_msgs/include/px4_msgs/px4_msgs/msg/detail/yaw_estimator_status__struct.h\n'}
[0.397956] (px4_msgs) StdoutLine: {'line': b'-- Up-to-date symlink: /home/lee/workspace/ros2_ex_mav/install/px4_msgs/include/px4_msgs/px4_msgs/msg/detail/yaw_estimator_status__type_support.h\n'}
[0.397989] (px4_msgs) StdoutLine: {'line': b'-- Up-to-date symlink: /home/lee/workspace/ros2_ex_mav/install/px4_msgs/include/px4_msgs/px4_msgs/msg/differential_pressure.h\n'}
[0.398025] (px4_msgs) StdoutLine: {'line': b'-- Up-to-date symlink: /home/lee/workspace/ros2_ex_mav/install/px4_msgs/include/px4_msgs/px4_msgs/msg/distance_sensor.h\n'}
[0.398054] (px4_msgs) StdoutLine: {'line': b'-- Up-to-date symlink: /home/lee/workspace/ros2_ex_mav/install/px4_msgs/include/px4_msgs/px4_msgs/msg/ekf2_timestamps.h\n'}
[0.398087] (px4_msgs) StdoutLine: {'line': b'-- Up-to-date symlink: /home/lee/workspace/ros2_ex_mav/install/px4_msgs/include/px4_msgs/px4_msgs/msg/esc_report.h\n'}
[0.398120] (px4_msgs) StdoutLine: {'line': b'-- Up-to-date symlink: /home/lee/workspace/ros2_ex_mav/install/px4_msgs/include/px4_msgs/px4_msgs/msg/esc_status.h\n'}
[0.398152] (px4_msgs) StdoutLine: {'line': b'-- Up-to-date symlink: /home/lee/workspace/ros2_ex_mav/install/px4_msgs/include/px4_msgs/px4_msgs/msg/estimator_aid_source1d.h\n'}
[0.398183] (px4_msgs) StdoutLine: {'line': b'-- Up-to-date symlink: /home/lee/workspace/ros2_ex_mav/install/px4_msgs/include/px4_msgs/px4_msgs/msg/estimator_aid_source2d.h\n'}
[0.398214] (px4_msgs) StdoutLine: {'line': b'-- Up-to-date symlink: /home/lee/workspace/ros2_ex_mav/install/px4_msgs/include/px4_msgs/px4_msgs/msg/estimator_aid_source3d.h\n'}
[0.398248] (px4_msgs) StdoutLine: {'line': b'-- Up-to-date symlink: /home/lee/workspace/ros2_ex_mav/install/px4_msgs/include/px4_msgs/px4_msgs/msg/estimator_bias.h\n'}
[0.398279] (px4_msgs) StdoutLine: {'line': b'-- Up-to-date symlink: /home/lee/workspace/ros2_ex_mav/install/px4_msgs/include/px4_msgs/px4_msgs/msg/estimator_bias3d.h\n'}
[0.398311] (px4_msgs) StdoutLine: {'line': b'-- Up-to-date symlink: /home/lee/workspace/ros2_ex_mav/install/px4_msgs/include/px4_msgs/px4_msgs/msg/estimator_event_flags.h\n'}
[0.398342] (px4_msgs) StdoutLine: {'line': b'-- Up-to-date symlink: /home/lee/workspace/ros2_ex_mav/install/px4_msgs/include/px4_msgs/px4_msgs/msg/estimator_gps_status.h\n'}
[0.398375] (px4_msgs) StdoutLine: {'line': b'-- Up-to-date symlink: /home/lee/workspace/ros2_ex_mav/install/px4_msgs/include/px4_msgs/px4_msgs/msg/estimator_innovations.h\n'}
[0.398418] (px4_msgs) StdoutLine: {'line': b'-- Up-to-date symlink: /home/lee/workspace/ros2_ex_mav/install/px4_msgs/include/px4_msgs/px4_msgs/msg/estimator_selector_status.h\n'}
[0.398452] (px4_msgs) StdoutLine: {'line': b'-- Up-to-date symlink: /home/lee/workspace/ros2_ex_mav/install/px4_msgs/include/px4_msgs/px4_msgs/msg/estimator_sensor_bias.h\n'}
[0.398483] (px4_msgs) StdoutLine: {'line': b'-- Up-to-date symlink: /home/lee/workspace/ros2_ex_mav/install/px4_msgs/include/px4_msgs/px4_msgs/msg/estimator_states.h\n'}
[0.398515] (px4_msgs) StdoutLine: {'line': b'-- Up-to-date symlink: /home/lee/workspace/ros2_ex_mav/install/px4_msgs/include/px4_msgs/px4_msgs/msg/estimator_status.h\n'}
[0.398547] (px4_msgs) StdoutLine: {'line': b'-- Up-to-date symlink: /home/lee/workspace/ros2_ex_mav/install/px4_msgs/include/px4_msgs/px4_msgs/msg/estimator_status_flags.h\n'}
[0.398580] (px4_msgs) StdoutLine: {'line': b'-- Up-to-date symlink: /home/lee/workspace/ros2_ex_mav/install/px4_msgs/include/px4_msgs/px4_msgs/msg/event.h\n'}
[0.398613] (px4_msgs) StdoutLine: {'line': b'-- Up-to-date symlink: /home/lee/workspace/ros2_ex_mav/install/px4_msgs/include/px4_msgs/px4_msgs/msg/failsafe_flags.h\n'}
[0.398648] (px4_msgs) StdoutLine: {'line': b'-- Up-to-date symlink: /home/lee/workspace/ros2_ex_mav/install/px4_msgs/include/px4_msgs/px4_msgs/msg/failure_detector_status.h\n'}
[0.398683] (px4_msgs) StdoutLine: {'line': b'-- Up-to-date symlink: /home/lee/workspace/ros2_ex_mav/install/px4_msgs/include/px4_msgs/px4_msgs/msg/follow_target.h\n'}
[0.398716] (px4_msgs) StdoutLine: {'line': b'-- Up-to-date symlink: /home/lee/workspace/ros2_ex_mav/install/px4_msgs/include/px4_msgs/px4_msgs/msg/follow_target_estimator.h\n'}
[0.398749] (px4_msgs) StdoutLine: {'line': b'-- Up-to-date symlink: /home/lee/workspace/ros2_ex_mav/install/px4_msgs/include/px4_msgs/px4_msgs/msg/follow_target_status.h\n'}
[0.398781] (px4_msgs) StdoutLine: {'line': b'-- Up-to-date symlink: /home/lee/workspace/ros2_ex_mav/install/px4_msgs/include/px4_msgs/px4_msgs/msg/generator_status.h\n'}
[0.398814] (px4_msgs) StdoutLine: {'line': b'-- Up-to-date symlink: /home/lee/workspace/ros2_ex_mav/install/px4_msgs/include/px4_msgs/px4_msgs/msg/geofence_result.h\n'}
[0.398847] (px4_msgs) StdoutLine: {'line': b'-- Up-to-date symlink: /home/lee/workspace/ros2_ex_mav/install/px4_msgs/include/px4_msgs/px4_msgs/msg/gimbal_controls.h\n'}
[0.398880] (px4_msgs) StdoutLine: {'line': b'-- Up-to-date symlink: /home/lee/workspace/ros2_ex_mav/install/px4_msgs/include/px4_msgs/px4_msgs/msg/gimbal_device_attitude_status.h\n'}
[0.398913] (px4_msgs) StdoutLine: {'line': b'-- Up-to-date symlink: /home/lee/workspace/ros2_ex_mav/install/px4_msgs/include/px4_msgs/px4_msgs/msg/gimbal_device_information.h\n'}
[0.398946] (px4_msgs) StdoutLine: {'line': b'-- Up-to-date symlink: /home/lee/workspace/ros2_ex_mav/install/px4_msgs/include/px4_msgs/px4_msgs/msg/gimbal_device_set_attitude.h\n'}
[0.398978] (px4_msgs) StdoutLine: {'line': b'-- Up-to-date symlink: /home/lee/workspace/ros2_ex_mav/install/px4_msgs/include/px4_msgs/px4_msgs/msg/gimbal_manager_information.h\n'}
[0.399010] (px4_msgs) StdoutLine: {'line': b'-- Up-to-date symlink: /home/lee/workspace/ros2_ex_mav/install/px4_msgs/include/px4_msgs/px4_msgs/msg/gimbal_manager_set_attitude.h\n'}
[0.399043] (px4_msgs) StdoutLine: {'line': b'-- Up-to-date symlink: /home/lee/workspace/ros2_ex_mav/install/px4_msgs/include/px4_msgs/px4_msgs/msg/gimbal_manager_set_manual_control.h\n'}
[0.399076] (px4_msgs) StdoutLine: {'line': b'-- Up-to-date symlink: /home/lee/workspace/ros2_ex_mav/install/px4_msgs/include/px4_msgs/px4_msgs/msg/gimbal_manager_status.h\n'}
[0.399109] (px4_msgs) StdoutLine: {'line': b'-- Up-to-date symlink: /home/lee/workspace/ros2_ex_mav/install/px4_msgs/include/px4_msgs/px4_msgs/msg/gps_dump.h\n'}
[0.399144] (px4_msgs) StdoutLine: {'line': b'-- Up-to-date symlink: /home/lee/workspace/ros2_ex_mav/install/px4_msgs/include/px4_msgs/px4_msgs/msg/gps_inject_data.h\n'}
[0.399176] (px4_msgs) StdoutLine: {'line': b'-- Up-to-date symlink: /home/lee/workspace/ros2_ex_mav/install/px4_msgs/include/px4_msgs/px4_msgs/msg/gripper.h\n'}
[0.399209] (px4_msgs) StdoutLine: {'line': b'-- Up-to-date symlink: /home/lee/workspace/ros2_ex_mav/install/px4_msgs/include/px4_msgs/px4_msgs/msg/health_report.h\n'}
[0.399241] (px4_msgs) StdoutLine: {'line': b'-- Up-to-date symlink: /home/lee/workspace/ros2_ex_mav/install/px4_msgs/include/px4_msgs/px4_msgs/msg/heater_status.h\n'}
[0.399273] (px4_msgs) StdoutLine: {'line': b'-- Up-to-date symlink: /home/lee/workspace/ros2_ex_mav/install/px4_msgs/include/px4_msgs/px4_msgs/msg/home_position.h\n'}
[0.399306] (px4_msgs) StdoutLine: {'line': b'-- Up-to-date symlink: /home/lee/workspace/ros2_ex_mav/install/px4_msgs/include/px4_msgs/px4_msgs/msg/hover_thrust_estimate.h\n'}
[0.399339] (px4_msgs) StdoutLine: {'line': b'-- Up-to-date symlink: /home/lee/workspace/ros2_ex_mav/install/px4_msgs/include/px4_msgs/px4_msgs/msg/input_rc.h\n'}
[0.399372] (px4_msgs) StdoutLine: {'line': b'-- Up-to-date symlink: /home/lee/workspace/ros2_ex_mav/install/px4_msgs/include/px4_msgs/px4_msgs/msg/internal_combustion_engine_status.h\n'}
[0.399406] (px4_msgs) StdoutLine: {'line': b'-- Up-to-date symlink: /home/lee/workspace/ros2_ex_mav/install/px4_msgs/include/px4_msgs/px4_msgs/msg/iridiumsbd_status.h\n'}
[0.399439] (px4_msgs) StdoutLine: {'line': b'-- Up-to-date symlink: /home/lee/workspace/ros2_ex_mav/install/px4_msgs/include/px4_msgs/px4_msgs/msg/irlock_report.h\n'}
[0.399471] (px4_msgs) StdoutLine: {'line': b'-- Up-to-date symlink: /home/lee/workspace/ros2_ex_mav/install/px4_msgs/include/px4_msgs/px4_msgs/msg/landing_gear.h\n'}
[0.399504] (px4_msgs) StdoutLine: {'line': b'-- Up-to-date symlink: /home/lee/workspace/ros2_ex_mav/install/px4_msgs/include/px4_msgs/px4_msgs/msg/landing_gear_wheel.h\n'}
[0.399536] (px4_msgs) StdoutLine: {'line': b'-- Up-to-date symlink: /home/lee/workspace/ros2_ex_mav/install/px4_msgs/include/px4_msgs/px4_msgs/msg/landing_target_innovations.h\n'}
[0.399569] (px4_msgs) StdoutLine: {'line': b'-- Up-to-date symlink: /home/lee/workspace/ros2_ex_mav/install/px4_msgs/include/px4_msgs/px4_msgs/msg/landing_target_pose.h\n'}
[0.399604] (px4_msgs) StdoutLine: {'line': b'-- Up-to-date symlink: /home/lee/workspace/ros2_ex_mav/install/px4_msgs/include/px4_msgs/px4_msgs/msg/launch_detection_status.h\n'}
[0.399635] (px4_msgs) StdoutLine: {'line': b'-- Up-to-date symlink: /home/lee/workspace/ros2_ex_mav/install/px4_msgs/include/px4_msgs/px4_msgs/msg/led_control.h\n'}
[0.399669] (px4_msgs) StdoutLine: {'line': b'-- Up-to-date symlink: /home/lee/workspace/ros2_ex_mav/install/px4_msgs/include/px4_msgs/px4_msgs/msg/log_message.h\n'}
[0.399702] (px4_msgs) StdoutLine: {'line': b'-- Up-to-date symlink: /home/lee/workspace/ros2_ex_mav/install/px4_msgs/include/px4_msgs/px4_msgs/msg/logger_status.h\n'}
[0.399734] (px4_msgs) StdoutLine: {'line': b'-- Up-to-date symlink: /home/lee/workspace/ros2_ex_mav/install/px4_msgs/include/px4_msgs/px4_msgs/msg/mag_worker_data.h\n'}
[0.399766] (px4_msgs) StdoutLine: {'line': b'-- Up-to-date symlink: /home/lee/workspace/ros2_ex_mav/install/px4_msgs/include/px4_msgs/px4_msgs/msg/magnetometer_bias_estimate.h\n'}
[0.399798] (px4_msgs) StdoutLine: {'line': b'-- Up-to-date symlink: /home/lee/workspace/ros2_ex_mav/install/px4_msgs/include/px4_msgs/px4_msgs/msg/manual_control_setpoint.h\n'}
[0.399832] (px4_msgs) StdoutLine: {'line': b'-- Up-to-date symlink: /home/lee/workspace/ros2_ex_mav/install/px4_msgs/include/px4_msgs/px4_msgs/msg/manual_control_switches.h\n'}
[0.399853] (-) TimerEvent: {}
[0.399909] (px4_msgs) StdoutLine: {'line': b'-- Up-to-date symlink: /home/lee/workspace/ros2_ex_mav/install/px4_msgs/include/px4_msgs/px4_msgs/msg/mavlink_log.h\n'}
[0.399957] (px4_msgs) StdoutLine: {'line': b'-- Up-to-date symlink: /home/lee/workspace/ros2_ex_mav/install/px4_msgs/include/px4_msgs/px4_msgs/msg/mavlink_tunnel.h\n'}
[0.399982] (px4_msgs) StdoutLine: {'line': b'-- Up-to-date symlink: /home/lee/workspace/ros2_ex_mav/install/px4_msgs/include/px4_msgs/px4_msgs/msg/mission.h\n'}
[0.400024] (px4_msgs) StdoutLine: {'line': b'-- Up-to-date symlink: /home/lee/workspace/ros2_ex_mav/install/px4_msgs/include/px4_msgs/px4_msgs/msg/mission_result.h\n'}
[0.400047] (px4_msgs) StdoutLine: {'line': b'-- Up-to-date symlink: /home/lee/workspace/ros2_ex_mav/install/px4_msgs/include/px4_msgs/px4_msgs/msg/mode_completed.h\n'}
[0.400089] (px4_msgs) StdoutLine: {'line': b'-- Up-to-date symlink: /home/lee/workspace/ros2_ex_mav/install/px4_msgs/include/px4_msgs/px4_msgs/msg/mount_orientation.h\n'}
[0.400111] (px4_msgs) StdoutLine: {'line': b'-- Up-to-date symlink: /home/lee/workspace/ros2_ex_mav/install/px4_msgs/include/px4_msgs/px4_msgs/msg/navigator_mission_item.h\n'}
[0.400152] (px4_msgs) StdoutLine: {'line': b'-- Up-to-date symlink: /home/lee/workspace/ros2_ex_mav/install/px4_msgs/include/px4_msgs/px4_msgs/msg/normalized_unsigned_setpoint.h\n'}
[0.400175] (px4_msgs) StdoutLine: {'line': b'-- Up-to-date symlink: /home/lee/workspace/ros2_ex_mav/install/px4_msgs/include/px4_msgs/px4_msgs/msg/npfg_status.h\n'}
[0.400216] (px4_msgs) StdoutLine: {'line': b'-- Up-to-date symlink: /home/lee/workspace/ros2_ex_mav/install/px4_msgs/include/px4_msgs/px4_msgs/msg/obstacle_distance.h\n'}
[0.400248] (px4_msgs) StdoutLine: {'line': b'-- Up-to-date symlink: /home/lee/workspace/ros2_ex_mav/install/px4_msgs/include/px4_msgs/px4_msgs/msg/offboard_control_mode.h\n'}
[0.400268] (px4_msgs) StdoutLine: {'line': b'-- Up-to-date symlink: /home/lee/workspace/ros2_ex_mav/install/px4_msgs/include/px4_msgs/px4_msgs/msg/onboard_computer_status.h\n'}
[0.400309] (px4_msgs) StdoutLine: {'line': b'-- Up-to-date symlink: /home/lee/workspace/ros2_ex_mav/install/px4_msgs/include/px4_msgs/px4_msgs/msg/orb_test.h\n'}
[0.400330] (px4_msgs) StdoutLine: {'line': b'-- Up-to-date symlink: /home/lee/workspace/ros2_ex_mav/install/px4_msgs/include/px4_msgs/px4_msgs/msg/orb_test_large.h\n'}
[0.400371] (px4_msgs) StdoutLine: {'line': b'-- Up-to-date symlink: /home/lee/workspace/ros2_ex_mav/install/px4_msgs/include/px4_msgs/px4_msgs/msg/orb_test_medium.h\n'}
[0.400392] (px4_msgs) StdoutLine: {'line': b'-- Up-to-date symlink: /home/lee/workspace/ros2_ex_mav/install/px4_msgs/include/px4_msgs/px4_msgs/msg/orbit_status.h\n'}
[0.400428] (px4_msgs) StdoutLine: {'line': b'-- Up-to-date symlink: /home/lee/workspace/ros2_ex_mav/install/px4_msgs/include/px4_msgs/px4_msgs/msg/parameter_update.h\n'}
[0.400458] (px4_msgs) StdoutLine: {'line': b'-- Up-to-date symlink: /home/lee/workspace/ros2_ex_mav/install/px4_msgs/include/px4_msgs/px4_msgs/msg/ping.h\n'}
[0.400494] (px4_msgs) StdoutLine: {'line': b'-- Up-to-date symlink: /home/lee/workspace/ros2_ex_mav/install/px4_msgs/include/px4_msgs/px4_msgs/msg/position_controller_landing_status.h\n'}
[0.400531] (px4_msgs) StdoutLine: {'line': b'-- Up-to-date symlink: /home/lee/workspace/ros2_ex_mav/install/px4_msgs/include/px4_msgs/px4_msgs/msg/position_controller_status.h\n'}
[0.400574] (px4_msgs) StdoutLine: {'line': b'-- Up-to-date symlink: /home/lee/workspace/ros2_ex_mav/install/px4_msgs/include/px4_msgs/px4_msgs/msg/position_setpoint.h\n'}
[0.400598] (px4_msgs) StdoutLine: {'line': b'-- Up-to-date symlink: /home/lee/workspace/ros2_ex_mav/install/px4_msgs/include/px4_msgs/px4_msgs/msg/position_setpoint_triplet.h\n'}
[0.400629] (px4_msgs) StdoutLine: {'line': b'-- Up-to-date symlink: /home/lee/workspace/ros2_ex_mav/install/px4_msgs/include/px4_msgs/px4_msgs/msg/power_button_state.h\n'}
[0.400669] (px4_msgs) StdoutLine: {'line': b'-- Up-to-date symlink: /home/lee/workspace/ros2_ex_mav/install/px4_msgs/include/px4_msgs/px4_msgs/msg/power_monitor.h\n'}
[0.400703] (px4_msgs) StdoutLine: {'line': b'-- Up-to-date symlink: /home/lee/workspace/ros2_ex_mav/install/px4_msgs/include/px4_msgs/px4_msgs/msg/pps_capture.h\n'}
[0.400732] (px4_msgs) StdoutLine: {'line': b'-- Up-to-date symlink: /home/lee/workspace/ros2_ex_mav/install/px4_msgs/include/px4_msgs/px4_msgs/msg/pwm_input.h\n'}
[0.400765] (px4_msgs) StdoutLine: {'line': b'-- Up-to-date symlink: /home/lee/workspace/ros2_ex_mav/install/px4_msgs/include/px4_msgs/px4_msgs/msg/px4io_status.h\n'}
[0.400799] (px4_msgs) StdoutLine: {'line': b'-- Up-to-date symlink: /home/lee/workspace/ros2_ex_mav/install/px4_msgs/include/px4_msgs/px4_msgs/msg/qshell_req.h\n'}
[0.400826] (px4_msgs) StdoutLine: {'line': b'-- Up-to-date symlink: /home/lee/workspace/ros2_ex_mav/install/px4_msgs/include/px4_msgs/px4_msgs/msg/qshell_retval.h\n'}
[0.400858] (px4_msgs) StdoutLine: {'line': b'-- Up-to-date symlink: /home/lee/workspace/ros2_ex_mav/install/px4_msgs/include/px4_msgs/px4_msgs/msg/radio_status.h\n'}
[0.400892] (px4_msgs) StdoutLine: {'line': b'-- Up-to-date symlink: /home/lee/workspace/ros2_ex_mav/install/px4_msgs/include/px4_msgs/px4_msgs/msg/rate_ctrl_status.h\n'}
[0.400919] (px4_msgs) StdoutLine: {'line': b'-- Up-to-date symlink: /home/lee/workspace/ros2_ex_mav/install/px4_msgs/include/px4_msgs/px4_msgs/msg/rc_channels.h\n'}
[0.400951] (px4_msgs) StdoutLine: {'line': b'-- Up-to-date symlink: /home/lee/workspace/ros2_ex_mav/install/px4_msgs/include/px4_msgs/px4_msgs/msg/rc_parameter_map.h\n'}
[0.400985] (px4_msgs) StdoutLine: {'line': b'-- Up-to-date symlink: /home/lee/workspace/ros2_ex_mav/install/px4_msgs/include/px4_msgs/px4_msgs/msg/rosidl_generator_c__visibility_control.h\n'}
[0.401018] (px4_msgs) StdoutLine: {'line': b'-- Up-to-date symlink: /home/lee/workspace/ros2_ex_mav/install/px4_msgs/include/px4_msgs/px4_msgs/msg/rpm.h\n'}
[0.401051] (px4_msgs) StdoutLine: {'line': b'-- Up-to-date symlink: /home/lee/workspace/ros2_ex_mav/install/px4_msgs/include/px4_msgs/px4_msgs/msg/rtl_time_estimate.h\n'}
[0.401085] (px4_msgs) StdoutLine: {'line': b'-- Up-to-date symlink: /home/lee/workspace/ros2_ex_mav/install/px4_msgs/include/px4_msgs/px4_msgs/msg/satellite_info.h\n'}
[0.401118] (px4_msgs) StdoutLine: {'line': b'-- Up-to-date symlink: /home/lee/workspace/ros2_ex_mav/install/px4_msgs/include/px4_msgs/px4_msgs/msg/sensor_accel.h\n'}
[0.401156] (px4_msgs) StdoutLine: {'line': b'-- Up-to-date symlink: /home/lee/workspace/ros2_ex_mav/install/px4_msgs/include/px4_msgs/px4_msgs/msg/sensor_accel_fifo.h\n'}
[0.401176] (px4_msgs) StdoutLine: {'line': b'-- Up-to-date symlink: /home/lee/workspace/ros2_ex_mav/install/px4_msgs/include/px4_msgs/px4_msgs/msg/sensor_baro.h\n'}
[0.401210] (px4_msgs) StdoutLine: {'line': b'-- Up-to-date symlink: /home/lee/workspace/ros2_ex_mav/install/px4_msgs/include/px4_msgs/px4_msgs/msg/sensor_combined.h\n'}
[0.401243] (px4_msgs) StdoutLine: {'line': b'-- Up-to-date symlink: /home/lee/workspace/ros2_ex_mav/install/px4_msgs/include/px4_msgs/px4_msgs/msg/sensor_correction.h\n'}
[0.401281] (px4_msgs) StdoutLine: {'line': b'-- Up-to-date symlink: /home/lee/workspace/ros2_ex_mav/install/px4_msgs/include/px4_msgs/px4_msgs/msg/sensor_gnss_relative.h\n'}
[0.401301] (px4_msgs) StdoutLine: {'line': b'-- Up-to-date symlink: /home/lee/workspace/ros2_ex_mav/install/px4_msgs/include/px4_msgs/px4_msgs/msg/sensor_gps.h\n'}
[0.401330] (px4_msgs) StdoutLine: {'line': b'-- Up-to-date symlink: /home/lee/workspace/ros2_ex_mav/install/px4_msgs/include/px4_msgs/px4_msgs/msg/sensor_gyro.h\n'}
[0.401362] (px4_msgs) StdoutLine: {'line': b'-- Up-to-date symlink: /home/lee/workspace/ros2_ex_mav/install/px4_msgs/include/px4_msgs/px4_msgs/msg/sensor_gyro_fft.h\n'}
[0.401398] (px4_msgs) StdoutLine: {'line': b'-- Up-to-date symlink: /home/lee/workspace/ros2_ex_mav/install/px4_msgs/include/px4_msgs/px4_msgs/msg/sensor_gyro_fifo.h\n'}
[0.401426] (px4_msgs) StdoutLine: {'line': b'-- Up-to-date symlink: /home/lee/workspace/ros2_ex_mav/install/px4_msgs/include/px4_msgs/px4_msgs/msg/sensor_hygrometer.h\n'}
[0.401458] (px4_msgs) StdoutLine: {'line': b'-- Up-to-date symlink: /home/lee/workspace/ros2_ex_mav/install/px4_msgs/include/px4_msgs/px4_msgs/msg/sensor_mag.h\n'}
[0.401493] (px4_msgs) StdoutLine: {'line': b'-- Up-to-date symlink: /home/lee/workspace/ros2_ex_mav/install/px4_msgs/include/px4_msgs/px4_msgs/msg/sensor_optical_flow.h\n'}
[0.401531] (px4_msgs) StdoutLine: {'line': b'-- Up-to-date symlink: /home/lee/workspace/ros2_ex_mav/install/px4_msgs/include/px4_msgs/px4_msgs/msg/sensor_preflight_mag.h\n'}
[0.401550] (px4_msgs) StdoutLine: {'line': b'-- Up-to-date symlink: /home/lee/workspace/ros2_ex_mav/install/px4_msgs/include/px4_msgs/px4_msgs/msg/sensor_selection.h\n'}
[0.401581] (px4_msgs) StdoutLine: {'line': b'-- Up-to-date symlink: /home/lee/workspace/ros2_ex_mav/install/px4_msgs/include/px4_msgs/px4_msgs/msg/sensor_uwb.h\n'}
[0.401615] (px4_msgs) StdoutLine: {'line': b'-- Up-to-date symlink: /home/lee/workspace/ros2_ex_mav/install/px4_msgs/include/px4_msgs/px4_msgs/msg/sensors_status.h\n'}
[0.401650] (px4_msgs) StdoutLine: {'line': b'-- Up-to-date symlink: /home/lee/workspace/ros2_ex_mav/install/px4_msgs/include/px4_msgs/px4_msgs/msg/sensors_status_imu.h\n'}
[0.401682] (px4_msgs) StdoutLine: {'line': b'-- Up-to-date symlink: /home/lee/workspace/ros2_ex_mav/install/px4_msgs/include/px4_msgs/px4_msgs/msg/system_power.h\n'}
[0.401715] (px4_msgs) StdoutLine: {'line': b'-- Up-to-date symlink: /home/lee/workspace/ros2_ex_mav/install/px4_msgs/include/px4_msgs/px4_msgs/msg/takeoff_status.h\n'}
[0.401750] (px4_msgs) StdoutLine: {'line': b'-- Up-to-date symlink: /home/lee/workspace/ros2_ex_mav/install/px4_msgs/include/px4_msgs/px4_msgs/msg/task_stack_info.h\n'}
[0.401784] (px4_msgs) StdoutLine: {'line': b'-- Up-to-date symlink: /home/lee/workspace/ros2_ex_mav/install/px4_msgs/include/px4_msgs/px4_msgs/msg/tecs_status.h\n'}
[0.401823] (px4_msgs) StdoutLine: {'line': b'-- Up-to-date symlink: /home/lee/workspace/ros2_ex_mav/install/px4_msgs/include/px4_msgs/px4_msgs/msg/telemetry_status.h\n'}
[0.401844] (px4_msgs) StdoutLine: {'line': b'-- Up-to-date symlink: /home/lee/workspace/ros2_ex_mav/install/px4_msgs/include/px4_msgs/px4_msgs/msg/tiltrotor_extra_controls.h\n'}
[0.401878] (px4_msgs) StdoutLine: {'line': b'-- Up-to-date symlink: /home/lee/workspace/ros2_ex_mav/install/px4_msgs/include/px4_msgs/px4_msgs/msg/timesync_status.h\n'}
[0.401912] (px4_msgs) StdoutLine: {'line': b'-- Up-to-date symlink: /home/lee/workspace/ros2_ex_mav/install/px4_msgs/include/px4_msgs/px4_msgs/msg/trajectory_bezier.h\n'}
[0.401946] (px4_msgs) StdoutLine: {'line': b'-- Up-to-date symlink: /home/lee/workspace/ros2_ex_mav/install/px4_msgs/include/px4_msgs/px4_msgs/msg/trajectory_setpoint.h\n'}
[0.401980] (px4_msgs) StdoutLine: {'line': b'-- Up-to-date symlink: /home/lee/workspace/ros2_ex_mav/install/px4_msgs/include/px4_msgs/px4_msgs/msg/trajectory_waypoint.h\n'}
[0.402019] (px4_msgs) StdoutLine: {'line': b'-- Up-to-date symlink: /home/lee/workspace/ros2_ex_mav/install/px4_msgs/include/px4_msgs/px4_msgs/msg/transponder_report.h\n'}
[0.402040] (px4_msgs) StdoutLine: {'line': b'-- Up-to-date symlink: /home/lee/workspace/ros2_ex_mav/install/px4_msgs/include/px4_msgs/px4_msgs/msg/tune_control.h\n'}
[0.402074] (px4_msgs) StdoutLine: {'line': b'-- Up-to-date symlink: /home/lee/workspace/ros2_ex_mav/install/px4_msgs/include/px4_msgs/px4_msgs/msg/uavcan_parameter_request.h\n'}
[0.402108] (px4_msgs) StdoutLine: {'line': b'-- Up-to-date symlink: /home/lee/workspace/ros2_ex_mav/install/px4_msgs/include/px4_msgs/px4_msgs/msg/uavcan_parameter_value.h\n'}
[0.402147] (px4_msgs) StdoutLine: {'line': b'-- Up-to-date symlink: /home/lee/workspace/ros2_ex_mav/install/px4_msgs/include/px4_msgs/px4_msgs/msg/ulog_stream.h\n'}
[0.402178] (px4_msgs) StdoutLine: {'line': b'-- Up-to-date symlink: /home/lee/workspace/ros2_ex_mav/install/px4_msgs/include/px4_msgs/px4_msgs/msg/ulog_stream_ack.h\n'}
[0.402216] (px4_msgs) StdoutLine: {'line': b'-- Up-to-date symlink: /home/lee/workspace/ros2_ex_mav/install/px4_msgs/include/px4_msgs/px4_msgs/msg/vehicle_acceleration.h\n'}
[0.402247] (px4_msgs) StdoutLine: {'line': b'-- Up-to-date symlink: /home/lee/workspace/ros2_ex_mav/install/px4_msgs/include/px4_msgs/px4_msgs/msg/vehicle_air_data.h\n'}
[0.402283] (px4_msgs) StdoutLine: {'line': b'-- Up-to-date symlink: /home/lee/workspace/ros2_ex_mav/install/px4_msgs/include/px4_msgs/px4_msgs/msg/vehicle_angular_acceleration_setpoint.h\n'}
[0.402319] (px4_msgs) StdoutLine: {'line': b'-- Up-to-date symlink: /home/lee/workspace/ros2_ex_mav/install/px4_msgs/include/px4_msgs/px4_msgs/msg/vehicle_angular_velocity.h\n'}
[0.402354] (px4_msgs) StdoutLine: {'line': b'-- Up-to-date symlink: /home/lee/workspace/ros2_ex_mav/install/px4_msgs/include/px4_msgs/px4_msgs/msg/vehicle_attitude.h\n'}
[0.402381] (px4_msgs) StdoutLine: {'line': b'-- Up-to-date symlink: /home/lee/workspace/ros2_ex_mav/install/px4_msgs/include/px4_msgs/px4_msgs/msg/vehicle_attitude_setpoint.h\n'}
[0.402415] (px4_msgs) StdoutLine: {'line': b'-- Up-to-date symlink: /home/lee/workspace/ros2_ex_mav/install/px4_msgs/include/px4_msgs/px4_msgs/msg/vehicle_command.h\n'}
[0.402449] (px4_msgs) StdoutLine: {'line': b'-- Up-to-date symlink: /home/lee/workspace/ros2_ex_mav/install/px4_msgs/include/px4_msgs/px4_msgs/msg/vehicle_command_ack.h\n'}
[0.402484] (px4_msgs) StdoutLine: {'line': b'-- Up-to-date symlink: /home/lee/workspace/ros2_ex_mav/install/px4_msgs/include/px4_msgs/px4_msgs/msg/vehicle_constraints.h\n'}
[0.402520] (px4_msgs) StdoutLine: {'line': b'-- Up-to-date symlink: /home/lee/workspace/ros2_ex_mav/install/px4_msgs/include/px4_msgs/px4_msgs/msg/vehicle_control_mode.h\n'}
[0.402560] (px4_msgs) StdoutLine: {'line': b'-- Up-to-date symlink: /home/lee/workspace/ros2_ex_mav/install/px4_msgs/include/px4_msgs/px4_msgs/msg/vehicle_global_position.h\n'}
[0.402580] (px4_msgs) StdoutLine: {'line': b'-- Up-to-date symlink: /home/lee/workspace/ros2_ex_mav/install/px4_msgs/include/px4_msgs/px4_msgs/msg/vehicle_imu.h\n'}
[0.402614] (px4_msgs) StdoutLine: {'line': b'-- Up-to-date symlink: /home/lee/workspace/ros2_ex_mav/install/px4_msgs/include/px4_msgs/px4_msgs/msg/vehicle_imu_status.h\n'}
[0.402651] (px4_msgs) StdoutLine: {'line': b'-- Up-to-date symlink: /home/lee/workspace/ros2_ex_mav/install/px4_msgs/include/px4_msgs/px4_msgs/msg/vehicle_land_detected.h\n'}
[0.402683] (px4_msgs) StdoutLine: {'line': b'-- Up-to-date symlink: /home/lee/workspace/ros2_ex_mav/install/px4_msgs/include/px4_msgs/px4_msgs/msg/vehicle_local_position.h\n'}
[0.402717] (px4_msgs) StdoutLine: {'line': b'-- Up-to-date symlink: /home/lee/workspace/ros2_ex_mav/install/px4_msgs/include/px4_msgs/px4_msgs/msg/vehicle_local_position_setpoint.h\n'}
[0.402747] (px4_msgs) StdoutLine: {'line': b'-- Up-to-date symlink: /home/lee/workspace/ros2_ex_mav/install/px4_msgs/include/px4_msgs/px4_msgs/msg/vehicle_magnetometer.h\n'}
[0.402782] (px4_msgs) StdoutLine: {'line': b'-- Up-to-date symlink: /home/lee/workspace/ros2_ex_mav/install/px4_msgs/include/px4_msgs/px4_msgs/msg/vehicle_odometry.h\n'}
[0.402817] (px4_msgs) StdoutLine: {'line': b'-- Up-to-date symlink: /home/lee/workspace/ros2_ex_mav/install/px4_msgs/include/px4_msgs/px4_msgs/msg/vehicle_optical_flow.h\n'}
[0.402857] (px4_msgs) StdoutLine: {'line': b'-- Up-to-date symlink: /home/lee/workspace/ros2_ex_mav/install/px4_msgs/include/px4_msgs/px4_msgs/msg/vehicle_optical_flow_vel.h\n'}
[0.402878] (px4_msgs) StdoutLine: {'line': b'-- Up-to-date symlink: /home/lee/workspace/ros2_ex_mav/install/px4_msgs/include/px4_msgs/px4_msgs/msg/vehicle_rates_setpoint.h\n'}
[0.402912] (px4_msgs) StdoutLine: {'line': b'-- Up-to-date symlink: /home/lee/workspace/ros2_ex_mav/install/px4_msgs/include/px4_msgs/px4_msgs/msg/vehicle_roi.h\n'}
[0.402950] (px4_msgs) StdoutLine: {'line': b'-- Up-to-date symlink: /home/lee/workspace/ros2_ex_mav/install/px4_msgs/include/px4_msgs/px4_msgs/msg/vehicle_status.h\n'}
[0.402989] (px4_msgs) StdoutLine: {'line': b'-- Up-to-date symlink: /home/lee/workspace/ros2_ex_mav/install/px4_msgs/include/px4_msgs/px4_msgs/msg/vehicle_thrust_setpoint.h\n'}
[0.403009] (px4_msgs) StdoutLine: {'line': b'-- Up-to-date symlink: /home/lee/workspace/ros2_ex_mav/install/px4_msgs/include/px4_msgs/px4_msgs/msg/vehicle_torque_setpoint.h\n'}
[0.403043] (px4_msgs) StdoutLine: {'line': b'-- Up-to-date symlink: /home/lee/workspace/ros2_ex_mav/install/px4_msgs/include/px4_msgs/px4_msgs/msg/vehicle_trajectory_bezier.h\n'}
[0.403078] (px4_msgs) StdoutLine: {'line': b'-- Up-to-date symlink: /home/lee/workspace/ros2_ex_mav/install/px4_msgs/include/px4_msgs/px4_msgs/msg/vehicle_trajectory_waypoint.h\n'}
[0.403108] (px4_msgs) StdoutLine: {'line': b'-- Up-to-date symlink: /home/lee/workspace/ros2_ex_mav/install/px4_msgs/include/px4_msgs/px4_msgs/msg/vtol_vehicle_status.h\n'}
[0.403142] (px4_msgs) StdoutLine: {'line': b'-- Up-to-date symlink: /home/lee/workspace/ros2_ex_mav/install/px4_msgs/include/px4_msgs/px4_msgs/msg/wind.h\n'}
[0.403177] (px4_msgs) StdoutLine: {'line': b'-- Up-to-date symlink: /home/lee/workspace/ros2_ex_mav/install/px4_msgs/include/px4_msgs/px4_msgs/msg/yaw_estimator_status.h\n'}
[0.403254] (px4_msgs) StdoutLine: {'line': b'-- Up-to-date symlink: /home/lee/workspace/ros2_ex_mav/install/px4_msgs/share/px4_msgs/environment/library_path.sh\n'}
[0.403312] (px4_msgs) StdoutLine: {'line': b'-- Up-to-date symlink: /home/lee/workspace/ros2_ex_mav/install/px4_msgs/share/px4_msgs/environment/library_path.dsv\n'}
[0.405371] (px4_msgs) StdoutLine: {'line': b'-- Up-to-date symlink: /home/lee/workspace/ros2_ex_mav/install/px4_msgs/include/px4_msgs/px4_msgs/msg/detail/action_request__rosidl_typesupport_fastrtps_c.h\n'}
[0.405503] (px4_msgs) StdoutLine: {'line': b'-- Up-to-date symlink: /home/lee/workspace/ros2_ex_mav/install/px4_msgs/include/px4_msgs/px4_msgs/msg/detail/actuator_armed__rosidl_typesupport_fastrtps_c.h\n'}
[0.405577] (px4_msgs) StdoutLine: {'line': b'-- Up-to-date symlink: /home/lee/workspace/ros2_ex_mav/install/px4_msgs/include/px4_msgs/px4_msgs/msg/detail/actuator_controls_status__rosidl_typesupport_fastrtps_c.h\n'}
[0.405629] (px4_msgs) StdoutLine: {'line': b'-- Up-to-date symlink: /home/lee/workspace/ros2_ex_mav/install/px4_msgs/include/px4_msgs/px4_msgs/msg/detail/actuator_motors__rosidl_typesupport_fastrtps_c.h\n'}
[0.405700] (px4_msgs) StdoutLine: {'line': b'-- Up-to-date symlink: /home/lee/workspace/ros2_ex_mav/install/px4_msgs/include/px4_msgs/px4_msgs/msg/detail/actuator_outputs__rosidl_typesupport_fastrtps_c.h\n'}
[0.405759] (px4_msgs) StdoutLine: {'line': b'-- Up-to-date symlink: /home/lee/workspace/ros2_ex_mav/install/px4_msgs/include/px4_msgs/px4_msgs/msg/detail/actuator_servos__rosidl_typesupport_fastrtps_c.h\n'}
[0.405839] (px4_msgs) StdoutLine: {'line': b'-- Up-to-date symlink: /home/lee/workspace/ros2_ex_mav/install/px4_msgs/include/px4_msgs/px4_msgs/msg/detail/actuator_servos_trim__rosidl_typesupport_fastrtps_c.h\n'}
[0.405889] (px4_msgs) StdoutLine: {'line': b'-- Up-to-date symlink: /home/lee/workspace/ros2_ex_mav/install/px4_msgs/include/px4_msgs/px4_msgs/msg/detail/actuator_test__rosidl_typesupport_fastrtps_c.h\n'}
[0.405938] (px4_msgs) StdoutLine: {'line': b'-- Up-to-date symlink: /home/lee/workspace/ros2_ex_mav/install/px4_msgs/include/px4_msgs/px4_msgs/msg/detail/adc_report__rosidl_typesupport_fastrtps_c.h\n'}
[0.405985] (px4_msgs) StdoutLine: {'line': b'-- Up-to-date symlink: /home/lee/workspace/ros2_ex_mav/install/px4_msgs/include/px4_msgs/px4_msgs/msg/detail/airspeed__rosidl_typesupport_fastrtps_c.h\n'}
[0.406059] (px4_msgs) StdoutLine: {'line': b'-- Up-to-date symlink: /home/lee/workspace/ros2_ex_mav/install/px4_msgs/include/px4_msgs/px4_msgs/msg/detail/airspeed_validated__rosidl_typesupport_fastrtps_c.h\n'}
[0.406108] (px4_msgs) StdoutLine: {'line': b'-- Up-to-date symlink: /home/lee/workspace/ros2_ex_mav/install/px4_msgs/include/px4_msgs/px4_msgs/msg/detail/airspeed_wind__rosidl_typesupport_fastrtps_c.h\n'}
[0.406176] (px4_msgs) StdoutLine: {'line': b'-- Up-to-date symlink: /home/lee/workspace/ros2_ex_mav/install/px4_msgs/include/px4_msgs/px4_msgs/msg/detail/autotune_attitude_control_status__rosidl_typesupport_fastrtps_c.h\n'}
[0.406240] (px4_msgs) StdoutLine: {'line': b'-- Up-to-date symlink: /home/lee/workspace/ros2_ex_mav/install/px4_msgs/include/px4_msgs/px4_msgs/msg/detail/battery_status__rosidl_typesupport_fastrtps_c.h\n'}
[0.406295] (px4_msgs) StdoutLine: {'line': b'-- Up-to-date symlink: /home/lee/workspace/ros2_ex_mav/install/px4_msgs/include/px4_msgs/px4_msgs/msg/detail/button_event__rosidl_typesupport_fastrtps_c.h\n'}
[0.406359] (px4_msgs) StdoutLine: {'line': b'-- Up-to-date symlink: /home/lee/workspace/ros2_ex_mav/install/px4_msgs/include/px4_msgs/px4_msgs/msg/detail/camera_capture__rosidl_typesupport_fastrtps_c.h\n'}
[0.406407] (px4_msgs) StdoutLine: {'line': b'-- Up-to-date symlink: /home/lee/workspace/ros2_ex_mav/install/px4_msgs/include/px4_msgs/px4_msgs/msg/detail/camera_status__rosidl_typesupport_fastrtps_c.h\n'}
[0.406455] (px4_msgs) StdoutLine: {'line': b'-- Up-to-date symlink: /home/lee/workspace/ros2_ex_mav/install/px4_msgs/include/px4_msgs/px4_msgs/msg/detail/camera_trigger__rosidl_typesupport_fastrtps_c.h\n'}
[0.406503] (px4_msgs) StdoutLine: {'line': b'-- Up-to-date symlink: /home/lee/workspace/ros2_ex_mav/install/px4_msgs/include/px4_msgs/px4_msgs/msg/detail/cellular_status__rosidl_typesupport_fastrtps_c.h\n'}
[0.406589] (px4_msgs) StdoutLine: {'line': b'-- Up-to-date symlink: /home/lee/workspace/ros2_ex_mav/install/px4_msgs/include/px4_msgs/px4_msgs/msg/detail/collision_constraints__rosidl_typesupport_fastrtps_c.h\n'}
[0.406672] (px4_msgs) StdoutLine: {'line': b'-- Up-to-date symlink: /home/lee/workspace/ros2_ex_mav/install/px4_msgs/include/px4_msgs/px4_msgs/msg/detail/collision_report__rosidl_typesupport_fastrtps_c.h\n'}
[0.406734] (px4_msgs) StdoutLine: {'line': b'-- Up-to-date symlink: /home/lee/workspace/ros2_ex_mav/install/px4_msgs/include/px4_msgs/px4_msgs/msg/detail/control_allocator_status__rosidl_typesupport_fastrtps_c.h\n'}
[0.406784] (px4_msgs) StdoutLine: {'line': b'-- Up-to-date symlink: /home/lee/workspace/ros2_ex_mav/install/px4_msgs/include/px4_msgs/px4_msgs/msg/detail/cpuload__rosidl_typesupport_fastrtps_c.h\n'}
[0.406832] (px4_msgs) StdoutLine: {'line': b'-- Up-to-date symlink: /home/lee/workspace/ros2_ex_mav/install/px4_msgs/include/px4_msgs/px4_msgs/msg/detail/debug_array__rosidl_typesupport_fastrtps_c.h\n'}
[0.406882] (px4_msgs) StdoutLine: {'line': b'-- Up-to-date symlink: /home/lee/workspace/ros2_ex_mav/install/px4_msgs/include/px4_msgs/px4_msgs/msg/detail/debug_key_value__rosidl_typesupport_fastrtps_c.h\n'}
[0.406930] (px4_msgs) StdoutLine: {'line': b'-- Up-to-date symlink: /home/lee/workspace/ros2_ex_mav/install/px4_msgs/include/px4_msgs/px4_msgs/msg/detail/debug_value__rosidl_typesupport_fastrtps_c.h\n'}
[0.406978] (px4_msgs) StdoutLine: {'line': b'-- Up-to-date symlink: /home/lee/workspace/ros2_ex_mav/install/px4_msgs/include/px4_msgs/px4_msgs/msg/detail/debug_vect__rosidl_typesupport_fastrtps_c.h\n'}
[0.407026] (px4_msgs) StdoutLine: {'line': b'-- Up-to-date symlink: /home/lee/workspace/ros2_ex_mav/install/px4_msgs/include/px4_msgs/px4_msgs/msg/detail/differential_pressure__rosidl_typesupport_fastrtps_c.h\n'}
[0.407075] (px4_msgs) StdoutLine: {'line': b'-- Up-to-date symlink: /home/lee/workspace/ros2_ex_mav/install/px4_msgs/include/px4_msgs/px4_msgs/msg/detail/distance_sensor__rosidl_typesupport_fastrtps_c.h\n'}
[0.407123] (px4_msgs) StdoutLine: {'line': b'-- Up-to-date symlink: /home/lee/workspace/ros2_ex_mav/install/px4_msgs/include/px4_msgs/px4_msgs/msg/detail/ekf2_timestamps__rosidl_typesupport_fastrtps_c.h\n'}
[0.407171] (px4_msgs) StdoutLine: {'line': b'-- Up-to-date symlink: /home/lee/workspace/ros2_ex_mav/install/px4_msgs/include/px4_msgs/px4_msgs/msg/detail/esc_report__rosidl_typesupport_fastrtps_c.h\n'}
[0.407232] (px4_msgs) StdoutLine: {'line': b'-- Up-to-date symlink: /home/lee/workspace/ros2_ex_mav/install/px4_msgs/include/px4_msgs/px4_msgs/msg/detail/esc_status__rosidl_typesupport_fastrtps_c.h\n'}
[0.407327] (px4_msgs) StdoutLine: {'line': b'-- Up-to-date symlink: /home/lee/workspace/ros2_ex_mav/install/px4_msgs/include/px4_msgs/px4_msgs/msg/detail/estimator_aid_source1d__rosidl_typesupport_fastrtps_c.h\n'}
[0.407377] (px4_msgs) StdoutLine: {'line': b'-- Up-to-date symlink: /home/lee/workspace/ros2_ex_mav/install/px4_msgs/include/px4_msgs/px4_msgs/msg/detail/estimator_aid_source2d__rosidl_typesupport_fastrtps_c.h\n'}
[0.407443] (px4_msgs) StdoutLine: {'line': b'-- Up-to-date symlink: /home/lee/workspace/ros2_ex_mav/install/px4_msgs/include/px4_msgs/px4_msgs/msg/detail/estimator_aid_source3d__rosidl_typesupport_fastrtps_c.h\n'}
[0.407498] (px4_msgs) StdoutLine: {'line': b'-- Up-to-date symlink: /home/lee/workspace/ros2_ex_mav/install/px4_msgs/include/px4_msgs/px4_msgs/msg/detail/estimator_bias3d__rosidl_typesupport_fastrtps_c.h\n'}
[0.407546] (px4_msgs) StdoutLine: {'line': b'-- Up-to-date symlink: /home/lee/workspace/ros2_ex_mav/install/px4_msgs/include/px4_msgs/px4_msgs/msg/detail/estimator_bias__rosidl_typesupport_fastrtps_c.h\n'}
[0.407745] (px4_msgs) StdoutLine: {'line': b'-- Up-to-date symlink: /home/lee/workspace/ros2_ex_mav/install/px4_msgs/include/px4_msgs/px4_msgs/msg/detail/estimator_event_flags__rosidl_typesupport_fastrtps_c.h\n'}
[0.407814] (px4_msgs) StdoutLine: {'line': b'-- Up-to-date symlink: /home/lee/workspace/ros2_ex_mav/install/px4_msgs/include/px4_msgs/px4_msgs/msg/detail/estimator_gps_status__rosidl_typesupport_fastrtps_c.h\n'}
[0.407863] (px4_msgs) StdoutLine: {'line': b'-- Up-to-date symlink: /home/lee/workspace/ros2_ex_mav/install/px4_msgs/include/px4_msgs/px4_msgs/msg/detail/estimator_innovations__rosidl_typesupport_fastrtps_c.h\n'}
[0.407911] (px4_msgs) StdoutLine: {'line': b'-- Up-to-date symlink: /home/lee/workspace/ros2_ex_mav/install/px4_msgs/include/px4_msgs/px4_msgs/msg/detail/estimator_selector_status__rosidl_typesupport_fastrtps_c.h\n'}
[0.407960] (px4_msgs) StdoutLine: {'line': b'-- Up-to-date symlink: /home/lee/workspace/ros2_ex_mav/install/px4_msgs/include/px4_msgs/px4_msgs/msg/detail/estimator_sensor_bias__rosidl_typesupport_fastrtps_c.h\n'}
[0.408008] (px4_msgs) StdoutLine: {'line': b'-- Up-to-date symlink: /home/lee/workspace/ros2_ex_mav/install/px4_msgs/include/px4_msgs/px4_msgs/msg/detail/estimator_states__rosidl_typesupport_fastrtps_c.h\n'}
[0.408059] (px4_msgs) StdoutLine: {'line': b'-- Up-to-date symlink: /home/lee/workspace/ros2_ex_mav/install/px4_msgs/include/px4_msgs/px4_msgs/msg/detail/estimator_status__rosidl_typesupport_fastrtps_c.h\n'}
[0.408107] (px4_msgs) StdoutLine: {'line': b'-- Up-to-date symlink: /home/lee/workspace/ros2_ex_mav/install/px4_msgs/include/px4_msgs/px4_msgs/msg/detail/estimator_status_flags__rosidl_typesupport_fastrtps_c.h\n'}
[0.408156] (px4_msgs) StdoutLine: {'line': b'-- Up-to-date symlink: /home/lee/workspace/ros2_ex_mav/install/px4_msgs/include/px4_msgs/px4_msgs/msg/detail/event__rosidl_typesupport_fastrtps_c.h\n'}
[0.408205] (px4_msgs) StdoutLine: {'line': b'-- Up-to-date symlink: /home/lee/workspace/ros2_ex_mav/install/px4_msgs/include/px4_msgs/px4_msgs/msg/detail/failsafe_flags__rosidl_typesupport_fastrtps_c.h\n'}
[0.408288] (px4_msgs) StdoutLine: {'line': b'-- Up-to-date symlink: /home/lee/workspace/ros2_ex_mav/install/px4_msgs/include/px4_msgs/px4_msgs/msg/detail/failure_detector_status__rosidl_typesupport_fastrtps_c.h\n'}
[0.408336] (px4_msgs) StdoutLine: {'line': b'-- Up-to-date symlink: /home/lee/workspace/ros2_ex_mav/install/px4_msgs/include/px4_msgs/px4_msgs/msg/detail/follow_target__rosidl_typesupport_fastrtps_c.h\n'}
[0.408383] (px4_msgs) StdoutLine: {'line': b'-- Up-to-date symlink: /home/lee/workspace/ros2_ex_mav/install/px4_msgs/include/px4_msgs/px4_msgs/msg/detail/follow_target_estimator__rosidl_typesupport_fastrtps_c.h\n'}
[0.408430] (px4_msgs) StdoutLine: {'line': b'-- Up-to-date symlink: /home/lee/workspace/ros2_ex_mav/install/px4_msgs/include/px4_msgs/px4_msgs/msg/detail/follow_target_status__rosidl_typesupport_fastrtps_c.h\n'}
[0.408504] (px4_msgs) StdoutLine: {'line': b'-- Up-to-date symlink: /home/lee/workspace/ros2_ex_mav/install/px4_msgs/include/px4_msgs/px4_msgs/msg/detail/generator_status__rosidl_typesupport_fastrtps_c.h\n'}
[0.408552] (px4_msgs) StdoutLine: {'line': b'-- Up-to-date symlink: /home/lee/workspace/ros2_ex_mav/install/px4_msgs/include/px4_msgs/px4_msgs/msg/detail/geofence_result__rosidl_typesupport_fastrtps_c.h\n'}
[0.408599] (px4_msgs) StdoutLine: {'line': b'-- Up-to-date symlink: /home/lee/workspace/ros2_ex_mav/install/px4_msgs/include/px4_msgs/px4_msgs/msg/detail/gimbal_controls__rosidl_typesupport_fastrtps_c.h\n'}
[0.408669] (px4_msgs) StdoutLine: {'line': b'-- Up-to-date symlink: /home/lee/workspace/ros2_ex_mav/install/px4_msgs/include/px4_msgs/px4_msgs/msg/detail/gimbal_device_attitude_status__rosidl_typesupport_fastrtps_c.h\n'}
[0.408728] (px4_msgs) StdoutLine: {'line': b'-- Up-to-date symlink: /home/lee/workspace/ros2_ex_mav/install/px4_msgs/include/px4_msgs/px4_msgs/msg/detail/gimbal_device_information__rosidl_typesupport_fastrtps_c.h\n'}
[0.408775] (px4_msgs) StdoutLine: {'line': b'-- Up-to-date symlink: /home/lee/workspace/ros2_ex_mav/install/px4_msgs/include/px4_msgs/px4_msgs/msg/detail/gimbal_device_set_attitude__rosidl_typesupport_fastrtps_c.h\n'}
[0.408821] (px4_msgs) StdoutLine: {'line': b'-- Up-to-date symlink: /home/lee/workspace/ros2_ex_mav/install/px4_msgs/include/px4_msgs/px4_msgs/msg/detail/gimbal_manager_information__rosidl_typesupport_fastrtps_c.h\n'}
[0.408900] (px4_msgs) StdoutLine: {'line': b'-- Up-to-date symlink: /home/lee/workspace/ros2_ex_mav/install/px4_msgs/include/px4_msgs/px4_msgs/msg/detail/gimbal_manager_set_attitude__rosidl_typesupport_fastrtps_c.h\n'}
[0.408947] (px4_msgs) StdoutLine: {'line': b'-- Up-to-date symlink: /home/lee/workspace/ros2_ex_mav/install/px4_msgs/include/px4_msgs/px4_msgs/msg/detail/gimbal_manager_set_manual_control__rosidl_typesupport_fastrtps_c.h\n'}
[0.408994] (px4_msgs) StdoutLine: {'line': b'-- Up-to-date symlink: /home/lee/workspace/ros2_ex_mav/install/px4_msgs/include/px4_msgs/px4_msgs/msg/detail/gimbal_manager_status__rosidl_typesupport_fastrtps_c.h\n'}
[0.409041] (px4_msgs) StdoutLine: {'line': b'-- Up-to-date symlink: /home/lee/workspace/ros2_ex_mav/install/px4_msgs/include/px4_msgs/px4_msgs/msg/detail/gps_dump__rosidl_typesupport_fastrtps_c.h\n'}
[0.409087] (px4_msgs) StdoutLine: {'line': b'-- Up-to-date symlink: /home/lee/workspace/ros2_ex_mav/install/px4_msgs/include/px4_msgs/px4_msgs/msg/detail/gps_inject_data__rosidl_typesupport_fastrtps_c.h\n'}
[0.409134] (px4_msgs) StdoutLine: {'line': b'-- Up-to-date symlink: /home/lee/workspace/ros2_ex_mav/install/px4_msgs/include/px4_msgs/px4_msgs/msg/detail/gripper__rosidl_typesupport_fastrtps_c.h\n'}
[0.409181] (px4_msgs) StdoutLine: {'line': b'-- Up-to-date symlink: /home/lee/workspace/ros2_ex_mav/install/px4_msgs/include/px4_msgs/px4_msgs/msg/detail/health_report__rosidl_typesupport_fastrtps_c.h\n'}
[0.409227] (px4_msgs) StdoutLine: {'line': b'-- Up-to-date symlink: /home/lee/workspace/ros2_ex_mav/install/px4_msgs/include/px4_msgs/px4_msgs/msg/detail/heater_status__rosidl_typesupport_fastrtps_c.h\n'}
[0.409274] (px4_msgs) StdoutLine: {'line': b'-- Up-to-date symlink: /home/lee/workspace/ros2_ex_mav/install/px4_msgs/include/px4_msgs/px4_msgs/msg/detail/home_position__rosidl_typesupport_fastrtps_c.h\n'}
[0.409320] (px4_msgs) StdoutLine: {'line': b'-- Up-to-date symlink: /home/lee/workspace/ros2_ex_mav/install/px4_msgs/include/px4_msgs/px4_msgs/msg/detail/hover_thrust_estimate__rosidl_typesupport_fastrtps_c.h\n'}
[0.409366] (px4_msgs) StdoutLine: {'line': b'-- Up-to-date symlink: /home/lee/workspace/ros2_ex_mav/install/px4_msgs/include/px4_msgs/px4_msgs/msg/detail/input_rc__rosidl_typesupport_fastrtps_c.h\n'}
[0.409412] (px4_msgs) StdoutLine: {'line': b'-- Up-to-date symlink: /home/lee/workspace/ros2_ex_mav/install/px4_msgs/include/px4_msgs/px4_msgs/msg/detail/internal_combustion_engine_status__rosidl_typesupport_fastrtps_c.h\n'}
[0.409459] (px4_msgs) StdoutLine: {'line': b'-- Up-to-date symlink: /home/lee/workspace/ros2_ex_mav/install/px4_msgs/include/px4_msgs/px4_msgs/msg/detail/iridiumsbd_status__rosidl_typesupport_fastrtps_c.h\n'}
[0.409515] (px4_msgs) StdoutLine: {'line': b'-- Up-to-date symlink: /home/lee/workspace/ros2_ex_mav/install/px4_msgs/include/px4_msgs/px4_msgs/msg/detail/irlock_report__rosidl_typesupport_fastrtps_c.h\n'}
[0.409562] (px4_msgs) StdoutLine: {'line': b'-- Up-to-date symlink: /home/lee/workspace/ros2_ex_mav/install/px4_msgs/include/px4_msgs/px4_msgs/msg/detail/landing_gear__rosidl_typesupport_fastrtps_c.h\n'}
[0.409608] (px4_msgs) StdoutLine: {'line': b'-- Up-to-date symlink: /home/lee/workspace/ros2_ex_mav/install/px4_msgs/include/px4_msgs/px4_msgs/msg/detail/landing_gear_wheel__rosidl_typesupport_fastrtps_c.h\n'}
[0.409705] (px4_msgs) StdoutLine: {'line': b'-- Up-to-date symlink: /home/lee/workspace/ros2_ex_mav/install/px4_msgs/include/px4_msgs/px4_msgs/msg/detail/landing_target_innovations__rosidl_typesupport_fastrtps_c.h\n'}
[0.409762] (px4_msgs) StdoutLine: {'line': b'-- Up-to-date symlink: /home/lee/workspace/ros2_ex_mav/install/px4_msgs/include/px4_msgs/px4_msgs/msg/detail/landing_target_pose__rosidl_typesupport_fastrtps_c.h\n'}
[0.409808] (px4_msgs) StdoutLine: {'line': b'-- Up-to-date symlink: /home/lee/workspace/ros2_ex_mav/install/px4_msgs/include/px4_msgs/px4_msgs/msg/detail/launch_detection_status__rosidl_typesupport_fastrtps_c.h\n'}
[0.409855] (px4_msgs) StdoutLine: {'line': b'-- Up-to-date symlink: /home/lee/workspace/ros2_ex_mav/install/px4_msgs/include/px4_msgs/px4_msgs/msg/detail/led_control__rosidl_typesupport_fastrtps_c.h\n'}
[0.409901] (px4_msgs) StdoutLine: {'line': b'-- Up-to-date symlink: /home/lee/workspace/ros2_ex_mav/install/px4_msgs/include/px4_msgs/px4_msgs/msg/detail/log_message__rosidl_typesupport_fastrtps_c.h\n'}
[0.409947] (px4_msgs) StdoutLine: {'line': b'-- Up-to-date symlink: /home/lee/workspace/ros2_ex_mav/install/px4_msgs/include/px4_msgs/px4_msgs/msg/detail/logger_status__rosidl_typesupport_fastrtps_c.h\n'}
[0.409994] (px4_msgs) StdoutLine: {'line': b'-- Up-to-date symlink: /home/lee/workspace/ros2_ex_mav/install/px4_msgs/include/px4_msgs/px4_msgs/msg/detail/mag_worker_data__rosidl_typesupport_fastrtps_c.h\n'}
[0.410040] (px4_msgs) StdoutLine: {'line': b'-- Up-to-date symlink: /home/lee/workspace/ros2_ex_mav/install/px4_msgs/include/px4_msgs/px4_msgs/msg/detail/magnetometer_bias_estimate__rosidl_typesupport_fastrtps_c.h\n'}
[0.410086] (px4_msgs) StdoutLine: {'line': b'-- Up-to-date symlink: /home/lee/workspace/ros2_ex_mav/install/px4_msgs/include/px4_msgs/px4_msgs/msg/detail/manual_control_setpoint__rosidl_typesupport_fastrtps_c.h\n'}
[0.410168] (px4_msgs) StdoutLine: {'line': b'-- Up-to-date symlink: /home/lee/workspace/ros2_ex_mav/install/px4_msgs/include/px4_msgs/px4_msgs/msg/detail/manual_control_switches__rosidl_typesupport_fastrtps_c.h\n'}
[0.410215] (px4_msgs) StdoutLine: {'line': b'-- Up-to-date symlink: /home/lee/workspace/ros2_ex_mav/install/px4_msgs/include/px4_msgs/px4_msgs/msg/detail/mavlink_log__rosidl_typesupport_fastrtps_c.h\n'}
[0.410260] (px4_msgs) StdoutLine: {'line': b'-- Up-to-date symlink: /home/lee/workspace/ros2_ex_mav/install/px4_msgs/include/px4_msgs/px4_msgs/msg/detail/mavlink_tunnel__rosidl_typesupport_fastrtps_c.h\n'}
[0.410306] (px4_msgs) StdoutLine: {'line': b'-- Up-to-date symlink: /home/lee/workspace/ros2_ex_mav/install/px4_msgs/include/px4_msgs/px4_msgs/msg/detail/mission__rosidl_typesupport_fastrtps_c.h\n'}
[0.410352] (px4_msgs) StdoutLine: {'line': b'-- Up-to-date symlink: /home/lee/workspace/ros2_ex_mav/install/px4_msgs/include/px4_msgs/px4_msgs/msg/detail/mission_result__rosidl_typesupport_fastrtps_c.h\n'}
[0.410398] (px4_msgs) StdoutLine: {'line': b'-- Up-to-date symlink: /home/lee/workspace/ros2_ex_mav/install/px4_msgs/include/px4_msgs/px4_msgs/msg/detail/mode_completed__rosidl_typesupport_fastrtps_c.h\n'}
[0.410469] (px4_msgs) StdoutLine: {'line': b'-- Up-to-date symlink: /home/lee/workspace/ros2_ex_mav/install/px4_msgs/include/px4_msgs/px4_msgs/msg/detail/mount_orientation__rosidl_typesupport_fastrtps_c.h\n'}
[0.410531] (px4_msgs) StdoutLine: {'line': b'-- Up-to-date symlink: /home/lee/workspace/ros2_ex_mav/install/px4_msgs/include/px4_msgs/px4_msgs/msg/detail/navigator_mission_item__rosidl_typesupport_fastrtps_c.h\n'}
[0.410578] (px4_msgs) StdoutLine: {'line': b'-- Up-to-date symlink: /home/lee/workspace/ros2_ex_mav/install/px4_msgs/include/px4_msgs/px4_msgs/msg/detail/normalized_unsigned_setpoint__rosidl_typesupport_fastrtps_c.h\n'}
[0.410624] (px4_msgs) StdoutLine: {'line': b'-- Up-to-date symlink: /home/lee/workspace/ros2_ex_mav/install/px4_msgs/include/px4_msgs/px4_msgs/msg/detail/npfg_status__rosidl_typesupport_fastrtps_c.h\n'}
[0.410700] (px4_msgs) StdoutLine: {'line': b'-- Up-to-date symlink: /home/lee/workspace/ros2_ex_mav/install/px4_msgs/include/px4_msgs/px4_msgs/msg/detail/obstacle_distance__rosidl_typesupport_fastrtps_c.h\n'}
[0.410756] (px4_msgs) StdoutLine: {'line': b'-- Up-to-date symlink: /home/lee/workspace/ros2_ex_mav/install/px4_msgs/include/px4_msgs/px4_msgs/msg/detail/offboard_control_mode__rosidl_typesupport_fastrtps_c.h\n'}
[0.410803] (px4_msgs) StdoutLine: {'line': b'-- Up-to-date symlink: /home/lee/workspace/ros2_ex_mav/install/px4_msgs/include/px4_msgs/px4_msgs/msg/detail/onboard_computer_status__rosidl_typesupport_fastrtps_c.h\n'}
[0.410849] (px4_msgs) StdoutLine: {'line': b'-- Up-to-date symlink: /home/lee/workspace/ros2_ex_mav/install/px4_msgs/include/px4_msgs/px4_msgs/msg/detail/orb_test__rosidl_typesupport_fastrtps_c.h\n'}
[0.410895] (px4_msgs) StdoutLine: {'line': b'-- Up-to-date symlink: /home/lee/workspace/ros2_ex_mav/install/px4_msgs/include/px4_msgs/px4_msgs/msg/detail/orb_test_large__rosidl_typesupport_fastrtps_c.h\n'}
[0.410942] (px4_msgs) StdoutLine: {'line': b'-- Up-to-date symlink: /home/lee/workspace/ros2_ex_mav/install/px4_msgs/include/px4_msgs/px4_msgs/msg/detail/orb_test_medium__rosidl_typesupport_fastrtps_c.h\n'}
[0.410989] (px4_msgs) StdoutLine: {'line': b'-- Up-to-date symlink: /home/lee/workspace/ros2_ex_mav/install/px4_msgs/include/px4_msgs/px4_msgs/msg/detail/orbit_status__rosidl_typesupport_fastrtps_c.h\n'}
[0.411035] (px4_msgs) StdoutLine: {'line': b'-- Up-to-date symlink: /home/lee/workspace/ros2_ex_mav/install/px4_msgs/include/px4_msgs/px4_msgs/msg/detail/parameter_update__rosidl_typesupport_fastrtps_c.h\n'}
[0.411082] (px4_msgs) StdoutLine: {'line': b'-- Up-to-date symlink: /home/lee/workspace/ros2_ex_mav/install/px4_msgs/include/px4_msgs/px4_msgs/msg/detail/ping__rosidl_typesupport_fastrtps_c.h\n'}
[0.411165] (px4_msgs) StdoutLine: {'line': b'-- Up-to-date symlink: /home/lee/workspace/ros2_ex_mav/install/px4_msgs/include/px4_msgs/px4_msgs/msg/detail/position_controller_landing_status__rosidl_typesupport_fastrtps_c.h\n'}
[0.411212] (px4_msgs) StdoutLine: {'line': b'-- Up-to-date symlink: /home/lee/workspace/ros2_ex_mav/install/px4_msgs/include/px4_msgs/px4_msgs/msg/detail/position_controller_status__rosidl_typesupport_fastrtps_c.h\n'}
[0.411258] (px4_msgs) StdoutLine: {'line': b'-- Up-to-date symlink: /home/lee/workspace/ros2_ex_mav/install/px4_msgs/include/px4_msgs/px4_msgs/msg/detail/position_setpoint__rosidl_typesupport_fastrtps_c.h\n'}
[0.411304] (px4_msgs) StdoutLine: {'line': b'-- Up-to-date symlink: /home/lee/workspace/ros2_ex_mav/install/px4_msgs/include/px4_msgs/px4_msgs/msg/detail/position_setpoint_triplet__rosidl_typesupport_fastrtps_c.h\n'}
[0.411350] (px4_msgs) StdoutLine: {'line': b'-- Up-to-date symlink: /home/lee/workspace/ros2_ex_mav/install/px4_msgs/include/px4_msgs/px4_msgs/msg/detail/power_button_state__rosidl_typesupport_fastrtps_c.h\n'}
[0.411424] (px4_msgs) StdoutLine: {'line': b'-- Up-to-date symlink: /home/lee/workspace/ros2_ex_mav/install/px4_msgs/include/px4_msgs/px4_msgs/msg/detail/power_monitor__rosidl_typesupport_fastrtps_c.h\n'}
[0.411471] (px4_msgs) StdoutLine: {'line': b'-- Up-to-date symlink: /home/lee/workspace/ros2_ex_mav/install/px4_msgs/include/px4_msgs/px4_msgs/msg/detail/pps_capture__rosidl_typesupport_fastrtps_c.h\n'}
[0.411538] (px4_msgs) StdoutLine: {'line': b'-- Up-to-date symlink: /home/lee/workspace/ros2_ex_mav/install/px4_msgs/include/px4_msgs/px4_msgs/msg/detail/pwm_input__rosidl_typesupport_fastrtps_c.h\n'}
[0.411595] (px4_msgs) StdoutLine: {'line': b'-- Up-to-date symlink: /home/lee/workspace/ros2_ex_mav/install/px4_msgs/include/px4_msgs/px4_msgs/msg/detail/px4io_status__rosidl_typesupport_fastrtps_c.h\n'}
[0.411644] (px4_msgs) StdoutLine: {'line': b'-- Up-to-date symlink: /home/lee/workspace/ros2_ex_mav/install/px4_msgs/include/px4_msgs/px4_msgs/msg/detail/qshell_req__rosidl_typesupport_fastrtps_c.h\n'}
[0.411701] (px4_msgs) StdoutLine: {'line': b'-- Up-to-date symlink: /home/lee/workspace/ros2_ex_mav/install/px4_msgs/include/px4_msgs/px4_msgs/msg/detail/qshell_retval__rosidl_typesupport_fastrtps_c.h\n'}
[0.411744] (px4_msgs) StdoutLine: {'line': b'-- Up-to-date symlink: /home/lee/workspace/ros2_ex_mav/install/px4_msgs/include/px4_msgs/px4_msgs/msg/detail/radio_status__rosidl_typesupport_fastrtps_c.h\n'}
[0.411786] (px4_msgs) StdoutLine: {'line': b'-- Up-to-date symlink: /home/lee/workspace/ros2_ex_mav/install/px4_msgs/include/px4_msgs/px4_msgs/msg/detail/rate_ctrl_status__rosidl_typesupport_fastrtps_c.h\n'}
[0.411829] (px4_msgs) StdoutLine: {'line': b'-- Up-to-date symlink: /home/lee/workspace/ros2_ex_mav/install/px4_msgs/include/px4_msgs/px4_msgs/msg/detail/rc_channels__rosidl_typesupport_fastrtps_c.h\n'}
[0.411872] (px4_msgs) StdoutLine: {'line': b'-- Up-to-date symlink: /home/lee/workspace/ros2_ex_mav/install/px4_msgs/include/px4_msgs/px4_msgs/msg/detail/rc_parameter_map__rosidl_typesupport_fastrtps_c.h\n'}
[0.411915] (px4_msgs) StdoutLine: {'line': b'-- Up-to-date symlink: /home/lee/workspace/ros2_ex_mav/install/px4_msgs/include/px4_msgs/px4_msgs/msg/detail/rpm__rosidl_typesupport_fastrtps_c.h\n'}
[0.411959] (px4_msgs) StdoutLine: {'line': b'-- Up-to-date symlink: /home/lee/workspace/ros2_ex_mav/install/px4_msgs/include/px4_msgs/px4_msgs/msg/detail/rtl_time_estimate__rosidl_typesupport_fastrtps_c.h\n'}
[0.412001] (px4_msgs) StdoutLine: {'line': b'-- Up-to-date symlink: /home/lee/workspace/ros2_ex_mav/install/px4_msgs/include/px4_msgs/px4_msgs/msg/detail/satellite_info__rosidl_typesupport_fastrtps_c.h\n'}
[0.412044] (px4_msgs) StdoutLine: {'line': b'-- Up-to-date symlink: /home/lee/workspace/ros2_ex_mav/install/px4_msgs/include/px4_msgs/px4_msgs/msg/detail/sensor_accel__rosidl_typesupport_fastrtps_c.h\n'}
[0.412086] (px4_msgs) StdoutLine: {'line': b'-- Up-to-date symlink: /home/lee/workspace/ros2_ex_mav/install/px4_msgs/include/px4_msgs/px4_msgs/msg/detail/sensor_accel_fifo__rosidl_typesupport_fastrtps_c.h\n'}
[0.412128] (px4_msgs) StdoutLine: {'line': b'-- Up-to-date symlink: /home/lee/workspace/ros2_ex_mav/install/px4_msgs/include/px4_msgs/px4_msgs/msg/detail/sensor_baro__rosidl_typesupport_fastrtps_c.h\n'}
[0.412171] (px4_msgs) StdoutLine: {'line': b'-- Up-to-date symlink: /home/lee/workspace/ros2_ex_mav/install/px4_msgs/include/px4_msgs/px4_msgs/msg/detail/sensor_combined__rosidl_typesupport_fastrtps_c.h\n'}
[0.412214] (px4_msgs) StdoutLine: {'line': b'-- Up-to-date symlink: /home/lee/workspace/ros2_ex_mav/install/px4_msgs/include/px4_msgs/px4_msgs/msg/detail/sensor_correction__rosidl_typesupport_fastrtps_c.h\n'}
[0.412256] (px4_msgs) StdoutLine: {'line': b'-- Up-to-date symlink: /home/lee/workspace/ros2_ex_mav/install/px4_msgs/include/px4_msgs/px4_msgs/msg/detail/sensor_gnss_relative__rosidl_typesupport_fastrtps_c.h\n'}
[0.412299] (px4_msgs) StdoutLine: {'line': b'-- Up-to-date symlink: /home/lee/workspace/ros2_ex_mav/install/px4_msgs/include/px4_msgs/px4_msgs/msg/detail/sensor_gps__rosidl_typesupport_fastrtps_c.h\n'}
[0.412341] (px4_msgs) StdoutLine: {'line': b'-- Up-to-date symlink: /home/lee/workspace/ros2_ex_mav/install/px4_msgs/include/px4_msgs/px4_msgs/msg/detail/sensor_gyro__rosidl_typesupport_fastrtps_c.h\n'}
[0.412383] (px4_msgs) StdoutLine: {'line': b'-- Up-to-date symlink: /home/lee/workspace/ros2_ex_mav/install/px4_msgs/include/px4_msgs/px4_msgs/msg/detail/sensor_gyro_fft__rosidl_typesupport_fastrtps_c.h\n'}
[0.412425] (px4_msgs) StdoutLine: {'line': b'-- Up-to-date symlink: /home/lee/workspace/ros2_ex_mav/install/px4_msgs/include/px4_msgs/px4_msgs/msg/detail/sensor_gyro_fifo__rosidl_typesupport_fastrtps_c.h\n'}
[0.412472] (px4_msgs) StdoutLine: {'line': b'-- Up-to-date symlink: /home/lee/workspace/ros2_ex_mav/install/px4_msgs/include/px4_msgs/px4_msgs/msg/detail/sensor_hygrometer__rosidl_typesupport_fastrtps_c.h\n'}
[0.412515] (px4_msgs) StdoutLine: {'line': b'-- Up-to-date symlink: /home/lee/workspace/ros2_ex_mav/install/px4_msgs/include/px4_msgs/px4_msgs/msg/detail/sensor_mag__rosidl_typesupport_fastrtps_c.h\n'}
[0.412560] (px4_msgs) StdoutLine: {'line': b'-- Up-to-date symlink: /home/lee/workspace/ros2_ex_mav/install/px4_msgs/include/px4_msgs/px4_msgs/msg/detail/sensor_optical_flow__rosidl_typesupport_fastrtps_c.h\n'}
[0.412604] (px4_msgs) StdoutLine: {'line': b'-- Up-to-date symlink: /home/lee/workspace/ros2_ex_mav/install/px4_msgs/include/px4_msgs/px4_msgs/msg/detail/sensor_preflight_mag__rosidl_typesupport_fastrtps_c.h\n'}
[0.412651] (px4_msgs) StdoutLine: {'line': b'-- Up-to-date symlink: /home/lee/workspace/ros2_ex_mav/install/px4_msgs/include/px4_msgs/px4_msgs/msg/detail/sensor_selection__rosidl_typesupport_fastrtps_c.h\n'}
[0.412702] (px4_msgs) StdoutLine: {'line': b'-- Up-to-date symlink: /home/lee/workspace/ros2_ex_mav/install/px4_msgs/include/px4_msgs/px4_msgs/msg/detail/sensor_uwb__rosidl_typesupport_fastrtps_c.h\n'}
[0.412746] (px4_msgs) StdoutLine: {'line': b'-- Up-to-date symlink: /home/lee/workspace/ros2_ex_mav/install/px4_msgs/include/px4_msgs/px4_msgs/msg/detail/sensors_status__rosidl_typesupport_fastrtps_c.h\n'}
[0.412790] (px4_msgs) StdoutLine: {'line': b'-- Up-to-date symlink: /home/lee/workspace/ros2_ex_mav/install/px4_msgs/include/px4_msgs/px4_msgs/msg/detail/sensors_status_imu__rosidl_typesupport_fastrtps_c.h\n'}
[0.412833] (px4_msgs) StdoutLine: {'line': b'-- Up-to-date symlink: /home/lee/workspace/ros2_ex_mav/install/px4_msgs/include/px4_msgs/px4_msgs/msg/detail/system_power__rosidl_typesupport_fastrtps_c.h\n'}
[0.412877] (px4_msgs) StdoutLine: {'line': b'-- Up-to-date symlink: /home/lee/workspace/ros2_ex_mav/install/px4_msgs/include/px4_msgs/px4_msgs/msg/detail/takeoff_status__rosidl_typesupport_fastrtps_c.h\n'}
[0.412921] (px4_msgs) StdoutLine: {'line': b'-- Up-to-date symlink: /home/lee/workspace/ros2_ex_mav/install/px4_msgs/include/px4_msgs/px4_msgs/msg/detail/task_stack_info__rosidl_typesupport_fastrtps_c.h\n'}
[0.412965] (px4_msgs) StdoutLine: {'line': b'-- Up-to-date symlink: /home/lee/workspace/ros2_ex_mav/install/px4_msgs/include/px4_msgs/px4_msgs/msg/detail/tecs_status__rosidl_typesupport_fastrtps_c.h\n'}
[0.413008] (px4_msgs) StdoutLine: {'line': b'-- Up-to-date symlink: /home/lee/workspace/ros2_ex_mav/install/px4_msgs/include/px4_msgs/px4_msgs/msg/detail/telemetry_status__rosidl_typesupport_fastrtps_c.h\n'}
[0.413052] (px4_msgs) StdoutLine: {'line': b'-- Up-to-date symlink: /home/lee/workspace/ros2_ex_mav/install/px4_msgs/include/px4_msgs/px4_msgs/msg/detail/tiltrotor_extra_controls__rosidl_typesupport_fastrtps_c.h\n'}
[0.413097] (px4_msgs) StdoutLine: {'line': b'-- Up-to-date symlink: /home/lee/workspace/ros2_ex_mav/install/px4_msgs/include/px4_msgs/px4_msgs/msg/detail/timesync_status__rosidl_typesupport_fastrtps_c.h\n'}
[0.413141] (px4_msgs) StdoutLine: {'line': b'-- Up-to-date symlink: /home/lee/workspace/ros2_ex_mav/install/px4_msgs/include/px4_msgs/px4_msgs/msg/detail/trajectory_bezier__rosidl_typesupport_fastrtps_c.h\n'}
[0.413185] (px4_msgs) StdoutLine: {'line': b'-- Up-to-date symlink: /home/lee/workspace/ros2_ex_mav/install/px4_msgs/include/px4_msgs/px4_msgs/msg/detail/trajectory_setpoint__rosidl_typesupport_fastrtps_c.h\n'}
[0.413228] (px4_msgs) StdoutLine: {'line': b'-- Up-to-date symlink: /home/lee/workspace/ros2_ex_mav/install/px4_msgs/include/px4_msgs/px4_msgs/msg/detail/trajectory_waypoint__rosidl_typesupport_fastrtps_c.h\n'}
[0.413271] (px4_msgs) StdoutLine: {'line': b'-- Up-to-date symlink: /home/lee/workspace/ros2_ex_mav/install/px4_msgs/include/px4_msgs/px4_msgs/msg/detail/transponder_report__rosidl_typesupport_fastrtps_c.h\n'}
[0.413317] (px4_msgs) StdoutLine: {'line': b'-- Up-to-date symlink: /home/lee/workspace/ros2_ex_mav/install/px4_msgs/include/px4_msgs/px4_msgs/msg/detail/tune_control__rosidl_typesupport_fastrtps_c.h\n'}
[0.413360] (px4_msgs) StdoutLine: {'line': b'-- Up-to-date symlink: /home/lee/workspace/ros2_ex_mav/install/px4_msgs/include/px4_msgs/px4_msgs/msg/detail/uavcan_parameter_request__rosidl_typesupport_fastrtps_c.h\n'}
[0.413404] (px4_msgs) StdoutLine: {'line': b'-- Up-to-date symlink: /home/lee/workspace/ros2_ex_mav/install/px4_msgs/include/px4_msgs/px4_msgs/msg/detail/uavcan_parameter_value__rosidl_typesupport_fastrtps_c.h\n'}
[0.413447] (px4_msgs) StdoutLine: {'line': b'-- Up-to-date symlink: /home/lee/workspace/ros2_ex_mav/install/px4_msgs/include/px4_msgs/px4_msgs/msg/detail/ulog_stream__rosidl_typesupport_fastrtps_c.h\n'}
[0.413489] (px4_msgs) StdoutLine: {'line': b'-- Up-to-date symlink: /home/lee/workspace/ros2_ex_mav/install/px4_msgs/include/px4_msgs/px4_msgs/msg/detail/ulog_stream_ack__rosidl_typesupport_fastrtps_c.h\n'}
[0.413532] (px4_msgs) StdoutLine: {'line': b'-- Up-to-date symlink: /home/lee/workspace/ros2_ex_mav/install/px4_msgs/include/px4_msgs/px4_msgs/msg/detail/vehicle_acceleration__rosidl_typesupport_fastrtps_c.h\n'}
[0.413575] (px4_msgs) StdoutLine: {'line': b'-- Up-to-date symlink: /home/lee/workspace/ros2_ex_mav/install/px4_msgs/include/px4_msgs/px4_msgs/msg/detail/vehicle_air_data__rosidl_typesupport_fastrtps_c.h\n'}
[0.413622] (px4_msgs) StdoutLine: {'line': b'-- Up-to-date symlink: /home/lee/workspace/ros2_ex_mav/install/px4_msgs/include/px4_msgs/px4_msgs/msg/detail/vehicle_angular_acceleration_setpoint__rosidl_typesupport_fastrtps_c.h\n'}
[0.413672] (px4_msgs) StdoutLine: {'line': b'-- Up-to-date symlink: /home/lee/workspace/ros2_ex_mav/install/px4_msgs/include/px4_msgs/px4_msgs/msg/detail/vehicle_angular_velocity__rosidl_typesupport_fastrtps_c.h\n'}
[0.413716] (px4_msgs) StdoutLine: {'line': b'-- Up-to-date symlink: /home/lee/workspace/ros2_ex_mav/install/px4_msgs/include/px4_msgs/px4_msgs/msg/detail/vehicle_attitude__rosidl_typesupport_fastrtps_c.h\n'}
[0.413759] (px4_msgs) StdoutLine: {'line': b'-- Up-to-date symlink: /home/lee/workspace/ros2_ex_mav/install/px4_msgs/include/px4_msgs/px4_msgs/msg/detail/vehicle_attitude_setpoint__rosidl_typesupport_fastrtps_c.h\n'}
[0.413817] (px4_msgs) StdoutLine: {'line': b'-- Up-to-date symlink: /home/lee/workspace/ros2_ex_mav/install/px4_msgs/include/px4_msgs/px4_msgs/msg/detail/vehicle_command__rosidl_typesupport_fastrtps_c.h\n'}
[0.413861] (px4_msgs) StdoutLine: {'line': b'-- Up-to-date symlink: /home/lee/workspace/ros2_ex_mav/install/px4_msgs/include/px4_msgs/px4_msgs/msg/detail/vehicle_command_ack__rosidl_typesupport_fastrtps_c.h\n'}
[0.413904] (px4_msgs) StdoutLine: {'line': b'-- Up-to-date symlink: /home/lee/workspace/ros2_ex_mav/install/px4_msgs/include/px4_msgs/px4_msgs/msg/detail/vehicle_constraints__rosidl_typesupport_fastrtps_c.h\n'}
[0.413947] (px4_msgs) StdoutLine: {'line': b'-- Up-to-date symlink: /home/lee/workspace/ros2_ex_mav/install/px4_msgs/include/px4_msgs/px4_msgs/msg/detail/vehicle_control_mode__rosidl_typesupport_fastrtps_c.h\n'}
[0.413989] (px4_msgs) StdoutLine: {'line': b'-- Up-to-date symlink: /home/lee/workspace/ros2_ex_mav/install/px4_msgs/include/px4_msgs/px4_msgs/msg/detail/vehicle_global_position__rosidl_typesupport_fastrtps_c.h\n'}
[0.414032] (px4_msgs) StdoutLine: {'line': b'-- Up-to-date symlink: /home/lee/workspace/ros2_ex_mav/install/px4_msgs/include/px4_msgs/px4_msgs/msg/detail/vehicle_imu__rosidl_typesupport_fastrtps_c.h\n'}
[0.414075] (px4_msgs) StdoutLine: {'line': b'-- Up-to-date symlink: /home/lee/workspace/ros2_ex_mav/install/px4_msgs/include/px4_msgs/px4_msgs/msg/detail/vehicle_imu_status__rosidl_typesupport_fastrtps_c.h\n'}
[0.414117] (px4_msgs) StdoutLine: {'line': b'-- Up-to-date symlink: /home/lee/workspace/ros2_ex_mav/install/px4_msgs/include/px4_msgs/px4_msgs/msg/detail/vehicle_land_detected__rosidl_typesupport_fastrtps_c.h\n'}
[0.414160] (px4_msgs) StdoutLine: {'line': b'-- Up-to-date symlink: /home/lee/workspace/ros2_ex_mav/install/px4_msgs/include/px4_msgs/px4_msgs/msg/detail/vehicle_local_position__rosidl_typesupport_fastrtps_c.h\n'}
[0.414206] (px4_msgs) StdoutLine: {'line': b'-- Up-to-date symlink: /home/lee/workspace/ros2_ex_mav/install/px4_msgs/include/px4_msgs/px4_msgs/msg/detail/vehicle_local_position_setpoint__rosidl_typesupport_fastrtps_c.h\n'}
[0.414258] (px4_msgs) StdoutLine: {'line': b'-- Up-to-date symlink: /home/lee/workspace/ros2_ex_mav/install/px4_msgs/include/px4_msgs/px4_msgs/msg/detail/vehicle_magnetometer__rosidl_typesupport_fastrtps_c.h\n'}
[0.414301] (px4_msgs) StdoutLine: {'line': b'-- Up-to-date symlink: /home/lee/workspace/ros2_ex_mav/install/px4_msgs/include/px4_msgs/px4_msgs/msg/detail/vehicle_odometry__rosidl_typesupport_fastrtps_c.h\n'}
[0.414344] (px4_msgs) StdoutLine: {'line': b'-- Up-to-date symlink: /home/lee/workspace/ros2_ex_mav/install/px4_msgs/include/px4_msgs/px4_msgs/msg/detail/vehicle_optical_flow__rosidl_typesupport_fastrtps_c.h\n'}
[0.414388] (px4_msgs) StdoutLine: {'line': b'-- Up-to-date symlink: /home/lee/workspace/ros2_ex_mav/install/px4_msgs/include/px4_msgs/px4_msgs/msg/detail/vehicle_optical_flow_vel__rosidl_typesupport_fastrtps_c.h\n'}
[0.414432] (px4_msgs) StdoutLine: {'line': b'-- Up-to-date symlink: /home/lee/workspace/ros2_ex_mav/install/px4_msgs/include/px4_msgs/px4_msgs/msg/detail/vehicle_rates_setpoint__rosidl_typesupport_fastrtps_c.h\n'}
[0.414476] (px4_msgs) StdoutLine: {'line': b'-- Up-to-date symlink: /home/lee/workspace/ros2_ex_mav/install/px4_msgs/include/px4_msgs/px4_msgs/msg/detail/vehicle_roi__rosidl_typesupport_fastrtps_c.h\n'}
[0.414521] (px4_msgs) StdoutLine: {'line': b'-- Up-to-date symlink: /home/lee/workspace/ros2_ex_mav/install/px4_msgs/include/px4_msgs/px4_msgs/msg/detail/vehicle_status__rosidl_typesupport_fastrtps_c.h\n'}
[0.414582] (px4_msgs) StdoutLine: {'line': b'-- Up-to-date symlink: /home/lee/workspace/ros2_ex_mav/install/px4_msgs/include/px4_msgs/px4_msgs/msg/detail/vehicle_thrust_setpoint__rosidl_typesupport_fastrtps_c.h\n'}
[0.414639] (px4_msgs) StdoutLine: {'line': b'-- Up-to-date symlink: /home/lee/workspace/ros2_ex_mav/install/px4_msgs/include/px4_msgs/px4_msgs/msg/detail/vehicle_torque_setpoint__rosidl_typesupport_fastrtps_c.h\n'}
[0.414705] (px4_msgs) StdoutLine: {'line': b'-- Up-to-date symlink: /home/lee/workspace/ros2_ex_mav/install/px4_msgs/include/px4_msgs/px4_msgs/msg/detail/vehicle_trajectory_bezier__rosidl_typesupport_fastrtps_c.h\n'}
[0.414766] (px4_msgs) StdoutLine: {'line': b'-- Up-to-date symlink: /home/lee/workspace/ros2_ex_mav/install/px4_msgs/include/px4_msgs/px4_msgs/msg/detail/vehicle_trajectory_waypoint__rosidl_typesupport_fastrtps_c.h\n'}
[0.414814] (px4_msgs) StdoutLine: {'line': b'-- Up-to-date symlink: /home/lee/workspace/ros2_ex_mav/install/px4_msgs/include/px4_msgs/px4_msgs/msg/detail/vtol_vehicle_status__rosidl_typesupport_fastrtps_c.h\n'}
[0.414861] (px4_msgs) StdoutLine: {'line': b'-- Up-to-date symlink: /home/lee/workspace/ros2_ex_mav/install/px4_msgs/include/px4_msgs/px4_msgs/msg/detail/wind__rosidl_typesupport_fastrtps_c.h\n'}
[0.414908] (px4_msgs) StdoutLine: {'line': b'-- Up-to-date symlink: /home/lee/workspace/ros2_ex_mav/install/px4_msgs/include/px4_msgs/px4_msgs/msg/detail/yaw_estimator_status__rosidl_typesupport_fastrtps_c.h\n'}
[0.414955] (px4_msgs) StdoutLine: {'line': b'-- Up-to-date symlink: /home/lee/workspace/ros2_ex_mav/install/px4_msgs/include/px4_msgs/px4_msgs/msg/rosidl_typesupport_fastrtps_c__visibility_control.h\n'}
[0.415032] (px4_msgs) StdoutLine: {'line': b'-- Up-to-date symlink: /home/lee/workspace/ros2_ex_mav/install/px4_msgs/include/px4_msgs/px4_msgs/msg/action_request.hpp\n'}
[0.415080] (px4_msgs) StdoutLine: {'line': b'-- Up-to-date symlink: /home/lee/workspace/ros2_ex_mav/install/px4_msgs/include/px4_msgs/px4_msgs/msg/actuator_armed.hpp\n'}
[0.415128] (px4_msgs) StdoutLine: {'line': b'-- Up-to-date symlink: /home/lee/workspace/ros2_ex_mav/install/px4_msgs/include/px4_msgs/px4_msgs/msg/actuator_controls_status.hpp\n'}
[0.415174] (px4_msgs) StdoutLine: {'line': b'-- Up-to-date symlink: /home/lee/workspace/ros2_ex_mav/install/px4_msgs/include/px4_msgs/px4_msgs/msg/actuator_motors.hpp\n'}
[0.415240] (px4_msgs) StdoutLine: {'line': b'-- Up-to-date symlink: /home/lee/workspace/ros2_ex_mav/install/px4_msgs/include/px4_msgs/px4_msgs/msg/actuator_outputs.hpp\n'}
[0.415286] (px4_msgs) StdoutLine: {'line': b'-- Up-to-date symlink: /home/lee/workspace/ros2_ex_mav/install/px4_msgs/include/px4_msgs/px4_msgs/msg/actuator_servos.hpp\n'}
[0.415332] (px4_msgs) StdoutLine: {'line': b'-- Up-to-date symlink: /home/lee/workspace/ros2_ex_mav/install/px4_msgs/include/px4_msgs/px4_msgs/msg/actuator_servos_trim.hpp\n'}
[0.415395] (px4_msgs) StdoutLine: {'line': b'-- Up-to-date symlink: /home/lee/workspace/ros2_ex_mav/install/px4_msgs/include/px4_msgs/px4_msgs/msg/actuator_test.hpp\n'}
[0.415441] (px4_msgs) StdoutLine: {'line': b'-- Up-to-date symlink: /home/lee/workspace/ros2_ex_mav/install/px4_msgs/include/px4_msgs/px4_msgs/msg/adc_report.hpp\n'}
[0.415486] (px4_msgs) StdoutLine: {'line': b'-- Up-to-date symlink: /home/lee/workspace/ros2_ex_mav/install/px4_msgs/include/px4_msgs/px4_msgs/msg/airspeed.hpp\n'}
[0.415532] (px4_msgs) StdoutLine: {'line': b'-- Up-to-date symlink: /home/lee/workspace/ros2_ex_mav/install/px4_msgs/include/px4_msgs/px4_msgs/msg/airspeed_validated.hpp\n'}
[0.415578] (px4_msgs) StdoutLine: {'line': b'-- Up-to-date symlink: /home/lee/workspace/ros2_ex_mav/install/px4_msgs/include/px4_msgs/px4_msgs/msg/airspeed_wind.hpp\n'}
[0.415624] (px4_msgs) StdoutLine: {'line': b'-- Up-to-date symlink: /home/lee/workspace/ros2_ex_mav/install/px4_msgs/include/px4_msgs/px4_msgs/msg/autotune_attitude_control_status.hpp\n'}
[0.415714] (px4_msgs) StdoutLine: {'line': b'-- Up-to-date symlink: /home/lee/workspace/ros2_ex_mav/install/px4_msgs/include/px4_msgs/px4_msgs/msg/battery_status.hpp\n'}
[0.415762] (px4_msgs) StdoutLine: {'line': b'-- Up-to-date symlink: /home/lee/workspace/ros2_ex_mav/install/px4_msgs/include/px4_msgs/px4_msgs/msg/button_event.hpp\n'}
[0.415807] (px4_msgs) StdoutLine: {'line': b'-- Up-to-date symlink: /home/lee/workspace/ros2_ex_mav/install/px4_msgs/include/px4_msgs/px4_msgs/msg/camera_capture.hpp\n'}
[0.415853] (px4_msgs) StdoutLine: {'line': b'-- Up-to-date symlink: /home/lee/workspace/ros2_ex_mav/install/px4_msgs/include/px4_msgs/px4_msgs/msg/camera_status.hpp\n'}
[0.415899] (px4_msgs) StdoutLine: {'line': b'-- Up-to-date symlink: /home/lee/workspace/ros2_ex_mav/install/px4_msgs/include/px4_msgs/px4_msgs/msg/camera_trigger.hpp\n'}
[0.415946] (px4_msgs) StdoutLine: {'line': b'-- Up-to-date symlink: /home/lee/workspace/ros2_ex_mav/install/px4_msgs/include/px4_msgs/px4_msgs/msg/cellular_status.hpp\n'}
[0.415993] (px4_msgs) StdoutLine: {'line': b'-- Up-to-date symlink: /home/lee/workspace/ros2_ex_mav/install/px4_msgs/include/px4_msgs/px4_msgs/msg/collision_constraints.hpp\n'}
[0.416039] (px4_msgs) StdoutLine: {'line': b'-- Up-to-date symlink: /home/lee/workspace/ros2_ex_mav/install/px4_msgs/include/px4_msgs/px4_msgs/msg/collision_report.hpp\n'}
[0.416086] (px4_msgs) StdoutLine: {'line': b'-- Up-to-date symlink: /home/lee/workspace/ros2_ex_mav/install/px4_msgs/include/px4_msgs/px4_msgs/msg/control_allocator_status.hpp\n'}
[0.416134] (px4_msgs) StdoutLine: {'line': b'-- Up-to-date symlink: /home/lee/workspace/ros2_ex_mav/install/px4_msgs/include/px4_msgs/px4_msgs/msg/cpuload.hpp\n'}
[0.416191] (px4_msgs) StdoutLine: {'line': b'-- Up-to-date symlink: /home/lee/workspace/ros2_ex_mav/install/px4_msgs/include/px4_msgs/px4_msgs/msg/debug_array.hpp\n'}
[0.416275] (px4_msgs) StdoutLine: {'line': b'-- Up-to-date symlink: /home/lee/workspace/ros2_ex_mav/install/px4_msgs/include/px4_msgs/px4_msgs/msg/debug_key_value.hpp\n'}
[0.416323] (px4_msgs) StdoutLine: {'line': b'-- Up-to-date symlink: /home/lee/workspace/ros2_ex_mav/install/px4_msgs/include/px4_msgs/px4_msgs/msg/debug_value.hpp\n'}
[0.416370] (px4_msgs) StdoutLine: {'line': b'-- Up-to-date symlink: /home/lee/workspace/ros2_ex_mav/install/px4_msgs/include/px4_msgs/px4_msgs/msg/debug_vect.hpp\n'}
[0.416418] (px4_msgs) StdoutLine: {'line': b'-- Up-to-date symlink: /home/lee/workspace/ros2_ex_mav/install/px4_msgs/include/px4_msgs/px4_msgs/msg/detail/action_request__builder.hpp\n'}
[0.416489] (px4_msgs) StdoutLine: {'line': b'-- Up-to-date symlink: /home/lee/workspace/ros2_ex_mav/install/px4_msgs/include/px4_msgs/px4_msgs/msg/detail/action_request__struct.hpp\n'}
[0.416536] (px4_msgs) StdoutLine: {'line': b'-- Up-to-date symlink: /home/lee/workspace/ros2_ex_mav/install/px4_msgs/include/px4_msgs/px4_msgs/msg/detail/action_request__traits.hpp\n'}
[0.416582] (px4_msgs) StdoutLine: {'line': b'-- Up-to-date symlink: /home/lee/workspace/ros2_ex_mav/install/px4_msgs/include/px4_msgs/px4_msgs/msg/detail/action_request__type_support.hpp\n'}
[0.416629] (px4_msgs) StdoutLine: {'line': b'-- Up-to-date symlink: /home/lee/workspace/ros2_ex_mav/install/px4_msgs/include/px4_msgs/px4_msgs/msg/detail/actuator_armed__builder.hpp\n'}
[0.416716] (px4_msgs) StdoutLine: {'line': b'-- Up-to-date symlink: /home/lee/workspace/ros2_ex_mav/install/px4_msgs/include/px4_msgs/px4_msgs/msg/detail/actuator_armed__struct.hpp\n'}
[0.416775] (px4_msgs) StdoutLine: {'line': b'-- Up-to-date symlink: /home/lee/workspace/ros2_ex_mav/install/px4_msgs/include/px4_msgs/px4_msgs/msg/detail/actuator_armed__traits.hpp\n'}
[0.416823] (px4_msgs) StdoutLine: {'line': b'-- Up-to-date symlink: /home/lee/workspace/ros2_ex_mav/install/px4_msgs/include/px4_msgs/px4_msgs/msg/detail/actuator_armed__type_support.hpp\n'}
[0.416870] (px4_msgs) StdoutLine: {'line': b'-- Up-to-date symlink: /home/lee/workspace/ros2_ex_mav/install/px4_msgs/include/px4_msgs/px4_msgs/msg/detail/actuator_controls_status__builder.hpp\n'}
[0.416916] (px4_msgs) StdoutLine: {'line': b'-- Up-to-date symlink: /home/lee/workspace/ros2_ex_mav/install/px4_msgs/include/px4_msgs/px4_msgs/msg/detail/actuator_controls_status__struct.hpp\n'}
[0.416963] (px4_msgs) StdoutLine: {'line': b'-- Up-to-date symlink: /home/lee/workspace/ros2_ex_mav/install/px4_msgs/include/px4_msgs/px4_msgs/msg/detail/actuator_controls_status__traits.hpp\n'}
[0.417010] (px4_msgs) StdoutLine: {'line': b'-- Up-to-date symlink: /home/lee/workspace/ros2_ex_mav/install/px4_msgs/include/px4_msgs/px4_msgs/msg/detail/actuator_controls_status__type_support.hpp\n'}
[0.417092] (px4_msgs) StdoutLine: {'line': b'-- Up-to-date symlink: /home/lee/workspace/ros2_ex_mav/install/px4_msgs/include/px4_msgs/px4_msgs/msg/detail/actuator_motors__builder.hpp\n'}
[0.417138] (px4_msgs) StdoutLine: {'line': b'-- Up-to-date symlink: /home/lee/workspace/ros2_ex_mav/install/px4_msgs/include/px4_msgs/px4_msgs/msg/detail/actuator_motors__struct.hpp\n'}
[0.417185] (px4_msgs) StdoutLine: {'line': b'-- Up-to-date symlink: /home/lee/workspace/ros2_ex_mav/install/px4_msgs/include/px4_msgs/px4_msgs/msg/detail/actuator_motors__traits.hpp\n'}
[0.417232] (px4_msgs) StdoutLine: {'line': b'-- Up-to-date symlink: /home/lee/workspace/ros2_ex_mav/install/px4_msgs/include/px4_msgs/px4_msgs/msg/detail/actuator_motors__type_support.hpp\n'}
[0.417278] (px4_msgs) StdoutLine: {'line': b'-- Up-to-date symlink: /home/lee/workspace/ros2_ex_mav/install/px4_msgs/include/px4_msgs/px4_msgs/msg/detail/actuator_outputs__builder.hpp\n'}
[0.417325] (px4_msgs) StdoutLine: {'line': b'-- Up-to-date symlink: /home/lee/workspace/ros2_ex_mav/install/px4_msgs/include/px4_msgs/px4_msgs/msg/detail/actuator_outputs__struct.hpp\n'}
[0.417370] (px4_msgs) StdoutLine: {'line': b'-- Up-to-date symlink: /home/lee/workspace/ros2_ex_mav/install/px4_msgs/include/px4_msgs/px4_msgs/msg/detail/actuator_outputs__traits.hpp\n'}
[0.417416] (px4_msgs) StdoutLine: {'line': b'-- Up-to-date symlink: /home/lee/workspace/ros2_ex_mav/install/px4_msgs/include/px4_msgs/px4_msgs/msg/detail/actuator_outputs__type_support.hpp\n'}
[0.417461] (px4_msgs) StdoutLine: {'line': b'-- Up-to-date symlink: /home/lee/workspace/ros2_ex_mav/install/px4_msgs/include/px4_msgs/px4_msgs/msg/detail/actuator_servos__builder.hpp\n'}
[0.417506] (px4_msgs) StdoutLine: {'line': b'-- Up-to-date symlink: /home/lee/workspace/ros2_ex_mav/install/px4_msgs/include/px4_msgs/px4_msgs/msg/detail/actuator_servos__struct.hpp\n'}
[0.417562] (px4_msgs) StdoutLine: {'line': b'-- Up-to-date symlink: /home/lee/workspace/ros2_ex_mav/install/px4_msgs/include/px4_msgs/px4_msgs/msg/detail/actuator_servos__traits.hpp\n'}
[0.417607] (px4_msgs) StdoutLine: {'line': b'-- Up-to-date symlink: /home/lee/workspace/ros2_ex_mav/install/px4_msgs/include/px4_msgs/px4_msgs/msg/detail/actuator_servos__type_support.hpp\n'}
[0.417689] (px4_msgs) StdoutLine: {'line': b'-- Up-to-date symlink: /home/lee/workspace/ros2_ex_mav/install/px4_msgs/include/px4_msgs/px4_msgs/msg/detail/actuator_servos_trim__builder.hpp\n'}
[0.417753] (px4_msgs) StdoutLine: {'line': b'-- Up-to-date symlink: /home/lee/workspace/ros2_ex_mav/install/px4_msgs/include/px4_msgs/px4_msgs/msg/detail/actuator_servos_trim__struct.hpp\n'}
[0.417806] (px4_msgs) StdoutLine: {'line': b'-- Up-to-date symlink: /home/lee/workspace/ros2_ex_mav/install/px4_msgs/include/px4_msgs/px4_msgs/msg/detail/actuator_servos_trim__traits.hpp\n'}
[0.417853] (px4_msgs) StdoutLine: {'line': b'-- Up-to-date symlink: /home/lee/workspace/ros2_ex_mav/install/px4_msgs/include/px4_msgs/px4_msgs/msg/detail/actuator_servos_trim__type_support.hpp\n'}
[0.417901] (px4_msgs) StdoutLine: {'line': b'-- Up-to-date symlink: /home/lee/workspace/ros2_ex_mav/install/px4_msgs/include/px4_msgs/px4_msgs/msg/detail/actuator_test__builder.hpp\n'}
[0.417948] (px4_msgs) StdoutLine: {'line': b'-- Up-to-date symlink: /home/lee/workspace/ros2_ex_mav/install/px4_msgs/include/px4_msgs/px4_msgs/msg/detail/actuator_test__struct.hpp\n'}
[0.417995] (px4_msgs) StdoutLine: {'line': b'-- Up-to-date symlink: /home/lee/workspace/ros2_ex_mav/install/px4_msgs/include/px4_msgs/px4_msgs/msg/detail/actuator_test__traits.hpp\n'}
[0.418043] (px4_msgs) StdoutLine: {'line': b'-- Up-to-date symlink: /home/lee/workspace/ros2_ex_mav/install/px4_msgs/include/px4_msgs/px4_msgs/msg/detail/actuator_test__type_support.hpp\n'}
[0.418091] (px4_msgs) StdoutLine: {'line': b'-- Up-to-date symlink: /home/lee/workspace/ros2_ex_mav/install/px4_msgs/include/px4_msgs/px4_msgs/msg/detail/adc_report__builder.hpp\n'}
[0.418147] (px4_msgs) StdoutLine: {'line': b'-- Up-to-date symlink: /home/lee/workspace/ros2_ex_mav/install/px4_msgs/include/px4_msgs/px4_msgs/msg/detail/adc_report__struct.hpp\n'}
[0.418195] (px4_msgs) StdoutLine: {'line': b'-- Up-to-date symlink: /home/lee/workspace/ros2_ex_mav/install/px4_msgs/include/px4_msgs/px4_msgs/msg/detail/adc_report__traits.hpp\n'}
[0.418241] (px4_msgs) StdoutLine: {'line': b'-- Up-to-date symlink: /home/lee/workspace/ros2_ex_mav/install/px4_msgs/include/px4_msgs/px4_msgs/msg/detail/adc_report__type_support.hpp\n'}
[0.418325] (px4_msgs) StdoutLine: {'line': b'-- Up-to-date symlink: /home/lee/workspace/ros2_ex_mav/install/px4_msgs/include/px4_msgs/px4_msgs/msg/detail/airspeed__builder.hpp\n'}
[0.418372] (px4_msgs) StdoutLine: {'line': b'-- Up-to-date symlink: /home/lee/workspace/ros2_ex_mav/install/px4_msgs/include/px4_msgs/px4_msgs/msg/detail/airspeed__struct.hpp\n'}
[0.418418] (px4_msgs) StdoutLine: {'line': b'-- Up-to-date symlink: /home/lee/workspace/ros2_ex_mav/install/px4_msgs/include/px4_msgs/px4_msgs/msg/detail/airspeed__traits.hpp\n'}
[0.418463] (px4_msgs) StdoutLine: {'line': b'-- Up-to-date symlink: /home/lee/workspace/ros2_ex_mav/install/px4_msgs/include/px4_msgs/px4_msgs/msg/detail/airspeed__type_support.hpp\n'}
[0.418510] (px4_msgs) StdoutLine: {'line': b'-- Up-to-date symlink: /home/lee/workspace/ros2_ex_mav/install/px4_msgs/include/px4_msgs/px4_msgs/msg/detail/airspeed_validated__builder.hpp\n'}
[0.418557] (px4_msgs) StdoutLine: {'line': b'-- Up-to-date symlink: /home/lee/workspace/ros2_ex_mav/install/px4_msgs/include/px4_msgs/px4_msgs/msg/detail/airspeed_validated__struct.hpp\n'}
[0.418603] (px4_msgs) StdoutLine: {'line': b'-- Up-to-date symlink: /home/lee/workspace/ros2_ex_mav/install/px4_msgs/include/px4_msgs/px4_msgs/msg/detail/airspeed_validated__traits.hpp\n'}
[0.418679] (px4_msgs) StdoutLine: {'line': b'-- Up-to-date symlink: /home/lee/workspace/ros2_ex_mav/install/px4_msgs/include/px4_msgs/px4_msgs/msg/detail/airspeed_validated__type_support.hpp\n'}
[0.418733] (px4_msgs) StdoutLine: {'line': b'-- Up-to-date symlink: /home/lee/workspace/ros2_ex_mav/install/px4_msgs/include/px4_msgs/px4_msgs/msg/detail/airspeed_wind__builder.hpp\n'}
[0.418780] (px4_msgs) StdoutLine: {'line': b'-- Up-to-date symlink: /home/lee/workspace/ros2_ex_mav/install/px4_msgs/include/px4_msgs/px4_msgs/msg/detail/airspeed_wind__struct.hpp\n'}
[0.418825] (px4_msgs) StdoutLine: {'line': b'-- Up-to-date symlink: /home/lee/workspace/ros2_ex_mav/install/px4_msgs/include/px4_msgs/px4_msgs/msg/detail/airspeed_wind__traits.hpp\n'}
[0.418871] (px4_msgs) StdoutLine: {'line': b'-- Up-to-date symlink: /home/lee/workspace/ros2_ex_mav/install/px4_msgs/include/px4_msgs/px4_msgs/msg/detail/airspeed_wind__type_support.hpp\n'}
[0.418916] (px4_msgs) StdoutLine: {'line': b'-- Up-to-date symlink: /home/lee/workspace/ros2_ex_mav/install/px4_msgs/include/px4_msgs/px4_msgs/msg/detail/autotune_attitude_control_status__builder.hpp\n'}
[0.418961] (px4_msgs) StdoutLine: {'line': b'-- Up-to-date symlink: /home/lee/workspace/ros2_ex_mav/install/px4_msgs/include/px4_msgs/px4_msgs/msg/detail/autotune_attitude_control_status__struct.hpp\n'}
[0.419006] (px4_msgs) StdoutLine: {'line': b'-- Up-to-date symlink: /home/lee/workspace/ros2_ex_mav/install/px4_msgs/include/px4_msgs/px4_msgs/msg/detail/autotune_attitude_control_status__traits.hpp\n'}
[0.419052] (px4_msgs) StdoutLine: {'line': b'-- Up-to-date symlink: /home/lee/workspace/ros2_ex_mav/install/px4_msgs/include/px4_msgs/px4_msgs/msg/detail/autotune_attitude_control_status__type_support.hpp\n'}
[0.419129] (px4_msgs) StdoutLine: {'line': b'-- Up-to-date symlink: /home/lee/workspace/ros2_ex_mav/install/px4_msgs/include/px4_msgs/px4_msgs/msg/detail/battery_status__builder.hpp\n'}
[0.419175] (px4_msgs) StdoutLine: {'line': b'-- Up-to-date symlink: /home/lee/workspace/ros2_ex_mav/install/px4_msgs/include/px4_msgs/px4_msgs/msg/detail/battery_status__struct.hpp\n'}
[0.419221] (px4_msgs) StdoutLine: {'line': b'-- Up-to-date symlink: /home/lee/workspace/ros2_ex_mav/install/px4_msgs/include/px4_msgs/px4_msgs/msg/detail/battery_status__traits.hpp\n'}
[0.419265] (px4_msgs) StdoutLine: {'line': b'-- Up-to-date symlink: /home/lee/workspace/ros2_ex_mav/install/px4_msgs/include/px4_msgs/px4_msgs/msg/detail/battery_status__type_support.hpp\n'}
[0.419336] (px4_msgs) StdoutLine: {'line': b'-- Up-to-date symlink: /home/lee/workspace/ros2_ex_mav/install/px4_msgs/include/px4_msgs/px4_msgs/msg/detail/button_event__builder.hpp\n'}
[0.419380] (px4_msgs) StdoutLine: {'line': b'-- Up-to-date symlink: /home/lee/workspace/ros2_ex_mav/install/px4_msgs/include/px4_msgs/px4_msgs/msg/detail/button_event__struct.hpp\n'}
[0.419424] (px4_msgs) StdoutLine: {'line': b'-- Up-to-date symlink: /home/lee/workspace/ros2_ex_mav/install/px4_msgs/include/px4_msgs/px4_msgs/msg/detail/button_event__traits.hpp\n'}
[0.419469] (px4_msgs) StdoutLine: {'line': b'-- Up-to-date symlink: /home/lee/workspace/ros2_ex_mav/install/px4_msgs/include/px4_msgs/px4_msgs/msg/detail/button_event__type_support.hpp\n'}
[0.419513] (px4_msgs) StdoutLine: {'line': b'-- Up-to-date symlink: /home/lee/workspace/ros2_ex_mav/install/px4_msgs/include/px4_msgs/px4_msgs/msg/detail/camera_capture__builder.hpp\n'}
[0.419580] (px4_msgs) StdoutLine: {'line': b'-- Up-to-date symlink: /home/lee/workspace/ros2_ex_mav/install/px4_msgs/include/px4_msgs/px4_msgs/msg/detail/camera_capture__struct.hpp\n'}
[0.419624] (px4_msgs) StdoutLine: {'line': b'-- Up-to-date symlink: /home/lee/workspace/ros2_ex_mav/install/px4_msgs/include/px4_msgs/px4_msgs/msg/detail/camera_capture__traits.hpp\n'}
[0.419693] (px4_msgs) StdoutLine: {'line': b'-- Up-to-date symlink: /home/lee/workspace/ros2_ex_mav/install/px4_msgs/include/px4_msgs/px4_msgs/msg/detail/camera_capture__type_support.hpp\n'}
[0.419747] (px4_msgs) StdoutLine: {'line': b'-- Up-to-date symlink: /home/lee/workspace/ros2_ex_mav/install/px4_msgs/include/px4_msgs/px4_msgs/msg/detail/camera_status__builder.hpp\n'}
[0.419815] (px4_msgs) StdoutLine: {'line': b'-- Up-to-date symlink: /home/lee/workspace/ros2_ex_mav/install/px4_msgs/include/px4_msgs/px4_msgs/msg/detail/camera_status__struct.hpp\n'}
[0.419868] (px4_msgs) StdoutLine: {'line': b'-- Up-to-date symlink: /home/lee/workspace/ros2_ex_mav/install/px4_msgs/include/px4_msgs/px4_msgs/msg/detail/camera_status__traits.hpp\n'}
[0.419913] (px4_msgs) StdoutLine: {'line': b'-- Up-to-date symlink: /home/lee/workspace/ros2_ex_mav/install/px4_msgs/include/px4_msgs/px4_msgs/msg/detail/camera_status__type_support.hpp\n'}
[0.419958] (px4_msgs) StdoutLine: {'line': b'-- Up-to-date symlink: /home/lee/workspace/ros2_ex_mav/install/px4_msgs/include/px4_msgs/px4_msgs/msg/detail/camera_trigger__builder.hpp\n'}
[0.420003] (px4_msgs) StdoutLine: {'line': b'-- Up-to-date symlink: /home/lee/workspace/ros2_ex_mav/install/px4_msgs/include/px4_msgs/px4_msgs/msg/detail/camera_trigger__struct.hpp\n'}
[0.420048] (px4_msgs) StdoutLine: {'line': b'-- Up-to-date symlink: /home/lee/workspace/ros2_ex_mav/install/px4_msgs/include/px4_msgs/px4_msgs/msg/detail/camera_trigger__traits.hpp\n'}
[0.420093] (px4_msgs) StdoutLine: {'line': b'-- Up-to-date symlink: /home/lee/workspace/ros2_ex_mav/install/px4_msgs/include/px4_msgs/px4_msgs/msg/detail/camera_trigger__type_support.hpp\n'}
[0.420138] (px4_msgs) StdoutLine: {'line': b'-- Up-to-date symlink: /home/lee/workspace/ros2_ex_mav/install/px4_msgs/include/px4_msgs/px4_msgs/msg/detail/cellular_status__builder.hpp\n'}
[0.420183] (px4_msgs) StdoutLine: {'line': b'-- Up-to-date symlink: /home/lee/workspace/ros2_ex_mav/install/px4_msgs/include/px4_msgs/px4_msgs/msg/detail/cellular_status__struct.hpp\n'}
[0.420227] (px4_msgs) StdoutLine: {'line': b'-- Up-to-date symlink: /home/lee/workspace/ros2_ex_mav/install/px4_msgs/include/px4_msgs/px4_msgs/msg/detail/cellular_status__traits.hpp\n'}
[0.420272] (px4_msgs) StdoutLine: {'line': b'-- Up-to-date symlink: /home/lee/workspace/ros2_ex_mav/install/px4_msgs/include/px4_msgs/px4_msgs/msg/detail/cellular_status__type_support.hpp\n'}
[0.420316] (px4_msgs) StdoutLine: {'line': b'-- Up-to-date symlink: /home/lee/workspace/ros2_ex_mav/install/px4_msgs/include/px4_msgs/px4_msgs/msg/detail/collision_constraints__builder.hpp\n'}
[0.420370] (px4_msgs) StdoutLine: {'line': b'-- Up-to-date symlink: /home/lee/workspace/ros2_ex_mav/install/px4_msgs/include/px4_msgs/px4_msgs/msg/detail/collision_constraints__struct.hpp\n'}
[0.420415] (px4_msgs) StdoutLine: {'line': b'-- Up-to-date symlink: /home/lee/workspace/ros2_ex_mav/install/px4_msgs/include/px4_msgs/px4_msgs/msg/detail/collision_constraints__traits.hpp\n'}
[0.420493] (px4_msgs) StdoutLine: {'line': b'-- Up-to-date symlink: /home/lee/workspace/ros2_ex_mav/install/px4_msgs/include/px4_msgs/px4_msgs/msg/detail/collision_constraints__type_support.hpp\n'}
[0.420554] (px4_msgs) StdoutLine: {'line': b'-- Up-to-date symlink: /home/lee/workspace/ros2_ex_mav/install/px4_msgs/include/px4_msgs/px4_msgs/msg/detail/collision_report__builder.hpp\n'}
[0.420600] (px4_msgs) StdoutLine: {'line': b'-- Up-to-date symlink: /home/lee/workspace/ros2_ex_mav/install/px4_msgs/include/px4_msgs/px4_msgs/msg/detail/collision_report__struct.hpp\n'}
[0.420667] (px4_msgs) StdoutLine: {'line': b'-- Up-to-date symlink: /home/lee/workspace/ros2_ex_mav/install/px4_msgs/include/px4_msgs/px4_msgs/msg/detail/collision_report__traits.hpp\n'}
[0.420722] (px4_msgs) StdoutLine: {'line': b'-- Up-to-date symlink: /home/lee/workspace/ros2_ex_mav/install/px4_msgs/include/px4_msgs/px4_msgs/msg/detail/collision_report__type_support.hpp\n'}
[0.420767] (px4_msgs) StdoutLine: {'line': b'-- Up-to-date symlink: /home/lee/workspace/ros2_ex_mav/install/px4_msgs/include/px4_msgs/px4_msgs/msg/detail/control_allocator_status__builder.hpp\n'}
[0.420813] (px4_msgs) StdoutLine: {'line': b'-- Up-to-date symlink: /home/lee/workspace/ros2_ex_mav/install/px4_msgs/include/px4_msgs/px4_msgs/msg/detail/control_allocator_status__struct.hpp\n'}
[0.420857] (px4_msgs) StdoutLine: {'line': b'-- Up-to-date symlink: /home/lee/workspace/ros2_ex_mav/install/px4_msgs/include/px4_msgs/px4_msgs/msg/detail/control_allocator_status__traits.hpp\n'}
[0.420927] (px4_msgs) StdoutLine: {'line': b'-- Up-to-date symlink: /home/lee/workspace/ros2_ex_mav/install/px4_msgs/include/px4_msgs/px4_msgs/msg/detail/control_allocator_status__type_support.hpp\n'}
[0.420972] (px4_msgs) StdoutLine: {'line': b'-- Up-to-date symlink: /home/lee/workspace/ros2_ex_mav/install/px4_msgs/include/px4_msgs/px4_msgs/msg/detail/cpuload__builder.hpp\n'}
[0.421017] (px4_msgs) StdoutLine: {'line': b'-- Up-to-date symlink: /home/lee/workspace/ros2_ex_mav/install/px4_msgs/include/px4_msgs/px4_msgs/msg/detail/cpuload__struct.hpp\n'}
[0.421061] (px4_msgs) StdoutLine: {'line': b'-- Up-to-date symlink: /home/lee/workspace/ros2_ex_mav/install/px4_msgs/include/px4_msgs/px4_msgs/msg/detail/cpuload__traits.hpp\n'}
[0.421106] (px4_msgs) StdoutLine: {'line': b'-- Up-to-date symlink: /home/lee/workspace/ros2_ex_mav/install/px4_msgs/include/px4_msgs/px4_msgs/msg/detail/cpuload__type_support.hpp\n'}
[0.421150] (px4_msgs) StdoutLine: {'line': b'-- Up-to-date symlink: /home/lee/workspace/ros2_ex_mav/install/px4_msgs/include/px4_msgs/px4_msgs/msg/detail/debug_array__builder.hpp\n'}
[0.421216] (px4_msgs) StdoutLine: {'line': b'-- Up-to-date symlink: /home/lee/workspace/ros2_ex_mav/install/px4_msgs/include/px4_msgs/px4_msgs/msg/detail/debug_array__struct.hpp\n'}
[0.421278] (px4_msgs) StdoutLine: {'line': b'-- Up-to-date symlink: /home/lee/workspace/ros2_ex_mav/install/px4_msgs/include/px4_msgs/px4_msgs/msg/detail/debug_array__traits.hpp\n'}
[0.421323] (px4_msgs) StdoutLine: {'line': b'-- Up-to-date symlink: /home/lee/workspace/ros2_ex_mav/install/px4_msgs/include/px4_msgs/px4_msgs/msg/detail/debug_array__type_support.hpp\n'}
[0.421383] (px4_msgs) StdoutLine: {'line': b'-- Up-to-date symlink: /home/lee/workspace/ros2_ex_mav/install/px4_msgs/include/px4_msgs/px4_msgs/msg/detail/debug_key_value__builder.hpp\n'}
[0.421428] (px4_msgs) StdoutLine: {'line': b'-- Up-to-date symlink: /home/lee/workspace/ros2_ex_mav/install/px4_msgs/include/px4_msgs/px4_msgs/msg/detail/debug_key_value__struct.hpp\n'}
[0.421474] (px4_msgs) StdoutLine: {'line': b'-- Up-to-date symlink: /home/lee/workspace/ros2_ex_mav/install/px4_msgs/include/px4_msgs/px4_msgs/msg/detail/debug_key_value__traits.hpp\n'}
[0.421519] (px4_msgs) StdoutLine: {'line': b'-- Up-to-date symlink: /home/lee/workspace/ros2_ex_mav/install/px4_msgs/include/px4_msgs/px4_msgs/msg/detail/debug_key_value__type_support.hpp\n'}
[0.421563] (px4_msgs) StdoutLine: {'line': b'-- Up-to-date symlink: /home/lee/workspace/ros2_ex_mav/install/px4_msgs/include/px4_msgs/px4_msgs/msg/detail/debug_value__builder.hpp\n'}
[0.421608] (px4_msgs) StdoutLine: {'line': b'-- Up-to-date symlink: /home/lee/workspace/ros2_ex_mav/install/px4_msgs/include/px4_msgs/px4_msgs/msg/detail/debug_value__struct.hpp\n'}
[0.421691] (px4_msgs) StdoutLine: {'line': b'-- Up-to-date symlink: /home/lee/workspace/ros2_ex_mav/install/px4_msgs/include/px4_msgs/px4_msgs/msg/detail/debug_value__traits.hpp\n'}
[0.421741] (px4_msgs) StdoutLine: {'line': b'-- Up-to-date symlink: /home/lee/workspace/ros2_ex_mav/install/px4_msgs/include/px4_msgs/px4_msgs/msg/detail/debug_value__type_support.hpp\n'}
[0.421789] (px4_msgs) StdoutLine: {'line': b'-- Up-to-date symlink: /home/lee/workspace/ros2_ex_mav/install/px4_msgs/include/px4_msgs/px4_msgs/msg/detail/debug_vect__builder.hpp\n'}
[0.421836] (px4_msgs) StdoutLine: {'line': b'-- Up-to-date symlink: /home/lee/workspace/ros2_ex_mav/install/px4_msgs/include/px4_msgs/px4_msgs/msg/detail/debug_vect__struct.hpp\n'}
[0.421883] (px4_msgs) StdoutLine: {'line': b'-- Up-to-date symlink: /home/lee/workspace/ros2_ex_mav/install/px4_msgs/include/px4_msgs/px4_msgs/msg/detail/debug_vect__traits.hpp\n'}
[0.421930] (px4_msgs) StdoutLine: {'line': b'-- Up-to-date symlink: /home/lee/workspace/ros2_ex_mav/install/px4_msgs/include/px4_msgs/px4_msgs/msg/detail/debug_vect__type_support.hpp\n'}
[0.422007] (px4_msgs) StdoutLine: {'line': b'-- Up-to-date symlink: /home/lee/workspace/ros2_ex_mav/install/px4_msgs/include/px4_msgs/px4_msgs/msg/detail/differential_pressure__builder.hpp\n'}
[0.422056] (px4_msgs) StdoutLine: {'line': b'-- Up-to-date symlink: /home/lee/workspace/ros2_ex_mav/install/px4_msgs/include/px4_msgs/px4_msgs/msg/detail/differential_pressure__struct.hpp\n'}
[0.422123] (px4_msgs) StdoutLine: {'line': b'-- Up-to-date symlink: /home/lee/workspace/ros2_ex_mav/install/px4_msgs/include/px4_msgs/px4_msgs/msg/detail/differential_pressure__traits.hpp\n'}
[0.422171] (px4_msgs) StdoutLine: {'line': b'-- Up-to-date symlink: /home/lee/workspace/ros2_ex_mav/install/px4_msgs/include/px4_msgs/px4_msgs/msg/detail/differential_pressure__type_support.hpp\n'}
[0.422220] (px4_msgs) StdoutLine: {'line': b'-- Up-to-date symlink: /home/lee/workspace/ros2_ex_mav/install/px4_msgs/include/px4_msgs/px4_msgs/msg/detail/distance_sensor__builder.hpp\n'}
[0.422269] (px4_msgs) StdoutLine: {'line': b'-- Up-to-date symlink: /home/lee/workspace/ros2_ex_mav/install/px4_msgs/include/px4_msgs/px4_msgs/msg/detail/distance_sensor__struct.hpp\n'}
[0.422318] (px4_msgs) StdoutLine: {'line': b'-- Up-to-date symlink: /home/lee/workspace/ros2_ex_mav/install/px4_msgs/include/px4_msgs/px4_msgs/msg/detail/distance_sensor__traits.hpp\n'}
[0.422367] (px4_msgs) StdoutLine: {'line': b'-- Up-to-date symlink: /home/lee/workspace/ros2_ex_mav/install/px4_msgs/include/px4_msgs/px4_msgs/msg/detail/distance_sensor__type_support.hpp\n'}
[0.422414] (px4_msgs) StdoutLine: {'line': b'-- Up-to-date symlink: /home/lee/workspace/ros2_ex_mav/install/px4_msgs/include/px4_msgs/px4_msgs/msg/detail/ekf2_timestamps__builder.hpp\n'}
[0.422461] (px4_msgs) StdoutLine: {'line': b'-- Up-to-date symlink: /home/lee/workspace/ros2_ex_mav/install/px4_msgs/include/px4_msgs/px4_msgs/msg/detail/ekf2_timestamps__struct.hpp\n'}
[0.422508] (px4_msgs) StdoutLine: {'line': b'-- Up-to-date symlink: /home/lee/workspace/ros2_ex_mav/install/px4_msgs/include/px4_msgs/px4_msgs/msg/detail/ekf2_timestamps__traits.hpp\n'}
[0.422556] (px4_msgs) StdoutLine: {'line': b'-- Up-to-date symlink: /home/lee/workspace/ros2_ex_mav/install/px4_msgs/include/px4_msgs/px4_msgs/msg/detail/ekf2_timestamps__type_support.hpp\n'}
[0.422603] (px4_msgs) StdoutLine: {'line': b'-- Up-to-date symlink: /home/lee/workspace/ros2_ex_mav/install/px4_msgs/include/px4_msgs/px4_msgs/msg/detail/esc_report__builder.hpp\n'}
[0.422663] (px4_msgs) StdoutLine: {'line': b'-- Up-to-date symlink: /home/lee/workspace/ros2_ex_mav/install/px4_msgs/include/px4_msgs/px4_msgs/msg/detail/esc_report__struct.hpp\n'}
[0.422754] (px4_msgs) StdoutLine: {'line': b'-- Up-to-date symlink: /home/lee/workspace/ros2_ex_mav/install/px4_msgs/include/px4_msgs/px4_msgs/msg/detail/esc_report__traits.hpp\n'}
[0.422801] (px4_msgs) StdoutLine: {'line': b'-- Up-to-date symlink: /home/lee/workspace/ros2_ex_mav/install/px4_msgs/include/px4_msgs/px4_msgs/msg/detail/esc_report__type_support.hpp\n'}
[0.422872] (px4_msgs) StdoutLine: {'line': b'-- Up-to-date symlink: /home/lee/workspace/ros2_ex_mav/install/px4_msgs/include/px4_msgs/px4_msgs/msg/detail/esc_status__builder.hpp\n'}
[0.422919] (px4_msgs) StdoutLine: {'line': b'-- Up-to-date symlink: /home/lee/workspace/ros2_ex_mav/install/px4_msgs/include/px4_msgs/px4_msgs/msg/detail/esc_status__struct.hpp\n'}
[0.422966] (px4_msgs) StdoutLine: {'line': b'-- Up-to-date symlink: /home/lee/workspace/ros2_ex_mav/install/px4_msgs/include/px4_msgs/px4_msgs/msg/detail/esc_status__traits.hpp\n'}
[0.423012] (px4_msgs) StdoutLine: {'line': b'-- Up-to-date symlink: /home/lee/workspace/ros2_ex_mav/install/px4_msgs/include/px4_msgs/px4_msgs/msg/detail/esc_status__type_support.hpp\n'}
[0.423058] (px4_msgs) StdoutLine: {'line': b'-- Up-to-date symlink: /home/lee/workspace/ros2_ex_mav/install/px4_msgs/include/px4_msgs/px4_msgs/msg/detail/estimator_aid_source1d__builder.hpp\n'}
[0.423105] (px4_msgs) StdoutLine: {'line': b'-- Up-to-date symlink: /home/lee/workspace/ros2_ex_mav/install/px4_msgs/include/px4_msgs/px4_msgs/msg/detail/estimator_aid_source1d__struct.hpp\n'}
[0.423152] (px4_msgs) StdoutLine: {'line': b'-- Up-to-date symlink: /home/lee/workspace/ros2_ex_mav/install/px4_msgs/include/px4_msgs/px4_msgs/msg/detail/estimator_aid_source1d__traits.hpp\n'}
[0.423241] (px4_msgs) StdoutLine: {'line': b'-- Up-to-date symlink: /home/lee/workspace/ros2_ex_mav/install/px4_msgs/include/px4_msgs/px4_msgs/msg/detail/estimator_aid_source1d__type_support.hpp\n'}
[0.423289] (px4_msgs) StdoutLine: {'line': b'-- Up-to-date symlink: /home/lee/workspace/ros2_ex_mav/install/px4_msgs/include/px4_msgs/px4_msgs/msg/detail/estimator_aid_source2d__builder.hpp\n'}
[0.423336] (px4_msgs) StdoutLine: {'line': b'-- Up-to-date symlink: /home/lee/workspace/ros2_ex_mav/install/px4_msgs/include/px4_msgs/px4_msgs/msg/detail/estimator_aid_source2d__struct.hpp\n'}
[0.423383] (px4_msgs) StdoutLine: {'line': b'-- Up-to-date symlink: /home/lee/workspace/ros2_ex_mav/install/px4_msgs/include/px4_msgs/px4_msgs/msg/detail/estimator_aid_source2d__traits.hpp\n'}
[0.423428] (px4_msgs) StdoutLine: {'line': b'-- Up-to-date symlink: /home/lee/workspace/ros2_ex_mav/install/px4_msgs/include/px4_msgs/px4_msgs/msg/detail/estimator_aid_source2d__type_support.hpp\n'}
[0.423502] (px4_msgs) StdoutLine: {'line': b'-- Up-to-date symlink: /home/lee/workspace/ros2_ex_mav/install/px4_msgs/include/px4_msgs/px4_msgs/msg/detail/estimator_aid_source3d__builder.hpp\n'}
[0.423549] (px4_msgs) StdoutLine: {'line': b'-- Up-to-date symlink: /home/lee/workspace/ros2_ex_mav/install/px4_msgs/include/px4_msgs/px4_msgs/msg/detail/estimator_aid_source3d__struct.hpp\n'}
[0.423594] (px4_msgs) StdoutLine: {'line': b'-- Up-to-date symlink: /home/lee/workspace/ros2_ex_mav/install/px4_msgs/include/px4_msgs/px4_msgs/msg/detail/estimator_aid_source3d__traits.hpp\n'}
[0.423665] (px4_msgs) StdoutLine: {'line': b'-- Up-to-date symlink: /home/lee/workspace/ros2_ex_mav/install/px4_msgs/include/px4_msgs/px4_msgs/msg/detail/estimator_aid_source3d__type_support.hpp\n'}
[0.423729] (px4_msgs) StdoutLine: {'line': b'-- Up-to-date symlink: /home/lee/workspace/ros2_ex_mav/install/px4_msgs/include/px4_msgs/px4_msgs/msg/detail/estimator_bias3d__builder.hpp\n'}
[0.423775] (px4_msgs) StdoutLine: {'line': b'-- Up-to-date symlink: /home/lee/workspace/ros2_ex_mav/install/px4_msgs/include/px4_msgs/px4_msgs/msg/detail/estimator_bias3d__struct.hpp\n'}
[0.423821] (px4_msgs) StdoutLine: {'line': b'-- Up-to-date symlink: /home/lee/workspace/ros2_ex_mav/install/px4_msgs/include/px4_msgs/px4_msgs/msg/detail/estimator_bias3d__traits.hpp\n'}
[0.423885] (px4_msgs) StdoutLine: {'line': b'-- Up-to-date symlink: /home/lee/workspace/ros2_ex_mav/install/px4_msgs/include/px4_msgs/px4_msgs/msg/detail/estimator_bias3d__type_support.hpp\n'}
[0.423937] (px4_msgs) StdoutLine: {'line': b'-- Up-to-date symlink: /home/lee/workspace/ros2_ex_mav/install/px4_msgs/include/px4_msgs/px4_msgs/msg/detail/estimator_bias__builder.hpp\n'}
[0.423984] (px4_msgs) StdoutLine: {'line': b'-- Up-to-date symlink: /home/lee/workspace/ros2_ex_mav/install/px4_msgs/include/px4_msgs/px4_msgs/msg/detail/estimator_bias__struct.hpp\n'}
[0.424030] (px4_msgs) StdoutLine: {'line': b'-- Up-to-date symlink: /home/lee/workspace/ros2_ex_mav/install/px4_msgs/include/px4_msgs/px4_msgs/msg/detail/estimator_bias__traits.hpp\n'}
[0.424076] (px4_msgs) StdoutLine: {'line': b'-- Up-to-date symlink: /home/lee/workspace/ros2_ex_mav/install/px4_msgs/include/px4_msgs/px4_msgs/msg/detail/estimator_bias__type_support.hpp\n'}
[0.424122] (px4_msgs) StdoutLine: {'line': b'-- Up-to-date symlink: /home/lee/workspace/ros2_ex_mav/install/px4_msgs/include/px4_msgs/px4_msgs/msg/detail/estimator_event_flags__builder.hpp\n'}
[0.424166] (px4_msgs) StdoutLine: {'line': b'-- Up-to-date symlink: /home/lee/workspace/ros2_ex_mav/install/px4_msgs/include/px4_msgs/px4_msgs/msg/detail/estimator_event_flags__struct.hpp\n'}
[0.424211] (px4_msgs) StdoutLine: {'line': b'-- Up-to-date symlink: /home/lee/workspace/ros2_ex_mav/install/px4_msgs/include/px4_msgs/px4_msgs/msg/detail/estimator_event_flags__traits.hpp\n'}
[0.424256] (px4_msgs) StdoutLine: {'line': b'-- Up-to-date symlink: /home/lee/workspace/ros2_ex_mav/install/px4_msgs/include/px4_msgs/px4_msgs/msg/detail/estimator_event_flags__type_support.hpp\n'}
[0.424302] (px4_msgs) StdoutLine: {'line': b'-- Up-to-date symlink: /home/lee/workspace/ros2_ex_mav/install/px4_msgs/include/px4_msgs/px4_msgs/msg/detail/estimator_gps_status__builder.hpp\n'}
[0.424389] (px4_msgs) StdoutLine: {'line': b'-- Up-to-date symlink: /home/lee/workspace/ros2_ex_mav/install/px4_msgs/include/px4_msgs/px4_msgs/msg/detail/estimator_gps_status__struct.hpp\n'}
[0.424435] (px4_msgs) StdoutLine: {'line': b'-- Up-to-date symlink: /home/lee/workspace/ros2_ex_mav/install/px4_msgs/include/px4_msgs/px4_msgs/msg/detail/estimator_gps_status__traits.hpp\n'}
[0.424482] (px4_msgs) StdoutLine: {'line': b'-- Up-to-date symlink: /home/lee/workspace/ros2_ex_mav/install/px4_msgs/include/px4_msgs/px4_msgs/msg/detail/estimator_gps_status__type_support.hpp\n'}
[0.424528] (px4_msgs) StdoutLine: {'line': b'-- Up-to-date symlink: /home/lee/workspace/ros2_ex_mav/install/px4_msgs/include/px4_msgs/px4_msgs/msg/detail/estimator_innovations__builder.hpp\n'}
[0.424574] (px4_msgs) StdoutLine: {'line': b'-- Up-to-date symlink: /home/lee/workspace/ros2_ex_mav/install/px4_msgs/include/px4_msgs/px4_msgs/msg/detail/estimator_innovations__struct.hpp\n'}
[0.424619] (px4_msgs) StdoutLine: {'line': b'-- Up-to-date symlink: /home/lee/workspace/ros2_ex_mav/install/px4_msgs/include/px4_msgs/px4_msgs/msg/detail/estimator_innovations__traits.hpp\n'}
[0.424697] (px4_msgs) StdoutLine: {'line': b'-- Up-to-date symlink: /home/lee/workspace/ros2_ex_mav/install/px4_msgs/include/px4_msgs/px4_msgs/msg/detail/estimator_innovations__type_support.hpp\n'}
[0.424744] (px4_msgs) StdoutLine: {'line': b'-- Up-to-date symlink: /home/lee/workspace/ros2_ex_mav/install/px4_msgs/include/px4_msgs/px4_msgs/msg/detail/estimator_selector_status__builder.hpp\n'}
[0.424789] (px4_msgs) StdoutLine: {'line': b'-- Up-to-date symlink: /home/lee/workspace/ros2_ex_mav/install/px4_msgs/include/px4_msgs/px4_msgs/msg/detail/estimator_selector_status__struct.hpp\n'}
[0.424833] (px4_msgs) StdoutLine: {'line': b'-- Up-to-date symlink: /home/lee/workspace/ros2_ex_mav/install/px4_msgs/include/px4_msgs/px4_msgs/msg/detail/estimator_selector_status__traits.hpp\n'}
[0.424898] (px4_msgs) StdoutLine: {'line': b'-- Up-to-date symlink: /home/lee/workspace/ros2_ex_mav/install/px4_msgs/include/px4_msgs/px4_msgs/msg/detail/estimator_selector_status__type_support.hpp\n'}
[0.424944] (px4_msgs) StdoutLine: {'line': b'-- Up-to-date symlink: /home/lee/workspace/ros2_ex_mav/install/px4_msgs/include/px4_msgs/px4_msgs/msg/detail/estimator_sensor_bias__builder.hpp\n'}
[0.424990] (px4_msgs) StdoutLine: {'line': b'-- Up-to-date symlink: /home/lee/workspace/ros2_ex_mav/install/px4_msgs/include/px4_msgs/px4_msgs/msg/detail/estimator_sensor_bias__struct.hpp\n'}
[0.425035] (px4_msgs) StdoutLine: {'line': b'-- Up-to-date symlink: /home/lee/workspace/ros2_ex_mav/install/px4_msgs/include/px4_msgs/px4_msgs/msg/detail/estimator_sensor_bias__traits.hpp\n'}
[0.425080] (px4_msgs) StdoutLine: {'line': b'-- Up-to-date symlink: /home/lee/workspace/ros2_ex_mav/install/px4_msgs/include/px4_msgs/px4_msgs/msg/detail/estimator_sensor_bias__type_support.hpp\n'}
[0.425125] (px4_msgs) StdoutLine: {'line': b'-- Up-to-date symlink: /home/lee/workspace/ros2_ex_mav/install/px4_msgs/include/px4_msgs/px4_msgs/msg/detail/estimator_states__builder.hpp\n'}
[0.425170] (px4_msgs) StdoutLine: {'line': b'-- Up-to-date symlink: /home/lee/workspace/ros2_ex_mav/install/px4_msgs/include/px4_msgs/px4_msgs/msg/detail/estimator_states__struct.hpp\n'}
[0.425215] (px4_msgs) StdoutLine: {'line': b'-- Up-to-date symlink: /home/lee/workspace/ros2_ex_mav/install/px4_msgs/include/px4_msgs/px4_msgs/msg/detail/estimator_states__traits.hpp\n'}
[0.425260] (px4_msgs) StdoutLine: {'line': b'-- Up-to-date symlink: /home/lee/workspace/ros2_ex_mav/install/px4_msgs/include/px4_msgs/px4_msgs/msg/detail/estimator_states__type_support.hpp\n'}
[0.425313] (px4_msgs) StdoutLine: {'line': b'-- Up-to-date symlink: /home/lee/workspace/ros2_ex_mav/install/px4_msgs/include/px4_msgs/px4_msgs/msg/detail/estimator_status__builder.hpp\n'}
[0.425358] (px4_msgs) StdoutLine: {'line': b'-- Up-to-date symlink: /home/lee/workspace/ros2_ex_mav/install/px4_msgs/include/px4_msgs/px4_msgs/msg/detail/estimator_status__struct.hpp\n'}
[0.425440] (px4_msgs) StdoutLine: {'line': b'-- Up-to-date symlink: /home/lee/workspace/ros2_ex_mav/install/px4_msgs/include/px4_msgs/px4_msgs/msg/detail/estimator_status__traits.hpp\n'}
[0.425485] (px4_msgs) StdoutLine: {'line': b'-- Up-to-date symlink: /home/lee/workspace/ros2_ex_mav/install/px4_msgs/include/px4_msgs/px4_msgs/msg/detail/estimator_status__type_support.hpp\n'}
[0.425531] (px4_msgs) StdoutLine: {'line': b'-- Up-to-date symlink: /home/lee/workspace/ros2_ex_mav/install/px4_msgs/include/px4_msgs/px4_msgs/msg/detail/estimator_status_flags__builder.hpp\n'}
[0.425575] (px4_msgs) StdoutLine: {'line': b'-- Up-to-date symlink: /home/lee/workspace/ros2_ex_mav/install/px4_msgs/include/px4_msgs/px4_msgs/msg/detail/estimator_status_flags__struct.hpp\n'}
[0.425620] (px4_msgs) StdoutLine: {'line': b'-- Up-to-date symlink: /home/lee/workspace/ros2_ex_mav/install/px4_msgs/include/px4_msgs/px4_msgs/msg/detail/estimator_status_flags__traits.hpp\n'}
[0.425699] (px4_msgs) StdoutLine: {'line': b'-- Up-to-date symlink: /home/lee/workspace/ros2_ex_mav/install/px4_msgs/include/px4_msgs/px4_msgs/msg/detail/estimator_status_flags__type_support.hpp\n'}
[0.425745] (px4_msgs) StdoutLine: {'line': b'-- Up-to-date symlink: /home/lee/workspace/ros2_ex_mav/install/px4_msgs/include/px4_msgs/px4_msgs/msg/detail/event__builder.hpp\n'}
[0.425789] (px4_msgs) StdoutLine: {'line': b'-- Up-to-date symlink: /home/lee/workspace/ros2_ex_mav/install/px4_msgs/include/px4_msgs/px4_msgs/msg/detail/event__struct.hpp\n'}
[0.425853] (px4_msgs) StdoutLine: {'line': b'-- Up-to-date symlink: /home/lee/workspace/ros2_ex_mav/install/px4_msgs/include/px4_msgs/px4_msgs/msg/detail/event__traits.hpp\n'}
[0.425899] (px4_msgs) StdoutLine: {'line': b'-- Up-to-date symlink: /home/lee/workspace/ros2_ex_mav/install/px4_msgs/include/px4_msgs/px4_msgs/msg/detail/event__type_support.hpp\n'}
[0.425945] (px4_msgs) StdoutLine: {'line': b'-- Up-to-date symlink: /home/lee/workspace/ros2_ex_mav/install/px4_msgs/include/px4_msgs/px4_msgs/msg/detail/failsafe_flags__builder.hpp\n'}
[0.425989] (px4_msgs) StdoutLine: {'line': b'-- Up-to-date symlink: /home/lee/workspace/ros2_ex_mav/install/px4_msgs/include/px4_msgs/px4_msgs/msg/detail/failsafe_flags__struct.hpp\n'}
[0.426034] (px4_msgs) StdoutLine: {'line': b'-- Up-to-date symlink: /home/lee/workspace/ros2_ex_mav/install/px4_msgs/include/px4_msgs/px4_msgs/msg/detail/failsafe_flags__traits.hpp\n'}
[0.426079] (px4_msgs) StdoutLine: {'line': b'-- Up-to-date symlink: /home/lee/workspace/ros2_ex_mav/install/px4_msgs/include/px4_msgs/px4_msgs/msg/detail/failsafe_flags__type_support.hpp\n'}
[0.426124] (px4_msgs) StdoutLine: {'line': b'-- Up-to-date symlink: /home/lee/workspace/ros2_ex_mav/install/px4_msgs/include/px4_msgs/px4_msgs/msg/detail/failure_detector_status__builder.hpp\n'}
[0.426169] (px4_msgs) StdoutLine: {'line': b'-- Up-to-date symlink: /home/lee/workspace/ros2_ex_mav/install/px4_msgs/include/px4_msgs/px4_msgs/msg/detail/failure_detector_status__struct.hpp\n'}
[0.426246] (px4_msgs) StdoutLine: {'line': b'-- Up-to-date symlink: /home/lee/workspace/ros2_ex_mav/install/px4_msgs/include/px4_msgs/px4_msgs/msg/detail/failure_detector_status__traits.hpp\n'}
[0.426305] (px4_msgs) StdoutLine: {'line': b'-- Up-to-date symlink: /home/lee/workspace/ros2_ex_mav/install/px4_msgs/include/px4_msgs/px4_msgs/msg/detail/failure_detector_status__type_support.hpp\n'}
[0.426350] (px4_msgs) StdoutLine: {'line': b'-- Up-to-date symlink: /home/lee/workspace/ros2_ex_mav/install/px4_msgs/include/px4_msgs/px4_msgs/msg/detail/follow_target__builder.hpp\n'}
[0.426397] (px4_msgs) StdoutLine: {'line': b'-- Up-to-date symlink: /home/lee/workspace/ros2_ex_mav/install/px4_msgs/include/px4_msgs/px4_msgs/msg/detail/follow_target__struct.hpp\n'}
[0.426443] (px4_msgs) StdoutLine: {'line': b'-- Up-to-date symlink: /home/lee/workspace/ros2_ex_mav/install/px4_msgs/include/px4_msgs/px4_msgs/msg/detail/follow_target__traits.hpp\n'}
[0.426489] (px4_msgs) StdoutLine: {'line': b'-- Up-to-date symlink: /home/lee/workspace/ros2_ex_mav/install/px4_msgs/include/px4_msgs/px4_msgs/msg/detail/follow_target__type_support.hpp\n'}
[0.426559] (px4_msgs) StdoutLine: {'line': b'-- Up-to-date symlink: /home/lee/workspace/ros2_ex_mav/install/px4_msgs/include/px4_msgs/px4_msgs/msg/detail/follow_target_estimator__builder.hpp\n'}
[0.426606] (px4_msgs) StdoutLine: {'line': b'-- Up-to-date symlink: /home/lee/workspace/ros2_ex_mav/install/px4_msgs/include/px4_msgs/px4_msgs/msg/detail/follow_target_estimator__struct.hpp\n'}
[0.426675] (px4_msgs) StdoutLine: {'line': b'-- Up-to-date symlink: /home/lee/workspace/ros2_ex_mav/install/px4_msgs/include/px4_msgs/px4_msgs/msg/detail/follow_target_estimator__traits.hpp\n'}
[0.426733] (px4_msgs) StdoutLine: {'line': b'-- Up-to-date symlink: /home/lee/workspace/ros2_ex_mav/install/px4_msgs/include/px4_msgs/px4_msgs/msg/detail/follow_target_estimator__type_support.hpp\n'}
[0.426780] (px4_msgs) StdoutLine: {'line': b'-- Up-to-date symlink: /home/lee/workspace/ros2_ex_mav/install/px4_msgs/include/px4_msgs/px4_msgs/msg/detail/follow_target_status__builder.hpp\n'}
[0.426826] (px4_msgs) StdoutLine: {'line': b'-- Up-to-date symlink: /home/lee/workspace/ros2_ex_mav/install/px4_msgs/include/px4_msgs/px4_msgs/msg/detail/follow_target_status__struct.hpp\n'}
[0.426871] (px4_msgs) StdoutLine: {'line': b'-- Up-to-date symlink: /home/lee/workspace/ros2_ex_mav/install/px4_msgs/include/px4_msgs/px4_msgs/msg/detail/follow_target_status__traits.hpp\n'}
[0.426917] (px4_msgs) StdoutLine: {'line': b'-- Up-to-date symlink: /home/lee/workspace/ros2_ex_mav/install/px4_msgs/include/px4_msgs/px4_msgs/msg/detail/follow_target_status__type_support.hpp\n'}
[0.426963] (px4_msgs) StdoutLine: {'line': b'-- Up-to-date symlink: /home/lee/workspace/ros2_ex_mav/install/px4_msgs/include/px4_msgs/px4_msgs/msg/detail/generator_status__builder.hpp\n'}
[0.427009] (px4_msgs) StdoutLine: {'line': b'-- Up-to-date symlink: /home/lee/workspace/ros2_ex_mav/install/px4_msgs/include/px4_msgs/px4_msgs/msg/detail/generator_status__struct.hpp\n'}
[0.427082] (px4_msgs) StdoutLine: {'line': b'-- Up-to-date symlink: /home/lee/workspace/ros2_ex_mav/install/px4_msgs/include/px4_msgs/px4_msgs/msg/detail/generator_status__traits.hpp\n'}
[0.427128] (px4_msgs) StdoutLine: {'line': b'-- Up-to-date symlink: /home/lee/workspace/ros2_ex_mav/install/px4_msgs/include/px4_msgs/px4_msgs/msg/detail/generator_status__type_support.hpp\n'}
[0.427174] (px4_msgs) StdoutLine: {'line': b'-- Up-to-date symlink: /home/lee/workspace/ros2_ex_mav/install/px4_msgs/include/px4_msgs/px4_msgs/msg/detail/geofence_result__builder.hpp\n'}
[0.427220] (px4_msgs) StdoutLine: {'line': b'-- Up-to-date symlink: /home/lee/workspace/ros2_ex_mav/install/px4_msgs/include/px4_msgs/px4_msgs/msg/detail/geofence_result__struct.hpp\n'}
[0.427266] (px4_msgs) StdoutLine: {'line': b'-- Up-to-date symlink: /home/lee/workspace/ros2_ex_mav/install/px4_msgs/include/px4_msgs/px4_msgs/msg/detail/geofence_result__traits.hpp\n'}
[0.427342] (px4_msgs) StdoutLine: {'line': b'-- Up-to-date symlink: /home/lee/workspace/ros2_ex_mav/install/px4_msgs/include/px4_msgs/px4_msgs/msg/detail/geofence_result__type_support.hpp\n'}
[0.427387] (px4_msgs) StdoutLine: {'line': b'-- Up-to-date symlink: /home/lee/workspace/ros2_ex_mav/install/px4_msgs/include/px4_msgs/px4_msgs/msg/detail/gimbal_controls__builder.hpp\n'}
[0.427432] (px4_msgs) StdoutLine: {'line': b'-- Up-to-date symlink: /home/lee/workspace/ros2_ex_mav/install/px4_msgs/include/px4_msgs/px4_msgs/msg/detail/gimbal_controls__struct.hpp\n'}
[0.427477] (px4_msgs) StdoutLine: {'line': b'-- Up-to-date symlink: /home/lee/workspace/ros2_ex_mav/install/px4_msgs/include/px4_msgs/px4_msgs/msg/detail/gimbal_controls__traits.hpp\n'}
[0.427522] (px4_msgs) StdoutLine: {'line': b'-- Up-to-date symlink: /home/lee/workspace/ros2_ex_mav/install/px4_msgs/include/px4_msgs/px4_msgs/msg/detail/gimbal_controls__type_support.hpp\n'}
[0.427567] (px4_msgs) StdoutLine: {'line': b'-- Up-to-date symlink: /home/lee/workspace/ros2_ex_mav/install/px4_msgs/include/px4_msgs/px4_msgs/msg/detail/gimbal_device_attitude_status__builder.hpp\n'}
[0.427652] (px4_msgs) StdoutLine: {'line': b'-- Up-to-date symlink: /home/lee/workspace/ros2_ex_mav/install/px4_msgs/include/px4_msgs/px4_msgs/msg/detail/gimbal_device_attitude_status__struct.hpp\n'}
[0.427709] (px4_msgs) StdoutLine: {'line': b'-- Up-to-date symlink: /home/lee/workspace/ros2_ex_mav/install/px4_msgs/include/px4_msgs/px4_msgs/msg/detail/gimbal_device_attitude_status__traits.hpp\n'}
[0.427754] (px4_msgs) StdoutLine: {'line': b'-- Up-to-date symlink: /home/lee/workspace/ros2_ex_mav/install/px4_msgs/include/px4_msgs/px4_msgs/msg/detail/gimbal_device_attitude_status__type_support.hpp\n'}
[0.427798] (px4_msgs) StdoutLine: {'line': b'-- Up-to-date symlink: /home/lee/workspace/ros2_ex_mav/install/px4_msgs/include/px4_msgs/px4_msgs/msg/detail/gimbal_device_information__builder.hpp\n'}
[0.427843] (px4_msgs) StdoutLine: {'line': b'-- Up-to-date symlink: /home/lee/workspace/ros2_ex_mav/install/px4_msgs/include/px4_msgs/px4_msgs/msg/detail/gimbal_device_information__struct.hpp\n'}
[0.427887] (px4_msgs) StdoutLine: {'line': b'-- Up-to-date symlink: /home/lee/workspace/ros2_ex_mav/install/px4_msgs/include/px4_msgs/px4_msgs/msg/detail/gimbal_device_information__traits.hpp\n'}
[0.427932] (px4_msgs) StdoutLine: {'line': b'-- Up-to-date symlink: /home/lee/workspace/ros2_ex_mav/install/px4_msgs/include/px4_msgs/px4_msgs/msg/detail/gimbal_device_information__type_support.hpp\n'}
[0.427976] (px4_msgs) StdoutLine: {'line': b'-- Up-to-date symlink: /home/lee/workspace/ros2_ex_mav/install/px4_msgs/include/px4_msgs/px4_msgs/msg/detail/gimbal_device_set_attitude__builder.hpp\n'}
[0.428021] (px4_msgs) StdoutLine: {'line': b'-- Up-to-date symlink: /home/lee/workspace/ros2_ex_mav/install/px4_msgs/include/px4_msgs/px4_msgs/msg/detail/gimbal_device_set_attitude__struct.hpp\n'}
[0.428095] (px4_msgs) StdoutLine: {'line': b'-- Up-to-date symlink: /home/lee/workspace/ros2_ex_mav/install/px4_msgs/include/px4_msgs/px4_msgs/msg/detail/gimbal_device_set_attitude__traits.hpp\n'}
[0.428140] (px4_msgs) StdoutLine: {'line': b'-- Up-to-date symlink: /home/lee/workspace/ros2_ex_mav/install/px4_msgs/include/px4_msgs/px4_msgs/msg/detail/gimbal_device_set_attitude__type_support.hpp\n'}
[0.428185] (px4_msgs) StdoutLine: {'line': b'-- Up-to-date symlink: /home/lee/workspace/ros2_ex_mav/install/px4_msgs/include/px4_msgs/px4_msgs/msg/detail/gimbal_manager_information__builder.hpp\n'}
[0.428230] (px4_msgs) StdoutLine: {'line': b'-- Up-to-date symlink: /home/lee/workspace/ros2_ex_mav/install/px4_msgs/include/px4_msgs/px4_msgs/msg/detail/gimbal_manager_information__struct.hpp\n'}
[0.428274] (px4_msgs) StdoutLine: {'line': b'-- Up-to-date symlink: /home/lee/workspace/ros2_ex_mav/install/px4_msgs/include/px4_msgs/px4_msgs/msg/detail/gimbal_manager_information__traits.hpp\n'}
[0.428347] (px4_msgs) StdoutLine: {'line': b'-- Up-to-date symlink: /home/lee/workspace/ros2_ex_mav/install/px4_msgs/include/px4_msgs/px4_msgs/msg/detail/gimbal_manager_information__type_support.hpp\n'}
[0.428391] (px4_msgs) StdoutLine: {'line': b'-- Up-to-date symlink: /home/lee/workspace/ros2_ex_mav/install/px4_msgs/include/px4_msgs/px4_msgs/msg/detail/gimbal_manager_set_attitude__builder.hpp\n'}
[0.428436] (px4_msgs) StdoutLine: {'line': b'-- Up-to-date symlink: /home/lee/workspace/ros2_ex_mav/install/px4_msgs/include/px4_msgs/px4_msgs/msg/detail/gimbal_manager_set_attitude__struct.hpp\n'}
[0.428480] (px4_msgs) StdoutLine: {'line': b'-- Up-to-date symlink: /home/lee/workspace/ros2_ex_mav/install/px4_msgs/include/px4_msgs/px4_msgs/msg/detail/gimbal_manager_set_attitude__traits.hpp\n'}
[0.428524] (px4_msgs) StdoutLine: {'line': b'-- Up-to-date symlink: /home/lee/workspace/ros2_ex_mav/install/px4_msgs/include/px4_msgs/px4_msgs/msg/detail/gimbal_manager_set_attitude__type_support.hpp\n'}
[0.428569] (px4_msgs) StdoutLine: {'line': b'-- Up-to-date symlink: /home/lee/workspace/ros2_ex_mav/install/px4_msgs/include/px4_msgs/px4_msgs/msg/detail/gimbal_manager_set_manual_control__builder.hpp\n'}
[0.428613] (px4_msgs) StdoutLine: {'line': b'-- Up-to-date symlink: /home/lee/workspace/ros2_ex_mav/install/px4_msgs/include/px4_msgs/px4_msgs/msg/detail/gimbal_manager_set_manual_control__struct.hpp\n'}
[0.428705] (px4_msgs) StdoutLine: {'line': b'-- Up-to-date symlink: /home/lee/workspace/ros2_ex_mav/install/px4_msgs/include/px4_msgs/px4_msgs/msg/detail/gimbal_manager_set_manual_control__traits.hpp\n'}
[0.428751] (px4_msgs) StdoutLine: {'line': b'-- Up-to-date symlink: /home/lee/workspace/ros2_ex_mav/install/px4_msgs/include/px4_msgs/px4_msgs/msg/detail/gimbal_manager_set_manual_control__type_support.hpp\n'}
[0.428796] (px4_msgs) StdoutLine: {'line': b'-- Up-to-date symlink: /home/lee/workspace/ros2_ex_mav/install/px4_msgs/include/px4_msgs/px4_msgs/msg/detail/gimbal_manager_status__builder.hpp\n'}
[0.428841] (px4_msgs) StdoutLine: {'line': b'-- Up-to-date symlink: /home/lee/workspace/ros2_ex_mav/install/px4_msgs/include/px4_msgs/px4_msgs/msg/detail/gimbal_manager_status__struct.hpp\n'}
[0.428886] (px4_msgs) StdoutLine: {'line': b'-- Up-to-date symlink: /home/lee/workspace/ros2_ex_mav/install/px4_msgs/include/px4_msgs/px4_msgs/msg/detail/gimbal_manager_status__traits.hpp\n'}
[0.428953] (px4_msgs) StdoutLine: {'line': b'-- Up-to-date symlink: /home/lee/workspace/ros2_ex_mav/install/px4_msgs/include/px4_msgs/px4_msgs/msg/detail/gimbal_manager_status__type_support.hpp\n'}
[0.429013] (px4_msgs) StdoutLine: {'line': b'-- Up-to-date symlink: /home/lee/workspace/ros2_ex_mav/install/px4_msgs/include/px4_msgs/px4_msgs/msg/detail/gps_dump__builder.hpp\n'}
[0.429060] (px4_msgs) StdoutLine: {'line': b'-- Up-to-date symlink: /home/lee/workspace/ros2_ex_mav/install/px4_msgs/include/px4_msgs/px4_msgs/msg/detail/gps_dump__struct.hpp\n'}
[0.429106] (px4_msgs) StdoutLine: {'line': b'-- Up-to-date symlink: /home/lee/workspace/ros2_ex_mav/install/px4_msgs/include/px4_msgs/px4_msgs/msg/detail/gps_dump__traits.hpp\n'}
[0.429169] (px4_msgs) StdoutLine: {'line': b'-- Up-to-date symlink: /home/lee/workspace/ros2_ex_mav/install/px4_msgs/include/px4_msgs/px4_msgs/msg/detail/gps_dump__type_support.hpp\n'}
[0.429215] (px4_msgs) StdoutLine: {'line': b'-- Up-to-date symlink: /home/lee/workspace/ros2_ex_mav/install/px4_msgs/include/px4_msgs/px4_msgs/msg/detail/gps_inject_data__builder.hpp\n'}
[0.429260] (px4_msgs) StdoutLine: {'line': b'-- Up-to-date symlink: /home/lee/workspace/ros2_ex_mav/install/px4_msgs/include/px4_msgs/px4_msgs/msg/detail/gps_inject_data__struct.hpp\n'}
[0.429306] (px4_msgs) StdoutLine: {'line': b'-- Up-to-date symlink: /home/lee/workspace/ros2_ex_mav/install/px4_msgs/include/px4_msgs/px4_msgs/msg/detail/gps_inject_data__traits.hpp\n'}
[0.429352] (px4_msgs) StdoutLine: {'line': b'-- Up-to-date symlink: /home/lee/workspace/ros2_ex_mav/install/px4_msgs/include/px4_msgs/px4_msgs/msg/detail/gps_inject_data__type_support.hpp\n'}
[0.429397] (px4_msgs) StdoutLine: {'line': b'-- Up-to-date symlink: /home/lee/workspace/ros2_ex_mav/install/px4_msgs/include/px4_msgs/px4_msgs/msg/detail/gripper__builder.hpp\n'}
[0.429443] (px4_msgs) StdoutLine: {'line': b'-- Up-to-date symlink: /home/lee/workspace/ros2_ex_mav/install/px4_msgs/include/px4_msgs/px4_msgs/msg/detail/gripper__struct.hpp\n'}
[0.429488] (px4_msgs) StdoutLine: {'line': b'-- Up-to-date symlink: /home/lee/workspace/ros2_ex_mav/install/px4_msgs/include/px4_msgs/px4_msgs/msg/detail/gripper__traits.hpp\n'}
[0.429534] (px4_msgs) StdoutLine: {'line': b'-- Up-to-date symlink: /home/lee/workspace/ros2_ex_mav/install/px4_msgs/include/px4_msgs/px4_msgs/msg/detail/gripper__type_support.hpp\n'}
[0.429579] (px4_msgs) StdoutLine: {'line': b'-- Up-to-date symlink: /home/lee/workspace/ros2_ex_mav/install/px4_msgs/include/px4_msgs/px4_msgs/msg/detail/health_report__builder.hpp\n'}
[0.429624] (px4_msgs) StdoutLine: {'line': b'-- Up-to-date symlink: /home/lee/workspace/ros2_ex_mav/install/px4_msgs/include/px4_msgs/px4_msgs/msg/detail/health_report__struct.hpp\n'}
[0.429715] (px4_msgs) StdoutLine: {'line': b'-- Up-to-date symlink: /home/lee/workspace/ros2_ex_mav/install/px4_msgs/include/px4_msgs/px4_msgs/msg/detail/health_report__traits.hpp\n'}
[0.429762] (px4_msgs) StdoutLine: {'line': b'-- Up-to-date symlink: /home/lee/workspace/ros2_ex_mav/install/px4_msgs/include/px4_msgs/px4_msgs/msg/detail/health_report__type_support.hpp\n'}
[0.429821] (px4_msgs) StdoutLine: {'line': b'-- Up-to-date symlink: /home/lee/workspace/ros2_ex_mav/install/px4_msgs/include/px4_msgs/px4_msgs/msg/detail/heater_status__builder.hpp\n'}
[0.429866] (px4_msgs) StdoutLine: {'line': b'-- Up-to-date symlink: /home/lee/workspace/ros2_ex_mav/install/px4_msgs/include/px4_msgs/px4_msgs/msg/detail/heater_status__struct.hpp\n'}
[0.429910] (px4_msgs) StdoutLine: {'line': b'-- Up-to-date symlink: /home/lee/workspace/ros2_ex_mav/install/px4_msgs/include/px4_msgs/px4_msgs/msg/detail/heater_status__traits.hpp\n'}
[0.429977] (px4_msgs) StdoutLine: {'line': b'-- Up-to-date symlink: /home/lee/workspace/ros2_ex_mav/install/px4_msgs/include/px4_msgs/px4_msgs/msg/detail/heater_status__type_support.hpp\n'}
[0.430022] (px4_msgs) StdoutLine: {'line': b'-- Up-to-date symlink: /home/lee/workspace/ros2_ex_mav/install/px4_msgs/include/px4_msgs/px4_msgs/msg/detail/home_position__builder.hpp\n'}
[0.430067] (px4_msgs) StdoutLine: {'line': b'-- Up-to-date symlink: /home/lee/workspace/ros2_ex_mav/install/px4_msgs/include/px4_msgs/px4_msgs/msg/detail/home_position__struct.hpp\n'}
[0.430112] (px4_msgs) StdoutLine: {'line': b'-- Up-to-date symlink: /home/lee/workspace/ros2_ex_mav/install/px4_msgs/include/px4_msgs/px4_msgs/msg/detail/home_position__traits.hpp\n'}
[0.430157] (px4_msgs) StdoutLine: {'line': b'-- Up-to-date symlink: /home/lee/workspace/ros2_ex_mav/install/px4_msgs/include/px4_msgs/px4_msgs/msg/detail/home_position__type_support.hpp\n'}
[0.430225] (px4_msgs) StdoutLine: {'line': b'-- Up-to-date symlink: /home/lee/workspace/ros2_ex_mav/install/px4_msgs/include/px4_msgs/px4_msgs/msg/detail/hover_thrust_estimate__builder.hpp\n'}
[0.430270] (px4_msgs) StdoutLine: {'line': b'-- Up-to-date symlink: /home/lee/workspace/ros2_ex_mav/install/px4_msgs/include/px4_msgs/px4_msgs/msg/detail/hover_thrust_estimate__struct.hpp\n'}
[0.430315] (px4_msgs) StdoutLine: {'line': b'-- Up-to-date symlink: /home/lee/workspace/ros2_ex_mav/install/px4_msgs/include/px4_msgs/px4_msgs/msg/detail/hover_thrust_estimate__traits.hpp\n'}
[0.430382] (px4_msgs) StdoutLine: {'line': b'-- Up-to-date symlink: /home/lee/workspace/ros2_ex_mav/install/px4_msgs/include/px4_msgs/px4_msgs/msg/detail/hover_thrust_estimate__type_support.hpp\n'}
[0.430427] (px4_msgs) StdoutLine: {'line': b'-- Up-to-date symlink: /home/lee/workspace/ros2_ex_mav/install/px4_msgs/include/px4_msgs/px4_msgs/msg/detail/input_rc__builder.hpp\n'}
[0.430473] (px4_msgs) StdoutLine: {'line': b'-- Up-to-date symlink: /home/lee/workspace/ros2_ex_mav/install/px4_msgs/include/px4_msgs/px4_msgs/msg/detail/input_rc__struct.hpp\n'}
[0.430518] (px4_msgs) StdoutLine: {'line': b'-- Up-to-date symlink: /home/lee/workspace/ros2_ex_mav/install/px4_msgs/include/px4_msgs/px4_msgs/msg/detail/input_rc__traits.hpp\n'}
[0.430562] (px4_msgs) StdoutLine: {'line': b'-- Up-to-date symlink: /home/lee/workspace/ros2_ex_mav/install/px4_msgs/include/px4_msgs/px4_msgs/msg/detail/input_rc__type_support.hpp\n'}
[0.430607] (px4_msgs) StdoutLine: {'line': b'-- Up-to-date symlink: /home/lee/workspace/ros2_ex_mav/install/px4_msgs/include/px4_msgs/px4_msgs/msg/detail/internal_combustion_engine_status__builder.hpp\n'}
[0.430683] (px4_msgs) StdoutLine: {'line': b'-- Up-to-date symlink: /home/lee/workspace/ros2_ex_mav/install/px4_msgs/include/px4_msgs/px4_msgs/msg/detail/internal_combustion_engine_status__struct.hpp\n'}
[0.430739] (px4_msgs) StdoutLine: {'line': b'-- Up-to-date symlink: /home/lee/workspace/ros2_ex_mav/install/px4_msgs/include/px4_msgs/px4_msgs/msg/detail/internal_combustion_engine_status__traits.hpp\n'}
[0.430785] (px4_msgs) StdoutLine: {'line': b'-- Up-to-date symlink: /home/lee/workspace/ros2_ex_mav/install/px4_msgs/include/px4_msgs/px4_msgs/msg/detail/internal_combustion_engine_status__type_support.hpp\n'}
[0.430830] (px4_msgs) StdoutLine: {'line': b'-- Up-to-date symlink: /home/lee/workspace/ros2_ex_mav/install/px4_msgs/include/px4_msgs/px4_msgs/msg/detail/iridiumsbd_status__builder.hpp\n'}
[0.430896] (px4_msgs) StdoutLine: {'line': b'-- Up-to-date symlink: /home/lee/workspace/ros2_ex_mav/install/px4_msgs/include/px4_msgs/px4_msgs/msg/detail/iridiumsbd_status__struct.hpp\n'}
[0.430941] (px4_msgs) StdoutLine: {'line': b'-- Up-to-date symlink: /home/lee/workspace/ros2_ex_mav/install/px4_msgs/include/px4_msgs/px4_msgs/msg/detail/iridiumsbd_status__traits.hpp\n'}
[0.430985] (px4_msgs) StdoutLine: {'line': b'-- Up-to-date symlink: /home/lee/workspace/ros2_ex_mav/install/px4_msgs/include/px4_msgs/px4_msgs/msg/detail/iridiumsbd_status__type_support.hpp\n'}
[0.431031] (px4_msgs) StdoutLine: {'line': b'-- Up-to-date symlink: /home/lee/workspace/ros2_ex_mav/install/px4_msgs/include/px4_msgs/px4_msgs/msg/detail/irlock_report__builder.hpp\n'}
[0.431076] (px4_msgs) StdoutLine: {'line': b'-- Up-to-date symlink: /home/lee/workspace/ros2_ex_mav/install/px4_msgs/include/px4_msgs/px4_msgs/msg/detail/irlock_report__struct.hpp\n'}
[0.431120] (px4_msgs) StdoutLine: {'line': b'-- Up-to-date symlink: /home/lee/workspace/ros2_ex_mav/install/px4_msgs/include/px4_msgs/px4_msgs/msg/detail/irlock_report__traits.hpp\n'}
[0.431165] (px4_msgs) StdoutLine: {'line': b'-- Up-to-date symlink: /home/lee/workspace/ros2_ex_mav/install/px4_msgs/include/px4_msgs/px4_msgs/msg/detail/irlock_report__type_support.hpp\n'}
[0.431209] (px4_msgs) StdoutLine: {'line': b'-- Up-to-date symlink: /home/lee/workspace/ros2_ex_mav/install/px4_msgs/include/px4_msgs/px4_msgs/msg/detail/landing_gear__builder.hpp\n'}
[0.431254] (px4_msgs) StdoutLine: {'line': b'-- Up-to-date symlink: /home/lee/workspace/ros2_ex_mav/install/px4_msgs/include/px4_msgs/px4_msgs/msg/detail/landing_gear__struct.hpp\n'}
[0.431299] (px4_msgs) StdoutLine: {'line': b'-- Up-to-date symlink: /home/lee/workspace/ros2_ex_mav/install/px4_msgs/include/px4_msgs/px4_msgs/msg/detail/landing_gear__traits.hpp\n'}
[0.431344] (px4_msgs) StdoutLine: {'line': b'-- Up-to-date symlink: /home/lee/workspace/ros2_ex_mav/install/px4_msgs/include/px4_msgs/px4_msgs/msg/detail/landing_gear__type_support.hpp\n'}
[0.431388] (px4_msgs) StdoutLine: {'line': b'-- Up-to-date symlink: /home/lee/workspace/ros2_ex_mav/install/px4_msgs/include/px4_msgs/px4_msgs/msg/detail/landing_gear_wheel__builder.hpp\n'}
[0.431432] (px4_msgs) StdoutLine: {'line': b'-- Up-to-date symlink: /home/lee/workspace/ros2_ex_mav/install/px4_msgs/include/px4_msgs/px4_msgs/msg/detail/landing_gear_wheel__struct.hpp\n'}
[0.431476] (px4_msgs) StdoutLine: {'line': b'-- Up-to-date symlink: /home/lee/workspace/ros2_ex_mav/install/px4_msgs/include/px4_msgs/px4_msgs/msg/detail/landing_gear_wheel__traits.hpp\n'}
[0.431521] (px4_msgs) StdoutLine: {'line': b'-- Up-to-date symlink: /home/lee/workspace/ros2_ex_mav/install/px4_msgs/include/px4_msgs/px4_msgs/msg/detail/landing_gear_wheel__type_support.hpp\n'}
[0.431566] (px4_msgs) StdoutLine: {'line': b'-- Up-to-date symlink: /home/lee/workspace/ros2_ex_mav/install/px4_msgs/include/px4_msgs/px4_msgs/msg/detail/landing_target_innovations__builder.hpp\n'}
[0.431763] (px4_msgs) StdoutLine: {'line': b'-- Up-to-date symlink: /home/lee/workspace/ros2_ex_mav/install/px4_msgs/include/px4_msgs/px4_msgs/msg/detail/landing_target_innovations__struct.hpp\n'}
[0.431834] (px4_msgs) StdoutLine: {'line': b'-- Up-to-date symlink: /home/lee/workspace/ros2_ex_mav/install/px4_msgs/include/px4_msgs/px4_msgs/msg/detail/landing_target_innovations__traits.hpp\n'}
[0.431887] (px4_msgs) StdoutLine: {'line': b'-- Up-to-date symlink: /home/lee/workspace/ros2_ex_mav/install/px4_msgs/include/px4_msgs/px4_msgs/msg/detail/landing_target_innovations__type_support.hpp\n'}
[0.431945] (px4_msgs) StdoutLine: {'line': b'-- Up-to-date symlink: /home/lee/workspace/ros2_ex_mav/install/px4_msgs/include/px4_msgs/px4_msgs/msg/detail/landing_target_pose__builder.hpp\n'}
[0.432005] (px4_msgs) StdoutLine: {'line': b'-- Up-to-date symlink: /home/lee/workspace/ros2_ex_mav/install/px4_msgs/include/px4_msgs/px4_msgs/msg/detail/landing_target_pose__struct.hpp\n'}
[0.432061] (px4_msgs) StdoutLine: {'line': b'-- Up-to-date symlink: /home/lee/workspace/ros2_ex_mav/install/px4_msgs/include/px4_msgs/px4_msgs/msg/detail/landing_target_pose__traits.hpp\n'}
[0.432123] (px4_msgs) StdoutLine: {'line': b'-- Up-to-date symlink: /home/lee/workspace/ros2_ex_mav/install/px4_msgs/include/px4_msgs/px4_msgs/msg/detail/landing_target_pose__type_support.hpp\n'}
[0.432176] (px4_msgs) StdoutLine: {'line': b'-- Up-to-date symlink: /home/lee/workspace/ros2_ex_mav/install/px4_msgs/include/px4_msgs/px4_msgs/msg/detail/launch_detection_status__builder.hpp\n'}
[0.432235] (px4_msgs) StdoutLine: {'line': b'-- Up-to-date symlink: /home/lee/workspace/ros2_ex_mav/install/px4_msgs/include/px4_msgs/px4_msgs/msg/detail/launch_detection_status__struct.hpp\n'}
[0.432292] (px4_msgs) StdoutLine: {'line': b'-- Up-to-date symlink: /home/lee/workspace/ros2_ex_mav/install/px4_msgs/include/px4_msgs/px4_msgs/msg/detail/launch_detection_status__traits.hpp\n'}
[0.432349] (px4_msgs) StdoutLine: {'line': b'-- Up-to-date symlink: /home/lee/workspace/ros2_ex_mav/install/px4_msgs/include/px4_msgs/px4_msgs/msg/detail/launch_detection_status__type_support.hpp\n'}
[0.432401] (px4_msgs) StdoutLine: {'line': b'-- Up-to-date symlink: /home/lee/workspace/ros2_ex_mav/install/px4_msgs/include/px4_msgs/px4_msgs/msg/detail/led_control__builder.hpp\n'}
[0.432459] (px4_msgs) StdoutLine: {'line': b'-- Up-to-date symlink: /home/lee/workspace/ros2_ex_mav/install/px4_msgs/include/px4_msgs/px4_msgs/msg/detail/led_control__struct.hpp\n'}
[0.432519] (px4_msgs) StdoutLine: {'line': b'-- Up-to-date symlink: /home/lee/workspace/ros2_ex_mav/install/px4_msgs/include/px4_msgs/px4_msgs/msg/detail/led_control__traits.hpp\n'}
[0.432571] (px4_msgs) StdoutLine: {'line': b'-- Up-to-date symlink: /home/lee/workspace/ros2_ex_mav/install/px4_msgs/include/px4_msgs/px4_msgs/msg/detail/led_control__type_support.hpp\n'}
[0.432629] (px4_msgs) StdoutLine: {'line': b'-- Up-to-date symlink: /home/lee/workspace/ros2_ex_mav/install/px4_msgs/include/px4_msgs/px4_msgs/msg/detail/log_message__builder.hpp\n'}
[0.432692] (px4_msgs) StdoutLine: {'line': b'-- Up-to-date symlink: /home/lee/workspace/ros2_ex_mav/install/px4_msgs/include/px4_msgs/px4_msgs/msg/detail/log_message__struct.hpp\n'}
[0.432752] (px4_msgs) StdoutLine: {'line': b'-- Up-to-date symlink: /home/lee/workspace/ros2_ex_mav/install/px4_msgs/include/px4_msgs/px4_msgs/msg/detail/log_message__traits.hpp\n'}
[0.432809] (px4_msgs) StdoutLine: {'line': b'-- Up-to-date symlink: /home/lee/workspace/ros2_ex_mav/install/px4_msgs/include/px4_msgs/px4_msgs/msg/detail/log_message__type_support.hpp\n'}
[0.432861] (px4_msgs) StdoutLine: {'line': b'-- Up-to-date symlink: /home/lee/workspace/ros2_ex_mav/install/px4_msgs/include/px4_msgs/px4_msgs/msg/detail/logger_status__builder.hpp\n'}
[0.432920] (px4_msgs) StdoutLine: {'line': b'-- Up-to-date symlink: /home/lee/workspace/ros2_ex_mav/install/px4_msgs/include/px4_msgs/px4_msgs/msg/detail/logger_status__struct.hpp\n'}
[0.432977] (px4_msgs) StdoutLine: {'line': b'-- Up-to-date symlink: /home/lee/workspace/ros2_ex_mav/install/px4_msgs/include/px4_msgs/px4_msgs/msg/detail/logger_status__traits.hpp\n'}
[0.433034] (px4_msgs) StdoutLine: {'line': b'-- Up-to-date symlink: /home/lee/workspace/ros2_ex_mav/install/px4_msgs/include/px4_msgs/px4_msgs/msg/detail/logger_status__type_support.hpp\n'}
[0.433086] (px4_msgs) StdoutLine: {'line': b'-- Up-to-date symlink: /home/lee/workspace/ros2_ex_mav/install/px4_msgs/include/px4_msgs/px4_msgs/msg/detail/mag_worker_data__builder.hpp\n'}
[0.433145] (px4_msgs) StdoutLine: {'line': b'-- Up-to-date symlink: /home/lee/workspace/ros2_ex_mav/install/px4_msgs/include/px4_msgs/px4_msgs/msg/detail/mag_worker_data__struct.hpp\n'}
[0.433203] (px4_msgs) StdoutLine: {'line': b'-- Up-to-date symlink: /home/lee/workspace/ros2_ex_mav/install/px4_msgs/include/px4_msgs/px4_msgs/msg/detail/mag_worker_data__traits.hpp\n'}
[0.433260] (px4_msgs) StdoutLine: {'line': b'-- Up-to-date symlink: /home/lee/workspace/ros2_ex_mav/install/px4_msgs/include/px4_msgs/px4_msgs/msg/detail/mag_worker_data__type_support.hpp\n'}
[0.433316] (px4_msgs) StdoutLine: {'line': b'-- Up-to-date symlink: /home/lee/workspace/ros2_ex_mav/install/px4_msgs/include/px4_msgs/px4_msgs/msg/detail/magnetometer_bias_estimate__builder.hpp\n'}
[0.433375] (px4_msgs) StdoutLine: {'line': b'-- Up-to-date symlink: /home/lee/workspace/ros2_ex_mav/install/px4_msgs/include/px4_msgs/px4_msgs/msg/detail/magnetometer_bias_estimate__struct.hpp\n'}
[0.433437] (px4_msgs) StdoutLine: {'line': b'-- Up-to-date symlink: /home/lee/workspace/ros2_ex_mav/install/px4_msgs/include/px4_msgs/px4_msgs/msg/detail/magnetometer_bias_estimate__traits.hpp\n'}
[0.433496] (px4_msgs) StdoutLine: {'line': b'-- Up-to-date symlink: /home/lee/workspace/ros2_ex_mav/install/px4_msgs/include/px4_msgs/px4_msgs/msg/detail/magnetometer_bias_estimate__type_support.hpp\n'}
[0.433548] (px4_msgs) StdoutLine: {'line': b'-- Up-to-date symlink: /home/lee/workspace/ros2_ex_mav/install/px4_msgs/include/px4_msgs/px4_msgs/msg/detail/manual_control_setpoint__builder.hpp\n'}
[0.433608] (px4_msgs) StdoutLine: {'line': b'-- Up-to-date symlink: /home/lee/workspace/ros2_ex_mav/install/px4_msgs/include/px4_msgs/px4_msgs/msg/detail/manual_control_setpoint__struct.hpp\n'}
[0.433671] (px4_msgs) StdoutLine: {'line': b'-- Up-to-date symlink: /home/lee/workspace/ros2_ex_mav/install/px4_msgs/include/px4_msgs/px4_msgs/msg/detail/manual_control_setpoint__traits.hpp\n'}
[0.433729] (px4_msgs) StdoutLine: {'line': b'-- Up-to-date symlink: /home/lee/workspace/ros2_ex_mav/install/px4_msgs/include/px4_msgs/px4_msgs/msg/detail/manual_control_setpoint__type_support.hpp\n'}
[0.433781] (px4_msgs) StdoutLine: {'line': b'-- Up-to-date symlink: /home/lee/workspace/ros2_ex_mav/install/px4_msgs/include/px4_msgs/px4_msgs/msg/detail/manual_control_switches__builder.hpp\n'}
[0.433839] (px4_msgs) StdoutLine: {'line': b'-- Up-to-date symlink: /home/lee/workspace/ros2_ex_mav/install/px4_msgs/include/px4_msgs/px4_msgs/msg/detail/manual_control_switches__struct.hpp\n'}
[0.433897] (px4_msgs) StdoutLine: {'line': b'-- Up-to-date symlink: /home/lee/workspace/ros2_ex_mav/install/px4_msgs/include/px4_msgs/px4_msgs/msg/detail/manual_control_switches__traits.hpp\n'}
[0.433953] (px4_msgs) StdoutLine: {'line': b'-- Up-to-date symlink: /home/lee/workspace/ros2_ex_mav/install/px4_msgs/include/px4_msgs/px4_msgs/msg/detail/manual_control_switches__type_support.hpp\n'}
[0.434005] (px4_msgs) StdoutLine: {'line': b'-- Up-to-date symlink: /home/lee/workspace/ros2_ex_mav/install/px4_msgs/include/px4_msgs/px4_msgs/msg/detail/mavlink_log__builder.hpp\n'}
[0.434064] (px4_msgs) StdoutLine: {'line': b'-- Up-to-date symlink: /home/lee/workspace/ros2_ex_mav/install/px4_msgs/include/px4_msgs/px4_msgs/msg/detail/mavlink_log__struct.hpp\n'}
[0.434121] (px4_msgs) StdoutLine: {'line': b'-- Up-to-date symlink: /home/lee/workspace/ros2_ex_mav/install/px4_msgs/include/px4_msgs/px4_msgs/msg/detail/mavlink_log__traits.hpp\n'}
[0.434178] (px4_msgs) StdoutLine: {'line': b'-- Up-to-date symlink: /home/lee/workspace/ros2_ex_mav/install/px4_msgs/include/px4_msgs/px4_msgs/msg/detail/mavlink_log__type_support.hpp\n'}
[0.434229] (px4_msgs) StdoutLine: {'line': b'-- Up-to-date symlink: /home/lee/workspace/ros2_ex_mav/install/px4_msgs/include/px4_msgs/px4_msgs/msg/detail/mavlink_tunnel__builder.hpp\n'}
[0.434287] (px4_msgs) StdoutLine: {'line': b'-- Up-to-date symlink: /home/lee/workspace/ros2_ex_mav/install/px4_msgs/include/px4_msgs/px4_msgs/msg/detail/mavlink_tunnel__struct.hpp\n'}
[0.434344] (px4_msgs) StdoutLine: {'line': b'-- Up-to-date symlink: /home/lee/workspace/ros2_ex_mav/install/px4_msgs/include/px4_msgs/px4_msgs/msg/detail/mavlink_tunnel__traits.hpp\n'}
[0.434400] (px4_msgs) StdoutLine: {'line': b'-- Up-to-date symlink: /home/lee/workspace/ros2_ex_mav/install/px4_msgs/include/px4_msgs/px4_msgs/msg/detail/mavlink_tunnel__type_support.hpp\n'}
[0.434452] (px4_msgs) StdoutLine: {'line': b'-- Up-to-date symlink: /home/lee/workspace/ros2_ex_mav/install/px4_msgs/include/px4_msgs/px4_msgs/msg/detail/mission__builder.hpp\n'}
[0.434509] (px4_msgs) StdoutLine: {'line': b'-- Up-to-date symlink: /home/lee/workspace/ros2_ex_mav/install/px4_msgs/include/px4_msgs/px4_msgs/msg/detail/mission__struct.hpp\n'}
[0.434571] (px4_msgs) StdoutLine: {'line': b'-- Up-to-date symlink: /home/lee/workspace/ros2_ex_mav/install/px4_msgs/include/px4_msgs/px4_msgs/msg/detail/mission__traits.hpp\n'}
[0.434623] (px4_msgs) StdoutLine: {'line': b'-- Up-to-date symlink: /home/lee/workspace/ros2_ex_mav/install/px4_msgs/include/px4_msgs/px4_msgs/msg/detail/mission__type_support.hpp\n'}
[0.434829] (px4_msgs) StdoutLine: {'line': b'-- Up-to-date symlink: /home/lee/workspace/ros2_ex_mav/install/px4_msgs/include/px4_msgs/px4_msgs/msg/detail/mission_result__builder.hpp\n'}
[0.434866] (px4_msgs) StdoutLine: {'line': b'-- Up-to-date symlink: /home/lee/workspace/ros2_ex_mav/install/px4_msgs/include/px4_msgs/px4_msgs/msg/detail/mission_result__struct.hpp\n'}
[0.434888] (px4_msgs) StdoutLine: {'line': b'-- Up-to-date symlink: /home/lee/workspace/ros2_ex_mav/install/px4_msgs/include/px4_msgs/px4_msgs/msg/detail/mission_result__traits.hpp\n'}
[0.434909] (px4_msgs) StdoutLine: {'line': b'-- Up-to-date symlink: /home/lee/workspace/ros2_ex_mav/install/px4_msgs/include/px4_msgs/px4_msgs/msg/detail/mission_result__type_support.hpp\n'}
[0.434930] (px4_msgs) StdoutLine: {'line': b'-- Up-to-date symlink: /home/lee/workspace/ros2_ex_mav/install/px4_msgs/include/px4_msgs/px4_msgs/msg/detail/mode_completed__builder.hpp\n'}
[0.434955] (px4_msgs) StdoutLine: {'line': b'-- Up-to-date symlink: /home/lee/workspace/ros2_ex_mav/install/px4_msgs/include/px4_msgs/px4_msgs/msg/detail/mode_completed__struct.hpp\n'}
[0.434974] (px4_msgs) StdoutLine: {'line': b'-- Up-to-date symlink: /home/lee/workspace/ros2_ex_mav/install/px4_msgs/include/px4_msgs/px4_msgs/msg/detail/mode_completed__traits.hpp\n'}
[0.435007] (px4_msgs) StdoutLine: {'line': b'-- Up-to-date symlink: /home/lee/workspace/ros2_ex_mav/install/px4_msgs/include/px4_msgs/px4_msgs/msg/detail/mode_completed__type_support.hpp\n'}
[0.435027] (px4_msgs) StdoutLine: {'line': b'-- Up-to-date symlink: /home/lee/workspace/ros2_ex_mav/install/px4_msgs/include/px4_msgs/px4_msgs/msg/detail/mount_orientation__builder.hpp\n'}
[0.435046] (px4_msgs) StdoutLine: {'line': b'-- Up-to-date symlink: /home/lee/workspace/ros2_ex_mav/install/px4_msgs/include/px4_msgs/px4_msgs/msg/detail/mount_orientation__struct.hpp\n'}
[0.435064] (px4_msgs) StdoutLine: {'line': b'-- Up-to-date symlink: /home/lee/workspace/ros2_ex_mav/install/px4_msgs/include/px4_msgs/px4_msgs/msg/detail/mount_orientation__traits.hpp\n'}
[0.435083] (px4_msgs) StdoutLine: {'line': b'-- Up-to-date symlink: /home/lee/workspace/ros2_ex_mav/install/px4_msgs/include/px4_msgs/px4_msgs/msg/detail/mount_orientation__type_support.hpp\n'}
[0.435102] (px4_msgs) StdoutLine: {'line': b'-- Up-to-date symlink: /home/lee/workspace/ros2_ex_mav/install/px4_msgs/include/px4_msgs/px4_msgs/msg/detail/navigator_mission_item__builder.hpp\n'}
[0.435121] (px4_msgs) StdoutLine: {'line': b'-- Up-to-date symlink: /home/lee/workspace/ros2_ex_mav/install/px4_msgs/include/px4_msgs/px4_msgs/msg/detail/navigator_mission_item__struct.hpp\n'}
[0.435139] (px4_msgs) StdoutLine: {'line': b'-- Up-to-date symlink: /home/lee/workspace/ros2_ex_mav/install/px4_msgs/include/px4_msgs/px4_msgs/msg/detail/navigator_mission_item__traits.hpp\n'}
[0.435178] (px4_msgs) StdoutLine: {'line': b'-- Up-to-date symlink: /home/lee/workspace/ros2_ex_mav/install/px4_msgs/include/px4_msgs/px4_msgs/msg/detail/navigator_mission_item__type_support.hpp\n'}
[0.435195] (px4_msgs) StdoutLine: {'line': b'-- Up-to-date symlink: /home/lee/workspace/ros2_ex_mav/install/px4_msgs/include/px4_msgs/px4_msgs/msg/detail/normalized_unsigned_setpoint__builder.hpp\n'}
[0.435213] (px4_msgs) StdoutLine: {'line': b'-- Up-to-date symlink: /home/lee/workspace/ros2_ex_mav/install/px4_msgs/include/px4_msgs/px4_msgs/msg/detail/normalized_unsigned_setpoint__struct.hpp\n'}
[0.435232] (px4_msgs) StdoutLine: {'line': b'-- Up-to-date symlink: /home/lee/workspace/ros2_ex_mav/install/px4_msgs/include/px4_msgs/px4_msgs/msg/detail/normalized_unsigned_setpoint__traits.hpp\n'}
[0.435260] (px4_msgs) StdoutLine: {'line': b'-- Up-to-date symlink: /home/lee/workspace/ros2_ex_mav/install/px4_msgs/include/px4_msgs/px4_msgs/msg/detail/normalized_unsigned_setpoint__type_support.hpp\n'}
[0.435278] (px4_msgs) StdoutLine: {'line': b'-- Up-to-date symlink: /home/lee/workspace/ros2_ex_mav/install/px4_msgs/include/px4_msgs/px4_msgs/msg/detail/npfg_status__builder.hpp\n'}
[0.435296] (px4_msgs) StdoutLine: {'line': b'-- Up-to-date symlink: /home/lee/workspace/ros2_ex_mav/install/px4_msgs/include/px4_msgs/px4_msgs/msg/detail/npfg_status__struct.hpp\n'}
[0.435314] (px4_msgs) StdoutLine: {'line': b'-- Up-to-date symlink: /home/lee/workspace/ros2_ex_mav/install/px4_msgs/include/px4_msgs/px4_msgs/msg/detail/npfg_status__traits.hpp\n'}
[0.435332] (px4_msgs) StdoutLine: {'line': b'-- Up-to-date symlink: /home/lee/workspace/ros2_ex_mav/install/px4_msgs/include/px4_msgs/px4_msgs/msg/detail/npfg_status__type_support.hpp\n'}
[0.435350] (px4_msgs) StdoutLine: {'line': b'-- Up-to-date symlink: /home/lee/workspace/ros2_ex_mav/install/px4_msgs/include/px4_msgs/px4_msgs/msg/detail/obstacle_distance__builder.hpp\n'}
[0.435369] (px4_msgs) StdoutLine: {'line': b'-- Up-to-date symlink: /home/lee/workspace/ros2_ex_mav/install/px4_msgs/include/px4_msgs/px4_msgs/msg/detail/obstacle_distance__struct.hpp\n'}
[0.435387] (px4_msgs) StdoutLine: {'line': b'-- Up-to-date symlink: /home/lee/workspace/ros2_ex_mav/install/px4_msgs/include/px4_msgs/px4_msgs/msg/detail/obstacle_distance__traits.hpp\n'}
[0.435405] (px4_msgs) StdoutLine: {'line': b'-- Up-to-date symlink: /home/lee/workspace/ros2_ex_mav/install/px4_msgs/include/px4_msgs/px4_msgs/msg/detail/obstacle_distance__type_support.hpp\n'}
[0.435423] (px4_msgs) StdoutLine: {'line': b'-- Up-to-date symlink: /home/lee/workspace/ros2_ex_mav/install/px4_msgs/include/px4_msgs/px4_msgs/msg/detail/offboard_control_mode__builder.hpp\n'}
[0.435442] (px4_msgs) StdoutLine: {'line': b'-- Up-to-date symlink: /home/lee/workspace/ros2_ex_mav/install/px4_msgs/include/px4_msgs/px4_msgs/msg/detail/offboard_control_mode__struct.hpp\n'}
[0.435460] (px4_msgs) StdoutLine: {'line': b'-- Up-to-date symlink: /home/lee/workspace/ros2_ex_mav/install/px4_msgs/include/px4_msgs/px4_msgs/msg/detail/offboard_control_mode__traits.hpp\n'}
[0.435479] (px4_msgs) StdoutLine: {'line': b'-- Up-to-date symlink: /home/lee/workspace/ros2_ex_mav/install/px4_msgs/include/px4_msgs/px4_msgs/msg/detail/offboard_control_mode__type_support.hpp\n'}
[0.435503] (px4_msgs) StdoutLine: {'line': b'-- Up-to-date symlink: /home/lee/workspace/ros2_ex_mav/install/px4_msgs/include/px4_msgs/px4_msgs/msg/detail/onboard_computer_status__builder.hpp\n'}
[0.435522] (px4_msgs) StdoutLine: {'line': b'-- Up-to-date symlink: /home/lee/workspace/ros2_ex_mav/install/px4_msgs/include/px4_msgs/px4_msgs/msg/detail/onboard_computer_status__struct.hpp\n'}
[0.435541] (px4_msgs) StdoutLine: {'line': b'-- Up-to-date symlink: /home/lee/workspace/ros2_ex_mav/install/px4_msgs/include/px4_msgs/px4_msgs/msg/detail/onboard_computer_status__traits.hpp\n'}
[0.435559] (px4_msgs) StdoutLine: {'line': b'-- Up-to-date symlink: /home/lee/workspace/ros2_ex_mav/install/px4_msgs/include/px4_msgs/px4_msgs/msg/detail/onboard_computer_status__type_support.hpp\n'}
[0.435594] (px4_msgs) StdoutLine: {'line': b'-- Up-to-date symlink: /home/lee/workspace/ros2_ex_mav/install/px4_msgs/include/px4_msgs/px4_msgs/msg/detail/orb_test__builder.hpp\n'}
[0.435612] (px4_msgs) StdoutLine: {'line': b'-- Up-to-date symlink: /home/lee/workspace/ros2_ex_mav/install/px4_msgs/include/px4_msgs/px4_msgs/msg/detail/orb_test__struct.hpp\n'}
[0.435630] (px4_msgs) StdoutLine: {'line': b'-- Up-to-date symlink: /home/lee/workspace/ros2_ex_mav/install/px4_msgs/include/px4_msgs/px4_msgs/msg/detail/orb_test__traits.hpp\n'}
[0.435652] (px4_msgs) StdoutLine: {'line': b'-- Up-to-date symlink: /home/lee/workspace/ros2_ex_mav/install/px4_msgs/include/px4_msgs/px4_msgs/msg/detail/orb_test__type_support.hpp\n'}
[0.435671] (px4_msgs) StdoutLine: {'line': b'-- Up-to-date symlink: /home/lee/workspace/ros2_ex_mav/install/px4_msgs/include/px4_msgs/px4_msgs/msg/detail/orb_test_large__builder.hpp\n'}
[0.435704] (px4_msgs) StdoutLine: {'line': b'-- Up-to-date symlink: /home/lee/workspace/ros2_ex_mav/install/px4_msgs/include/px4_msgs/px4_msgs/msg/detail/orb_test_large__struct.hpp\n'}
[0.435721] (px4_msgs) StdoutLine: {'line': b'-- Up-to-date symlink: /home/lee/workspace/ros2_ex_mav/install/px4_msgs/include/px4_msgs/px4_msgs/msg/detail/orb_test_large__traits.hpp\n'}
[0.435739] (px4_msgs) StdoutLine: {'line': b'-- Up-to-date symlink: /home/lee/workspace/ros2_ex_mav/install/px4_msgs/include/px4_msgs/px4_msgs/msg/detail/orb_test_large__type_support.hpp\n'}
[0.435758] (px4_msgs) StdoutLine: {'line': b'-- Up-to-date symlink: /home/lee/workspace/ros2_ex_mav/install/px4_msgs/include/px4_msgs/px4_msgs/msg/detail/orb_test_medium__builder.hpp\n'}
[0.435776] (px4_msgs) StdoutLine: {'line': b'-- Up-to-date symlink: /home/lee/workspace/ros2_ex_mav/install/px4_msgs/include/px4_msgs/px4_msgs/msg/detail/orb_test_medium__struct.hpp\n'}
[0.435794] (px4_msgs) StdoutLine: {'line': b'-- Up-to-date symlink: /home/lee/workspace/ros2_ex_mav/install/px4_msgs/include/px4_msgs/px4_msgs/msg/detail/orb_test_medium__traits.hpp\n'}
[0.435812] (px4_msgs) StdoutLine: {'line': b'-- Up-to-date symlink: /home/lee/workspace/ros2_ex_mav/install/px4_msgs/include/px4_msgs/px4_msgs/msg/detail/orb_test_medium__type_support.hpp\n'}
[0.435830] (px4_msgs) StdoutLine: {'line': b'-- Up-to-date symlink: /home/lee/workspace/ros2_ex_mav/install/px4_msgs/include/px4_msgs/px4_msgs/msg/detail/orbit_status__builder.hpp\n'}
[0.435848] (px4_msgs) StdoutLine: {'line': b'-- Up-to-date symlink: /home/lee/workspace/ros2_ex_mav/install/px4_msgs/include/px4_msgs/px4_msgs/msg/detail/orbit_status__struct.hpp\n'}
[0.435867] (px4_msgs) StdoutLine: {'line': b'-- Up-to-date symlink: /home/lee/workspace/ros2_ex_mav/install/px4_msgs/include/px4_msgs/px4_msgs/msg/detail/orbit_status__traits.hpp\n'}
[0.435884] (px4_msgs) StdoutLine: {'line': b'-- Up-to-date symlink: /home/lee/workspace/ros2_ex_mav/install/px4_msgs/include/px4_msgs/px4_msgs/msg/detail/orbit_status__type_support.hpp\n'}
[0.435903] (px4_msgs) StdoutLine: {'line': b'-- Up-to-date symlink: /home/lee/workspace/ros2_ex_mav/install/px4_msgs/include/px4_msgs/px4_msgs/msg/detail/parameter_update__builder.hpp\n'}
[0.435921] (px4_msgs) StdoutLine: {'line': b'-- Up-to-date symlink: /home/lee/workspace/ros2_ex_mav/install/px4_msgs/include/px4_msgs/px4_msgs/msg/detail/parameter_update__struct.hpp\n'}
[0.435939] (px4_msgs) StdoutLine: {'line': b'-- Up-to-date symlink: /home/lee/workspace/ros2_ex_mav/install/px4_msgs/include/px4_msgs/px4_msgs/msg/detail/parameter_update__traits.hpp\n'}
[0.435957] (px4_msgs) StdoutLine: {'line': b'-- Up-to-date symlink: /home/lee/workspace/ros2_ex_mav/install/px4_msgs/include/px4_msgs/px4_msgs/msg/detail/parameter_update__type_support.hpp\n'}
[0.435976] (px4_msgs) StdoutLine: {'line': b'-- Up-to-date symlink: /home/lee/workspace/ros2_ex_mav/install/px4_msgs/include/px4_msgs/px4_msgs/msg/detail/ping__builder.hpp\n'}
[0.435994] (px4_msgs) StdoutLine: {'line': b'-- Up-to-date symlink: /home/lee/workspace/ros2_ex_mav/install/px4_msgs/include/px4_msgs/px4_msgs/msg/detail/ping__struct.hpp\n'}
[0.436012] (px4_msgs) StdoutLine: {'line': b'-- Up-to-date symlink: /home/lee/workspace/ros2_ex_mav/install/px4_msgs/include/px4_msgs/px4_msgs/msg/detail/ping__traits.hpp\n'}
[0.436031] (px4_msgs) StdoutLine: {'line': b'-- Up-to-date symlink: /home/lee/workspace/ros2_ex_mav/install/px4_msgs/include/px4_msgs/px4_msgs/msg/detail/ping__type_support.hpp\n'}
[0.436056] (px4_msgs) StdoutLine: {'line': b'-- Up-to-date symlink: /home/lee/workspace/ros2_ex_mav/install/px4_msgs/include/px4_msgs/px4_msgs/msg/detail/position_controller_landing_status__builder.hpp\n'}
[0.436075] (px4_msgs) StdoutLine: {'line': b'-- Up-to-date symlink: /home/lee/workspace/ros2_ex_mav/install/px4_msgs/include/px4_msgs/px4_msgs/msg/detail/position_controller_landing_status__struct.hpp\n'}
[0.436093] (px4_msgs) StdoutLine: {'line': b'-- Up-to-date symlink: /home/lee/workspace/ros2_ex_mav/install/px4_msgs/include/px4_msgs/px4_msgs/msg/detail/position_controller_landing_status__traits.hpp\n'}
[0.436127] (px4_msgs) StdoutLine: {'line': b'-- Up-to-date symlink: /home/lee/workspace/ros2_ex_mav/install/px4_msgs/include/px4_msgs/px4_msgs/msg/detail/position_controller_landing_status__type_support.hpp\n'}
[0.436146] (px4_msgs) StdoutLine: {'line': b'-- Up-to-date symlink: /home/lee/workspace/ros2_ex_mav/install/px4_msgs/include/px4_msgs/px4_msgs/msg/detail/position_controller_status__builder.hpp\n'}
[0.436174] (px4_msgs) StdoutLine: {'line': b'-- Up-to-date symlink: /home/lee/workspace/ros2_ex_mav/install/px4_msgs/include/px4_msgs/px4_msgs/msg/detail/position_controller_status__struct.hpp\n'}
[0.436190] (px4_msgs) StdoutLine: {'line': b'-- Up-to-date symlink: /home/lee/workspace/ros2_ex_mav/install/px4_msgs/include/px4_msgs/px4_msgs/msg/detail/position_controller_status__traits.hpp\n'}
[0.436213] (px4_msgs) StdoutLine: {'line': b'-- Up-to-date symlink: /home/lee/workspace/ros2_ex_mav/install/px4_msgs/include/px4_msgs/px4_msgs/msg/detail/position_controller_status__type_support.hpp\n'}
[0.436231] (px4_msgs) StdoutLine: {'line': b'-- Up-to-date symlink: /home/lee/workspace/ros2_ex_mav/install/px4_msgs/include/px4_msgs/px4_msgs/msg/detail/position_setpoint__builder.hpp\n'}
[0.436250] (px4_msgs) StdoutLine: {'line': b'-- Up-to-date symlink: /home/lee/workspace/ros2_ex_mav/install/px4_msgs/include/px4_msgs/px4_msgs/msg/detail/position_setpoint__struct.hpp\n'}
[0.436268] (px4_msgs) StdoutLine: {'line': b'-- Up-to-date symlink: /home/lee/workspace/ros2_ex_mav/install/px4_msgs/include/px4_msgs/px4_msgs/msg/detail/position_setpoint__traits.hpp\n'}
[0.436286] (px4_msgs) StdoutLine: {'line': b'-- Up-to-date symlink: /home/lee/workspace/ros2_ex_mav/install/px4_msgs/include/px4_msgs/px4_msgs/msg/detail/position_setpoint__type_support.hpp\n'}
[0.436305] (px4_msgs) StdoutLine: {'line': b'-- Up-to-date symlink: /home/lee/workspace/ros2_ex_mav/install/px4_msgs/include/px4_msgs/px4_msgs/msg/detail/position_setpoint_triplet__builder.hpp\n'}
[0.436324] (px4_msgs) StdoutLine: {'line': b'-- Up-to-date symlink: /home/lee/workspace/ros2_ex_mav/install/px4_msgs/include/px4_msgs/px4_msgs/msg/detail/position_setpoint_triplet__struct.hpp\n'}
[0.436342] (px4_msgs) StdoutLine: {'line': b'-- Up-to-date symlink: /home/lee/workspace/ros2_ex_mav/install/px4_msgs/include/px4_msgs/px4_msgs/msg/detail/position_setpoint_triplet__traits.hpp\n'}
[0.436361] (px4_msgs) StdoutLine: {'line': b'-- Up-to-date symlink: /home/lee/workspace/ros2_ex_mav/install/px4_msgs/include/px4_msgs/px4_msgs/msg/detail/position_setpoint_triplet__type_support.hpp\n'}
[0.436379] (px4_msgs) StdoutLine: {'line': b'-- Up-to-date symlink: /home/lee/workspace/ros2_ex_mav/install/px4_msgs/include/px4_msgs/px4_msgs/msg/detail/power_button_state__builder.hpp\n'}
[0.436398] (px4_msgs) StdoutLine: {'line': b'-- Up-to-date symlink: /home/lee/workspace/ros2_ex_mav/install/px4_msgs/include/px4_msgs/px4_msgs/msg/detail/power_button_state__struct.hpp\n'}
[0.436416] (px4_msgs) StdoutLine: {'line': b'-- Up-to-date symlink: /home/lee/workspace/ros2_ex_mav/install/px4_msgs/include/px4_msgs/px4_msgs/msg/detail/power_button_state__traits.hpp\n'}
[0.436435] (px4_msgs) StdoutLine: {'line': b'-- Up-to-date symlink: /home/lee/workspace/ros2_ex_mav/install/px4_msgs/include/px4_msgs/px4_msgs/msg/detail/power_button_state__type_support.hpp\n'}
[0.436453] (px4_msgs) StdoutLine: {'line': b'-- Up-to-date symlink: /home/lee/workspace/ros2_ex_mav/install/px4_msgs/include/px4_msgs/px4_msgs/msg/detail/power_monitor__builder.hpp\n'}
[0.436472] (px4_msgs) StdoutLine: {'line': b'-- Up-to-date symlink: /home/lee/workspace/ros2_ex_mav/install/px4_msgs/include/px4_msgs/px4_msgs/msg/detail/power_monitor__struct.hpp\n'}
[0.436491] (px4_msgs) StdoutLine: {'line': b'-- Up-to-date symlink: /home/lee/workspace/ros2_ex_mav/install/px4_msgs/include/px4_msgs/px4_msgs/msg/detail/power_monitor__traits.hpp\n'}
[0.436509] (px4_msgs) StdoutLine: {'line': b'-- Up-to-date symlink: /home/lee/workspace/ros2_ex_mav/install/px4_msgs/include/px4_msgs/px4_msgs/msg/detail/power_monitor__type_support.hpp\n'}
[0.436548] (px4_msgs) StdoutLine: {'line': b'-- Up-to-date symlink: /home/lee/workspace/ros2_ex_mav/install/px4_msgs/include/px4_msgs/px4_msgs/msg/detail/pps_capture__builder.hpp\n'}
[0.436570] (px4_msgs) StdoutLine: {'line': b'-- Up-to-date symlink: /home/lee/workspace/ros2_ex_mav/install/px4_msgs/include/px4_msgs/px4_msgs/msg/detail/pps_capture__struct.hpp\n'}
[0.436587] (px4_msgs) StdoutLine: {'line': b'-- Up-to-date symlink: /home/lee/workspace/ros2_ex_mav/install/px4_msgs/include/px4_msgs/px4_msgs/msg/detail/pps_capture__traits.hpp\n'}
[0.436612] (px4_msgs) StdoutLine: {'line': b'-- Up-to-date symlink: /home/lee/workspace/ros2_ex_mav/install/px4_msgs/include/px4_msgs/px4_msgs/msg/detail/pps_capture__type_support.hpp\n'}
[0.436629] (px4_msgs) StdoutLine: {'line': b'-- Up-to-date symlink: /home/lee/workspace/ros2_ex_mav/install/px4_msgs/include/px4_msgs/px4_msgs/msg/detail/pwm_input__builder.hpp\n'}
[0.436692] (px4_msgs) StdoutLine: {'line': b'-- Up-to-date symlink: /home/lee/workspace/ros2_ex_mav/install/px4_msgs/include/px4_msgs/px4_msgs/msg/detail/pwm_input__struct.hpp\n'}
[0.436733] (px4_msgs) StdoutLine: {'line': b'-- Up-to-date symlink: /home/lee/workspace/ros2_ex_mav/install/px4_msgs/include/px4_msgs/px4_msgs/msg/detail/pwm_input__traits.hpp\n'}
[0.436755] (px4_msgs) StdoutLine: {'line': b'-- Up-to-date symlink: /home/lee/workspace/ros2_ex_mav/install/px4_msgs/include/px4_msgs/px4_msgs/msg/detail/pwm_input__type_support.hpp\n'}
[0.436776] (px4_msgs) StdoutLine: {'line': b'-- Up-to-date symlink: /home/lee/workspace/ros2_ex_mav/install/px4_msgs/include/px4_msgs/px4_msgs/msg/detail/px4io_status__builder.hpp\n'}
[0.436796] (px4_msgs) StdoutLine: {'line': b'-- Up-to-date symlink: /home/lee/workspace/ros2_ex_mav/install/px4_msgs/include/px4_msgs/px4_msgs/msg/detail/px4io_status__struct.hpp\n'}
[0.436817] (px4_msgs) StdoutLine: {'line': b'-- Up-to-date symlink: /home/lee/workspace/ros2_ex_mav/install/px4_msgs/include/px4_msgs/px4_msgs/msg/detail/px4io_status__traits.hpp\n'}
[0.436849] (px4_msgs) StdoutLine: {'line': b'-- Up-to-date symlink: /home/lee/workspace/ros2_ex_mav/install/px4_msgs/include/px4_msgs/px4_msgs/msg/detail/px4io_status__type_support.hpp\n'}
[0.436868] (px4_msgs) StdoutLine: {'line': b'-- Up-to-date symlink: /home/lee/workspace/ros2_ex_mav/install/px4_msgs/include/px4_msgs/px4_msgs/msg/detail/qshell_req__builder.hpp\n'}
[0.436887] (px4_msgs) StdoutLine: {'line': b'-- Up-to-date symlink: /home/lee/workspace/ros2_ex_mav/install/px4_msgs/include/px4_msgs/px4_msgs/msg/detail/qshell_req__struct.hpp\n'}
[0.436907] (px4_msgs) StdoutLine: {'line': b'-- Up-to-date symlink: /home/lee/workspace/ros2_ex_mav/install/px4_msgs/include/px4_msgs/px4_msgs/msg/detail/qshell_req__traits.hpp\n'}
[0.436926] (px4_msgs) StdoutLine: {'line': b'-- Up-to-date symlink: /home/lee/workspace/ros2_ex_mav/install/px4_msgs/include/px4_msgs/px4_msgs/msg/detail/qshell_req__type_support.hpp\n'}
[0.436946] (px4_msgs) StdoutLine: {'line': b'-- Up-to-date symlink: /home/lee/workspace/ros2_ex_mav/install/px4_msgs/include/px4_msgs/px4_msgs/msg/detail/qshell_retval__builder.hpp\n'}
[0.436965] (px4_msgs) StdoutLine: {'line': b'-- Up-to-date symlink: /home/lee/workspace/ros2_ex_mav/install/px4_msgs/include/px4_msgs/px4_msgs/msg/detail/qshell_retval__struct.hpp\n'}
[0.436983] (px4_msgs) StdoutLine: {'line': b'-- Up-to-date symlink: /home/lee/workspace/ros2_ex_mav/install/px4_msgs/include/px4_msgs/px4_msgs/msg/detail/qshell_retval__traits.hpp\n'}
[0.437002] (px4_msgs) StdoutLine: {'line': b'-- Up-to-date symlink: /home/lee/workspace/ros2_ex_mav/install/px4_msgs/include/px4_msgs/px4_msgs/msg/detail/qshell_retval__type_support.hpp\n'}
[0.437021] (px4_msgs) StdoutLine: {'line': b'-- Up-to-date symlink: /home/lee/workspace/ros2_ex_mav/install/px4_msgs/include/px4_msgs/px4_msgs/msg/detail/radio_status__builder.hpp\n'}
[0.437039] (px4_msgs) StdoutLine: {'line': b'-- Up-to-date symlink: /home/lee/workspace/ros2_ex_mav/install/px4_msgs/include/px4_msgs/px4_msgs/msg/detail/radio_status__struct.hpp\n'}
[0.437072] (px4_msgs) StdoutLine: {'line': b'-- Up-to-date symlink: /home/lee/workspace/ros2_ex_mav/install/px4_msgs/include/px4_msgs/px4_msgs/msg/detail/radio_status__traits.hpp\n'}
[0.437092] (px4_msgs) StdoutLine: {'line': b'-- Up-to-date symlink: /home/lee/workspace/ros2_ex_mav/install/px4_msgs/include/px4_msgs/px4_msgs/msg/detail/radio_status__type_support.hpp\n'}
[0.437111] (px4_msgs) StdoutLine: {'line': b'-- Up-to-date symlink: /home/lee/workspace/ros2_ex_mav/install/px4_msgs/include/px4_msgs/px4_msgs/msg/detail/rate_ctrl_status__builder.hpp\n'}
[0.437130] (px4_msgs) StdoutLine: {'line': b'-- Up-to-date symlink: /home/lee/workspace/ros2_ex_mav/install/px4_msgs/include/px4_msgs/px4_msgs/msg/detail/rate_ctrl_status__struct.hpp\n'}
[0.437149] (px4_msgs) StdoutLine: {'line': b'-- Up-to-date symlink: /home/lee/workspace/ros2_ex_mav/install/px4_msgs/include/px4_msgs/px4_msgs/msg/detail/rate_ctrl_status__traits.hpp\n'}
[0.437168] (px4_msgs) StdoutLine: {'line': b'-- Up-to-date symlink: /home/lee/workspace/ros2_ex_mav/install/px4_msgs/include/px4_msgs/px4_msgs/msg/detail/rate_ctrl_status__type_support.hpp\n'}
[0.437187] (px4_msgs) StdoutLine: {'line': b'-- Up-to-date symlink: /home/lee/workspace/ros2_ex_mav/install/px4_msgs/include/px4_msgs/px4_msgs/msg/detail/rc_channels__builder.hpp\n'}
[0.437206] (px4_msgs) StdoutLine: {'line': b'-- Up-to-date symlink: /home/lee/workspace/ros2_ex_mav/install/px4_msgs/include/px4_msgs/px4_msgs/msg/detail/rc_channels__struct.hpp\n'}
[0.437225] (px4_msgs) StdoutLine: {'line': b'-- Up-to-date symlink: /home/lee/workspace/ros2_ex_mav/install/px4_msgs/include/px4_msgs/px4_msgs/msg/detail/rc_channels__traits.hpp\n'}
[0.437256] (px4_msgs) StdoutLine: {'line': b'-- Up-to-date symlink: /home/lee/workspace/ros2_ex_mav/install/px4_msgs/include/px4_msgs/px4_msgs/msg/detail/rc_channels__type_support.hpp\n'}
[0.437276] (px4_msgs) StdoutLine: {'line': b'-- Up-to-date symlink: /home/lee/workspace/ros2_ex_mav/install/px4_msgs/include/px4_msgs/px4_msgs/msg/detail/rc_parameter_map__builder.hpp\n'}
[0.437296] (px4_msgs) StdoutLine: {'line': b'-- Up-to-date symlink: /home/lee/workspace/ros2_ex_mav/install/px4_msgs/include/px4_msgs/px4_msgs/msg/detail/rc_parameter_map__struct.hpp\n'}
[0.437315] (px4_msgs) StdoutLine: {'line': b'-- Up-to-date symlink: /home/lee/workspace/ros2_ex_mav/install/px4_msgs/include/px4_msgs/px4_msgs/msg/detail/rc_parameter_map__traits.hpp\n'}
[0.437334] (px4_msgs) StdoutLine: {'line': b'-- Up-to-date symlink: /home/lee/workspace/ros2_ex_mav/install/px4_msgs/include/px4_msgs/px4_msgs/msg/detail/rc_parameter_map__type_support.hpp\n'}
[0.437353] (px4_msgs) StdoutLine: {'line': b'-- Up-to-date symlink: /home/lee/workspace/ros2_ex_mav/install/px4_msgs/include/px4_msgs/px4_msgs/msg/detail/rpm__builder.hpp\n'}
[0.437372] (px4_msgs) StdoutLine: {'line': b'-- Up-to-date symlink: /home/lee/workspace/ros2_ex_mav/install/px4_msgs/include/px4_msgs/px4_msgs/msg/detail/rpm__struct.hpp\n'}
[0.437390] (px4_msgs) StdoutLine: {'line': b'-- Up-to-date symlink: /home/lee/workspace/ros2_ex_mav/install/px4_msgs/include/px4_msgs/px4_msgs/msg/detail/rpm__traits.hpp\n'}
[0.437410] (px4_msgs) StdoutLine: {'line': b'-- Up-to-date symlink: /home/lee/workspace/ros2_ex_mav/install/px4_msgs/include/px4_msgs/px4_msgs/msg/detail/rpm__type_support.hpp\n'}
[0.437429] (px4_msgs) StdoutLine: {'line': b'-- Up-to-date symlink: /home/lee/workspace/ros2_ex_mav/install/px4_msgs/include/px4_msgs/px4_msgs/msg/detail/rtl_time_estimate__builder.hpp\n'}
[0.437461] (px4_msgs) StdoutLine: {'line': b'-- Up-to-date symlink: /home/lee/workspace/ros2_ex_mav/install/px4_msgs/include/px4_msgs/px4_msgs/msg/detail/rtl_time_estimate__struct.hpp\n'}
[0.437481] (px4_msgs) StdoutLine: {'line': b'-- Up-to-date symlink: /home/lee/workspace/ros2_ex_mav/install/px4_msgs/include/px4_msgs/px4_msgs/msg/detail/rtl_time_estimate__traits.hpp\n'}
[0.437500] (px4_msgs) StdoutLine: {'line': b'-- Up-to-date symlink: /home/lee/workspace/ros2_ex_mav/install/px4_msgs/include/px4_msgs/px4_msgs/msg/detail/rtl_time_estimate__type_support.hpp\n'}
[0.437528] (px4_msgs) StdoutLine: {'line': b'-- Up-to-date symlink: /home/lee/workspace/ros2_ex_mav/install/px4_msgs/include/px4_msgs/px4_msgs/msg/detail/satellite_info__builder.hpp\n'}
[0.437547] (px4_msgs) StdoutLine: {'line': b'-- Up-to-date symlink: /home/lee/workspace/ros2_ex_mav/install/px4_msgs/include/px4_msgs/px4_msgs/msg/detail/satellite_info__struct.hpp\n'}
[0.437566] (px4_msgs) StdoutLine: {'line': b'-- Up-to-date symlink: /home/lee/workspace/ros2_ex_mav/install/px4_msgs/include/px4_msgs/px4_msgs/msg/detail/satellite_info__traits.hpp\n'}
[0.437584] (px4_msgs) StdoutLine: {'line': b'-- Up-to-date symlink: /home/lee/workspace/ros2_ex_mav/install/px4_msgs/include/px4_msgs/px4_msgs/msg/detail/satellite_info__type_support.hpp\n'}
[0.437604] (px4_msgs) StdoutLine: {'line': b'-- Up-to-date symlink: /home/lee/workspace/ros2_ex_mav/install/px4_msgs/include/px4_msgs/px4_msgs/msg/detail/sensor_accel__builder.hpp\n'}
[0.437622] (px4_msgs) StdoutLine: {'line': b'-- Up-to-date symlink: /home/lee/workspace/ros2_ex_mav/install/px4_msgs/include/px4_msgs/px4_msgs/msg/detail/sensor_accel__struct.hpp\n'}
[0.437653] (px4_msgs) StdoutLine: {'line': b'-- Up-to-date symlink: /home/lee/workspace/ros2_ex_mav/install/px4_msgs/include/px4_msgs/px4_msgs/msg/detail/sensor_accel__traits.hpp\n'}
[0.437673] (px4_msgs) StdoutLine: {'line': b'-- Up-to-date symlink: /home/lee/workspace/ros2_ex_mav/install/px4_msgs/include/px4_msgs/px4_msgs/msg/detail/sensor_accel__type_support.hpp\n'}
[0.437692] (px4_msgs) StdoutLine: {'line': b'-- Up-to-date symlink: /home/lee/workspace/ros2_ex_mav/install/px4_msgs/include/px4_msgs/px4_msgs/msg/detail/sensor_accel_fifo__builder.hpp\n'}
[0.437710] (px4_msgs) StdoutLine: {'line': b'-- Up-to-date symlink: /home/lee/workspace/ros2_ex_mav/install/px4_msgs/include/px4_msgs/px4_msgs/msg/detail/sensor_accel_fifo__struct.hpp\n'}
[0.437729] (px4_msgs) StdoutLine: {'line': b'-- Up-to-date symlink: /home/lee/workspace/ros2_ex_mav/install/px4_msgs/include/px4_msgs/px4_msgs/msg/detail/sensor_accel_fifo__traits.hpp\n'}
[0.437748] (px4_msgs) StdoutLine: {'line': b'-- Up-to-date symlink: /home/lee/workspace/ros2_ex_mav/install/px4_msgs/include/px4_msgs/px4_msgs/msg/detail/sensor_accel_fifo__type_support.hpp\n'}
[0.437767] (px4_msgs) StdoutLine: {'line': b'-- Up-to-date symlink: /home/lee/workspace/ros2_ex_mav/install/px4_msgs/include/px4_msgs/px4_msgs/msg/detail/sensor_baro__builder.hpp\n'}
[0.437786] (px4_msgs) StdoutLine: {'line': b'-- Up-to-date symlink: /home/lee/workspace/ros2_ex_mav/install/px4_msgs/include/px4_msgs/px4_msgs/msg/detail/sensor_baro__struct.hpp\n'}
[0.437805] (px4_msgs) StdoutLine: {'line': b'-- Up-to-date symlink: /home/lee/workspace/ros2_ex_mav/install/px4_msgs/include/px4_msgs/px4_msgs/msg/detail/sensor_baro__traits.hpp\n'}
[0.437836] (px4_msgs) StdoutLine: {'line': b'-- Up-to-date symlink: /home/lee/workspace/ros2_ex_mav/install/px4_msgs/include/px4_msgs/px4_msgs/msg/detail/sensor_baro__type_support.hpp\n'}
[0.437854] (px4_msgs) StdoutLine: {'line': b'-- Up-to-date symlink: /home/lee/workspace/ros2_ex_mav/install/px4_msgs/include/px4_msgs/px4_msgs/msg/detail/sensor_combined__builder.hpp\n'}
[0.437872] (px4_msgs) StdoutLine: {'line': b'-- Up-to-date symlink: /home/lee/workspace/ros2_ex_mav/install/px4_msgs/include/px4_msgs/px4_msgs/msg/detail/sensor_combined__struct.hpp\n'}
[0.437891] (px4_msgs) StdoutLine: {'line': b'-- Up-to-date symlink: /home/lee/workspace/ros2_ex_mav/install/px4_msgs/include/px4_msgs/px4_msgs/msg/detail/sensor_combined__traits.hpp\n'}
[0.437909] (px4_msgs) StdoutLine: {'line': b'-- Up-to-date symlink: /home/lee/workspace/ros2_ex_mav/install/px4_msgs/include/px4_msgs/px4_msgs/msg/detail/sensor_combined__type_support.hpp\n'}
[0.437928] (px4_msgs) StdoutLine: {'line': b'-- Up-to-date symlink: /home/lee/workspace/ros2_ex_mav/install/px4_msgs/include/px4_msgs/px4_msgs/msg/detail/sensor_correction__builder.hpp\n'}
[0.437957] (px4_msgs) StdoutLine: {'line': b'-- Up-to-date symlink: /home/lee/workspace/ros2_ex_mav/install/px4_msgs/include/px4_msgs/px4_msgs/msg/detail/sensor_correction__struct.hpp\n'}
[0.437982] (px4_msgs) StdoutLine: {'line': b'-- Up-to-date symlink: /home/lee/workspace/ros2_ex_mav/install/px4_msgs/include/px4_msgs/px4_msgs/msg/detail/sensor_correction__traits.hpp\n'}
[0.438001] (px4_msgs) StdoutLine: {'line': b'-- Up-to-date symlink: /home/lee/workspace/ros2_ex_mav/install/px4_msgs/include/px4_msgs/px4_msgs/msg/detail/sensor_correction__type_support.hpp\n'}
[0.438019] (px4_msgs) StdoutLine: {'line': b'-- Up-to-date symlink: /home/lee/workspace/ros2_ex_mav/install/px4_msgs/include/px4_msgs/px4_msgs/msg/detail/sensor_gnss_relative__builder.hpp\n'}
[0.438038] (px4_msgs) StdoutLine: {'line': b'-- Up-to-date symlink: /home/lee/workspace/ros2_ex_mav/install/px4_msgs/include/px4_msgs/px4_msgs/msg/detail/sensor_gnss_relative__struct.hpp\n'}
[0.438057] (px4_msgs) StdoutLine: {'line': b'-- Up-to-date symlink: /home/lee/workspace/ros2_ex_mav/install/px4_msgs/include/px4_msgs/px4_msgs/msg/detail/sensor_gnss_relative__traits.hpp\n'}
[0.438086] (px4_msgs) StdoutLine: {'line': b'-- Up-to-date symlink: /home/lee/workspace/ros2_ex_mav/install/px4_msgs/include/px4_msgs/px4_msgs/msg/detail/sensor_gnss_relative__type_support.hpp\n'}
[0.438105] (px4_msgs) StdoutLine: {'line': b'-- Up-to-date symlink: /home/lee/workspace/ros2_ex_mav/install/px4_msgs/include/px4_msgs/px4_msgs/msg/detail/sensor_gps__builder.hpp\n'}
[0.438124] (px4_msgs) StdoutLine: {'line': b'-- Up-to-date symlink: /home/lee/workspace/ros2_ex_mav/install/px4_msgs/include/px4_msgs/px4_msgs/msg/detail/sensor_gps__struct.hpp\n'}
[0.438144] (px4_msgs) StdoutLine: {'line': b'-- Up-to-date symlink: /home/lee/workspace/ros2_ex_mav/install/px4_msgs/include/px4_msgs/px4_msgs/msg/detail/sensor_gps__traits.hpp\n'}
[0.438162] (px4_msgs) StdoutLine: {'line': b'-- Up-to-date symlink: /home/lee/workspace/ros2_ex_mav/install/px4_msgs/include/px4_msgs/px4_msgs/msg/detail/sensor_gps__type_support.hpp\n'}
[0.438180] (px4_msgs) StdoutLine: {'line': b'-- Up-to-date symlink: /home/lee/workspace/ros2_ex_mav/install/px4_msgs/include/px4_msgs/px4_msgs/msg/detail/sensor_gyro__builder.hpp\n'}
[0.438198] (px4_msgs) StdoutLine: {'line': b'-- Up-to-date symlink: /home/lee/workspace/ros2_ex_mav/install/px4_msgs/include/px4_msgs/px4_msgs/msg/detail/sensor_gyro__struct.hpp\n'}
[0.438216] (px4_msgs) StdoutLine: {'line': b'-- Up-to-date symlink: /home/lee/workspace/ros2_ex_mav/install/px4_msgs/include/px4_msgs/px4_msgs/msg/detail/sensor_gyro__traits.hpp\n'}
[0.438235] (px4_msgs) StdoutLine: {'line': b'-- Up-to-date symlink: /home/lee/workspace/ros2_ex_mav/install/px4_msgs/include/px4_msgs/px4_msgs/msg/detail/sensor_gyro__type_support.hpp\n'}
[0.438254] (px4_msgs) StdoutLine: {'line': b'-- Up-to-date symlink: /home/lee/workspace/ros2_ex_mav/install/px4_msgs/include/px4_msgs/px4_msgs/msg/detail/sensor_gyro_fft__builder.hpp\n'}
[0.438285] (px4_msgs) StdoutLine: {'line': b'-- Up-to-date symlink: /home/lee/workspace/ros2_ex_mav/install/px4_msgs/include/px4_msgs/px4_msgs/msg/detail/sensor_gyro_fft__struct.hpp\n'}
[0.438303] (px4_msgs) StdoutLine: {'line': b'-- Up-to-date symlink: /home/lee/workspace/ros2_ex_mav/install/px4_msgs/include/px4_msgs/px4_msgs/msg/detail/sensor_gyro_fft__traits.hpp\n'}
[0.438322] (px4_msgs) StdoutLine: {'line': b'-- Up-to-date symlink: /home/lee/workspace/ros2_ex_mav/install/px4_msgs/include/px4_msgs/px4_msgs/msg/detail/sensor_gyro_fft__type_support.hpp\n'}
[0.438340] (px4_msgs) StdoutLine: {'line': b'-- Up-to-date symlink: /home/lee/workspace/ros2_ex_mav/install/px4_msgs/include/px4_msgs/px4_msgs/msg/detail/sensor_gyro_fifo__builder.hpp\n'}
[0.438359] (px4_msgs) StdoutLine: {'line': b'-- Up-to-date symlink: /home/lee/workspace/ros2_ex_mav/install/px4_msgs/include/px4_msgs/px4_msgs/msg/detail/sensor_gyro_fifo__struct.hpp\n'}
[0.438377] (px4_msgs) StdoutLine: {'line': b'-- Up-to-date symlink: /home/lee/workspace/ros2_ex_mav/install/px4_msgs/include/px4_msgs/px4_msgs/msg/detail/sensor_gyro_fifo__traits.hpp\n'}
[0.438407] (px4_msgs) StdoutLine: {'line': b'-- Up-to-date symlink: /home/lee/workspace/ros2_ex_mav/install/px4_msgs/include/px4_msgs/px4_msgs/msg/detail/sensor_gyro_fifo__type_support.hpp\n'}
[0.438432] (px4_msgs) StdoutLine: {'line': b'-- Up-to-date symlink: /home/lee/workspace/ros2_ex_mav/install/px4_msgs/include/px4_msgs/px4_msgs/msg/detail/sensor_hygrometer__builder.hpp\n'}
[0.438449] (px4_msgs) StdoutLine: {'line': b'-- Up-to-date symlink: /home/lee/workspace/ros2_ex_mav/install/px4_msgs/include/px4_msgs/px4_msgs/msg/detail/sensor_hygrometer__struct.hpp\n'}
[0.438467] (px4_msgs) StdoutLine: {'line': b'-- Up-to-date symlink: /home/lee/workspace/ros2_ex_mav/install/px4_msgs/include/px4_msgs/px4_msgs/msg/detail/sensor_hygrometer__traits.hpp\n'}
[0.438486] (px4_msgs) StdoutLine: {'line': b'-- Up-to-date symlink: /home/lee/workspace/ros2_ex_mav/install/px4_msgs/include/px4_msgs/px4_msgs/msg/detail/sensor_hygrometer__type_support.hpp\n'}
[0.438505] (px4_msgs) StdoutLine: {'line': b'-- Up-to-date symlink: /home/lee/workspace/ros2_ex_mav/install/px4_msgs/include/px4_msgs/px4_msgs/msg/detail/sensor_mag__builder.hpp\n'}
[0.438522] (px4_msgs) StdoutLine: {'line': b'-- Up-to-date symlink: /home/lee/workspace/ros2_ex_mav/install/px4_msgs/include/px4_msgs/px4_msgs/msg/detail/sensor_mag__struct.hpp\n'}
[0.438540] (px4_msgs) StdoutLine: {'line': b'-- Up-to-date symlink: /home/lee/workspace/ros2_ex_mav/install/px4_msgs/include/px4_msgs/px4_msgs/msg/detail/sensor_mag__traits.hpp\n'}
[0.438559] (px4_msgs) StdoutLine: {'line': b'-- Up-to-date symlink: /home/lee/workspace/ros2_ex_mav/install/px4_msgs/include/px4_msgs/px4_msgs/msg/detail/sensor_mag__type_support.hpp\n'}
[0.438577] (px4_msgs) StdoutLine: {'line': b'-- Up-to-date symlink: /home/lee/workspace/ros2_ex_mav/install/px4_msgs/include/px4_msgs/px4_msgs/msg/detail/sensor_optical_flow__builder.hpp\n'}
[0.438608] (px4_msgs) StdoutLine: {'line': b'-- Up-to-date symlink: /home/lee/workspace/ros2_ex_mav/install/px4_msgs/include/px4_msgs/px4_msgs/msg/detail/sensor_optical_flow__struct.hpp\n'}
[0.438628] (px4_msgs) StdoutLine: {'line': b'-- Up-to-date symlink: /home/lee/workspace/ros2_ex_mav/install/px4_msgs/include/px4_msgs/px4_msgs/msg/detail/sensor_optical_flow__traits.hpp\n'}
[0.438657] (px4_msgs) StdoutLine: {'line': b'-- Up-to-date symlink: /home/lee/workspace/ros2_ex_mav/install/px4_msgs/include/px4_msgs/px4_msgs/msg/detail/sensor_optical_flow__type_support.hpp\n'}
[0.438685] (px4_msgs) StdoutLine: {'line': b'-- Up-to-date symlink: /home/lee/workspace/ros2_ex_mav/install/px4_msgs/include/px4_msgs/px4_msgs/msg/detail/sensor_preflight_mag__builder.hpp\n'}
[0.438704] (px4_msgs) StdoutLine: {'line': b'-- Up-to-date symlink: /home/lee/workspace/ros2_ex_mav/install/px4_msgs/include/px4_msgs/px4_msgs/msg/detail/sensor_preflight_mag__struct.hpp\n'}
[0.438723] (px4_msgs) StdoutLine: {'line': b'-- Up-to-date symlink: /home/lee/workspace/ros2_ex_mav/install/px4_msgs/include/px4_msgs/px4_msgs/msg/detail/sensor_preflight_mag__traits.hpp\n'}
[0.438742] (px4_msgs) StdoutLine: {'line': b'-- Up-to-date symlink: /home/lee/workspace/ros2_ex_mav/install/px4_msgs/include/px4_msgs/px4_msgs/msg/detail/sensor_preflight_mag__type_support.hpp\n'}
[0.438761] (px4_msgs) StdoutLine: {'line': b'-- Up-to-date symlink: /home/lee/workspace/ros2_ex_mav/install/px4_msgs/include/px4_msgs/px4_msgs/msg/detail/sensor_selection__builder.hpp\n'}
[0.438780] (px4_msgs) StdoutLine: {'line': b'-- Up-to-date symlink: /home/lee/workspace/ros2_ex_mav/install/px4_msgs/include/px4_msgs/px4_msgs/msg/detail/sensor_selection__struct.hpp\n'}
[0.438799] (px4_msgs) StdoutLine: {'line': b'-- Up-to-date symlink: /home/lee/workspace/ros2_ex_mav/install/px4_msgs/include/px4_msgs/px4_msgs/msg/detail/sensor_selection__traits.hpp\n'}
[0.438818] (px4_msgs) StdoutLine: {'line': b'-- Up-to-date symlink: /home/lee/workspace/ros2_ex_mav/install/px4_msgs/include/px4_msgs/px4_msgs/msg/detail/sensor_selection__type_support.hpp\n'}
[0.438836] (px4_msgs) StdoutLine: {'line': b'-- Up-to-date symlink: /home/lee/workspace/ros2_ex_mav/install/px4_msgs/include/px4_msgs/px4_msgs/msg/detail/sensor_uwb__builder.hpp\n'}
[0.438855] (px4_msgs) StdoutLine: {'line': b'-- Up-to-date symlink: /home/lee/workspace/ros2_ex_mav/install/px4_msgs/include/px4_msgs/px4_msgs/msg/detail/sensor_uwb__struct.hpp\n'}
[0.438887] (px4_msgs) StdoutLine: {'line': b'-- Up-to-date symlink: /home/lee/workspace/ros2_ex_mav/install/px4_msgs/include/px4_msgs/px4_msgs/msg/detail/sensor_uwb__traits.hpp\n'}
[0.438906] (px4_msgs) StdoutLine: {'line': b'-- Up-to-date symlink: /home/lee/workspace/ros2_ex_mav/install/px4_msgs/include/px4_msgs/px4_msgs/msg/detail/sensor_uwb__type_support.hpp\n'}
[0.438924] (px4_msgs) StdoutLine: {'line': b'-- Up-to-date symlink: /home/lee/workspace/ros2_ex_mav/install/px4_msgs/include/px4_msgs/px4_msgs/msg/detail/sensors_status__builder.hpp\n'}
[0.438953] (px4_msgs) StdoutLine: {'line': b'-- Up-to-date symlink: /home/lee/workspace/ros2_ex_mav/install/px4_msgs/include/px4_msgs/px4_msgs/msg/detail/sensors_status__struct.hpp\n'}
[0.438972] (px4_msgs) StdoutLine: {'line': b'-- Up-to-date symlink: /home/lee/workspace/ros2_ex_mav/install/px4_msgs/include/px4_msgs/px4_msgs/msg/detail/sensors_status__traits.hpp\n'}
[0.438997] (px4_msgs) StdoutLine: {'line': b'-- Up-to-date symlink: /home/lee/workspace/ros2_ex_mav/install/px4_msgs/include/px4_msgs/px4_msgs/msg/detail/sensors_status__type_support.hpp\n'}
[0.439014] (px4_msgs) StdoutLine: {'line': b'-- Up-to-date symlink: /home/lee/workspace/ros2_ex_mav/install/px4_msgs/include/px4_msgs/px4_msgs/msg/detail/sensors_status_imu__builder.hpp\n'}
[0.439033] (px4_msgs) StdoutLine: {'line': b'-- Up-to-date symlink: /home/lee/workspace/ros2_ex_mav/install/px4_msgs/include/px4_msgs/px4_msgs/msg/detail/sensors_status_imu__struct.hpp\n'}
[0.439053] (px4_msgs) StdoutLine: {'line': b'-- Up-to-date symlink: /home/lee/workspace/ros2_ex_mav/install/px4_msgs/include/px4_msgs/px4_msgs/msg/detail/sensors_status_imu__traits.hpp\n'}
[0.439072] (px4_msgs) StdoutLine: {'line': b'-- Up-to-date symlink: /home/lee/workspace/ros2_ex_mav/install/px4_msgs/include/px4_msgs/px4_msgs/msg/detail/sensors_status_imu__type_support.hpp\n'}
[0.439091] (px4_msgs) StdoutLine: {'line': b'-- Up-to-date symlink: /home/lee/workspace/ros2_ex_mav/install/px4_msgs/include/px4_msgs/px4_msgs/msg/detail/system_power__builder.hpp\n'}
[0.439109] (px4_msgs) StdoutLine: {'line': b'-- Up-to-date symlink: /home/lee/workspace/ros2_ex_mav/install/px4_msgs/include/px4_msgs/px4_msgs/msg/detail/system_power__struct.hpp\n'}
[0.439128] (px4_msgs) StdoutLine: {'line': b'-- Up-to-date symlink: /home/lee/workspace/ros2_ex_mav/install/px4_msgs/include/px4_msgs/px4_msgs/msg/detail/system_power__traits.hpp\n'}
[0.439146] (px4_msgs) StdoutLine: {'line': b'-- Up-to-date symlink: /home/lee/workspace/ros2_ex_mav/install/px4_msgs/include/px4_msgs/px4_msgs/msg/detail/system_power__type_support.hpp\n'}
[0.439165] (px4_msgs) StdoutLine: {'line': b'-- Up-to-date symlink: /home/lee/workspace/ros2_ex_mav/install/px4_msgs/include/px4_msgs/px4_msgs/msg/detail/takeoff_status__builder.hpp\n'}
[0.439184] (px4_msgs) StdoutLine: {'line': b'-- Up-to-date symlink: /home/lee/workspace/ros2_ex_mav/install/px4_msgs/include/px4_msgs/px4_msgs/msg/detail/takeoff_status__struct.hpp\n'}
[0.439202] (px4_msgs) StdoutLine: {'line': b'-- Up-to-date symlink: /home/lee/workspace/ros2_ex_mav/install/px4_msgs/include/px4_msgs/px4_msgs/msg/detail/takeoff_status__traits.hpp\n'}
[0.439221] (px4_msgs) StdoutLine: {'line': b'-- Up-to-date symlink: /home/lee/workspace/ros2_ex_mav/install/px4_msgs/include/px4_msgs/px4_msgs/msg/detail/takeoff_status__type_support.hpp\n'}
[0.439240] (px4_msgs) StdoutLine: {'line': b'-- Up-to-date symlink: /home/lee/workspace/ros2_ex_mav/install/px4_msgs/include/px4_msgs/px4_msgs/msg/detail/task_stack_info__builder.hpp\n'}
[0.439265] (px4_msgs) StdoutLine: {'line': b'-- Up-to-date symlink: /home/lee/workspace/ros2_ex_mav/install/px4_msgs/include/px4_msgs/px4_msgs/msg/detail/task_stack_info__struct.hpp\n'}
[0.439301] (px4_msgs) StdoutLine: {'line': b'-- Up-to-date symlink: /home/lee/workspace/ros2_ex_mav/install/px4_msgs/include/px4_msgs/px4_msgs/msg/detail/task_stack_info__traits.hpp\n'}
[0.439319] (px4_msgs) StdoutLine: {'line': b'-- Up-to-date symlink: /home/lee/workspace/ros2_ex_mav/install/px4_msgs/include/px4_msgs/px4_msgs/msg/detail/task_stack_info__type_support.hpp\n'}
[0.439343] (px4_msgs) StdoutLine: {'line': b'-- Up-to-date symlink: /home/lee/workspace/ros2_ex_mav/install/px4_msgs/include/px4_msgs/px4_msgs/msg/detail/tecs_status__builder.hpp\n'}
[0.439361] (px4_msgs) StdoutLine: {'line': b'-- Up-to-date symlink: /home/lee/workspace/ros2_ex_mav/install/px4_msgs/include/px4_msgs/px4_msgs/msg/detail/tecs_status__struct.hpp\n'}
[0.439379] (px4_msgs) StdoutLine: {'line': b'-- Up-to-date symlink: /home/lee/workspace/ros2_ex_mav/install/px4_msgs/include/px4_msgs/px4_msgs/msg/detail/tecs_status__traits.hpp\n'}
[0.439397] (px4_msgs) StdoutLine: {'line': b'-- Up-to-date symlink: /home/lee/workspace/ros2_ex_mav/install/px4_msgs/include/px4_msgs/px4_msgs/msg/detail/tecs_status__type_support.hpp\n'}
[0.439416] (px4_msgs) StdoutLine: {'line': b'-- Up-to-date symlink: /home/lee/workspace/ros2_ex_mav/install/px4_msgs/include/px4_msgs/px4_msgs/msg/detail/telemetry_status__builder.hpp\n'}
[0.439436] (px4_msgs) StdoutLine: {'line': b'-- Up-to-date symlink: /home/lee/workspace/ros2_ex_mav/install/px4_msgs/include/px4_msgs/px4_msgs/msg/detail/telemetry_status__struct.hpp\n'}
[0.439454] (px4_msgs) StdoutLine: {'line': b'-- Up-to-date symlink: /home/lee/workspace/ros2_ex_mav/install/px4_msgs/include/px4_msgs/px4_msgs/msg/detail/telemetry_status__traits.hpp\n'}
[0.439472] (px4_msgs) StdoutLine: {'line': b'-- Up-to-date symlink: /home/lee/workspace/ros2_ex_mav/install/px4_msgs/include/px4_msgs/px4_msgs/msg/detail/telemetry_status__type_support.hpp\n'}
[0.439491] (px4_msgs) StdoutLine: {'line': b'-- Up-to-date symlink: /home/lee/workspace/ros2_ex_mav/install/px4_msgs/include/px4_msgs/px4_msgs/msg/detail/tiltrotor_extra_controls__builder.hpp\n'}
[0.439510] (px4_msgs) StdoutLine: {'line': b'-- Up-to-date symlink: /home/lee/workspace/ros2_ex_mav/install/px4_msgs/include/px4_msgs/px4_msgs/msg/detail/tiltrotor_extra_controls__struct.hpp\n'}
[0.439528] (px4_msgs) StdoutLine: {'line': b'-- Up-to-date symlink: /home/lee/workspace/ros2_ex_mav/install/px4_msgs/include/px4_msgs/px4_msgs/msg/detail/tiltrotor_extra_controls__traits.hpp\n'}
[0.439559] (px4_msgs) StdoutLine: {'line': b'-- Up-to-date symlink: /home/lee/workspace/ros2_ex_mav/install/px4_msgs/include/px4_msgs/px4_msgs/msg/detail/tiltrotor_extra_controls__type_support.hpp\n'}
[0.439582] (px4_msgs) StdoutLine: {'line': b'-- Up-to-date symlink: /home/lee/workspace/ros2_ex_mav/install/px4_msgs/include/px4_msgs/px4_msgs/msg/detail/timesync_status__builder.hpp\n'}
[0.439599] (px4_msgs) StdoutLine: {'line': b'-- Up-to-date symlink: /home/lee/workspace/ros2_ex_mav/install/px4_msgs/include/px4_msgs/px4_msgs/msg/detail/timesync_status__struct.hpp\n'}
[0.439617] (px4_msgs) StdoutLine: {'line': b'-- Up-to-date symlink: /home/lee/workspace/ros2_ex_mav/install/px4_msgs/include/px4_msgs/px4_msgs/msg/detail/timesync_status__traits.hpp\n'}
[0.439636] (px4_msgs) StdoutLine: {'line': b'-- Up-to-date symlink: /home/lee/workspace/ros2_ex_mav/install/px4_msgs/include/px4_msgs/px4_msgs/msg/detail/timesync_status__type_support.hpp\n'}
[0.439656] (px4_msgs) StdoutLine: {'line': b'-- Up-to-date symlink: /home/lee/workspace/ros2_ex_mav/install/px4_msgs/include/px4_msgs/px4_msgs/msg/detail/trajectory_bezier__builder.hpp\n'}
[0.439675] (px4_msgs) StdoutLine: {'line': b'-- Up-to-date symlink: /home/lee/workspace/ros2_ex_mav/install/px4_msgs/include/px4_msgs/px4_msgs/msg/detail/trajectory_bezier__struct.hpp\n'}
[0.439693] (px4_msgs) StdoutLine: {'line': b'-- Up-to-date symlink: /home/lee/workspace/ros2_ex_mav/install/px4_msgs/include/px4_msgs/px4_msgs/msg/detail/trajectory_bezier__traits.hpp\n'}
[0.439710] (px4_msgs) StdoutLine: {'line': b'-- Up-to-date symlink: /home/lee/workspace/ros2_ex_mav/install/px4_msgs/include/px4_msgs/px4_msgs/msg/detail/trajectory_bezier__type_support.hpp\n'}
[0.439728] (px4_msgs) StdoutLine: {'line': b'-- Up-to-date symlink: /home/lee/workspace/ros2_ex_mav/install/px4_msgs/include/px4_msgs/px4_msgs/msg/detail/trajectory_setpoint__builder.hpp\n'}
[0.439757] (px4_msgs) StdoutLine: {'line': b'-- Up-to-date symlink: /home/lee/workspace/ros2_ex_mav/install/px4_msgs/include/px4_msgs/px4_msgs/msg/detail/trajectory_setpoint__struct.hpp\n'}
[0.439780] (px4_msgs) StdoutLine: {'line': b'-- Up-to-date symlink: /home/lee/workspace/ros2_ex_mav/install/px4_msgs/include/px4_msgs/px4_msgs/msg/detail/trajectory_setpoint__traits.hpp\n'}
[0.439797] (px4_msgs) StdoutLine: {'line': b'-- Up-to-date symlink: /home/lee/workspace/ros2_ex_mav/install/px4_msgs/include/px4_msgs/px4_msgs/msg/detail/trajectory_setpoint__type_support.hpp\n'}
[0.439815] (px4_msgs) StdoutLine: {'line': b'-- Up-to-date symlink: /home/lee/workspace/ros2_ex_mav/install/px4_msgs/include/px4_msgs/px4_msgs/msg/detail/trajectory_waypoint__builder.hpp\n'}
[0.439836] (px4_msgs) StdoutLine: {'line': b'-- Up-to-date symlink: /home/lee/workspace/ros2_ex_mav/install/px4_msgs/include/px4_msgs/px4_msgs/msg/detail/trajectory_waypoint__struct.hpp\n'}
[0.439855] (px4_msgs) StdoutLine: {'line': b'-- Up-to-date symlink: /home/lee/workspace/ros2_ex_mav/install/px4_msgs/include/px4_msgs/px4_msgs/msg/detail/trajectory_waypoint__traits.hpp\n'}
[0.439883] (px4_msgs) StdoutLine: {'line': b'-- Up-to-date symlink: /home/lee/workspace/ros2_ex_mav/install/px4_msgs/include/px4_msgs/px4_msgs/msg/detail/trajectory_waypoint__type_support.hpp\n'}
[0.439905] (px4_msgs) StdoutLine: {'line': b'-- Up-to-date symlink: /home/lee/workspace/ros2_ex_mav/install/px4_msgs/include/px4_msgs/px4_msgs/msg/detail/transponder_report__builder.hpp\n'}
[0.439922] (px4_msgs) StdoutLine: {'line': b'-- Up-to-date symlink: /home/lee/workspace/ros2_ex_mav/install/px4_msgs/include/px4_msgs/px4_msgs/msg/detail/transponder_report__struct.hpp\n'}
[0.439940] (px4_msgs) StdoutLine: {'line': b'-- Up-to-date symlink: /home/lee/workspace/ros2_ex_mav/install/px4_msgs/include/px4_msgs/px4_msgs/msg/detail/transponder_report__traits.hpp\n'}
[0.439958] (px4_msgs) StdoutLine: {'line': b'-- Up-to-date symlink: /home/lee/workspace/ros2_ex_mav/install/px4_msgs/include/px4_msgs/px4_msgs/msg/detail/transponder_report__type_support.hpp\n'}
[0.439976] (px4_msgs) StdoutLine: {'line': b'-- Up-to-date symlink: /home/lee/workspace/ros2_ex_mav/install/px4_msgs/include/px4_msgs/px4_msgs/msg/detail/tune_control__builder.hpp\n'}
[0.439994] (px4_msgs) StdoutLine: {'line': b'-- Up-to-date symlink: /home/lee/workspace/ros2_ex_mav/install/px4_msgs/include/px4_msgs/px4_msgs/msg/detail/tune_control__struct.hpp\n'}
[0.440013] (px4_msgs) StdoutLine: {'line': b'-- Up-to-date symlink: /home/lee/workspace/ros2_ex_mav/install/px4_msgs/include/px4_msgs/px4_msgs/msg/detail/tune_control__traits.hpp\n'}
[0.440030] (px4_msgs) StdoutLine: {'line': b'-- Up-to-date symlink: /home/lee/workspace/ros2_ex_mav/install/px4_msgs/include/px4_msgs/px4_msgs/msg/detail/tune_control__type_support.hpp\n'}
[0.440048] (px4_msgs) StdoutLine: {'line': b'-- Up-to-date symlink: /home/lee/workspace/ros2_ex_mav/install/px4_msgs/include/px4_msgs/px4_msgs/msg/detail/uavcan_parameter_request__builder.hpp\n'}
[0.440067] (px4_msgs) StdoutLine: {'line': b'-- Up-to-date symlink: /home/lee/workspace/ros2_ex_mav/install/px4_msgs/include/px4_msgs/px4_msgs/msg/detail/uavcan_parameter_request__struct.hpp\n'}
[0.440098] (px4_msgs) StdoutLine: {'line': b'-- Up-to-date symlink: /home/lee/workspace/ros2_ex_mav/install/px4_msgs/include/px4_msgs/px4_msgs/msg/detail/uavcan_parameter_request__traits.hpp\n'}
[0.440115] (px4_msgs) StdoutLine: {'line': b'-- Up-to-date symlink: /home/lee/workspace/ros2_ex_mav/install/px4_msgs/include/px4_msgs/px4_msgs/msg/detail/uavcan_parameter_request__type_support.hpp\n'}
[0.440134] (px4_msgs) StdoutLine: {'line': b'-- Up-to-date symlink: /home/lee/workspace/ros2_ex_mav/install/px4_msgs/include/px4_msgs/px4_msgs/msg/detail/uavcan_parameter_value__builder.hpp\n'}
[0.440151] (px4_msgs) StdoutLine: {'line': b'-- Up-to-date symlink: /home/lee/workspace/ros2_ex_mav/install/px4_msgs/include/px4_msgs/px4_msgs/msg/detail/uavcan_parameter_value__struct.hpp\n'}
[0.440169] (px4_msgs) StdoutLine: {'line': b'-- Up-to-date symlink: /home/lee/workspace/ros2_ex_mav/install/px4_msgs/include/px4_msgs/px4_msgs/msg/detail/uavcan_parameter_value__traits.hpp\n'}
[0.440197] (px4_msgs) StdoutLine: {'line': b'-- Up-to-date symlink: /home/lee/workspace/ros2_ex_mav/install/px4_msgs/include/px4_msgs/px4_msgs/msg/detail/uavcan_parameter_value__type_support.hpp\n'}
[0.440215] (px4_msgs) StdoutLine: {'line': b'-- Up-to-date symlink: /home/lee/workspace/ros2_ex_mav/install/px4_msgs/include/px4_msgs/px4_msgs/msg/detail/ulog_stream__builder.hpp\n'}
[0.440233] (px4_msgs) StdoutLine: {'line': b'-- Up-to-date symlink: /home/lee/workspace/ros2_ex_mav/install/px4_msgs/include/px4_msgs/px4_msgs/msg/detail/ulog_stream__struct.hpp\n'}
[0.440250] (px4_msgs) StdoutLine: {'line': b'-- Up-to-date symlink: /home/lee/workspace/ros2_ex_mav/install/px4_msgs/include/px4_msgs/px4_msgs/msg/detail/ulog_stream__traits.hpp\n'}
[0.440268] (px4_msgs) StdoutLine: {'line': b'-- Up-to-date symlink: /home/lee/workspace/ros2_ex_mav/install/px4_msgs/include/px4_msgs/px4_msgs/msg/detail/ulog_stream__type_support.hpp\n'}
[0.440287] (px4_msgs) StdoutLine: {'line': b'-- Up-to-date symlink: /home/lee/workspace/ros2_ex_mav/install/px4_msgs/include/px4_msgs/px4_msgs/msg/detail/ulog_stream_ack__builder.hpp\n'}
[0.440306] (px4_msgs) StdoutLine: {'line': b'-- Up-to-date symlink: /home/lee/workspace/ros2_ex_mav/install/px4_msgs/include/px4_msgs/px4_msgs/msg/detail/ulog_stream_ack__struct.hpp\n'}
[0.440324] (px4_msgs) StdoutLine: {'line': b'-- Up-to-date symlink: /home/lee/workspace/ros2_ex_mav/install/px4_msgs/include/px4_msgs/px4_msgs/msg/detail/ulog_stream_ack__traits.hpp\n'}
[0.440342] (px4_msgs) StdoutLine: {'line': b'-- Up-to-date symlink: /home/lee/workspace/ros2_ex_mav/install/px4_msgs/include/px4_msgs/px4_msgs/msg/detail/ulog_stream_ack__type_support.hpp\n'}
[0.440360] (px4_msgs) StdoutLine: {'line': b'-- Up-to-date symlink: /home/lee/workspace/ros2_ex_mav/install/px4_msgs/include/px4_msgs/px4_msgs/msg/detail/vehicle_acceleration__builder.hpp\n'}
[0.440378] (px4_msgs) StdoutLine: {'line': b'-- Up-to-date symlink: /home/lee/workspace/ros2_ex_mav/install/px4_msgs/include/px4_msgs/px4_msgs/msg/detail/vehicle_acceleration__struct.hpp\n'}
[0.440397] (px4_msgs) StdoutLine: {'line': b'-- Up-to-date symlink: /home/lee/workspace/ros2_ex_mav/install/px4_msgs/include/px4_msgs/px4_msgs/msg/detail/vehicle_acceleration__traits.hpp\n'}
[0.440415] (px4_msgs) StdoutLine: {'line': b'-- Up-to-date symlink: /home/lee/workspace/ros2_ex_mav/install/px4_msgs/include/px4_msgs/px4_msgs/msg/detail/vehicle_acceleration__type_support.hpp\n'}
[0.440452] (px4_msgs) StdoutLine: {'line': b'-- Up-to-date symlink: /home/lee/workspace/ros2_ex_mav/install/px4_msgs/include/px4_msgs/px4_msgs/msg/detail/vehicle_air_data__builder.hpp\n'}
[0.440475] (px4_msgs) StdoutLine: {'line': b'-- Up-to-date symlink: /home/lee/workspace/ros2_ex_mav/install/px4_msgs/include/px4_msgs/px4_msgs/msg/detail/vehicle_air_data__struct.hpp\n'}
[0.440492] (px4_msgs) StdoutLine: {'line': b'-- Up-to-date symlink: /home/lee/workspace/ros2_ex_mav/install/px4_msgs/include/px4_msgs/px4_msgs/msg/detail/vehicle_air_data__traits.hpp\n'}
[0.440510] (px4_msgs) StdoutLine: {'line': b'-- Up-to-date symlink: /home/lee/workspace/ros2_ex_mav/install/px4_msgs/include/px4_msgs/px4_msgs/msg/detail/vehicle_air_data__type_support.hpp\n'}
[0.440528] (px4_msgs) StdoutLine: {'line': b'-- Up-to-date symlink: /home/lee/workspace/ros2_ex_mav/install/px4_msgs/include/px4_msgs/px4_msgs/msg/detail/vehicle_angular_acceleration_setpoint__builder.hpp\n'}
[0.440547] (px4_msgs) StdoutLine: {'line': b'-- Up-to-date symlink: /home/lee/workspace/ros2_ex_mav/install/px4_msgs/include/px4_msgs/px4_msgs/msg/detail/vehicle_angular_acceleration_setpoint__struct.hpp\n'}
[0.440566] (px4_msgs) StdoutLine: {'line': b'-- Up-to-date symlink: /home/lee/workspace/ros2_ex_mav/install/px4_msgs/include/px4_msgs/px4_msgs/msg/detail/vehicle_angular_acceleration_setpoint__traits.hpp\n'}
[0.440584] (px4_msgs) StdoutLine: {'line': b'-- Up-to-date symlink: /home/lee/workspace/ros2_ex_mav/install/px4_msgs/include/px4_msgs/px4_msgs/msg/detail/vehicle_angular_acceleration_setpoint__type_support.hpp\n'}
[0.440614] (px4_msgs) StdoutLine: {'line': b'-- Up-to-date symlink: /home/lee/workspace/ros2_ex_mav/install/px4_msgs/include/px4_msgs/px4_msgs/msg/detail/vehicle_angular_velocity__builder.hpp\n'}
[0.440632] (px4_msgs) StdoutLine: {'line': b'-- Up-to-date symlink: /home/lee/workspace/ros2_ex_mav/install/px4_msgs/include/px4_msgs/px4_msgs/msg/detail/vehicle_angular_velocity__struct.hpp\n'}
[0.440659] (px4_msgs) StdoutLine: {'line': b'-- Up-to-date symlink: /home/lee/workspace/ros2_ex_mav/install/px4_msgs/include/px4_msgs/px4_msgs/msg/detail/vehicle_angular_velocity__traits.hpp\n'}
[0.440678] (px4_msgs) StdoutLine: {'line': b'-- Up-to-date symlink: /home/lee/workspace/ros2_ex_mav/install/px4_msgs/include/px4_msgs/px4_msgs/msg/detail/vehicle_angular_velocity__type_support.hpp\n'}
[0.440696] (px4_msgs) StdoutLine: {'line': b'-- Up-to-date symlink: /home/lee/workspace/ros2_ex_mav/install/px4_msgs/include/px4_msgs/px4_msgs/msg/detail/vehicle_attitude__builder.hpp\n'}
[0.440714] (px4_msgs) StdoutLine: {'line': b'-- Up-to-date symlink: /home/lee/workspace/ros2_ex_mav/install/px4_msgs/include/px4_msgs/px4_msgs/msg/detail/vehicle_attitude__struct.hpp\n'}
[0.440732] (px4_msgs) StdoutLine: {'line': b'-- Up-to-date symlink: /home/lee/workspace/ros2_ex_mav/install/px4_msgs/include/px4_msgs/px4_msgs/msg/detail/vehicle_attitude__traits.hpp\n'}
[0.440751] (px4_msgs) StdoutLine: {'line': b'-- Up-to-date symlink: /home/lee/workspace/ros2_ex_mav/install/px4_msgs/include/px4_msgs/px4_msgs/msg/detail/vehicle_attitude__type_support.hpp\n'}
[0.440770] (px4_msgs) StdoutLine: {'line': b'-- Up-to-date symlink: /home/lee/workspace/ros2_ex_mav/install/px4_msgs/include/px4_msgs/px4_msgs/msg/detail/vehicle_attitude_setpoint__builder.hpp\n'}
[0.440788] (px4_msgs) StdoutLine: {'line': b'-- Up-to-date symlink: /home/lee/workspace/ros2_ex_mav/install/px4_msgs/include/px4_msgs/px4_msgs/msg/detail/vehicle_attitude_setpoint__struct.hpp\n'}
[0.440806] (px4_msgs) StdoutLine: {'line': b'-- Up-to-date symlink: /home/lee/workspace/ros2_ex_mav/install/px4_msgs/include/px4_msgs/px4_msgs/msg/detail/vehicle_attitude_setpoint__traits.hpp\n'}
[0.440824] (px4_msgs) StdoutLine: {'line': b'-- Up-to-date symlink: /home/lee/workspace/ros2_ex_mav/install/px4_msgs/include/px4_msgs/px4_msgs/msg/detail/vehicle_attitude_setpoint__type_support.hpp\n'}
[0.440843] (px4_msgs) StdoutLine: {'line': b'-- Up-to-date symlink: /home/lee/workspace/ros2_ex_mav/install/px4_msgs/include/px4_msgs/px4_msgs/msg/detail/vehicle_command__builder.hpp\n'}
[0.440861] (px4_msgs) StdoutLine: {'line': b'-- Up-to-date symlink: /home/lee/workspace/ros2_ex_mav/install/px4_msgs/include/px4_msgs/px4_msgs/msg/detail/vehicle_command__struct.hpp\n'}
[0.440881] (px4_msgs) StdoutLine: {'line': b'-- Up-to-date symlink: /home/lee/workspace/ros2_ex_mav/install/px4_msgs/include/px4_msgs/px4_msgs/msg/detail/vehicle_command__traits.hpp\n'}
[0.440899] (px4_msgs) StdoutLine: {'line': b'-- Up-to-date symlink: /home/lee/workspace/ros2_ex_mav/install/px4_msgs/include/px4_msgs/px4_msgs/msg/detail/vehicle_command__type_support.hpp\n'}
[0.440917] (px4_msgs) StdoutLine: {'line': b'-- Up-to-date symlink: /home/lee/workspace/ros2_ex_mav/install/px4_msgs/include/px4_msgs/px4_msgs/msg/detail/vehicle_command_ack__builder.hpp\n'}
[0.440935] (px4_msgs) StdoutLine: {'line': b'-- Up-to-date symlink: /home/lee/workspace/ros2_ex_mav/install/px4_msgs/include/px4_msgs/px4_msgs/msg/detail/vehicle_command_ack__struct.hpp\n'}
[0.440953] (px4_msgs) StdoutLine: {'line': b'-- Up-to-date symlink: /home/lee/workspace/ros2_ex_mav/install/px4_msgs/include/px4_msgs/px4_msgs/msg/detail/vehicle_command_ack__traits.hpp\n'}
[0.440971] (px4_msgs) StdoutLine: {'line': b'-- Up-to-date symlink: /home/lee/workspace/ros2_ex_mav/install/px4_msgs/include/px4_msgs/px4_msgs/msg/detail/vehicle_command_ack__type_support.hpp\n'}
[0.441011] (px4_msgs) StdoutLine: {'line': b'-- Up-to-date symlink: /home/lee/workspace/ros2_ex_mav/install/px4_msgs/include/px4_msgs/px4_msgs/msg/detail/vehicle_constraints__builder.hpp\n'}
[0.441030] (px4_msgs) StdoutLine: {'line': b'-- Up-to-date symlink: /home/lee/workspace/ros2_ex_mav/install/px4_msgs/include/px4_msgs/px4_msgs/msg/detail/vehicle_constraints__struct.hpp\n'}
[0.441048] (px4_msgs) StdoutLine: {'line': b'-- Up-to-date symlink: /home/lee/workspace/ros2_ex_mav/install/px4_msgs/include/px4_msgs/px4_msgs/msg/detail/vehicle_constraints__traits.hpp\n'}
[0.441068] (px4_msgs) StdoutLine: {'line': b'-- Up-to-date symlink: /home/lee/workspace/ros2_ex_mav/install/px4_msgs/include/px4_msgs/px4_msgs/msg/detail/vehicle_constraints__type_support.hpp\n'}
[0.441086] (px4_msgs) StdoutLine: {'line': b'-- Up-to-date symlink: /home/lee/workspace/ros2_ex_mav/install/px4_msgs/include/px4_msgs/px4_msgs/msg/detail/vehicle_control_mode__builder.hpp\n'}
[0.441103] (px4_msgs) StdoutLine: {'line': b'-- Up-to-date symlink: /home/lee/workspace/ros2_ex_mav/install/px4_msgs/include/px4_msgs/px4_msgs/msg/detail/vehicle_control_mode__struct.hpp\n'}
[0.441121] (px4_msgs) StdoutLine: {'line': b'-- Up-to-date symlink: /home/lee/workspace/ros2_ex_mav/install/px4_msgs/include/px4_msgs/px4_msgs/msg/detail/vehicle_control_mode__traits.hpp\n'}
[0.441150] (px4_msgs) StdoutLine: {'line': b'-- Up-to-date symlink: /home/lee/workspace/ros2_ex_mav/install/px4_msgs/include/px4_msgs/px4_msgs/msg/detail/vehicle_control_mode__type_support.hpp\n'}
[0.441168] (px4_msgs) StdoutLine: {'line': b'-- Up-to-date symlink: /home/lee/workspace/ros2_ex_mav/install/px4_msgs/include/px4_msgs/px4_msgs/msg/detail/vehicle_global_position__builder.hpp\n'}
[0.441186] (px4_msgs) StdoutLine: {'line': b'-- Up-to-date symlink: /home/lee/workspace/ros2_ex_mav/install/px4_msgs/include/px4_msgs/px4_msgs/msg/detail/vehicle_global_position__struct.hpp\n'}
[0.441212] (px4_msgs) StdoutLine: {'line': b'-- Up-to-date symlink: /home/lee/workspace/ros2_ex_mav/install/px4_msgs/include/px4_msgs/px4_msgs/msg/detail/vehicle_global_position__traits.hpp\n'}
[0.441230] (px4_msgs) StdoutLine: {'line': b'-- Up-to-date symlink: /home/lee/workspace/ros2_ex_mav/install/px4_msgs/include/px4_msgs/px4_msgs/msg/detail/vehicle_global_position__type_support.hpp\n'}
[0.441248] (px4_msgs) StdoutLine: {'line': b'-- Up-to-date symlink: /home/lee/workspace/ros2_ex_mav/install/px4_msgs/include/px4_msgs/px4_msgs/msg/detail/vehicle_imu__builder.hpp\n'}
[0.441266] (px4_msgs) StdoutLine: {'line': b'-- Up-to-date symlink: /home/lee/workspace/ros2_ex_mav/install/px4_msgs/include/px4_msgs/px4_msgs/msg/detail/vehicle_imu__struct.hpp\n'}
[0.441285] (px4_msgs) StdoutLine: {'line': b'-- Up-to-date symlink: /home/lee/workspace/ros2_ex_mav/install/px4_msgs/include/px4_msgs/px4_msgs/msg/detail/vehicle_imu__traits.hpp\n'}
[0.441303] (px4_msgs) StdoutLine: {'line': b'-- Up-to-date symlink: /home/lee/workspace/ros2_ex_mav/install/px4_msgs/include/px4_msgs/px4_msgs/msg/detail/vehicle_imu__type_support.hpp\n'}
[0.441321] (px4_msgs) StdoutLine: {'line': b'-- Up-to-date symlink: /home/lee/workspace/ros2_ex_mav/install/px4_msgs/include/px4_msgs/px4_msgs/msg/detail/vehicle_imu_status__builder.hpp\n'}
[0.441339] (px4_msgs) StdoutLine: {'line': b'-- Up-to-date symlink: /home/lee/workspace/ros2_ex_mav/install/px4_msgs/include/px4_msgs/px4_msgs/msg/detail/vehicle_imu_status__struct.hpp\n'}
[0.441357] (px4_msgs) StdoutLine: {'line': b'-- Up-to-date symlink: /home/lee/workspace/ros2_ex_mav/install/px4_msgs/include/px4_msgs/px4_msgs/msg/detail/vehicle_imu_status__traits.hpp\n'}
[0.441375] (px4_msgs) StdoutLine: {'line': b'-- Up-to-date symlink: /home/lee/workspace/ros2_ex_mav/install/px4_msgs/include/px4_msgs/px4_msgs/msg/detail/vehicle_imu_status__type_support.hpp\n'}
[0.441394] (px4_msgs) StdoutLine: {'line': b'-- Up-to-date symlink: /home/lee/workspace/ros2_ex_mav/install/px4_msgs/include/px4_msgs/px4_msgs/msg/detail/vehicle_land_detected__builder.hpp\n'}
[0.441412] (px4_msgs) StdoutLine: {'line': b'-- Up-to-date symlink: /home/lee/workspace/ros2_ex_mav/install/px4_msgs/include/px4_msgs/px4_msgs/msg/detail/vehicle_land_detected__struct.hpp\n'}
[0.441430] (px4_msgs) StdoutLine: {'line': b'-- Up-to-date symlink: /home/lee/workspace/ros2_ex_mav/install/px4_msgs/include/px4_msgs/px4_msgs/msg/detail/vehicle_land_detected__traits.hpp\n'}
[0.441462] (px4_msgs) StdoutLine: {'line': b'-- Up-to-date symlink: /home/lee/workspace/ros2_ex_mav/install/px4_msgs/include/px4_msgs/px4_msgs/msg/detail/vehicle_land_detected__type_support.hpp\n'}
[0.441484] (px4_msgs) StdoutLine: {'line': b'-- Up-to-date symlink: /home/lee/workspace/ros2_ex_mav/install/px4_msgs/include/px4_msgs/px4_msgs/msg/detail/vehicle_local_position__builder.hpp\n'}
[0.441502] (px4_msgs) StdoutLine: {'line': b'-- Up-to-date symlink: /home/lee/workspace/ros2_ex_mav/install/px4_msgs/include/px4_msgs/px4_msgs/msg/detail/vehicle_local_position__struct.hpp\n'}
[0.441521] (px4_msgs) StdoutLine: {'line': b'-- Up-to-date symlink: /home/lee/workspace/ros2_ex_mav/install/px4_msgs/include/px4_msgs/px4_msgs/msg/detail/vehicle_local_position__traits.hpp\n'}
[0.441540] (px4_msgs) StdoutLine: {'line': b'-- Up-to-date symlink: /home/lee/workspace/ros2_ex_mav/install/px4_msgs/include/px4_msgs/px4_msgs/msg/detail/vehicle_local_position__type_support.hpp\n'}
[0.441558] (px4_msgs) StdoutLine: {'line': b'-- Up-to-date symlink: /home/lee/workspace/ros2_ex_mav/install/px4_msgs/include/px4_msgs/px4_msgs/msg/detail/vehicle_local_position_setpoint__builder.hpp\n'}
[0.441588] (px4_msgs) StdoutLine: {'line': b'-- Up-to-date symlink: /home/lee/workspace/ros2_ex_mav/install/px4_msgs/include/px4_msgs/px4_msgs/msg/detail/vehicle_local_position_setpoint__struct.hpp\n'}
[0.441606] (px4_msgs) StdoutLine: {'line': b'-- Up-to-date symlink: /home/lee/workspace/ros2_ex_mav/install/px4_msgs/include/px4_msgs/px4_msgs/msg/detail/vehicle_local_position_setpoint__traits.hpp\n'}
[0.441624] (px4_msgs) StdoutLine: {'line': b'-- Up-to-date symlink: /home/lee/workspace/ros2_ex_mav/install/px4_msgs/include/px4_msgs/px4_msgs/msg/detail/vehicle_local_position_setpoint__type_support.hpp\n'}
[0.441654] (px4_msgs) StdoutLine: {'line': b'-- Up-to-date symlink: /home/lee/workspace/ros2_ex_mav/install/px4_msgs/include/px4_msgs/px4_msgs/msg/detail/vehicle_magnetometer__builder.hpp\n'}
[0.441672] (px4_msgs) StdoutLine: {'line': b'-- Up-to-date symlink: /home/lee/workspace/ros2_ex_mav/install/px4_msgs/include/px4_msgs/px4_msgs/msg/detail/vehicle_magnetometer__struct.hpp\n'}
[0.441699] (px4_msgs) StdoutLine: {'line': b'-- Up-to-date symlink: /home/lee/workspace/ros2_ex_mav/install/px4_msgs/include/px4_msgs/px4_msgs/msg/detail/vehicle_magnetometer__traits.hpp\n'}
[0.441716] (px4_msgs) StdoutLine: {'line': b'-- Up-to-date symlink: /home/lee/workspace/ros2_ex_mav/install/px4_msgs/include/px4_msgs/px4_msgs/msg/detail/vehicle_magnetometer__type_support.hpp\n'}
[0.441733] (px4_msgs) StdoutLine: {'line': b'-- Up-to-date symlink: /home/lee/workspace/ros2_ex_mav/install/px4_msgs/include/px4_msgs/px4_msgs/msg/detail/vehicle_odometry__builder.hpp\n'}
[0.441751] (px4_msgs) StdoutLine: {'line': b'-- Up-to-date symlink: /home/lee/workspace/ros2_ex_mav/install/px4_msgs/include/px4_msgs/px4_msgs/msg/detail/vehicle_odometry__struct.hpp\n'}
[0.441770] (px4_msgs) StdoutLine: {'line': b'-- Up-to-date symlink: /home/lee/workspace/ros2_ex_mav/install/px4_msgs/include/px4_msgs/px4_msgs/msg/detail/vehicle_odometry__traits.hpp\n'}
[0.441788] (px4_msgs) StdoutLine: {'line': b'-- Up-to-date symlink: /home/lee/workspace/ros2_ex_mav/install/px4_msgs/include/px4_msgs/px4_msgs/msg/detail/vehicle_odometry__type_support.hpp\n'}
[0.441806] (px4_msgs) StdoutLine: {'line': b'-- Up-to-date symlink: /home/lee/workspace/ros2_ex_mav/install/px4_msgs/include/px4_msgs/px4_msgs/msg/detail/vehicle_optical_flow__builder.hpp\n'}
[0.441824] (px4_msgs) StdoutLine: {'line': b'-- Up-to-date symlink: /home/lee/workspace/ros2_ex_mav/install/px4_msgs/include/px4_msgs/px4_msgs/msg/detail/vehicle_optical_flow__struct.hpp\n'}
[0.441852] (px4_msgs) StdoutLine: {'line': b'-- Up-to-date symlink: /home/lee/workspace/ros2_ex_mav/install/px4_msgs/include/px4_msgs/px4_msgs/msg/detail/vehicle_optical_flow__traits.hpp\n'}
[0.441871] (px4_msgs) StdoutLine: {'line': b'-- Up-to-date symlink: /home/lee/workspace/ros2_ex_mav/install/px4_msgs/include/px4_msgs/px4_msgs/msg/detail/vehicle_optical_flow__type_support.hpp\n'}
[0.441895] (px4_msgs) StdoutLine: {'line': b'-- Up-to-date symlink: /home/lee/workspace/ros2_ex_mav/install/px4_msgs/include/px4_msgs/px4_msgs/msg/detail/vehicle_optical_flow_vel__builder.hpp\n'}
[0.441914] (px4_msgs) StdoutLine: {'line': b'-- Up-to-date symlink: /home/lee/workspace/ros2_ex_mav/install/px4_msgs/include/px4_msgs/px4_msgs/msg/detail/vehicle_optical_flow_vel__struct.hpp\n'}
[0.441932] (px4_msgs) StdoutLine: {'line': b'-- Up-to-date symlink: /home/lee/workspace/ros2_ex_mav/install/px4_msgs/include/px4_msgs/px4_msgs/msg/detail/vehicle_optical_flow_vel__traits.hpp\n'}
[0.441950] (px4_msgs) StdoutLine: {'line': b'-- Up-to-date symlink: /home/lee/workspace/ros2_ex_mav/install/px4_msgs/include/px4_msgs/px4_msgs/msg/detail/vehicle_optical_flow_vel__type_support.hpp\n'}
[0.441968] (px4_msgs) StdoutLine: {'line': b'-- Up-to-date symlink: /home/lee/workspace/ros2_ex_mav/install/px4_msgs/include/px4_msgs/px4_msgs/msg/detail/vehicle_rates_setpoint__builder.hpp\n'}
[0.441986] (px4_msgs) StdoutLine: {'line': b'-- Up-to-date symlink: /home/lee/workspace/ros2_ex_mav/install/px4_msgs/include/px4_msgs/px4_msgs/msg/detail/vehicle_rates_setpoint__struct.hpp\n'}
[0.442005] (px4_msgs) StdoutLine: {'line': b'-- Up-to-date symlink: /home/lee/workspace/ros2_ex_mav/install/px4_msgs/include/px4_msgs/px4_msgs/msg/detail/vehicle_rates_setpoint__traits.hpp\n'}
[0.442024] (px4_msgs) StdoutLine: {'line': b'-- Up-to-date symlink: /home/lee/workspace/ros2_ex_mav/install/px4_msgs/include/px4_msgs/px4_msgs/msg/detail/vehicle_rates_setpoint__type_support.hpp\n'}
[0.442042] (px4_msgs) StdoutLine: {'line': b'-- Up-to-date symlink: /home/lee/workspace/ros2_ex_mav/install/px4_msgs/include/px4_msgs/px4_msgs/msg/detail/vehicle_roi__builder.hpp\n'}
[0.442060] (px4_msgs) StdoutLine: {'line': b'-- Up-to-date symlink: /home/lee/workspace/ros2_ex_mav/install/px4_msgs/include/px4_msgs/px4_msgs/msg/detail/vehicle_roi__struct.hpp\n'}
[0.442079] (px4_msgs) StdoutLine: {'line': b'-- Up-to-date symlink: /home/lee/workspace/ros2_ex_mav/install/px4_msgs/include/px4_msgs/px4_msgs/msg/detail/vehicle_roi__traits.hpp\n'}
[0.442097] (px4_msgs) StdoutLine: {'line': b'-- Up-to-date symlink: /home/lee/workspace/ros2_ex_mav/install/px4_msgs/include/px4_msgs/px4_msgs/msg/detail/vehicle_roi__type_support.hpp\n'}
[0.442116] (px4_msgs) StdoutLine: {'line': b'-- Up-to-date symlink: /home/lee/workspace/ros2_ex_mav/install/px4_msgs/include/px4_msgs/px4_msgs/msg/detail/vehicle_status__builder.hpp\n'}
[0.442153] (px4_msgs) StdoutLine: {'line': b'-- Up-to-date symlink: /home/lee/workspace/ros2_ex_mav/install/px4_msgs/include/px4_msgs/px4_msgs/msg/detail/vehicle_status__struct.hpp\n'}
[0.442172] (px4_msgs) StdoutLine: {'line': b'-- Up-to-date symlink: /home/lee/workspace/ros2_ex_mav/install/px4_msgs/include/px4_msgs/px4_msgs/msg/detail/vehicle_status__traits.hpp\n'}
[0.442190] (px4_msgs) StdoutLine: {'line': b'-- Up-to-date symlink: /home/lee/workspace/ros2_ex_mav/install/px4_msgs/include/px4_msgs/px4_msgs/msg/detail/vehicle_status__type_support.hpp\n'}
[0.442208] (px4_msgs) StdoutLine: {'line': b'-- Up-to-date symlink: /home/lee/workspace/ros2_ex_mav/install/px4_msgs/include/px4_msgs/px4_msgs/msg/detail/vehicle_thrust_setpoint__builder.hpp\n'}
[0.442237] (px4_msgs) StdoutLine: {'line': b'-- Up-to-date symlink: /home/lee/workspace/ros2_ex_mav/install/px4_msgs/include/px4_msgs/px4_msgs/msg/detail/vehicle_thrust_setpoint__struct.hpp\n'}
[0.442254] (px4_msgs) StdoutLine: {'line': b'-- Up-to-date symlink: /home/lee/workspace/ros2_ex_mav/install/px4_msgs/include/px4_msgs/px4_msgs/msg/detail/vehicle_thrust_setpoint__traits.hpp\n'}
[0.442272] (px4_msgs) StdoutLine: {'line': b'-- Up-to-date symlink: /home/lee/workspace/ros2_ex_mav/install/px4_msgs/include/px4_msgs/px4_msgs/msg/detail/vehicle_thrust_setpoint__type_support.hpp\n'}
[0.442290] (px4_msgs) StdoutLine: {'line': b'-- Up-to-date symlink: /home/lee/workspace/ros2_ex_mav/install/px4_msgs/include/px4_msgs/px4_msgs/msg/detail/vehicle_torque_setpoint__builder.hpp\n'}
[0.442317] (px4_msgs) StdoutLine: {'line': b'-- Up-to-date symlink: /home/lee/workspace/ros2_ex_mav/install/px4_msgs/include/px4_msgs/px4_msgs/msg/detail/vehicle_torque_setpoint__struct.hpp\n'}
[0.442335] (px4_msgs) StdoutLine: {'line': b'-- Up-to-date symlink: /home/lee/workspace/ros2_ex_mav/install/px4_msgs/include/px4_msgs/px4_msgs/msg/detail/vehicle_torque_setpoint__traits.hpp\n'}
[0.442353] (px4_msgs) StdoutLine: {'line': b'-- Up-to-date symlink: /home/lee/workspace/ros2_ex_mav/install/px4_msgs/include/px4_msgs/px4_msgs/msg/detail/vehicle_torque_setpoint__type_support.hpp\n'}
[0.442370] (px4_msgs) StdoutLine: {'line': b'-- Up-to-date symlink: /home/lee/workspace/ros2_ex_mav/install/px4_msgs/include/px4_msgs/px4_msgs/msg/detail/vehicle_trajectory_bezier__builder.hpp\n'}
[0.442389] (px4_msgs) StdoutLine: {'line': b'-- Up-to-date symlink: /home/lee/workspace/ros2_ex_mav/install/px4_msgs/include/px4_msgs/px4_msgs/msg/detail/vehicle_trajectory_bezier__struct.hpp\n'}
[0.442408] (px4_msgs) StdoutLine: {'line': b'-- Up-to-date symlink: /home/lee/workspace/ros2_ex_mav/install/px4_msgs/include/px4_msgs/px4_msgs/msg/detail/vehicle_trajectory_bezier__traits.hpp\n'}
[0.442426] (px4_msgs) StdoutLine: {'line': b'-- Up-to-date symlink: /home/lee/workspace/ros2_ex_mav/install/px4_msgs/include/px4_msgs/px4_msgs/msg/detail/vehicle_trajectory_bezier__type_support.hpp\n'}
[0.442445] (px4_msgs) StdoutLine: {'line': b'-- Up-to-date symlink: /home/lee/workspace/ros2_ex_mav/install/px4_msgs/include/px4_msgs/px4_msgs/msg/detail/vehicle_trajectory_waypoint__builder.hpp\n'}
[0.442463] (px4_msgs) StdoutLine: {'line': b'-- Up-to-date symlink: /home/lee/workspace/ros2_ex_mav/install/px4_msgs/include/px4_msgs/px4_msgs/msg/detail/vehicle_trajectory_waypoint__struct.hpp\n'}
[0.442495] (px4_msgs) StdoutLine: {'line': b'-- Up-to-date symlink: /home/lee/workspace/ros2_ex_mav/install/px4_msgs/include/px4_msgs/px4_msgs/msg/detail/vehicle_trajectory_waypoint__traits.hpp\n'}
[0.442512] (px4_msgs) StdoutLine: {'line': b'-- Up-to-date symlink: /home/lee/workspace/ros2_ex_mav/install/px4_msgs/include/px4_msgs/px4_msgs/msg/detail/vehicle_trajectory_waypoint__type_support.hpp\n'}
[0.442532] (px4_msgs) StdoutLine: {'line': b'-- Up-to-date symlink: /home/lee/workspace/ros2_ex_mav/install/px4_msgs/include/px4_msgs/px4_msgs/msg/detail/vtol_vehicle_status__builder.hpp\n'}
[0.442550] (px4_msgs) StdoutLine: {'line': b'-- Up-to-date symlink: /home/lee/workspace/ros2_ex_mav/install/px4_msgs/include/px4_msgs/px4_msgs/msg/detail/vtol_vehicle_status__struct.hpp\n'}
[0.442568] (px4_msgs) StdoutLine: {'line': b'-- Up-to-date symlink: /home/lee/workspace/ros2_ex_mav/install/px4_msgs/include/px4_msgs/px4_msgs/msg/detail/vtol_vehicle_status__traits.hpp\n'}
[0.442586] (px4_msgs) StdoutLine: {'line': b'-- Up-to-date symlink: /home/lee/workspace/ros2_ex_mav/install/px4_msgs/include/px4_msgs/px4_msgs/msg/detail/vtol_vehicle_status__type_support.hpp\n'}
[0.442604] (px4_msgs) StdoutLine: {'line': b'-- Up-to-date symlink: /home/lee/workspace/ros2_ex_mav/install/px4_msgs/include/px4_msgs/px4_msgs/msg/detail/wind__builder.hpp\n'}
[0.442622] (px4_msgs) StdoutLine: {'line': b'-- Up-to-date symlink: /home/lee/workspace/ros2_ex_mav/install/px4_msgs/include/px4_msgs/px4_msgs/msg/detail/wind__struct.hpp\n'}
[0.442642] (px4_msgs) StdoutLine: {'line': b'-- Up-to-date symlink: /home/lee/workspace/ros2_ex_mav/install/px4_msgs/include/px4_msgs/px4_msgs/msg/detail/wind__traits.hpp\n'}
[0.442662] (px4_msgs) StdoutLine: {'line': b'-- Up-to-date symlink: /home/lee/workspace/ros2_ex_mav/install/px4_msgs/include/px4_msgs/px4_msgs/msg/detail/wind__type_support.hpp\n'}
[0.442680] (px4_msgs) StdoutLine: {'line': b'-- Up-to-date symlink: /home/lee/workspace/ros2_ex_mav/install/px4_msgs/include/px4_msgs/px4_msgs/msg/detail/yaw_estimator_status__builder.hpp\n'}
[0.442698] (px4_msgs) StdoutLine: {'line': b'-- Up-to-date symlink: /home/lee/workspace/ros2_ex_mav/install/px4_msgs/include/px4_msgs/px4_msgs/msg/detail/yaw_estimator_status__struct.hpp\n'}
[0.442730] (px4_msgs) StdoutLine: {'line': b'-- Up-to-date symlink: /home/lee/workspace/ros2_ex_mav/install/px4_msgs/include/px4_msgs/px4_msgs/msg/detail/yaw_estimator_status__traits.hpp\n'}
[0.442754] (px4_msgs) StdoutLine: {'line': b'-- Up-to-date symlink: /home/lee/workspace/ros2_ex_mav/install/px4_msgs/include/px4_msgs/px4_msgs/msg/detail/yaw_estimator_status__type_support.hpp\n'}
[0.442778] (px4_msgs) StdoutLine: {'line': b'-- Up-to-date symlink: /home/lee/workspace/ros2_ex_mav/install/px4_msgs/include/px4_msgs/px4_msgs/msg/differential_pressure.hpp\n'}
[0.442796] (px4_msgs) StdoutLine: {'line': b'-- Up-to-date symlink: /home/lee/workspace/ros2_ex_mav/install/px4_msgs/include/px4_msgs/px4_msgs/msg/distance_sensor.hpp\n'}
[0.442820] (px4_msgs) StdoutLine: {'line': b'-- Up-to-date symlink: /home/lee/workspace/ros2_ex_mav/install/px4_msgs/include/px4_msgs/px4_msgs/msg/ekf2_timestamps.hpp\n'}
[0.442842] (px4_msgs) StdoutLine: {'line': b'-- Up-to-date symlink: /home/lee/workspace/ros2_ex_mav/install/px4_msgs/include/px4_msgs/px4_msgs/msg/esc_report.hpp\n'}
[0.442859] (px4_msgs) StdoutLine: {'line': b'-- Up-to-date symlink: /home/lee/workspace/ros2_ex_mav/install/px4_msgs/include/px4_msgs/px4_msgs/msg/esc_status.hpp\n'}
[0.442877] (px4_msgs) StdoutLine: {'line': b'-- Up-to-date symlink: /home/lee/workspace/ros2_ex_mav/install/px4_msgs/include/px4_msgs/px4_msgs/msg/estimator_aid_source1d.hpp\n'}
[0.442895] (px4_msgs) StdoutLine: {'line': b'-- Up-to-date symlink: /home/lee/workspace/ros2_ex_mav/install/px4_msgs/include/px4_msgs/px4_msgs/msg/estimator_aid_source2d.hpp\n'}
[0.442914] (px4_msgs) StdoutLine: {'line': b'-- Up-to-date symlink: /home/lee/workspace/ros2_ex_mav/install/px4_msgs/include/px4_msgs/px4_msgs/msg/estimator_aid_source3d.hpp\n'}
[0.442932] (px4_msgs) StdoutLine: {'line': b'-- Up-to-date symlink: /home/lee/workspace/ros2_ex_mav/install/px4_msgs/include/px4_msgs/px4_msgs/msg/estimator_bias.hpp\n'}
[0.442950] (px4_msgs) StdoutLine: {'line': b'-- Up-to-date symlink: /home/lee/workspace/ros2_ex_mav/install/px4_msgs/include/px4_msgs/px4_msgs/msg/estimator_bias3d.hpp\n'}
[0.442968] (px4_msgs) StdoutLine: {'line': b'-- Up-to-date symlink: /home/lee/workspace/ros2_ex_mav/install/px4_msgs/include/px4_msgs/px4_msgs/msg/estimator_event_flags.hpp\n'}
[0.442987] (px4_msgs) StdoutLine: {'line': b'-- Up-to-date symlink: /home/lee/workspace/ros2_ex_mav/install/px4_msgs/include/px4_msgs/px4_msgs/msg/estimator_gps_status.hpp\n'}
[0.443006] (px4_msgs) StdoutLine: {'line': b'-- Up-to-date symlink: /home/lee/workspace/ros2_ex_mav/install/px4_msgs/include/px4_msgs/px4_msgs/msg/estimator_innovations.hpp\n'}
[0.443024] (px4_msgs) StdoutLine: {'line': b'-- Up-to-date symlink: /home/lee/workspace/ros2_ex_mav/install/px4_msgs/include/px4_msgs/px4_msgs/msg/estimator_selector_status.hpp\n'}
[0.443044] (px4_msgs) StdoutLine: {'line': b'-- Up-to-date symlink: /home/lee/workspace/ros2_ex_mav/install/px4_msgs/include/px4_msgs/px4_msgs/msg/estimator_sensor_bias.hpp\n'}
[0.443061] (px4_msgs) StdoutLine: {'line': b'-- Up-to-date symlink: /home/lee/workspace/ros2_ex_mav/install/px4_msgs/include/px4_msgs/px4_msgs/msg/estimator_states.hpp\n'}
[0.443080] (px4_msgs) StdoutLine: {'line': b'-- Up-to-date symlink: /home/lee/workspace/ros2_ex_mav/install/px4_msgs/include/px4_msgs/px4_msgs/msg/estimator_status.hpp\n'}
[0.443098] (px4_msgs) StdoutLine: {'line': b'-- Up-to-date symlink: /home/lee/workspace/ros2_ex_mav/install/px4_msgs/include/px4_msgs/px4_msgs/msg/estimator_status_flags.hpp\n'}
[0.443122] (px4_msgs) StdoutLine: {'line': b'-- Up-to-date symlink: /home/lee/workspace/ros2_ex_mav/install/px4_msgs/include/px4_msgs/px4_msgs/msg/event.hpp\n'}
[0.443141] (px4_msgs) StdoutLine: {'line': b'-- Up-to-date symlink: /home/lee/workspace/ros2_ex_mav/install/px4_msgs/include/px4_msgs/px4_msgs/msg/failsafe_flags.hpp\n'}
[0.443159] (px4_msgs) StdoutLine: {'line': b'-- Up-to-date symlink: /home/lee/workspace/ros2_ex_mav/install/px4_msgs/include/px4_msgs/px4_msgs/msg/failure_detector_status.hpp\n'}
[0.443176] (px4_msgs) StdoutLine: {'line': b'-- Up-to-date symlink: /home/lee/workspace/ros2_ex_mav/install/px4_msgs/include/px4_msgs/px4_msgs/msg/follow_target.hpp\n'}
[0.443211] (px4_msgs) StdoutLine: {'line': b'-- Up-to-date symlink: /home/lee/workspace/ros2_ex_mav/install/px4_msgs/include/px4_msgs/px4_msgs/msg/follow_target_estimator.hpp\n'}
[0.443229] (px4_msgs) StdoutLine: {'line': b'-- Up-to-date symlink: /home/lee/workspace/ros2_ex_mav/install/px4_msgs/include/px4_msgs/px4_msgs/msg/follow_target_status.hpp\n'}
[0.443247] (px4_msgs) StdoutLine: {'line': b'-- Up-to-date symlink: /home/lee/workspace/ros2_ex_mav/install/px4_msgs/include/px4_msgs/px4_msgs/msg/generator_status.hpp\n'}
[0.443266] (px4_msgs) StdoutLine: {'line': b'-- Up-to-date symlink: /home/lee/workspace/ros2_ex_mav/install/px4_msgs/include/px4_msgs/px4_msgs/msg/geofence_result.hpp\n'}
[0.443284] (px4_msgs) StdoutLine: {'line': b'-- Up-to-date symlink: /home/lee/workspace/ros2_ex_mav/install/px4_msgs/include/px4_msgs/px4_msgs/msg/gimbal_controls.hpp\n'}
[0.443302] (px4_msgs) StdoutLine: {'line': b'-- Up-to-date symlink: /home/lee/workspace/ros2_ex_mav/install/px4_msgs/include/px4_msgs/px4_msgs/msg/gimbal_device_attitude_status.hpp\n'}
[0.443320] (px4_msgs) StdoutLine: {'line': b'-- Up-to-date symlink: /home/lee/workspace/ros2_ex_mav/install/px4_msgs/include/px4_msgs/px4_msgs/msg/gimbal_device_information.hpp\n'}
[0.443338] (px4_msgs) StdoutLine: {'line': b'-- Up-to-date symlink: /home/lee/workspace/ros2_ex_mav/install/px4_msgs/include/px4_msgs/px4_msgs/msg/gimbal_device_set_attitude.hpp\n'}
[0.443372] (px4_msgs) StdoutLine: {'line': b'-- Up-to-date symlink: /home/lee/workspace/ros2_ex_mav/install/px4_msgs/include/px4_msgs/px4_msgs/msg/gimbal_manager_information.hpp\n'}
[0.443389] (px4_msgs) StdoutLine: {'line': b'-- Up-to-date symlink: /home/lee/workspace/ros2_ex_mav/install/px4_msgs/include/px4_msgs/px4_msgs/msg/gimbal_manager_set_attitude.hpp\n'}
[0.443408] (px4_msgs) StdoutLine: {'line': b'-- Up-to-date symlink: /home/lee/workspace/ros2_ex_mav/install/px4_msgs/include/px4_msgs/px4_msgs/msg/gimbal_manager_set_manual_control.hpp\n'}
[0.443425] (px4_msgs) StdoutLine: {'line': b'-- Up-to-date symlink: /home/lee/workspace/ros2_ex_mav/install/px4_msgs/include/px4_msgs/px4_msgs/msg/gimbal_manager_status.hpp\n'}
[0.443456] (px4_msgs) StdoutLine: {'line': b'-- Up-to-date symlink: /home/lee/workspace/ros2_ex_mav/install/px4_msgs/include/px4_msgs/px4_msgs/msg/gps_dump.hpp\n'}
[0.443473] (px4_msgs) StdoutLine: {'line': b'-- Up-to-date symlink: /home/lee/workspace/ros2_ex_mav/install/px4_msgs/include/px4_msgs/px4_msgs/msg/gps_inject_data.hpp\n'}
[0.443490] (px4_msgs) StdoutLine: {'line': b'-- Up-to-date symlink: /home/lee/workspace/ros2_ex_mav/install/px4_msgs/include/px4_msgs/px4_msgs/msg/gripper.hpp\n'}
[0.443509] (px4_msgs) StdoutLine: {'line': b'-- Up-to-date symlink: /home/lee/workspace/ros2_ex_mav/install/px4_msgs/include/px4_msgs/px4_msgs/msg/health_report.hpp\n'}
[0.443527] (px4_msgs) StdoutLine: {'line': b'-- Up-to-date symlink: /home/lee/workspace/ros2_ex_mav/install/px4_msgs/include/px4_msgs/px4_msgs/msg/heater_status.hpp\n'}
[0.443546] (px4_msgs) StdoutLine: {'line': b'-- Up-to-date symlink: /home/lee/workspace/ros2_ex_mav/install/px4_msgs/include/px4_msgs/px4_msgs/msg/home_position.hpp\n'}
[0.443564] (px4_msgs) StdoutLine: {'line': b'-- Up-to-date symlink: /home/lee/workspace/ros2_ex_mav/install/px4_msgs/include/px4_msgs/px4_msgs/msg/hover_thrust_estimate.hpp\n'}
[0.443582] (px4_msgs) StdoutLine: {'line': b'-- Up-to-date symlink: /home/lee/workspace/ros2_ex_mav/install/px4_msgs/include/px4_msgs/px4_msgs/msg/input_rc.hpp\n'}
[0.443600] (px4_msgs) StdoutLine: {'line': b'-- Up-to-date symlink: /home/lee/workspace/ros2_ex_mav/install/px4_msgs/include/px4_msgs/px4_msgs/msg/internal_combustion_engine_status.hpp\n'}
[0.443618] (px4_msgs) StdoutLine: {'line': b'-- Up-to-date symlink: /home/lee/workspace/ros2_ex_mav/install/px4_msgs/include/px4_msgs/px4_msgs/msg/iridiumsbd_status.hpp\n'}
[0.443638] (px4_msgs) StdoutLine: {'line': b'-- Up-to-date symlink: /home/lee/workspace/ros2_ex_mav/install/px4_msgs/include/px4_msgs/px4_msgs/msg/irlock_report.hpp\n'}
[0.443668] (px4_msgs) StdoutLine: {'line': b'-- Up-to-date symlink: /home/lee/workspace/ros2_ex_mav/install/px4_msgs/include/px4_msgs/px4_msgs/msg/landing_gear.hpp\n'}
[0.443687] (px4_msgs) StdoutLine: {'line': b'-- Up-to-date symlink: /home/lee/workspace/ros2_ex_mav/install/px4_msgs/include/px4_msgs/px4_msgs/msg/landing_gear_wheel.hpp\n'}
[0.443705] (px4_msgs) StdoutLine: {'line': b'-- Up-to-date symlink: /home/lee/workspace/ros2_ex_mav/install/px4_msgs/include/px4_msgs/px4_msgs/msg/landing_target_innovations.hpp\n'}
[0.443724] (px4_msgs) StdoutLine: {'line': b'-- Up-to-date symlink: /home/lee/workspace/ros2_ex_mav/install/px4_msgs/include/px4_msgs/px4_msgs/msg/landing_target_pose.hpp\n'}
[0.443742] (px4_msgs) StdoutLine: {'line': b'-- Up-to-date symlink: /home/lee/workspace/ros2_ex_mav/install/px4_msgs/include/px4_msgs/px4_msgs/msg/launch_detection_status.hpp\n'}
[0.443770] (px4_msgs) StdoutLine: {'line': b'-- Up-to-date symlink: /home/lee/workspace/ros2_ex_mav/install/px4_msgs/include/px4_msgs/px4_msgs/msg/led_control.hpp\n'}
[0.443788] (px4_msgs) StdoutLine: {'line': b'-- Up-to-date symlink: /home/lee/workspace/ros2_ex_mav/install/px4_msgs/include/px4_msgs/px4_msgs/msg/log_message.hpp\n'}
[0.443807] (px4_msgs) StdoutLine: {'line': b'-- Up-to-date symlink: /home/lee/workspace/ros2_ex_mav/install/px4_msgs/include/px4_msgs/px4_msgs/msg/logger_status.hpp\n'}
[0.443825] (px4_msgs) StdoutLine: {'line': b'-- Up-to-date symlink: /home/lee/workspace/ros2_ex_mav/install/px4_msgs/include/px4_msgs/px4_msgs/msg/mag_worker_data.hpp\n'}
[0.443843] (px4_msgs) StdoutLine: {'line': b'-- Up-to-date symlink: /home/lee/workspace/ros2_ex_mav/install/px4_msgs/include/px4_msgs/px4_msgs/msg/magnetometer_bias_estimate.hpp\n'}
[0.443863] (px4_msgs) StdoutLine: {'line': b'-- Up-to-date symlink: /home/lee/workspace/ros2_ex_mav/install/px4_msgs/include/px4_msgs/px4_msgs/msg/manual_control_setpoint.hpp\n'}
[0.443881] (px4_msgs) StdoutLine: {'line': b'-- Up-to-date symlink: /home/lee/workspace/ros2_ex_mav/install/px4_msgs/include/px4_msgs/px4_msgs/msg/manual_control_switches.hpp\n'}
[0.443899] (px4_msgs) StdoutLine: {'line': b'-- Up-to-date symlink: /home/lee/workspace/ros2_ex_mav/install/px4_msgs/include/px4_msgs/px4_msgs/msg/mavlink_log.hpp\n'}
[0.443917] (px4_msgs) StdoutLine: {'line': b'-- Up-to-date symlink: /home/lee/workspace/ros2_ex_mav/install/px4_msgs/include/px4_msgs/px4_msgs/msg/mavlink_tunnel.hpp\n'}
[0.443935] (px4_msgs) StdoutLine: {'line': b'-- Up-to-date symlink: /home/lee/workspace/ros2_ex_mav/install/px4_msgs/include/px4_msgs/px4_msgs/msg/mission.hpp\n'}
[0.443953] (px4_msgs) StdoutLine: {'line': b'-- Up-to-date symlink: /home/lee/workspace/ros2_ex_mav/install/px4_msgs/include/px4_msgs/px4_msgs/msg/mission_result.hpp\n'}
[0.443985] (px4_msgs) StdoutLine: {'line': b'-- Up-to-date symlink: /home/lee/workspace/ros2_ex_mav/install/px4_msgs/include/px4_msgs/px4_msgs/msg/mode_completed.hpp\n'}
[0.444003] (px4_msgs) StdoutLine: {'line': b'-- Up-to-date symlink: /home/lee/workspace/ros2_ex_mav/install/px4_msgs/include/px4_msgs/px4_msgs/msg/mount_orientation.hpp\n'}
[0.444033] (px4_msgs) StdoutLine: {'line': b'-- Up-to-date symlink: /home/lee/workspace/ros2_ex_mav/install/px4_msgs/include/px4_msgs/px4_msgs/msg/navigator_mission_item.hpp\n'}
[0.444049] (px4_msgs) StdoutLine: {'line': b'-- Up-to-date symlink: /home/lee/workspace/ros2_ex_mav/install/px4_msgs/include/px4_msgs/px4_msgs/msg/normalized_unsigned_setpoint.hpp\n'}
[0.444071] (px4_msgs) StdoutLine: {'line': b'-- Up-to-date symlink: /home/lee/workspace/ros2_ex_mav/install/px4_msgs/include/px4_msgs/px4_msgs/msg/npfg_status.hpp\n'}
[0.444089] (px4_msgs) StdoutLine: {'line': b'-- Up-to-date symlink: /home/lee/workspace/ros2_ex_mav/install/px4_msgs/include/px4_msgs/px4_msgs/msg/obstacle_distance.hpp\n'}
[0.444107] (px4_msgs) StdoutLine: {'line': b'-- Up-to-date symlink: /home/lee/workspace/ros2_ex_mav/install/px4_msgs/include/px4_msgs/px4_msgs/msg/offboard_control_mode.hpp\n'}
[0.444126] (px4_msgs) StdoutLine: {'line': b'-- Up-to-date symlink: /home/lee/workspace/ros2_ex_mav/install/px4_msgs/include/px4_msgs/px4_msgs/msg/onboard_computer_status.hpp\n'}
[0.444156] (px4_msgs) StdoutLine: {'line': b'-- Up-to-date symlink: /home/lee/workspace/ros2_ex_mav/install/px4_msgs/include/px4_msgs/px4_msgs/msg/orb_test.hpp\n'}
[0.444173] (px4_msgs) StdoutLine: {'line': b'-- Up-to-date symlink: /home/lee/workspace/ros2_ex_mav/install/px4_msgs/include/px4_msgs/px4_msgs/msg/orb_test_large.hpp\n'}
[0.444191] (px4_msgs) StdoutLine: {'line': b'-- Up-to-date symlink: /home/lee/workspace/ros2_ex_mav/install/px4_msgs/include/px4_msgs/px4_msgs/msg/orb_test_medium.hpp\n'}
[0.444209] (px4_msgs) StdoutLine: {'line': b'-- Up-to-date symlink: /home/lee/workspace/ros2_ex_mav/install/px4_msgs/include/px4_msgs/px4_msgs/msg/orbit_status.hpp\n'}
[0.444227] (px4_msgs) StdoutLine: {'line': b'-- Up-to-date symlink: /home/lee/workspace/ros2_ex_mav/install/px4_msgs/include/px4_msgs/px4_msgs/msg/parameter_update.hpp\n'}
[0.444246] (px4_msgs) StdoutLine: {'line': b'-- Up-to-date symlink: /home/lee/workspace/ros2_ex_mav/install/px4_msgs/include/px4_msgs/px4_msgs/msg/ping.hpp\n'}
[0.444265] (px4_msgs) StdoutLine: {'line': b'-- Up-to-date symlink: /home/lee/workspace/ros2_ex_mav/install/px4_msgs/include/px4_msgs/px4_msgs/msg/position_controller_landing_status.hpp\n'}
[0.444283] (px4_msgs) StdoutLine: {'line': b'-- Up-to-date symlink: /home/lee/workspace/ros2_ex_mav/install/px4_msgs/include/px4_msgs/px4_msgs/msg/position_controller_status.hpp\n'}
[0.444302] (px4_msgs) StdoutLine: {'line': b'-- Up-to-date symlink: /home/lee/workspace/ros2_ex_mav/install/px4_msgs/include/px4_msgs/px4_msgs/msg/position_setpoint.hpp\n'}
[0.444321] (px4_msgs) StdoutLine: {'line': b'-- Up-to-date symlink: /home/lee/workspace/ros2_ex_mav/install/px4_msgs/include/px4_msgs/px4_msgs/msg/position_setpoint_triplet.hpp\n'}
[0.444340] (px4_msgs) StdoutLine: {'line': b'-- Up-to-date symlink: /home/lee/workspace/ros2_ex_mav/install/px4_msgs/include/px4_msgs/px4_msgs/msg/power_button_state.hpp\n'}
[0.444359] (px4_msgs) StdoutLine: {'line': b'-- Up-to-date symlink: /home/lee/workspace/ros2_ex_mav/install/px4_msgs/include/px4_msgs/px4_msgs/msg/power_monitor.hpp\n'}
[0.444378] (px4_msgs) StdoutLine: {'line': b'-- Up-to-date symlink: /home/lee/workspace/ros2_ex_mav/install/px4_msgs/include/px4_msgs/px4_msgs/msg/pps_capture.hpp\n'}
[0.444398] (px4_msgs) StdoutLine: {'line': b'-- Up-to-date symlink: /home/lee/workspace/ros2_ex_mav/install/px4_msgs/include/px4_msgs/px4_msgs/msg/pwm_input.hpp\n'}
[0.444416] (px4_msgs) StdoutLine: {'line': b'-- Up-to-date symlink: /home/lee/workspace/ros2_ex_mav/install/px4_msgs/include/px4_msgs/px4_msgs/msg/px4io_status.hpp\n'}
[0.444435] (px4_msgs) StdoutLine: {'line': b'-- Up-to-date symlink: /home/lee/workspace/ros2_ex_mav/install/px4_msgs/include/px4_msgs/px4_msgs/msg/qshell_req.hpp\n'}
[0.444453] (px4_msgs) StdoutLine: {'line': b'-- Up-to-date symlink: /home/lee/workspace/ros2_ex_mav/install/px4_msgs/include/px4_msgs/px4_msgs/msg/qshell_retval.hpp\n'}
[0.444471] (px4_msgs) StdoutLine: {'line': b'-- Up-to-date symlink: /home/lee/workspace/ros2_ex_mav/install/px4_msgs/include/px4_msgs/px4_msgs/msg/radio_status.hpp\n'}
[0.444489] (px4_msgs) StdoutLine: {'line': b'-- Up-to-date symlink: /home/lee/workspace/ros2_ex_mav/install/px4_msgs/include/px4_msgs/px4_msgs/msg/rate_ctrl_status.hpp\n'}
[0.444508] (px4_msgs) StdoutLine: {'line': b'-- Up-to-date symlink: /home/lee/workspace/ros2_ex_mav/install/px4_msgs/include/px4_msgs/px4_msgs/msg/rc_channels.hpp\n'}
[0.444526] (px4_msgs) StdoutLine: {'line': b'-- Up-to-date symlink: /home/lee/workspace/ros2_ex_mav/install/px4_msgs/include/px4_msgs/px4_msgs/msg/rc_parameter_map.hpp\n'}
[0.444545] (px4_msgs) StdoutLine: {'line': b'-- Up-to-date symlink: /home/lee/workspace/ros2_ex_mav/install/px4_msgs/include/px4_msgs/px4_msgs/msg/rosidl_generator_cpp__visibility_control.hpp\n'}
[0.444563] (px4_msgs) StdoutLine: {'line': b'-- Up-to-date symlink: /home/lee/workspace/ros2_ex_mav/install/px4_msgs/include/px4_msgs/px4_msgs/msg/rpm.hpp\n'}
[0.444588] (px4_msgs) StdoutLine: {'line': b'-- Up-to-date symlink: /home/lee/workspace/ros2_ex_mav/install/px4_msgs/include/px4_msgs/px4_msgs/msg/rtl_time_estimate.hpp\n'}
[0.444623] (px4_msgs) StdoutLine: {'line': b'-- Up-to-date symlink: /home/lee/workspace/ros2_ex_mav/install/px4_msgs/include/px4_msgs/px4_msgs/msg/satellite_info.hpp\n'}
[0.444644] (px4_msgs) StdoutLine: {'line': b'-- Up-to-date symlink: /home/lee/workspace/ros2_ex_mav/install/px4_msgs/include/px4_msgs/px4_msgs/msg/sensor_accel.hpp\n'}
[0.444662] (px4_msgs) StdoutLine: {'line': b'-- Up-to-date symlink: /home/lee/workspace/ros2_ex_mav/install/px4_msgs/include/px4_msgs/px4_msgs/msg/sensor_accel_fifo.hpp\n'}
[0.444692] (px4_msgs) StdoutLine: {'line': b'-- Up-to-date symlink: /home/lee/workspace/ros2_ex_mav/install/px4_msgs/include/px4_msgs/px4_msgs/msg/sensor_baro.hpp\n'}
[0.444710] (px4_msgs) StdoutLine: {'line': b'-- Up-to-date symlink: /home/lee/workspace/ros2_ex_mav/install/px4_msgs/include/px4_msgs/px4_msgs/msg/sensor_combined.hpp\n'}
[0.444728] (px4_msgs) StdoutLine: {'line': b'-- Up-to-date symlink: /home/lee/workspace/ros2_ex_mav/install/px4_msgs/include/px4_msgs/px4_msgs/msg/sensor_correction.hpp\n'}
[0.444747] (px4_msgs) StdoutLine: {'line': b'-- Up-to-date symlink: /home/lee/workspace/ros2_ex_mav/install/px4_msgs/include/px4_msgs/px4_msgs/msg/sensor_gnss_relative.hpp\n'}
[0.444765] (px4_msgs) StdoutLine: {'line': b'-- Up-to-date symlink: /home/lee/workspace/ros2_ex_mav/install/px4_msgs/include/px4_msgs/px4_msgs/msg/sensor_gps.hpp\n'}
[0.444783] (px4_msgs) StdoutLine: {'line': b'-- Up-to-date symlink: /home/lee/workspace/ros2_ex_mav/install/px4_msgs/include/px4_msgs/px4_msgs/msg/sensor_gyro.hpp\n'}
[0.444802] (px4_msgs) StdoutLine: {'line': b'-- Up-to-date symlink: /home/lee/workspace/ros2_ex_mav/install/px4_msgs/include/px4_msgs/px4_msgs/msg/sensor_gyro_fft.hpp\n'}
[0.444820] (px4_msgs) StdoutLine: {'line': b'-- Up-to-date symlink: /home/lee/workspace/ros2_ex_mav/install/px4_msgs/include/px4_msgs/px4_msgs/msg/sensor_gyro_fifo.hpp\n'}
[0.444838] (px4_msgs) StdoutLine: {'line': b'-- Up-to-date symlink: /home/lee/workspace/ros2_ex_mav/install/px4_msgs/include/px4_msgs/px4_msgs/msg/sensor_hygrometer.hpp\n'}
[0.444856] (px4_msgs) StdoutLine: {'line': b'-- Up-to-date symlink: /home/lee/workspace/ros2_ex_mav/install/px4_msgs/include/px4_msgs/px4_msgs/msg/sensor_mag.hpp\n'}
[0.444875] (px4_msgs) StdoutLine: {'line': b'-- Up-to-date symlink: /home/lee/workspace/ros2_ex_mav/install/px4_msgs/include/px4_msgs/px4_msgs/msg/sensor_optical_flow.hpp\n'}
[0.444893] (px4_msgs) StdoutLine: {'line': b'-- Up-to-date symlink: /home/lee/workspace/ros2_ex_mav/install/px4_msgs/include/px4_msgs/px4_msgs/msg/sensor_preflight_mag.hpp\n'}
[0.444911] (px4_msgs) StdoutLine: {'line': b'-- Up-to-date symlink: /home/lee/workspace/ros2_ex_mav/install/px4_msgs/include/px4_msgs/px4_msgs/msg/sensor_selection.hpp\n'}
[0.444929] (px4_msgs) StdoutLine: {'line': b'-- Up-to-date symlink: /home/lee/workspace/ros2_ex_mav/install/px4_msgs/include/px4_msgs/px4_msgs/msg/sensor_uwb.hpp\n'}
[0.444948] (px4_msgs) StdoutLine: {'line': b'-- Up-to-date symlink: /home/lee/workspace/ros2_ex_mav/install/px4_msgs/include/px4_msgs/px4_msgs/msg/sensors_status.hpp\n'}
[0.444966] (px4_msgs) StdoutLine: {'line': b'-- Up-to-date symlink: /home/lee/workspace/ros2_ex_mav/install/px4_msgs/include/px4_msgs/px4_msgs/msg/sensors_status_imu.hpp\n'}
[0.444984] (px4_msgs) StdoutLine: {'line': b'-- Up-to-date symlink: /home/lee/workspace/ros2_ex_mav/install/px4_msgs/include/px4_msgs/px4_msgs/msg/system_power.hpp\n'}
[0.445002] (px4_msgs) StdoutLine: {'line': b'-- Up-to-date symlink: /home/lee/workspace/ros2_ex_mav/install/px4_msgs/include/px4_msgs/px4_msgs/msg/takeoff_status.hpp\n'}
[0.445021] (px4_msgs) StdoutLine: {'line': b'-- Up-to-date symlink: /home/lee/workspace/ros2_ex_mav/install/px4_msgs/include/px4_msgs/px4_msgs/msg/task_stack_info.hpp\n'}
[0.445039] (px4_msgs) StdoutLine: {'line': b'-- Up-to-date symlink: /home/lee/workspace/ros2_ex_mav/install/px4_msgs/include/px4_msgs/px4_msgs/msg/tecs_status.hpp\n'}
[0.445057] (px4_msgs) StdoutLine: {'line': b'-- Up-to-date symlink: /home/lee/workspace/ros2_ex_mav/install/px4_msgs/include/px4_msgs/px4_msgs/msg/telemetry_status.hpp\n'}
[0.445081] (px4_msgs) StdoutLine: {'line': b'-- Up-to-date symlink: /home/lee/workspace/ros2_ex_mav/install/px4_msgs/include/px4_msgs/px4_msgs/msg/tiltrotor_extra_controls.hpp\n'}
[0.445098] (px4_msgs) StdoutLine: {'line': b'-- Up-to-date symlink: /home/lee/workspace/ros2_ex_mav/install/px4_msgs/include/px4_msgs/px4_msgs/msg/timesync_status.hpp\n'}
[0.445114] (px4_msgs) StdoutLine: {'line': b'-- Up-to-date symlink: /home/lee/workspace/ros2_ex_mav/install/px4_msgs/include/px4_msgs/px4_msgs/msg/trajectory_bezier.hpp\n'}
[0.445130] (px4_msgs) StdoutLine: {'line': b'-- Up-to-date symlink: /home/lee/workspace/ros2_ex_mav/install/px4_msgs/include/px4_msgs/px4_msgs/msg/trajectory_setpoint.hpp\n'}
[0.445147] (px4_msgs) StdoutLine: {'line': b'-- Up-to-date symlink: /home/lee/workspace/ros2_ex_mav/install/px4_msgs/include/px4_msgs/px4_msgs/msg/trajectory_waypoint.hpp\n'}
[0.445163] (px4_msgs) StdoutLine: {'line': b'-- Up-to-date symlink: /home/lee/workspace/ros2_ex_mav/install/px4_msgs/include/px4_msgs/px4_msgs/msg/transponder_report.hpp\n'}
[0.445181] (px4_msgs) StdoutLine: {'line': b'-- Up-to-date symlink: /home/lee/workspace/ros2_ex_mav/install/px4_msgs/include/px4_msgs/px4_msgs/msg/tune_control.hpp\n'}
[0.445199] (px4_msgs) StdoutLine: {'line': b'-- Up-to-date symlink: /home/lee/workspace/ros2_ex_mav/install/px4_msgs/include/px4_msgs/px4_msgs/msg/uavcan_parameter_request.hpp\n'}
[0.445215] (px4_msgs) StdoutLine: {'line': b'-- Up-to-date symlink: /home/lee/workspace/ros2_ex_mav/install/px4_msgs/include/px4_msgs/px4_msgs/msg/uavcan_parameter_value.hpp\n'}
[0.445231] (px4_msgs) StdoutLine: {'line': b'-- Up-to-date symlink: /home/lee/workspace/ros2_ex_mav/install/px4_msgs/include/px4_msgs/px4_msgs/msg/ulog_stream.hpp\n'}
[0.445248] (px4_msgs) StdoutLine: {'line': b'-- Up-to-date symlink: /home/lee/workspace/ros2_ex_mav/install/px4_msgs/include/px4_msgs/px4_msgs/msg/ulog_stream_ack.hpp\n'}
[0.445265] (px4_msgs) StdoutLine: {'line': b'-- Up-to-date symlink: /home/lee/workspace/ros2_ex_mav/install/px4_msgs/include/px4_msgs/px4_msgs/msg/vehicle_acceleration.hpp\n'}
[0.445285] (px4_msgs) StdoutLine: {'line': b'-- Up-to-date symlink: /home/lee/workspace/ros2_ex_mav/install/px4_msgs/include/px4_msgs/px4_msgs/msg/vehicle_air_data.hpp\n'}
[0.445301] (px4_msgs) StdoutLine: {'line': b'-- Up-to-date symlink: /home/lee/workspace/ros2_ex_mav/install/px4_msgs/include/px4_msgs/px4_msgs/msg/vehicle_angular_acceleration_setpoint.hpp\n'}
[0.445318] (px4_msgs) StdoutLine: {'line': b'-- Up-to-date symlink: /home/lee/workspace/ros2_ex_mav/install/px4_msgs/include/px4_msgs/px4_msgs/msg/vehicle_angular_velocity.hpp\n'}
[0.445335] (px4_msgs) StdoutLine: {'line': b'-- Up-to-date symlink: /home/lee/workspace/ros2_ex_mav/install/px4_msgs/include/px4_msgs/px4_msgs/msg/vehicle_attitude.hpp\n'}
[0.445351] (px4_msgs) StdoutLine: {'line': b'-- Up-to-date symlink: /home/lee/workspace/ros2_ex_mav/install/px4_msgs/include/px4_msgs/px4_msgs/msg/vehicle_attitude_setpoint.hpp\n'}
[0.445368] (px4_msgs) StdoutLine: {'line': b'-- Up-to-date symlink: /home/lee/workspace/ros2_ex_mav/install/px4_msgs/include/px4_msgs/px4_msgs/msg/vehicle_command.hpp\n'}
[0.445384] (px4_msgs) StdoutLine: {'line': b'-- Up-to-date symlink: /home/lee/workspace/ros2_ex_mav/install/px4_msgs/include/px4_msgs/px4_msgs/msg/vehicle_command_ack.hpp\n'}
[0.445401] (px4_msgs) StdoutLine: {'line': b'-- Up-to-date symlink: /home/lee/workspace/ros2_ex_mav/install/px4_msgs/include/px4_msgs/px4_msgs/msg/vehicle_constraints.hpp\n'}
[0.445418] (px4_msgs) StdoutLine: {'line': b'-- Up-to-date symlink: /home/lee/workspace/ros2_ex_mav/install/px4_msgs/include/px4_msgs/px4_msgs/msg/vehicle_control_mode.hpp\n'}
[0.445434] (px4_msgs) StdoutLine: {'line': b'-- Up-to-date symlink: /home/lee/workspace/ros2_ex_mav/install/px4_msgs/include/px4_msgs/px4_msgs/msg/vehicle_global_position.hpp\n'}
[0.445450] (px4_msgs) StdoutLine: {'line': b'-- Up-to-date symlink: /home/lee/workspace/ros2_ex_mav/install/px4_msgs/include/px4_msgs/px4_msgs/msg/vehicle_imu.hpp\n'}
[0.445468] (px4_msgs) StdoutLine: {'line': b'-- Up-to-date symlink: /home/lee/workspace/ros2_ex_mav/install/px4_msgs/include/px4_msgs/px4_msgs/msg/vehicle_imu_status.hpp\n'}
[0.445484] (px4_msgs) StdoutLine: {'line': b'-- Up-to-date symlink: /home/lee/workspace/ros2_ex_mav/install/px4_msgs/include/px4_msgs/px4_msgs/msg/vehicle_land_detected.hpp\n'}
[0.445501] (px4_msgs) StdoutLine: {'line': b'-- Up-to-date symlink: /home/lee/workspace/ros2_ex_mav/install/px4_msgs/include/px4_msgs/px4_msgs/msg/vehicle_local_position.hpp\n'}
[0.445517] (px4_msgs) StdoutLine: {'line': b'-- Up-to-date symlink: /home/lee/workspace/ros2_ex_mav/install/px4_msgs/include/px4_msgs/px4_msgs/msg/vehicle_local_position_setpoint.hpp\n'}
[0.445535] (px4_msgs) StdoutLine: {'line': b'-- Up-to-date symlink: /home/lee/workspace/ros2_ex_mav/install/px4_msgs/include/px4_msgs/px4_msgs/msg/vehicle_magnetometer.hpp\n'}
[0.445551] (px4_msgs) StdoutLine: {'line': b'-- Up-to-date symlink: /home/lee/workspace/ros2_ex_mav/install/px4_msgs/include/px4_msgs/px4_msgs/msg/vehicle_odometry.hpp\n'}
[0.445567] (px4_msgs) StdoutLine: {'line': b'-- Up-to-date symlink: /home/lee/workspace/ros2_ex_mav/install/px4_msgs/include/px4_msgs/px4_msgs/msg/vehicle_optical_flow.hpp\n'}
[0.445584] (px4_msgs) StdoutLine: {'line': b'-- Up-to-date symlink: /home/lee/workspace/ros2_ex_mav/install/px4_msgs/include/px4_msgs/px4_msgs/msg/vehicle_optical_flow_vel.hpp\n'}
[0.445600] (px4_msgs) StdoutLine: {'line': b'-- Up-to-date symlink: /home/lee/workspace/ros2_ex_mav/install/px4_msgs/include/px4_msgs/px4_msgs/msg/vehicle_rates_setpoint.hpp\n'}
[0.445616] (px4_msgs) StdoutLine: {'line': b'-- Up-to-date symlink: /home/lee/workspace/ros2_ex_mav/install/px4_msgs/include/px4_msgs/px4_msgs/msg/vehicle_roi.hpp\n'}
[0.445632] (px4_msgs) StdoutLine: {'line': b'-- Up-to-date symlink: /home/lee/workspace/ros2_ex_mav/install/px4_msgs/include/px4_msgs/px4_msgs/msg/vehicle_status.hpp\n'}
[0.445651] (px4_msgs) StdoutLine: {'line': b'-- Up-to-date symlink: /home/lee/workspace/ros2_ex_mav/install/px4_msgs/include/px4_msgs/px4_msgs/msg/vehicle_thrust_setpoint.hpp\n'}
[0.445667] (px4_msgs) StdoutLine: {'line': b'-- Up-to-date symlink: /home/lee/workspace/ros2_ex_mav/install/px4_msgs/include/px4_msgs/px4_msgs/msg/vehicle_torque_setpoint.hpp\n'}
[0.445685] (px4_msgs) StdoutLine: {'line': b'-- Up-to-date symlink: /home/lee/workspace/ros2_ex_mav/install/px4_msgs/include/px4_msgs/px4_msgs/msg/vehicle_trajectory_bezier.hpp\n'}
[0.445701] (px4_msgs) StdoutLine: {'line': b'-- Up-to-date symlink: /home/lee/workspace/ros2_ex_mav/install/px4_msgs/include/px4_msgs/px4_msgs/msg/vehicle_trajectory_waypoint.hpp\n'}
[0.445718] (px4_msgs) StdoutLine: {'line': b'-- Up-to-date symlink: /home/lee/workspace/ros2_ex_mav/install/px4_msgs/include/px4_msgs/px4_msgs/msg/vtol_vehicle_status.hpp\n'}
[0.445734] (px4_msgs) StdoutLine: {'line': b'-- Up-to-date symlink: /home/lee/workspace/ros2_ex_mav/install/px4_msgs/include/px4_msgs/px4_msgs/msg/wind.hpp\n'}
[0.445750] (px4_msgs) StdoutLine: {'line': b'-- Up-to-date symlink: /home/lee/workspace/ros2_ex_mav/install/px4_msgs/include/px4_msgs/px4_msgs/msg/yaw_estimator_status.hpp\n'}
[0.446838] (px4_msgs) StdoutLine: {'line': b'-- Up-to-date symlink: /home/lee/workspace/ros2_ex_mav/install/px4_msgs/include/px4_msgs/px4_msgs/msg/detail/action_request__rosidl_typesupport_fastrtps_cpp.hpp\n'}
[0.446909] (px4_msgs) StdoutLine: {'line': b'-- Up-to-date symlink: /home/lee/workspace/ros2_ex_mav/install/px4_msgs/include/px4_msgs/px4_msgs/msg/detail/actuator_armed__rosidl_typesupport_fastrtps_cpp.hpp\n'}
[0.446941] (px4_msgs) StdoutLine: {'line': b'-- Up-to-date symlink: /home/lee/workspace/ros2_ex_mav/install/px4_msgs/include/px4_msgs/px4_msgs/msg/detail/actuator_controls_status__rosidl_typesupport_fastrtps_cpp.hpp\n'}
[0.446973] (px4_msgs) StdoutLine: {'line': b'-- Up-to-date symlink: /home/lee/workspace/ros2_ex_mav/install/px4_msgs/include/px4_msgs/px4_msgs/msg/detail/actuator_motors__rosidl_typesupport_fastrtps_cpp.hpp\n'}
[0.446992] (px4_msgs) StdoutLine: {'line': b'-- Up-to-date symlink: /home/lee/workspace/ros2_ex_mav/install/px4_msgs/include/px4_msgs/px4_msgs/msg/detail/actuator_outputs__rosidl_typesupport_fastrtps_cpp.hpp\n'}
[0.447018] (px4_msgs) StdoutLine: {'line': b'-- Up-to-date symlink: /home/lee/workspace/ros2_ex_mav/install/px4_msgs/include/px4_msgs/px4_msgs/msg/detail/actuator_servos__rosidl_typesupport_fastrtps_cpp.hpp\n'}
[0.447046] (px4_msgs) StdoutLine: {'line': b'-- Up-to-date symlink: /home/lee/workspace/ros2_ex_mav/install/px4_msgs/include/px4_msgs/px4_msgs/msg/detail/actuator_servos_trim__rosidl_typesupport_fastrtps_cpp.hpp\n'}
[0.447075] (px4_msgs) StdoutLine: {'line': b'-- Up-to-date symlink: /home/lee/workspace/ros2_ex_mav/install/px4_msgs/include/px4_msgs/px4_msgs/msg/detail/actuator_test__rosidl_typesupport_fastrtps_cpp.hpp\n'}
[0.447103] (px4_msgs) StdoutLine: {'line': b'-- Up-to-date symlink: /home/lee/workspace/ros2_ex_mav/install/px4_msgs/include/px4_msgs/px4_msgs/msg/detail/adc_report__rosidl_typesupport_fastrtps_cpp.hpp\n'}
[0.447130] (px4_msgs) StdoutLine: {'line': b'-- Up-to-date symlink: /home/lee/workspace/ros2_ex_mav/install/px4_msgs/include/px4_msgs/px4_msgs/msg/detail/airspeed__rosidl_typesupport_fastrtps_cpp.hpp\n'}
[0.447164] (px4_msgs) StdoutLine: {'line': b'-- Up-to-date symlink: /home/lee/workspace/ros2_ex_mav/install/px4_msgs/include/px4_msgs/px4_msgs/msg/detail/airspeed_validated__rosidl_typesupport_fastrtps_cpp.hpp\n'}
[0.447197] (px4_msgs) StdoutLine: {'line': b'-- Up-to-date symlink: /home/lee/workspace/ros2_ex_mav/install/px4_msgs/include/px4_msgs/px4_msgs/msg/detail/airspeed_wind__rosidl_typesupport_fastrtps_cpp.hpp\n'}
[0.447232] (px4_msgs) StdoutLine: {'line': b'-- Up-to-date symlink: /home/lee/workspace/ros2_ex_mav/install/px4_msgs/include/px4_msgs/px4_msgs/msg/detail/autotune_attitude_control_status__rosidl_typesupport_fastrtps_cpp.hpp\n'}
[0.447265] (px4_msgs) StdoutLine: {'line': b'-- Up-to-date symlink: /home/lee/workspace/ros2_ex_mav/install/px4_msgs/include/px4_msgs/px4_msgs/msg/detail/battery_status__rosidl_typesupport_fastrtps_cpp.hpp\n'}
[0.447298] (px4_msgs) StdoutLine: {'line': b'-- Up-to-date symlink: /home/lee/workspace/ros2_ex_mav/install/px4_msgs/include/px4_msgs/px4_msgs/msg/detail/button_event__rosidl_typesupport_fastrtps_cpp.hpp\n'}
[0.447331] (px4_msgs) StdoutLine: {'line': b'-- Up-to-date symlink: /home/lee/workspace/ros2_ex_mav/install/px4_msgs/include/px4_msgs/px4_msgs/msg/detail/camera_capture__rosidl_typesupport_fastrtps_cpp.hpp\n'}
[0.447363] (px4_msgs) StdoutLine: {'line': b'-- Up-to-date symlink: /home/lee/workspace/ros2_ex_mav/install/px4_msgs/include/px4_msgs/px4_msgs/msg/detail/camera_status__rosidl_typesupport_fastrtps_cpp.hpp\n'}
[0.447396] (px4_msgs) StdoutLine: {'line': b'-- Up-to-date symlink: /home/lee/workspace/ros2_ex_mav/install/px4_msgs/include/px4_msgs/px4_msgs/msg/detail/camera_trigger__rosidl_typesupport_fastrtps_cpp.hpp\n'}
[0.447429] (px4_msgs) StdoutLine: {'line': b'-- Up-to-date symlink: /home/lee/workspace/ros2_ex_mav/install/px4_msgs/include/px4_msgs/px4_msgs/msg/detail/cellular_status__rosidl_typesupport_fastrtps_cpp.hpp\n'}
[0.447465] (px4_msgs) StdoutLine: {'line': b'-- Up-to-date symlink: /home/lee/workspace/ros2_ex_mav/install/px4_msgs/include/px4_msgs/px4_msgs/msg/detail/collision_constraints__rosidl_typesupport_fastrtps_cpp.hpp\n'}
[0.447498] (px4_msgs) StdoutLine: {'line': b'-- Up-to-date symlink: /home/lee/workspace/ros2_ex_mav/install/px4_msgs/include/px4_msgs/px4_msgs/msg/detail/collision_report__rosidl_typesupport_fastrtps_cpp.hpp\n'}
[0.447532] (px4_msgs) StdoutLine: {'line': b'-- Up-to-date symlink: /home/lee/workspace/ros2_ex_mav/install/px4_msgs/include/px4_msgs/px4_msgs/msg/detail/control_allocator_status__rosidl_typesupport_fastrtps_cpp.hpp\n'}
[0.447568] (px4_msgs) StdoutLine: {'line': b'-- Up-to-date symlink: /home/lee/workspace/ros2_ex_mav/install/px4_msgs/include/px4_msgs/px4_msgs/msg/detail/cpuload__rosidl_typesupport_fastrtps_cpp.hpp\n'}
[0.447602] (px4_msgs) StdoutLine: {'line': b'-- Up-to-date symlink: /home/lee/workspace/ros2_ex_mav/install/px4_msgs/include/px4_msgs/px4_msgs/msg/detail/debug_array__rosidl_typesupport_fastrtps_cpp.hpp\n'}
[0.447637] (px4_msgs) StdoutLine: {'line': b'-- Up-to-date symlink: /home/lee/workspace/ros2_ex_mav/install/px4_msgs/include/px4_msgs/px4_msgs/msg/detail/debug_key_value__rosidl_typesupport_fastrtps_cpp.hpp\n'}
[0.447674] (px4_msgs) StdoutLine: {'line': b'-- Up-to-date symlink: /home/lee/workspace/ros2_ex_mav/install/px4_msgs/include/px4_msgs/px4_msgs/msg/detail/debug_value__rosidl_typesupport_fastrtps_cpp.hpp\n'}
[0.447707] (px4_msgs) StdoutLine: {'line': b'-- Up-to-date symlink: /home/lee/workspace/ros2_ex_mav/install/px4_msgs/include/px4_msgs/px4_msgs/msg/detail/debug_vect__rosidl_typesupport_fastrtps_cpp.hpp\n'}
[0.447742] (px4_msgs) StdoutLine: {'line': b'-- Up-to-date symlink: /home/lee/workspace/ros2_ex_mav/install/px4_msgs/include/px4_msgs/px4_msgs/msg/detail/differential_pressure__rosidl_typesupport_fastrtps_cpp.hpp\n'}
[0.447775] (px4_msgs) StdoutLine: {'line': b'-- Up-to-date symlink: /home/lee/workspace/ros2_ex_mav/install/px4_msgs/include/px4_msgs/px4_msgs/msg/detail/distance_sensor__rosidl_typesupport_fastrtps_cpp.hpp\n'}
[0.447807] (px4_msgs) StdoutLine: {'line': b'-- Up-to-date symlink: /home/lee/workspace/ros2_ex_mav/install/px4_msgs/include/px4_msgs/px4_msgs/msg/detail/ekf2_timestamps__rosidl_typesupport_fastrtps_cpp.hpp\n'}
[0.447840] (px4_msgs) StdoutLine: {'line': b'-- Up-to-date symlink: /home/lee/workspace/ros2_ex_mav/install/px4_msgs/include/px4_msgs/px4_msgs/msg/detail/esc_report__rosidl_typesupport_fastrtps_cpp.hpp\n'}
[0.447872] (px4_msgs) StdoutLine: {'line': b'-- Up-to-date symlink: /home/lee/workspace/ros2_ex_mav/install/px4_msgs/include/px4_msgs/px4_msgs/msg/detail/esc_status__rosidl_typesupport_fastrtps_cpp.hpp\n'}
[0.447907] (px4_msgs) StdoutLine: {'line': b'-- Up-to-date symlink: /home/lee/workspace/ros2_ex_mav/install/px4_msgs/include/px4_msgs/px4_msgs/msg/detail/estimator_aid_source1d__rosidl_typesupport_fastrtps_cpp.hpp\n'}
[0.447940] (px4_msgs) StdoutLine: {'line': b'-- Up-to-date symlink: /home/lee/workspace/ros2_ex_mav/install/px4_msgs/include/px4_msgs/px4_msgs/msg/detail/estimator_aid_source2d__rosidl_typesupport_fastrtps_cpp.hpp\n'}
[0.447975] (px4_msgs) StdoutLine: {'line': b'-- Up-to-date symlink: /home/lee/workspace/ros2_ex_mav/install/px4_msgs/include/px4_msgs/px4_msgs/msg/detail/estimator_aid_source3d__rosidl_typesupport_fastrtps_cpp.hpp\n'}
[0.448008] (px4_msgs) StdoutLine: {'line': b'-- Up-to-date symlink: /home/lee/workspace/ros2_ex_mav/install/px4_msgs/include/px4_msgs/px4_msgs/msg/detail/estimator_bias3d__rosidl_typesupport_fastrtps_cpp.hpp\n'}
[0.448040] (px4_msgs) StdoutLine: {'line': b'-- Up-to-date symlink: /home/lee/workspace/ros2_ex_mav/install/px4_msgs/include/px4_msgs/px4_msgs/msg/detail/estimator_bias__rosidl_typesupport_fastrtps_cpp.hpp\n'}
[0.448073] (px4_msgs) StdoutLine: {'line': b'-- Up-to-date symlink: /home/lee/workspace/ros2_ex_mav/install/px4_msgs/include/px4_msgs/px4_msgs/msg/detail/estimator_event_flags__rosidl_typesupport_fastrtps_cpp.hpp\n'}
[0.448106] (px4_msgs) StdoutLine: {'line': b'-- Up-to-date symlink: /home/lee/workspace/ros2_ex_mav/install/px4_msgs/include/px4_msgs/px4_msgs/msg/detail/estimator_gps_status__rosidl_typesupport_fastrtps_cpp.hpp\n'}
[0.448140] (px4_msgs) StdoutLine: {'line': b'-- Up-to-date symlink: /home/lee/workspace/ros2_ex_mav/install/px4_msgs/include/px4_msgs/px4_msgs/msg/detail/estimator_innovations__rosidl_typesupport_fastrtps_cpp.hpp\n'}
[0.448173] (px4_msgs) StdoutLine: {'line': b'-- Up-to-date symlink: /home/lee/workspace/ros2_ex_mav/install/px4_msgs/include/px4_msgs/px4_msgs/msg/detail/estimator_selector_status__rosidl_typesupport_fastrtps_cpp.hpp\n'}
[0.448205] (px4_msgs) StdoutLine: {'line': b'-- Up-to-date symlink: /home/lee/workspace/ros2_ex_mav/install/px4_msgs/include/px4_msgs/px4_msgs/msg/detail/estimator_sensor_bias__rosidl_typesupport_fastrtps_cpp.hpp\n'}
[0.448237] (px4_msgs) StdoutLine: {'line': b'-- Up-to-date symlink: /home/lee/workspace/ros2_ex_mav/install/px4_msgs/include/px4_msgs/px4_msgs/msg/detail/estimator_states__rosidl_typesupport_fastrtps_cpp.hpp\n'}
[0.448269] (px4_msgs) StdoutLine: {'line': b'-- Up-to-date symlink: /home/lee/workspace/ros2_ex_mav/install/px4_msgs/include/px4_msgs/px4_msgs/msg/detail/estimator_status__rosidl_typesupport_fastrtps_cpp.hpp\n'}
[0.448303] (px4_msgs) StdoutLine: {'line': b'-- Up-to-date symlink: /home/lee/workspace/ros2_ex_mav/install/px4_msgs/include/px4_msgs/px4_msgs/msg/detail/estimator_status_flags__rosidl_typesupport_fastrtps_cpp.hpp\n'}
[0.448336] (px4_msgs) StdoutLine: {'line': b'-- Up-to-date symlink: /home/lee/workspace/ros2_ex_mav/install/px4_msgs/include/px4_msgs/px4_msgs/msg/detail/event__rosidl_typesupport_fastrtps_cpp.hpp\n'}
[0.448368] (px4_msgs) StdoutLine: {'line': b'-- Up-to-date symlink: /home/lee/workspace/ros2_ex_mav/install/px4_msgs/include/px4_msgs/px4_msgs/msg/detail/failsafe_flags__rosidl_typesupport_fastrtps_cpp.hpp\n'}
[0.448400] (px4_msgs) StdoutLine: {'line': b'-- Up-to-date symlink: /home/lee/workspace/ros2_ex_mav/install/px4_msgs/include/px4_msgs/px4_msgs/msg/detail/failure_detector_status__rosidl_typesupport_fastrtps_cpp.hpp\n'}
[0.448433] (px4_msgs) StdoutLine: {'line': b'-- Up-to-date symlink: /home/lee/workspace/ros2_ex_mav/install/px4_msgs/include/px4_msgs/px4_msgs/msg/detail/follow_target__rosidl_typesupport_fastrtps_cpp.hpp\n'}
[0.448464] (px4_msgs) StdoutLine: {'line': b'-- Up-to-date symlink: /home/lee/workspace/ros2_ex_mav/install/px4_msgs/include/px4_msgs/px4_msgs/msg/detail/follow_target_estimator__rosidl_typesupport_fastrtps_cpp.hpp\n'}
[0.448496] (px4_msgs) StdoutLine: {'line': b'-- Up-to-date symlink: /home/lee/workspace/ros2_ex_mav/install/px4_msgs/include/px4_msgs/px4_msgs/msg/detail/follow_target_status__rosidl_typesupport_fastrtps_cpp.hpp\n'}
[0.448529] (px4_msgs) StdoutLine: {'line': b'-- Up-to-date symlink: /home/lee/workspace/ros2_ex_mav/install/px4_msgs/include/px4_msgs/px4_msgs/msg/detail/generator_status__rosidl_typesupport_fastrtps_cpp.hpp\n'}
[0.448561] (px4_msgs) StdoutLine: {'line': b'-- Up-to-date symlink: /home/lee/workspace/ros2_ex_mav/install/px4_msgs/include/px4_msgs/px4_msgs/msg/detail/geofence_result__rosidl_typesupport_fastrtps_cpp.hpp\n'}
[0.448592] (px4_msgs) StdoutLine: {'line': b'-- Up-to-date symlink: /home/lee/workspace/ros2_ex_mav/install/px4_msgs/include/px4_msgs/px4_msgs/msg/detail/gimbal_controls__rosidl_typesupport_fastrtps_cpp.hpp\n'}
[0.448626] (px4_msgs) StdoutLine: {'line': b'-- Up-to-date symlink: /home/lee/workspace/ros2_ex_mav/install/px4_msgs/include/px4_msgs/px4_msgs/msg/detail/gimbal_device_attitude_status__rosidl_typesupport_fastrtps_cpp.hpp\n'}
[0.448662] (px4_msgs) StdoutLine: {'line': b'-- Up-to-date symlink: /home/lee/workspace/ros2_ex_mav/install/px4_msgs/include/px4_msgs/px4_msgs/msg/detail/gimbal_device_information__rosidl_typesupport_fastrtps_cpp.hpp\n'}
[0.448695] (px4_msgs) StdoutLine: {'line': b'-- Up-to-date symlink: /home/lee/workspace/ros2_ex_mav/install/px4_msgs/include/px4_msgs/px4_msgs/msg/detail/gimbal_device_set_attitude__rosidl_typesupport_fastrtps_cpp.hpp\n'}
[0.448727] (px4_msgs) StdoutLine: {'line': b'-- Up-to-date symlink: /home/lee/workspace/ros2_ex_mav/install/px4_msgs/include/px4_msgs/px4_msgs/msg/detail/gimbal_manager_information__rosidl_typesupport_fastrtps_cpp.hpp\n'}
[0.448760] (px4_msgs) StdoutLine: {'line': b'-- Up-to-date symlink: /home/lee/workspace/ros2_ex_mav/install/px4_msgs/include/px4_msgs/px4_msgs/msg/detail/gimbal_manager_set_attitude__rosidl_typesupport_fastrtps_cpp.hpp\n'}
[0.448794] (px4_msgs) StdoutLine: {'line': b'-- Up-to-date symlink: /home/lee/workspace/ros2_ex_mav/install/px4_msgs/include/px4_msgs/px4_msgs/msg/detail/gimbal_manager_set_manual_control__rosidl_typesupport_fastrtps_cpp.hpp\n'}
[0.448827] (px4_msgs) StdoutLine: {'line': b'-- Up-to-date symlink: /home/lee/workspace/ros2_ex_mav/install/px4_msgs/include/px4_msgs/px4_msgs/msg/detail/gimbal_manager_status__rosidl_typesupport_fastrtps_cpp.hpp\n'}
[0.448860] (px4_msgs) StdoutLine: {'line': b'-- Up-to-date symlink: /home/lee/workspace/ros2_ex_mav/install/px4_msgs/include/px4_msgs/px4_msgs/msg/detail/gps_dump__rosidl_typesupport_fastrtps_cpp.hpp\n'}
[0.448894] (px4_msgs) StdoutLine: {'line': b'-- Up-to-date symlink: /home/lee/workspace/ros2_ex_mav/install/px4_msgs/include/px4_msgs/px4_msgs/msg/detail/gps_inject_data__rosidl_typesupport_fastrtps_cpp.hpp\n'}
[0.448928] (px4_msgs) StdoutLine: {'line': b'-- Up-to-date symlink: /home/lee/workspace/ros2_ex_mav/install/px4_msgs/include/px4_msgs/px4_msgs/msg/detail/gripper__rosidl_typesupport_fastrtps_cpp.hpp\n'}
[0.448962] (px4_msgs) StdoutLine: {'line': b'-- Up-to-date symlink: /home/lee/workspace/ros2_ex_mav/install/px4_msgs/include/px4_msgs/px4_msgs/msg/detail/health_report__rosidl_typesupport_fastrtps_cpp.hpp\n'}
[0.448996] (px4_msgs) StdoutLine: {'line': b'-- Up-to-date symlink: /home/lee/workspace/ros2_ex_mav/install/px4_msgs/include/px4_msgs/px4_msgs/msg/detail/heater_status__rosidl_typesupport_fastrtps_cpp.hpp\n'}
[0.449029] (px4_msgs) StdoutLine: {'line': b'-- Up-to-date symlink: /home/lee/workspace/ros2_ex_mav/install/px4_msgs/include/px4_msgs/px4_msgs/msg/detail/home_position__rosidl_typesupport_fastrtps_cpp.hpp\n'}
[0.449063] (px4_msgs) StdoutLine: {'line': b'-- Up-to-date symlink: /home/lee/workspace/ros2_ex_mav/install/px4_msgs/include/px4_msgs/px4_msgs/msg/detail/hover_thrust_estimate__rosidl_typesupport_fastrtps_cpp.hpp\n'}
[0.449098] (px4_msgs) StdoutLine: {'line': b'-- Up-to-date symlink: /home/lee/workspace/ros2_ex_mav/install/px4_msgs/include/px4_msgs/px4_msgs/msg/detail/input_rc__rosidl_typesupport_fastrtps_cpp.hpp\n'}
[0.449132] (px4_msgs) StdoutLine: {'line': b'-- Up-to-date symlink: /home/lee/workspace/ros2_ex_mav/install/px4_msgs/include/px4_msgs/px4_msgs/msg/detail/internal_combustion_engine_status__rosidl_typesupport_fastrtps_cpp.hpp\n'}
[0.449166] (px4_msgs) StdoutLine: {'line': b'-- Up-to-date symlink: /home/lee/workspace/ros2_ex_mav/install/px4_msgs/include/px4_msgs/px4_msgs/msg/detail/iridiumsbd_status__rosidl_typesupport_fastrtps_cpp.hpp\n'}
[0.449198] (px4_msgs) StdoutLine: {'line': b'-- Up-to-date symlink: /home/lee/workspace/ros2_ex_mav/install/px4_msgs/include/px4_msgs/px4_msgs/msg/detail/irlock_report__rosidl_typesupport_fastrtps_cpp.hpp\n'}
[0.449232] (px4_msgs) StdoutLine: {'line': b'-- Up-to-date symlink: /home/lee/workspace/ros2_ex_mav/install/px4_msgs/include/px4_msgs/px4_msgs/msg/detail/landing_gear__rosidl_typesupport_fastrtps_cpp.hpp\n'}
[0.449264] (px4_msgs) StdoutLine: {'line': b'-- Up-to-date symlink: /home/lee/workspace/ros2_ex_mav/install/px4_msgs/include/px4_msgs/px4_msgs/msg/detail/landing_gear_wheel__rosidl_typesupport_fastrtps_cpp.hpp\n'}
[0.449298] (px4_msgs) StdoutLine: {'line': b'-- Up-to-date symlink: /home/lee/workspace/ros2_ex_mav/install/px4_msgs/include/px4_msgs/px4_msgs/msg/detail/landing_target_innovations__rosidl_typesupport_fastrtps_cpp.hpp\n'}
[0.449331] (px4_msgs) StdoutLine: {'line': b'-- Up-to-date symlink: /home/lee/workspace/ros2_ex_mav/install/px4_msgs/include/px4_msgs/px4_msgs/msg/detail/landing_target_pose__rosidl_typesupport_fastrtps_cpp.hpp\n'}
[0.449364] (px4_msgs) StdoutLine: {'line': b'-- Up-to-date symlink: /home/lee/workspace/ros2_ex_mav/install/px4_msgs/include/px4_msgs/px4_msgs/msg/detail/launch_detection_status__rosidl_typesupport_fastrtps_cpp.hpp\n'}
[0.449399] (px4_msgs) StdoutLine: {'line': b'-- Up-to-date symlink: /home/lee/workspace/ros2_ex_mav/install/px4_msgs/include/px4_msgs/px4_msgs/msg/detail/led_control__rosidl_typesupport_fastrtps_cpp.hpp\n'}
[0.449431] (px4_msgs) StdoutLine: {'line': b'-- Up-to-date symlink: /home/lee/workspace/ros2_ex_mav/install/px4_msgs/include/px4_msgs/px4_msgs/msg/detail/log_message__rosidl_typesupport_fastrtps_cpp.hpp\n'}
[0.449465] (px4_msgs) StdoutLine: {'line': b'-- Up-to-date symlink: /home/lee/workspace/ros2_ex_mav/install/px4_msgs/include/px4_msgs/px4_msgs/msg/detail/logger_status__rosidl_typesupport_fastrtps_cpp.hpp\n'}
[0.449499] (px4_msgs) StdoutLine: {'line': b'-- Up-to-date symlink: /home/lee/workspace/ros2_ex_mav/install/px4_msgs/include/px4_msgs/px4_msgs/msg/detail/mag_worker_data__rosidl_typesupport_fastrtps_cpp.hpp\n'}
[0.449534] (px4_msgs) StdoutLine: {'line': b'-- Up-to-date symlink: /home/lee/workspace/ros2_ex_mav/install/px4_msgs/include/px4_msgs/px4_msgs/msg/detail/magnetometer_bias_estimate__rosidl_typesupport_fastrtps_cpp.hpp\n'}
[0.449570] (px4_msgs) StdoutLine: {'line': b'-- Up-to-date symlink: /home/lee/workspace/ros2_ex_mav/install/px4_msgs/include/px4_msgs/px4_msgs/msg/detail/manual_control_setpoint__rosidl_typesupport_fastrtps_cpp.hpp\n'}
[0.449603] (px4_msgs) StdoutLine: {'line': b'-- Up-to-date symlink: /home/lee/workspace/ros2_ex_mav/install/px4_msgs/include/px4_msgs/px4_msgs/msg/detail/manual_control_switches__rosidl_typesupport_fastrtps_cpp.hpp\n'}
[0.449637] (px4_msgs) StdoutLine: {'line': b'-- Up-to-date symlink: /home/lee/workspace/ros2_ex_mav/install/px4_msgs/include/px4_msgs/px4_msgs/msg/detail/mavlink_log__rosidl_typesupport_fastrtps_cpp.hpp\n'}
[0.449675] (px4_msgs) StdoutLine: {'line': b'-- Up-to-date symlink: /home/lee/workspace/ros2_ex_mav/install/px4_msgs/include/px4_msgs/px4_msgs/msg/detail/mavlink_tunnel__rosidl_typesupport_fastrtps_cpp.hpp\n'}
[0.449707] (px4_msgs) StdoutLine: {'line': b'-- Up-to-date symlink: /home/lee/workspace/ros2_ex_mav/install/px4_msgs/include/px4_msgs/px4_msgs/msg/detail/mission__rosidl_typesupport_fastrtps_cpp.hpp\n'}
[0.449740] (px4_msgs) StdoutLine: {'line': b'-- Up-to-date symlink: /home/lee/workspace/ros2_ex_mav/install/px4_msgs/include/px4_msgs/px4_msgs/msg/detail/mission_result__rosidl_typesupport_fastrtps_cpp.hpp\n'}
[0.449772] (px4_msgs) StdoutLine: {'line': b'-- Up-to-date symlink: /home/lee/workspace/ros2_ex_mav/install/px4_msgs/include/px4_msgs/px4_msgs/msg/detail/mode_completed__rosidl_typesupport_fastrtps_cpp.hpp\n'}
[0.449806] (px4_msgs) StdoutLine: {'line': b'-- Up-to-date symlink: /home/lee/workspace/ros2_ex_mav/install/px4_msgs/include/px4_msgs/px4_msgs/msg/detail/mount_orientation__rosidl_typesupport_fastrtps_cpp.hpp\n'}
[0.449841] (px4_msgs) StdoutLine: {'line': b'-- Up-to-date symlink: /home/lee/workspace/ros2_ex_mav/install/px4_msgs/include/px4_msgs/px4_msgs/msg/detail/navigator_mission_item__rosidl_typesupport_fastrtps_cpp.hpp\n'}
[0.449875] (px4_msgs) StdoutLine: {'line': b'-- Up-to-date symlink: /home/lee/workspace/ros2_ex_mav/install/px4_msgs/include/px4_msgs/px4_msgs/msg/detail/normalized_unsigned_setpoint__rosidl_typesupport_fastrtps_cpp.hpp\n'}
[0.449909] (px4_msgs) StdoutLine: {'line': b'-- Up-to-date symlink: /home/lee/workspace/ros2_ex_mav/install/px4_msgs/include/px4_msgs/px4_msgs/msg/detail/npfg_status__rosidl_typesupport_fastrtps_cpp.hpp\n'}
[0.449944] (px4_msgs) StdoutLine: {'line': b'-- Up-to-date symlink: /home/lee/workspace/ros2_ex_mav/install/px4_msgs/include/px4_msgs/px4_msgs/msg/detail/obstacle_distance__rosidl_typesupport_fastrtps_cpp.hpp\n'}
[0.449977] (px4_msgs) StdoutLine: {'line': b'-- Up-to-date symlink: /home/lee/workspace/ros2_ex_mav/install/px4_msgs/include/px4_msgs/px4_msgs/msg/detail/offboard_control_mode__rosidl_typesupport_fastrtps_cpp.hpp\n'}
[0.450011] (px4_msgs) StdoutLine: {'line': b'-- Up-to-date symlink: /home/lee/workspace/ros2_ex_mav/install/px4_msgs/include/px4_msgs/px4_msgs/msg/detail/onboard_computer_status__rosidl_typesupport_fastrtps_cpp.hpp\n'}
[0.450045] (px4_msgs) StdoutLine: {'line': b'-- Up-to-date symlink: /home/lee/workspace/ros2_ex_mav/install/px4_msgs/include/px4_msgs/px4_msgs/msg/detail/orb_test__rosidl_typesupport_fastrtps_cpp.hpp\n'}
[0.450077] (px4_msgs) StdoutLine: {'line': b'-- Up-to-date symlink: /home/lee/workspace/ros2_ex_mav/install/px4_msgs/include/px4_msgs/px4_msgs/msg/detail/orb_test_large__rosidl_typesupport_fastrtps_cpp.hpp\n'}
[0.450112] (px4_msgs) StdoutLine: {'line': b'-- Up-to-date symlink: /home/lee/workspace/ros2_ex_mav/install/px4_msgs/include/px4_msgs/px4_msgs/msg/detail/orb_test_medium__rosidl_typesupport_fastrtps_cpp.hpp\n'}
[0.450145] (px4_msgs) StdoutLine: {'line': b'-- Up-to-date symlink: /home/lee/workspace/ros2_ex_mav/install/px4_msgs/include/px4_msgs/px4_msgs/msg/detail/orbit_status__rosidl_typesupport_fastrtps_cpp.hpp\n'}
[0.450179] (px4_msgs) StdoutLine: {'line': b'-- Up-to-date symlink: /home/lee/workspace/ros2_ex_mav/install/px4_msgs/include/px4_msgs/px4_msgs/msg/detail/parameter_update__rosidl_typesupport_fastrtps_cpp.hpp\n'}
[0.450213] (px4_msgs) StdoutLine: {'line': b'-- Up-to-date symlink: /home/lee/workspace/ros2_ex_mav/install/px4_msgs/include/px4_msgs/px4_msgs/msg/detail/ping__rosidl_typesupport_fastrtps_cpp.hpp\n'}
[0.450248] (px4_msgs) StdoutLine: {'line': b'-- Up-to-date symlink: /home/lee/workspace/ros2_ex_mav/install/px4_msgs/include/px4_msgs/px4_msgs/msg/detail/position_controller_landing_status__rosidl_typesupport_fastrtps_cpp.hpp\n'}
[0.450282] (px4_msgs) StdoutLine: {'line': b'-- Up-to-date symlink: /home/lee/workspace/ros2_ex_mav/install/px4_msgs/include/px4_msgs/px4_msgs/msg/detail/position_controller_status__rosidl_typesupport_fastrtps_cpp.hpp\n'}
[0.450316] (px4_msgs) StdoutLine: {'line': b'-- Up-to-date symlink: /home/lee/workspace/ros2_ex_mav/install/px4_msgs/include/px4_msgs/px4_msgs/msg/detail/position_setpoint__rosidl_typesupport_fastrtps_cpp.hpp\n'}
[0.450350] (px4_msgs) StdoutLine: {'line': b'-- Up-to-date symlink: /home/lee/workspace/ros2_ex_mav/install/px4_msgs/include/px4_msgs/px4_msgs/msg/detail/position_setpoint_triplet__rosidl_typesupport_fastrtps_cpp.hpp\n'}
[0.450384] (px4_msgs) StdoutLine: {'line': b'-- Up-to-date symlink: /home/lee/workspace/ros2_ex_mav/install/px4_msgs/include/px4_msgs/px4_msgs/msg/detail/power_button_state__rosidl_typesupport_fastrtps_cpp.hpp\n'}
[0.450418] (px4_msgs) StdoutLine: {'line': b'-- Up-to-date symlink: /home/lee/workspace/ros2_ex_mav/install/px4_msgs/include/px4_msgs/px4_msgs/msg/detail/power_monitor__rosidl_typesupport_fastrtps_cpp.hpp\n'}
[0.450452] (px4_msgs) StdoutLine: {'line': b'-- Up-to-date symlink: /home/lee/workspace/ros2_ex_mav/install/px4_msgs/include/px4_msgs/px4_msgs/msg/detail/pps_capture__rosidl_typesupport_fastrtps_cpp.hpp\n'}
[0.450488] (px4_msgs) StdoutLine: {'line': b'-- Up-to-date symlink: /home/lee/workspace/ros2_ex_mav/install/px4_msgs/include/px4_msgs/px4_msgs/msg/detail/pwm_input__rosidl_typesupport_fastrtps_cpp.hpp\n'}
[0.450522] (px4_msgs) StdoutLine: {'line': b'-- Up-to-date symlink: /home/lee/workspace/ros2_ex_mav/install/px4_msgs/include/px4_msgs/px4_msgs/msg/detail/px4io_status__rosidl_typesupport_fastrtps_cpp.hpp\n'}
[0.450555] (px4_msgs) StdoutLine: {'line': b'-- Up-to-date symlink: /home/lee/workspace/ros2_ex_mav/install/px4_msgs/include/px4_msgs/px4_msgs/msg/detail/qshell_req__rosidl_typesupport_fastrtps_cpp.hpp\n'}
[0.450590] (px4_msgs) StdoutLine: {'line': b'-- Up-to-date symlink: /home/lee/workspace/ros2_ex_mav/install/px4_msgs/include/px4_msgs/px4_msgs/msg/detail/qshell_retval__rosidl_typesupport_fastrtps_cpp.hpp\n'}
[0.450624] (px4_msgs) StdoutLine: {'line': b'-- Up-to-date symlink: /home/lee/workspace/ros2_ex_mav/install/px4_msgs/include/px4_msgs/px4_msgs/msg/detail/radio_status__rosidl_typesupport_fastrtps_cpp.hpp\n'}
[0.450659] (px4_msgs) StdoutLine: {'line': b'-- Up-to-date symlink: /home/lee/workspace/ros2_ex_mav/install/px4_msgs/include/px4_msgs/px4_msgs/msg/detail/rate_ctrl_status__rosidl_typesupport_fastrtps_cpp.hpp\n'}
[0.450693] (px4_msgs) StdoutLine: {'line': b'-- Up-to-date symlink: /home/lee/workspace/ros2_ex_mav/install/px4_msgs/include/px4_msgs/px4_msgs/msg/detail/rc_channels__rosidl_typesupport_fastrtps_cpp.hpp\n'}
[0.450726] (px4_msgs) StdoutLine: {'line': b'-- Up-to-date symlink: /home/lee/workspace/ros2_ex_mav/install/px4_msgs/include/px4_msgs/px4_msgs/msg/detail/rc_parameter_map__rosidl_typesupport_fastrtps_cpp.hpp\n'}
[0.450759] (px4_msgs) StdoutLine: {'line': b'-- Up-to-date symlink: /home/lee/workspace/ros2_ex_mav/install/px4_msgs/include/px4_msgs/px4_msgs/msg/detail/rpm__rosidl_typesupport_fastrtps_cpp.hpp\n'}
[0.450793] (px4_msgs) StdoutLine: {'line': b'-- Up-to-date symlink: /home/lee/workspace/ros2_ex_mav/install/px4_msgs/include/px4_msgs/px4_msgs/msg/detail/rtl_time_estimate__rosidl_typesupport_fastrtps_cpp.hpp\n'}
[0.450826] (px4_msgs) StdoutLine: {'line': b'-- Up-to-date symlink: /home/lee/workspace/ros2_ex_mav/install/px4_msgs/include/px4_msgs/px4_msgs/msg/detail/satellite_info__rosidl_typesupport_fastrtps_cpp.hpp\n'}
[0.450859] (px4_msgs) StdoutLine: {'line': b'-- Up-to-date symlink: /home/lee/workspace/ros2_ex_mav/install/px4_msgs/include/px4_msgs/px4_msgs/msg/detail/sensor_accel__rosidl_typesupport_fastrtps_cpp.hpp\n'}
[0.450893] (px4_msgs) StdoutLine: {'line': b'-- Up-to-date symlink: /home/lee/workspace/ros2_ex_mav/install/px4_msgs/include/px4_msgs/px4_msgs/msg/detail/sensor_accel_fifo__rosidl_typesupport_fastrtps_cpp.hpp\n'}
[0.450927] (px4_msgs) StdoutLine: {'line': b'-- Up-to-date symlink: /home/lee/workspace/ros2_ex_mav/install/px4_msgs/include/px4_msgs/px4_msgs/msg/detail/sensor_baro__rosidl_typesupport_fastrtps_cpp.hpp\n'}
[0.450960] (px4_msgs) StdoutLine: {'line': b'-- Up-to-date symlink: /home/lee/workspace/ros2_ex_mav/install/px4_msgs/include/px4_msgs/px4_msgs/msg/detail/sensor_combined__rosidl_typesupport_fastrtps_cpp.hpp\n'}
[0.450994] (px4_msgs) StdoutLine: {'line': b'-- Up-to-date symlink: /home/lee/workspace/ros2_ex_mav/install/px4_msgs/include/px4_msgs/px4_msgs/msg/detail/sensor_correction__rosidl_typesupport_fastrtps_cpp.hpp\n'}
[0.451027] (px4_msgs) StdoutLine: {'line': b'-- Up-to-date symlink: /home/lee/workspace/ros2_ex_mav/install/px4_msgs/include/px4_msgs/px4_msgs/msg/detail/sensor_gnss_relative__rosidl_typesupport_fastrtps_cpp.hpp\n'}
[0.451060] (px4_msgs) StdoutLine: {'line': b'-- Up-to-date symlink: /home/lee/workspace/ros2_ex_mav/install/px4_msgs/include/px4_msgs/px4_msgs/msg/detail/sensor_gps__rosidl_typesupport_fastrtps_cpp.hpp\n'}
[0.451094] (px4_msgs) StdoutLine: {'line': b'-- Up-to-date symlink: /home/lee/workspace/ros2_ex_mav/install/px4_msgs/include/px4_msgs/px4_msgs/msg/detail/sensor_gyro__rosidl_typesupport_fastrtps_cpp.hpp\n'}
[0.451126] (px4_msgs) StdoutLine: {'line': b'-- Up-to-date symlink: /home/lee/workspace/ros2_ex_mav/install/px4_msgs/include/px4_msgs/px4_msgs/msg/detail/sensor_gyro_fft__rosidl_typesupport_fastrtps_cpp.hpp\n'}
[0.451159] (px4_msgs) StdoutLine: {'line': b'-- Up-to-date symlink: /home/lee/workspace/ros2_ex_mav/install/px4_msgs/include/px4_msgs/px4_msgs/msg/detail/sensor_gyro_fifo__rosidl_typesupport_fastrtps_cpp.hpp\n'}
[0.451193] (px4_msgs) StdoutLine: {'line': b'-- Up-to-date symlink: /home/lee/workspace/ros2_ex_mav/install/px4_msgs/include/px4_msgs/px4_msgs/msg/detail/sensor_hygrometer__rosidl_typesupport_fastrtps_cpp.hpp\n'}
[0.451225] (px4_msgs) StdoutLine: {'line': b'-- Up-to-date symlink: /home/lee/workspace/ros2_ex_mav/install/px4_msgs/include/px4_msgs/px4_msgs/msg/detail/sensor_mag__rosidl_typesupport_fastrtps_cpp.hpp\n'}
[0.451258] (px4_msgs) StdoutLine: {'line': b'-- Up-to-date symlink: /home/lee/workspace/ros2_ex_mav/install/px4_msgs/include/px4_msgs/px4_msgs/msg/detail/sensor_optical_flow__rosidl_typesupport_fastrtps_cpp.hpp\n'}
[0.451292] (px4_msgs) StdoutLine: {'line': b'-- Up-to-date symlink: /home/lee/workspace/ros2_ex_mav/install/px4_msgs/include/px4_msgs/px4_msgs/msg/detail/sensor_preflight_mag__rosidl_typesupport_fastrtps_cpp.hpp\n'}
[0.451327] (px4_msgs) StdoutLine: {'line': b'-- Up-to-date symlink: /home/lee/workspace/ros2_ex_mav/install/px4_msgs/include/px4_msgs/px4_msgs/msg/detail/sensor_selection__rosidl_typesupport_fastrtps_cpp.hpp\n'}
[0.451360] (px4_msgs) StdoutLine: {'line': b'-- Up-to-date symlink: /home/lee/workspace/ros2_ex_mav/install/px4_msgs/include/px4_msgs/px4_msgs/msg/detail/sensor_uwb__rosidl_typesupport_fastrtps_cpp.hpp\n'}
[0.451393] (px4_msgs) StdoutLine: {'line': b'-- Up-to-date symlink: /home/lee/workspace/ros2_ex_mav/install/px4_msgs/include/px4_msgs/px4_msgs/msg/detail/sensors_status__rosidl_typesupport_fastrtps_cpp.hpp\n'}
[0.451426] (px4_msgs) StdoutLine: {'line': b'-- Up-to-date symlink: /home/lee/workspace/ros2_ex_mav/install/px4_msgs/include/px4_msgs/px4_msgs/msg/detail/sensors_status_imu__rosidl_typesupport_fastrtps_cpp.hpp\n'}
[0.451459] (px4_msgs) StdoutLine: {'line': b'-- Up-to-date symlink: /home/lee/workspace/ros2_ex_mav/install/px4_msgs/include/px4_msgs/px4_msgs/msg/detail/system_power__rosidl_typesupport_fastrtps_cpp.hpp\n'}
[0.451492] (px4_msgs) StdoutLine: {'line': b'-- Up-to-date symlink: /home/lee/workspace/ros2_ex_mav/install/px4_msgs/include/px4_msgs/px4_msgs/msg/detail/takeoff_status__rosidl_typesupport_fastrtps_cpp.hpp\n'}
[0.451524] (px4_msgs) StdoutLine: {'line': b'-- Up-to-date symlink: /home/lee/workspace/ros2_ex_mav/install/px4_msgs/include/px4_msgs/px4_msgs/msg/detail/task_stack_info__rosidl_typesupport_fastrtps_cpp.hpp\n'}
[0.451557] (px4_msgs) StdoutLine: {'line': b'-- Up-to-date symlink: /home/lee/workspace/ros2_ex_mav/install/px4_msgs/include/px4_msgs/px4_msgs/msg/detail/tecs_status__rosidl_typesupport_fastrtps_cpp.hpp\n'}
[0.451589] (px4_msgs) StdoutLine: {'line': b'-- Up-to-date symlink: /home/lee/workspace/ros2_ex_mav/install/px4_msgs/include/px4_msgs/px4_msgs/msg/detail/telemetry_status__rosidl_typesupport_fastrtps_cpp.hpp\n'}
[0.451623] (px4_msgs) StdoutLine: {'line': b'-- Up-to-date symlink: /home/lee/workspace/ros2_ex_mav/install/px4_msgs/include/px4_msgs/px4_msgs/msg/detail/tiltrotor_extra_controls__rosidl_typesupport_fastrtps_cpp.hpp\n'}
[0.451657] (px4_msgs) StdoutLine: {'line': b'-- Up-to-date symlink: /home/lee/workspace/ros2_ex_mav/install/px4_msgs/include/px4_msgs/px4_msgs/msg/detail/timesync_status__rosidl_typesupport_fastrtps_cpp.hpp\n'}
[0.451691] (px4_msgs) StdoutLine: {'line': b'-- Up-to-date symlink: /home/lee/workspace/ros2_ex_mav/install/px4_msgs/include/px4_msgs/px4_msgs/msg/detail/trajectory_bezier__rosidl_typesupport_fastrtps_cpp.hpp\n'}
[0.451725] (px4_msgs) StdoutLine: {'line': b'-- Up-to-date symlink: /home/lee/workspace/ros2_ex_mav/install/px4_msgs/include/px4_msgs/px4_msgs/msg/detail/trajectory_setpoint__rosidl_typesupport_fastrtps_cpp.hpp\n'}
[0.451757] (px4_msgs) StdoutLine: {'line': b'-- Up-to-date symlink: /home/lee/workspace/ros2_ex_mav/install/px4_msgs/include/px4_msgs/px4_msgs/msg/detail/trajectory_waypoint__rosidl_typesupport_fastrtps_cpp.hpp\n'}
[0.451789] (px4_msgs) StdoutLine: {'line': b'-- Up-to-date symlink: /home/lee/workspace/ros2_ex_mav/install/px4_msgs/include/px4_msgs/px4_msgs/msg/detail/transponder_report__rosidl_typesupport_fastrtps_cpp.hpp\n'}
[0.451822] (px4_msgs) StdoutLine: {'line': b'-- Up-to-date symlink: /home/lee/workspace/ros2_ex_mav/install/px4_msgs/include/px4_msgs/px4_msgs/msg/detail/tune_control__rosidl_typesupport_fastrtps_cpp.hpp\n'}
[0.451854] (px4_msgs) StdoutLine: {'line': b'-- Up-to-date symlink: /home/lee/workspace/ros2_ex_mav/install/px4_msgs/include/px4_msgs/px4_msgs/msg/detail/uavcan_parameter_request__rosidl_typesupport_fastrtps_cpp.hpp\n'}
[0.451888] (px4_msgs) StdoutLine: {'line': b'-- Up-to-date symlink: /home/lee/workspace/ros2_ex_mav/install/px4_msgs/include/px4_msgs/px4_msgs/msg/detail/uavcan_parameter_value__rosidl_typesupport_fastrtps_cpp.hpp\n'}
[0.451921] (px4_msgs) StdoutLine: {'line': b'-- Up-to-date symlink: /home/lee/workspace/ros2_ex_mav/install/px4_msgs/include/px4_msgs/px4_msgs/msg/detail/ulog_stream__rosidl_typesupport_fastrtps_cpp.hpp\n'}
[0.451985] (px4_msgs) StdoutLine: {'line': b'-- Up-to-date symlink: /home/lee/workspace/ros2_ex_mav/install/px4_msgs/include/px4_msgs/px4_msgs/msg/detail/ulog_stream_ack__rosidl_typesupport_fastrtps_cpp.hpp\n'}
[0.452023] (px4_msgs) StdoutLine: {'line': b'-- Up-to-date symlink: /home/lee/workspace/ros2_ex_mav/install/px4_msgs/include/px4_msgs/px4_msgs/msg/detail/vehicle_acceleration__rosidl_typesupport_fastrtps_cpp.hpp\n'}
[0.452064] (px4_msgs) StdoutLine: {'line': b'-- Up-to-date symlink: /home/lee/workspace/ros2_ex_mav/install/px4_msgs/include/px4_msgs/px4_msgs/msg/detail/vehicle_air_data__rosidl_typesupport_fastrtps_cpp.hpp\n'}
[0.452085] (px4_msgs) StdoutLine: {'line': b'-- Up-to-date symlink: /home/lee/workspace/ros2_ex_mav/install/px4_msgs/include/px4_msgs/px4_msgs/msg/detail/vehicle_angular_acceleration_setpoint__rosidl_typesupport_fastrtps_cpp.hpp\n'}
[0.452125] (px4_msgs) StdoutLine: {'line': b'-- Up-to-date symlink: /home/lee/workspace/ros2_ex_mav/install/px4_msgs/include/px4_msgs/px4_msgs/msg/detail/vehicle_angular_velocity__rosidl_typesupport_fastrtps_cpp.hpp\n'}
[0.452144] (px4_msgs) StdoutLine: {'line': b'-- Up-to-date symlink: /home/lee/workspace/ros2_ex_mav/install/px4_msgs/include/px4_msgs/px4_msgs/msg/detail/vehicle_attitude__rosidl_typesupport_fastrtps_cpp.hpp\n'}
[0.452179] (px4_msgs) StdoutLine: {'line': b'-- Up-to-date symlink: /home/lee/workspace/ros2_ex_mav/install/px4_msgs/include/px4_msgs/px4_msgs/msg/detail/vehicle_attitude_setpoint__rosidl_typesupport_fastrtps_cpp.hpp\n'}
[0.452213] (px4_msgs) StdoutLine: {'line': b'-- Up-to-date symlink: /home/lee/workspace/ros2_ex_mav/install/px4_msgs/include/px4_msgs/px4_msgs/msg/detail/vehicle_command__rosidl_typesupport_fastrtps_cpp.hpp\n'}
[0.452246] (px4_msgs) StdoutLine: {'line': b'-- Up-to-date symlink: /home/lee/workspace/ros2_ex_mav/install/px4_msgs/include/px4_msgs/px4_msgs/msg/detail/vehicle_command_ack__rosidl_typesupport_fastrtps_cpp.hpp\n'}
[0.452280] (px4_msgs) StdoutLine: {'line': b'-- Up-to-date symlink: /home/lee/workspace/ros2_ex_mav/install/px4_msgs/include/px4_msgs/px4_msgs/msg/detail/vehicle_constraints__rosidl_typesupport_fastrtps_cpp.hpp\n'}
[0.452310] (px4_msgs) StdoutLine: {'line': b'-- Up-to-date symlink: /home/lee/workspace/ros2_ex_mav/install/px4_msgs/include/px4_msgs/px4_msgs/msg/detail/vehicle_control_mode__rosidl_typesupport_fastrtps_cpp.hpp\n'}
[0.452343] (px4_msgs) StdoutLine: {'line': b'-- Up-to-date symlink: /home/lee/workspace/ros2_ex_mav/install/px4_msgs/include/px4_msgs/px4_msgs/msg/detail/vehicle_global_position__rosidl_typesupport_fastrtps_cpp.hpp\n'}
[0.452378] (px4_msgs) StdoutLine: {'line': b'-- Up-to-date symlink: /home/lee/workspace/ros2_ex_mav/install/px4_msgs/include/px4_msgs/px4_msgs/msg/detail/vehicle_imu__rosidl_typesupport_fastrtps_cpp.hpp\n'}
[0.452413] (px4_msgs) StdoutLine: {'line': b'-- Up-to-date symlink: /home/lee/workspace/ros2_ex_mav/install/px4_msgs/include/px4_msgs/px4_msgs/msg/detail/vehicle_imu_status__rosidl_typesupport_fastrtps_cpp.hpp\n'}
[0.452447] (px4_msgs) StdoutLine: {'line': b'-- Up-to-date symlink: /home/lee/workspace/ros2_ex_mav/install/px4_msgs/include/px4_msgs/px4_msgs/msg/detail/vehicle_land_detected__rosidl_typesupport_fastrtps_cpp.hpp\n'}
[0.452480] (px4_msgs) StdoutLine: {'line': b'-- Up-to-date symlink: /home/lee/workspace/ros2_ex_mav/install/px4_msgs/include/px4_msgs/px4_msgs/msg/detail/vehicle_local_position__rosidl_typesupport_fastrtps_cpp.hpp\n'}
[0.452514] (px4_msgs) StdoutLine: {'line': b'-- Up-to-date symlink: /home/lee/workspace/ros2_ex_mav/install/px4_msgs/include/px4_msgs/px4_msgs/msg/detail/vehicle_local_position_setpoint__rosidl_typesupport_fastrtps_cpp.hpp\n'}
[0.452548] (px4_msgs) StdoutLine: {'line': b'-- Up-to-date symlink: /home/lee/workspace/ros2_ex_mav/install/px4_msgs/include/px4_msgs/px4_msgs/msg/detail/vehicle_magnetometer__rosidl_typesupport_fastrtps_cpp.hpp\n'}
[0.452580] (px4_msgs) StdoutLine: {'line': b'-- Up-to-date symlink: /home/lee/workspace/ros2_ex_mav/install/px4_msgs/include/px4_msgs/px4_msgs/msg/detail/vehicle_odometry__rosidl_typesupport_fastrtps_cpp.hpp\n'}
[0.452614] (px4_msgs) StdoutLine: {'line': b'-- Up-to-date symlink: /home/lee/workspace/ros2_ex_mav/install/px4_msgs/include/px4_msgs/px4_msgs/msg/detail/vehicle_optical_flow__rosidl_typesupport_fastrtps_cpp.hpp\n'}
[0.452649] (px4_msgs) StdoutLine: {'line': b'-- Up-to-date symlink: /home/lee/workspace/ros2_ex_mav/install/px4_msgs/include/px4_msgs/px4_msgs/msg/detail/vehicle_optical_flow_vel__rosidl_typesupport_fastrtps_cpp.hpp\n'}
[0.452685] (px4_msgs) StdoutLine: {'line': b'-- Up-to-date symlink: /home/lee/workspace/ros2_ex_mav/install/px4_msgs/include/px4_msgs/px4_msgs/msg/detail/vehicle_rates_setpoint__rosidl_typesupport_fastrtps_cpp.hpp\n'}
[0.452718] (px4_msgs) StdoutLine: {'line': b'-- Up-to-date symlink: /home/lee/workspace/ros2_ex_mav/install/px4_msgs/include/px4_msgs/px4_msgs/msg/detail/vehicle_roi__rosidl_typesupport_fastrtps_cpp.hpp\n'}
[0.452751] (px4_msgs) StdoutLine: {'line': b'-- Up-to-date symlink: /home/lee/workspace/ros2_ex_mav/install/px4_msgs/include/px4_msgs/px4_msgs/msg/detail/vehicle_status__rosidl_typesupport_fastrtps_cpp.hpp\n'}
[0.452784] (px4_msgs) StdoutLine: {'line': b'-- Up-to-date symlink: /home/lee/workspace/ros2_ex_mav/install/px4_msgs/include/px4_msgs/px4_msgs/msg/detail/vehicle_thrust_setpoint__rosidl_typesupport_fastrtps_cpp.hpp\n'}
[0.452816] (px4_msgs) StdoutLine: {'line': b'-- Up-to-date symlink: /home/lee/workspace/ros2_ex_mav/install/px4_msgs/include/px4_msgs/px4_msgs/msg/detail/vehicle_torque_setpoint__rosidl_typesupport_fastrtps_cpp.hpp\n'}
[0.452844] (px4_msgs) StdoutLine: {'line': b'-- Up-to-date symlink: /home/lee/workspace/ros2_ex_mav/install/px4_msgs/include/px4_msgs/px4_msgs/msg/detail/vehicle_trajectory_bezier__rosidl_typesupport_fastrtps_cpp.hpp\n'}
[0.452877] (px4_msgs) StdoutLine: {'line': b'-- Up-to-date symlink: /home/lee/workspace/ros2_ex_mav/install/px4_msgs/include/px4_msgs/px4_msgs/msg/detail/vehicle_trajectory_waypoint__rosidl_typesupport_fastrtps_cpp.hpp\n'}
[0.452910] (px4_msgs) StdoutLine: {'line': b'-- Up-to-date symlink: /home/lee/workspace/ros2_ex_mav/install/px4_msgs/include/px4_msgs/px4_msgs/msg/detail/vtol_vehicle_status__rosidl_typesupport_fastrtps_cpp.hpp\n'}
[0.452947] (px4_msgs) StdoutLine: {'line': b'-- Up-to-date symlink: /home/lee/workspace/ros2_ex_mav/install/px4_msgs/include/px4_msgs/px4_msgs/msg/detail/wind__rosidl_typesupport_fastrtps_cpp.hpp\n'}
[0.452982] (px4_msgs) StdoutLine: {'line': b'-- Up-to-date symlink: /home/lee/workspace/ros2_ex_mav/install/px4_msgs/include/px4_msgs/px4_msgs/msg/detail/yaw_estimator_status__rosidl_typesupport_fastrtps_cpp.hpp\n'}
[0.453014] (px4_msgs) StdoutLine: {'line': b'-- Up-to-date symlink: /home/lee/workspace/ros2_ex_mav/install/px4_msgs/include/px4_msgs/px4_msgs/msg/rosidl_typesupport_fastrtps_cpp__visibility_control.h\n'}
[0.454016] (px4_msgs) StdoutLine: {'line': b'-- Up-to-date symlink: /home/lee/workspace/ros2_ex_mav/install/px4_msgs/include/px4_msgs/px4_msgs/msg/detail/action_request__rosidl_typesupport_introspection_c.h\n'}
[0.454054] (px4_msgs) StdoutLine: {'line': b'-- Up-to-date symlink: /home/lee/workspace/ros2_ex_mav/install/px4_msgs/include/px4_msgs/px4_msgs/msg/detail/actuator_armed__rosidl_typesupport_introspection_c.h\n'}
[0.454086] (px4_msgs) StdoutLine: {'line': b'-- Up-to-date symlink: /home/lee/workspace/ros2_ex_mav/install/px4_msgs/include/px4_msgs/px4_msgs/msg/detail/actuator_controls_status__rosidl_typesupport_introspection_c.h\n'}
[0.454120] (px4_msgs) StdoutLine: {'line': b'-- Up-to-date symlink: /home/lee/workspace/ros2_ex_mav/install/px4_msgs/include/px4_msgs/px4_msgs/msg/detail/actuator_motors__rosidl_typesupport_introspection_c.h\n'}
[0.454154] (px4_msgs) StdoutLine: {'line': b'-- Up-to-date symlink: /home/lee/workspace/ros2_ex_mav/install/px4_msgs/include/px4_msgs/px4_msgs/msg/detail/actuator_outputs__rosidl_typesupport_introspection_c.h\n'}
[0.454186] (px4_msgs) StdoutLine: {'line': b'-- Up-to-date symlink: /home/lee/workspace/ros2_ex_mav/install/px4_msgs/include/px4_msgs/px4_msgs/msg/detail/actuator_servos__rosidl_typesupport_introspection_c.h\n'}
[0.454218] (px4_msgs) StdoutLine: {'line': b'-- Up-to-date symlink: /home/lee/workspace/ros2_ex_mav/install/px4_msgs/include/px4_msgs/px4_msgs/msg/detail/actuator_servos_trim__rosidl_typesupport_introspection_c.h\n'}
[0.454251] (px4_msgs) StdoutLine: {'line': b'-- Up-to-date symlink: /home/lee/workspace/ros2_ex_mav/install/px4_msgs/include/px4_msgs/px4_msgs/msg/detail/actuator_test__rosidl_typesupport_introspection_c.h\n'}
[0.454285] (px4_msgs) StdoutLine: {'line': b'-- Up-to-date symlink: /home/lee/workspace/ros2_ex_mav/install/px4_msgs/include/px4_msgs/px4_msgs/msg/detail/adc_report__rosidl_typesupport_introspection_c.h\n'}
[0.454321] (px4_msgs) StdoutLine: {'line': b'-- Up-to-date symlink: /home/lee/workspace/ros2_ex_mav/install/px4_msgs/include/px4_msgs/px4_msgs/msg/detail/airspeed__rosidl_typesupport_introspection_c.h\n'}
[0.454356] (px4_msgs) StdoutLine: {'line': b'-- Up-to-date symlink: /home/lee/workspace/ros2_ex_mav/install/px4_msgs/include/px4_msgs/px4_msgs/msg/detail/airspeed_validated__rosidl_typesupport_introspection_c.h\n'}
[0.454390] (px4_msgs) StdoutLine: {'line': b'-- Up-to-date symlink: /home/lee/workspace/ros2_ex_mav/install/px4_msgs/include/px4_msgs/px4_msgs/msg/detail/airspeed_wind__rosidl_typesupport_introspection_c.h\n'}
[0.454424] (px4_msgs) StdoutLine: {'line': b'-- Up-to-date symlink: /home/lee/workspace/ros2_ex_mav/install/px4_msgs/include/px4_msgs/px4_msgs/msg/detail/autotune_attitude_control_status__rosidl_typesupport_introspection_c.h\n'}
[0.454459] (px4_msgs) StdoutLine: {'line': b'-- Up-to-date symlink: /home/lee/workspace/ros2_ex_mav/install/px4_msgs/include/px4_msgs/px4_msgs/msg/detail/battery_status__rosidl_typesupport_introspection_c.h\n'}
[0.454492] (px4_msgs) StdoutLine: {'line': b'-- Up-to-date symlink: /home/lee/workspace/ros2_ex_mav/install/px4_msgs/include/px4_msgs/px4_msgs/msg/detail/button_event__rosidl_typesupport_introspection_c.h\n'}
[0.454525] (px4_msgs) StdoutLine: {'line': b'-- Up-to-date symlink: /home/lee/workspace/ros2_ex_mav/install/px4_msgs/include/px4_msgs/px4_msgs/msg/detail/camera_capture__rosidl_typesupport_introspection_c.h\n'}
[0.454560] (px4_msgs) StdoutLine: {'line': b'-- Up-to-date symlink: /home/lee/workspace/ros2_ex_mav/install/px4_msgs/include/px4_msgs/px4_msgs/msg/detail/camera_status__rosidl_typesupport_introspection_c.h\n'}
[0.454591] (px4_msgs) StdoutLine: {'line': b'-- Up-to-date symlink: /home/lee/workspace/ros2_ex_mav/install/px4_msgs/include/px4_msgs/px4_msgs/msg/detail/camera_trigger__rosidl_typesupport_introspection_c.h\n'}
[0.454624] (px4_msgs) StdoutLine: {'line': b'-- Up-to-date symlink: /home/lee/workspace/ros2_ex_mav/install/px4_msgs/include/px4_msgs/px4_msgs/msg/detail/cellular_status__rosidl_typesupport_introspection_c.h\n'}
[0.454659] (px4_msgs) StdoutLine: {'line': b'-- Up-to-date symlink: /home/lee/workspace/ros2_ex_mav/install/px4_msgs/include/px4_msgs/px4_msgs/msg/detail/collision_constraints__rosidl_typesupport_introspection_c.h\n'}
[0.454692] (px4_msgs) StdoutLine: {'line': b'-- Up-to-date symlink: /home/lee/workspace/ros2_ex_mav/install/px4_msgs/include/px4_msgs/px4_msgs/msg/detail/collision_report__rosidl_typesupport_introspection_c.h\n'}
[0.454724] (px4_msgs) StdoutLine: {'line': b'-- Up-to-date symlink: /home/lee/workspace/ros2_ex_mav/install/px4_msgs/include/px4_msgs/px4_msgs/msg/detail/control_allocator_status__rosidl_typesupport_introspection_c.h\n'}
[0.454759] (px4_msgs) StdoutLine: {'line': b'-- Up-to-date symlink: /home/lee/workspace/ros2_ex_mav/install/px4_msgs/include/px4_msgs/px4_msgs/msg/detail/cpuload__rosidl_typesupport_introspection_c.h\n'}
[0.454791] (px4_msgs) StdoutLine: {'line': b'-- Up-to-date symlink: /home/lee/workspace/ros2_ex_mav/install/px4_msgs/include/px4_msgs/px4_msgs/msg/detail/debug_array__rosidl_typesupport_introspection_c.h\n'}
[0.454823] (px4_msgs) StdoutLine: {'line': b'-- Up-to-date symlink: /home/lee/workspace/ros2_ex_mav/install/px4_msgs/include/px4_msgs/px4_msgs/msg/detail/debug_key_value__rosidl_typesupport_introspection_c.h\n'}
[0.454856] (px4_msgs) StdoutLine: {'line': b'-- Up-to-date symlink: /home/lee/workspace/ros2_ex_mav/install/px4_msgs/include/px4_msgs/px4_msgs/msg/detail/debug_value__rosidl_typesupport_introspection_c.h\n'}
[0.454889] (px4_msgs) StdoutLine: {'line': b'-- Up-to-date symlink: /home/lee/workspace/ros2_ex_mav/install/px4_msgs/include/px4_msgs/px4_msgs/msg/detail/debug_vect__rosidl_typesupport_introspection_c.h\n'}
[0.454922] (px4_msgs) StdoutLine: {'line': b'-- Up-to-date symlink: /home/lee/workspace/ros2_ex_mav/install/px4_msgs/include/px4_msgs/px4_msgs/msg/detail/differential_pressure__rosidl_typesupport_introspection_c.h\n'}
[0.454955] (px4_msgs) StdoutLine: {'line': b'-- Up-to-date symlink: /home/lee/workspace/ros2_ex_mav/install/px4_msgs/include/px4_msgs/px4_msgs/msg/detail/distance_sensor__rosidl_typesupport_introspection_c.h\n'}
[0.454988] (px4_msgs) StdoutLine: {'line': b'-- Up-to-date symlink: /home/lee/workspace/ros2_ex_mav/install/px4_msgs/include/px4_msgs/px4_msgs/msg/detail/ekf2_timestamps__rosidl_typesupport_introspection_c.h\n'}
[0.455023] (px4_msgs) StdoutLine: {'line': b'-- Up-to-date symlink: /home/lee/workspace/ros2_ex_mav/install/px4_msgs/include/px4_msgs/px4_msgs/msg/detail/esc_report__rosidl_typesupport_introspection_c.h\n'}
[0.455144] (px4_msgs) StdoutLine: {'line': b'-- Up-to-date symlink: /home/lee/workspace/ros2_ex_mav/install/px4_msgs/include/px4_msgs/px4_msgs/msg/detail/esc_status__rosidl_typesupport_introspection_c.h\n'}
[0.455166] (px4_msgs) StdoutLine: {'line': b'-- Up-to-date symlink: /home/lee/workspace/ros2_ex_mav/install/px4_msgs/include/px4_msgs/px4_msgs/msg/detail/estimator_aid_source1d__rosidl_typesupport_introspection_c.h\n'}
[0.455186] (px4_msgs) StdoutLine: {'line': b'-- Up-to-date symlink: /home/lee/workspace/ros2_ex_mav/install/px4_msgs/include/px4_msgs/px4_msgs/msg/detail/estimator_aid_source2d__rosidl_typesupport_introspection_c.h\n'}
[0.455313] (px4_msgs) StdoutLine: {'line': b'-- Up-to-date symlink: /home/lee/workspace/ros2_ex_mav/install/px4_msgs/include/px4_msgs/px4_msgs/msg/detail/estimator_aid_source3d__rosidl_typesupport_introspection_c.h\n'}
[0.455358] (px4_msgs) StdoutLine: {'line': b'-- Up-to-date symlink: /home/lee/workspace/ros2_ex_mav/install/px4_msgs/include/px4_msgs/px4_msgs/msg/detail/estimator_bias3d__rosidl_typesupport_introspection_c.h\n'}
[0.455380] (px4_msgs) StdoutLine: {'line': b'-- Up-to-date symlink: /home/lee/workspace/ros2_ex_mav/install/px4_msgs/include/px4_msgs/px4_msgs/msg/detail/estimator_bias__rosidl_typesupport_introspection_c.h\n'}
[0.455410] (px4_msgs) StdoutLine: {'line': b'-- Up-to-date symlink: /home/lee/workspace/ros2_ex_mav/install/px4_msgs/include/px4_msgs/px4_msgs/msg/detail/estimator_event_flags__rosidl_typesupport_introspection_c.h\n'}
[0.455432] (px4_msgs) StdoutLine: {'line': b'-- Up-to-date symlink: /home/lee/workspace/ros2_ex_mav/install/px4_msgs/include/px4_msgs/px4_msgs/msg/detail/estimator_gps_status__rosidl_typesupport_introspection_c.h\n'}
[0.455460] (px4_msgs) StdoutLine: {'line': b'-- Up-to-date symlink: /home/lee/workspace/ros2_ex_mav/install/px4_msgs/include/px4_msgs/px4_msgs/msg/detail/estimator_innovations__rosidl_typesupport_introspection_c.h\n'}
[0.455480] (px4_msgs) StdoutLine: {'line': b'-- Up-to-date symlink: /home/lee/workspace/ros2_ex_mav/install/px4_msgs/include/px4_msgs/px4_msgs/msg/detail/estimator_selector_status__rosidl_typesupport_introspection_c.h\n'}
[0.455500] (px4_msgs) StdoutLine: {'line': b'-- Up-to-date symlink: /home/lee/workspace/ros2_ex_mav/install/px4_msgs/include/px4_msgs/px4_msgs/msg/detail/estimator_sensor_bias__rosidl_typesupport_introspection_c.h\n'}
[0.455541] (px4_msgs) StdoutLine: {'line': b'-- Up-to-date symlink: /home/lee/workspace/ros2_ex_mav/install/px4_msgs/include/px4_msgs/px4_msgs/msg/detail/estimator_states__rosidl_typesupport_introspection_c.h\n'}
[0.455577] (px4_msgs) StdoutLine: {'line': b'-- Up-to-date symlink: /home/lee/workspace/ros2_ex_mav/install/px4_msgs/include/px4_msgs/px4_msgs/msg/detail/estimator_status__rosidl_typesupport_introspection_c.h\n'}
[0.455596] (px4_msgs) StdoutLine: {'line': b'-- Up-to-date symlink: /home/lee/workspace/ros2_ex_mav/install/px4_msgs/include/px4_msgs/px4_msgs/msg/detail/estimator_status_flags__rosidl_typesupport_introspection_c.h\n'}
[0.455615] (px4_msgs) StdoutLine: {'line': b'-- Up-to-date symlink: /home/lee/workspace/ros2_ex_mav/install/px4_msgs/include/px4_msgs/px4_msgs/msg/detail/event__rosidl_typesupport_introspection_c.h\n'}
[0.455635] (px4_msgs) StdoutLine: {'line': b'-- Up-to-date symlink: /home/lee/workspace/ros2_ex_mav/install/px4_msgs/include/px4_msgs/px4_msgs/msg/detail/failsafe_flags__rosidl_typesupport_introspection_c.h\n'}
[0.455670] (px4_msgs) StdoutLine: {'line': b'-- Up-to-date symlink: /home/lee/workspace/ros2_ex_mav/install/px4_msgs/include/px4_msgs/px4_msgs/msg/detail/failure_detector_status__rosidl_typesupport_introspection_c.h\n'}
[0.455704] (px4_msgs) StdoutLine: {'line': b'-- Up-to-date symlink: /home/lee/workspace/ros2_ex_mav/install/px4_msgs/include/px4_msgs/px4_msgs/msg/detail/follow_target__rosidl_typesupport_introspection_c.h\n'}
[0.455723] (px4_msgs) StdoutLine: {'line': b'-- Up-to-date symlink: /home/lee/workspace/ros2_ex_mav/install/px4_msgs/include/px4_msgs/px4_msgs/msg/detail/follow_target_estimator__rosidl_typesupport_introspection_c.h\n'}
[0.455755] (px4_msgs) StdoutLine: {'line': b'-- Up-to-date symlink: /home/lee/workspace/ros2_ex_mav/install/px4_msgs/include/px4_msgs/px4_msgs/msg/detail/follow_target_status__rosidl_typesupport_introspection_c.h\n'}
[0.455774] (px4_msgs) StdoutLine: {'line': b'-- Up-to-date symlink: /home/lee/workspace/ros2_ex_mav/install/px4_msgs/include/px4_msgs/px4_msgs/msg/detail/generator_status__rosidl_typesupport_introspection_c.h\n'}
[0.455793] (px4_msgs) StdoutLine: {'line': b'-- Up-to-date symlink: /home/lee/workspace/ros2_ex_mav/install/px4_msgs/include/px4_msgs/px4_msgs/msg/detail/geofence_result__rosidl_typesupport_introspection_c.h\n'}
[0.455830] (px4_msgs) StdoutLine: {'line': b'-- Up-to-date symlink: /home/lee/workspace/ros2_ex_mav/install/px4_msgs/include/px4_msgs/px4_msgs/msg/detail/gimbal_controls__rosidl_typesupport_introspection_c.h\n'}
[0.455858] (px4_msgs) StdoutLine: {'line': b'-- Up-to-date symlink: /home/lee/workspace/ros2_ex_mav/install/px4_msgs/include/px4_msgs/px4_msgs/msg/detail/gimbal_device_attitude_status__rosidl_typesupport_introspection_c.h\n'}
[0.455878] (px4_msgs) StdoutLine: {'line': b'-- Up-to-date symlink: /home/lee/workspace/ros2_ex_mav/install/px4_msgs/include/px4_msgs/px4_msgs/msg/detail/gimbal_device_information__rosidl_typesupport_introspection_c.h\n'}
[0.455916] (px4_msgs) StdoutLine: {'line': b'-- Up-to-date symlink: /home/lee/workspace/ros2_ex_mav/install/px4_msgs/include/px4_msgs/px4_msgs/msg/detail/gimbal_device_set_attitude__rosidl_typesupport_introspection_c.h\n'}
[0.455936] (px4_msgs) StdoutLine: {'line': b'-- Up-to-date symlink: /home/lee/workspace/ros2_ex_mav/install/px4_msgs/include/px4_msgs/px4_msgs/msg/detail/gimbal_manager_information__rosidl_typesupport_introspection_c.h\n'}
[0.455970] (px4_msgs) StdoutLine: {'line': b'-- Up-to-date symlink: /home/lee/workspace/ros2_ex_mav/install/px4_msgs/include/px4_msgs/px4_msgs/msg/detail/gimbal_manager_set_attitude__rosidl_typesupport_introspection_c.h\n'}
[0.456010] (px4_msgs) StdoutLine: {'line': b'-- Up-to-date symlink: /home/lee/workspace/ros2_ex_mav/install/px4_msgs/include/px4_msgs/px4_msgs/msg/detail/gimbal_manager_set_manual_control__rosidl_typesupport_introspection_c.h\n'}
[0.456031] (px4_msgs) StdoutLine: {'line': b'-- Up-to-date symlink: /home/lee/workspace/ros2_ex_mav/install/px4_msgs/include/px4_msgs/px4_msgs/msg/detail/gimbal_manager_status__rosidl_typesupport_introspection_c.h\n'}
[0.456065] (px4_msgs) StdoutLine: {'line': b'-- Up-to-date symlink: /home/lee/workspace/ros2_ex_mav/install/px4_msgs/include/px4_msgs/px4_msgs/msg/detail/gps_dump__rosidl_typesupport_introspection_c.h\n'}
[0.456104] (px4_msgs) StdoutLine: {'line': b'-- Up-to-date symlink: /home/lee/workspace/ros2_ex_mav/install/px4_msgs/include/px4_msgs/px4_msgs/msg/detail/gps_inject_data__rosidl_typesupport_introspection_c.h\n'}
[0.456124] (px4_msgs) StdoutLine: {'line': b'-- Up-to-date symlink: /home/lee/workspace/ros2_ex_mav/install/px4_msgs/include/px4_msgs/px4_msgs/msg/detail/gripper__rosidl_typesupport_introspection_c.h\n'}
[0.456152] (px4_msgs) StdoutLine: {'line': b'-- Up-to-date symlink: /home/lee/workspace/ros2_ex_mav/install/px4_msgs/include/px4_msgs/px4_msgs/msg/detail/health_report__rosidl_typesupport_introspection_c.h\n'}
[0.456180] (px4_msgs) StdoutLine: {'line': b'-- Up-to-date symlink: /home/lee/workspace/ros2_ex_mav/install/px4_msgs/include/px4_msgs/px4_msgs/msg/detail/heater_status__rosidl_typesupport_introspection_c.h\n'}
[0.456212] (px4_msgs) StdoutLine: {'line': b'-- Up-to-date symlink: /home/lee/workspace/ros2_ex_mav/install/px4_msgs/include/px4_msgs/px4_msgs/msg/detail/home_position__rosidl_typesupport_introspection_c.h\n'}
[0.456250] (px4_msgs) StdoutLine: {'line': b'-- Up-to-date symlink: /home/lee/workspace/ros2_ex_mav/install/px4_msgs/include/px4_msgs/px4_msgs/msg/detail/hover_thrust_estimate__rosidl_typesupport_introspection_c.h\n'}
[0.456283] (px4_msgs) StdoutLine: {'line': b'-- Up-to-date symlink: /home/lee/workspace/ros2_ex_mav/install/px4_msgs/include/px4_msgs/px4_msgs/msg/detail/input_rc__rosidl_typesupport_introspection_c.h\n'}
[0.456318] (px4_msgs) StdoutLine: {'line': b'-- Up-to-date symlink: /home/lee/workspace/ros2_ex_mav/install/px4_msgs/include/px4_msgs/px4_msgs/msg/detail/internal_combustion_engine_status__rosidl_typesupport_introspection_c.h\n'}
[0.456352] (px4_msgs) StdoutLine: {'line': b'-- Up-to-date symlink: /home/lee/workspace/ros2_ex_mav/install/px4_msgs/include/px4_msgs/px4_msgs/msg/detail/iridiumsbd_status__rosidl_typesupport_introspection_c.h\n'}
[0.456382] (px4_msgs) StdoutLine: {'line': b'-- Up-to-date symlink: /home/lee/workspace/ros2_ex_mav/install/px4_msgs/include/px4_msgs/px4_msgs/msg/detail/irlock_report__rosidl_typesupport_introspection_c.h\n'}
[0.456409] (px4_msgs) StdoutLine: {'line': b'-- Up-to-date symlink: /home/lee/workspace/ros2_ex_mav/install/px4_msgs/include/px4_msgs/px4_msgs/msg/detail/landing_gear__rosidl_typesupport_introspection_c.h\n'}
[0.456441] (px4_msgs) StdoutLine: {'line': b'-- Up-to-date symlink: /home/lee/workspace/ros2_ex_mav/install/px4_msgs/include/px4_msgs/px4_msgs/msg/detail/landing_gear_wheel__rosidl_typesupport_introspection_c.h\n'}
[0.456476] (px4_msgs) StdoutLine: {'line': b'-- Up-to-date symlink: /home/lee/workspace/ros2_ex_mav/install/px4_msgs/include/px4_msgs/px4_msgs/msg/detail/landing_target_innovations__rosidl_typesupport_introspection_c.h\n'}
[0.456508] (px4_msgs) StdoutLine: {'line': b'-- Up-to-date symlink: /home/lee/workspace/ros2_ex_mav/install/px4_msgs/include/px4_msgs/px4_msgs/msg/detail/landing_target_pose__rosidl_typesupport_introspection_c.h\n'}
[0.456542] (px4_msgs) StdoutLine: {'line': b'-- Up-to-date symlink: /home/lee/workspace/ros2_ex_mav/install/px4_msgs/include/px4_msgs/px4_msgs/msg/detail/launch_detection_status__rosidl_typesupport_introspection_c.h\n'}
[0.456576] (px4_msgs) StdoutLine: {'line': b'-- Up-to-date symlink: /home/lee/workspace/ros2_ex_mav/install/px4_msgs/include/px4_msgs/px4_msgs/msg/detail/led_control__rosidl_typesupport_introspection_c.h\n'}
[0.456609] (px4_msgs) StdoutLine: {'line': b'-- Up-to-date symlink: /home/lee/workspace/ros2_ex_mav/install/px4_msgs/include/px4_msgs/px4_msgs/msg/detail/log_message__rosidl_typesupport_introspection_c.h\n'}
[0.456646] (px4_msgs) StdoutLine: {'line': b'-- Up-to-date symlink: /home/lee/workspace/ros2_ex_mav/install/px4_msgs/include/px4_msgs/px4_msgs/msg/detail/logger_status__rosidl_typesupport_introspection_c.h\n'}
[0.456681] (px4_msgs) StdoutLine: {'line': b'-- Up-to-date symlink: /home/lee/workspace/ros2_ex_mav/install/px4_msgs/include/px4_msgs/px4_msgs/msg/detail/mag_worker_data__rosidl_typesupport_introspection_c.h\n'}
[0.456715] (px4_msgs) StdoutLine: {'line': b'-- Up-to-date symlink: /home/lee/workspace/ros2_ex_mav/install/px4_msgs/include/px4_msgs/px4_msgs/msg/detail/magnetometer_bias_estimate__rosidl_typesupport_introspection_c.h\n'}
[0.456749] (px4_msgs) StdoutLine: {'line': b'-- Up-to-date symlink: /home/lee/workspace/ros2_ex_mav/install/px4_msgs/include/px4_msgs/px4_msgs/msg/detail/manual_control_setpoint__rosidl_typesupport_introspection_c.h\n'}
[0.456782] (px4_msgs) StdoutLine: {'line': b'-- Up-to-date symlink: /home/lee/workspace/ros2_ex_mav/install/px4_msgs/include/px4_msgs/px4_msgs/msg/detail/manual_control_switches__rosidl_typesupport_introspection_c.h\n'}
[0.456815] (px4_msgs) StdoutLine: {'line': b'-- Up-to-date symlink: /home/lee/workspace/ros2_ex_mav/install/px4_msgs/include/px4_msgs/px4_msgs/msg/detail/mavlink_log__rosidl_typesupport_introspection_c.h\n'}
[0.456849] (px4_msgs) StdoutLine: {'line': b'-- Up-to-date symlink: /home/lee/workspace/ros2_ex_mav/install/px4_msgs/include/px4_msgs/px4_msgs/msg/detail/mavlink_tunnel__rosidl_typesupport_introspection_c.h\n'}
[0.456882] (px4_msgs) StdoutLine: {'line': b'-- Up-to-date symlink: /home/lee/workspace/ros2_ex_mav/install/px4_msgs/include/px4_msgs/px4_msgs/msg/detail/mission__rosidl_typesupport_introspection_c.h\n'}
[0.456916] (px4_msgs) StdoutLine: {'line': b'-- Up-to-date symlink: /home/lee/workspace/ros2_ex_mav/install/px4_msgs/include/px4_msgs/px4_msgs/msg/detail/mission_result__rosidl_typesupport_introspection_c.h\n'}
[0.456949] (px4_msgs) StdoutLine: {'line': b'-- Up-to-date symlink: /home/lee/workspace/ros2_ex_mav/install/px4_msgs/include/px4_msgs/px4_msgs/msg/detail/mode_completed__rosidl_typesupport_introspection_c.h\n'}
[0.456982] (px4_msgs) StdoutLine: {'line': b'-- Up-to-date symlink: /home/lee/workspace/ros2_ex_mav/install/px4_msgs/include/px4_msgs/px4_msgs/msg/detail/mount_orientation__rosidl_typesupport_introspection_c.h\n'}
[0.457016] (px4_msgs) StdoutLine: {'line': b'-- Up-to-date symlink: /home/lee/workspace/ros2_ex_mav/install/px4_msgs/include/px4_msgs/px4_msgs/msg/detail/navigator_mission_item__rosidl_typesupport_introspection_c.h\n'}
[0.457050] (px4_msgs) StdoutLine: {'line': b'-- Up-to-date symlink: /home/lee/workspace/ros2_ex_mav/install/px4_msgs/include/px4_msgs/px4_msgs/msg/detail/normalized_unsigned_setpoint__rosidl_typesupport_introspection_c.h\n'}
[0.457084] (px4_msgs) StdoutLine: {'line': b'-- Up-to-date symlink: /home/lee/workspace/ros2_ex_mav/install/px4_msgs/include/px4_msgs/px4_msgs/msg/detail/npfg_status__rosidl_typesupport_introspection_c.h\n'}
[0.457118] (px4_msgs) StdoutLine: {'line': b'-- Up-to-date symlink: /home/lee/workspace/ros2_ex_mav/install/px4_msgs/include/px4_msgs/px4_msgs/msg/detail/obstacle_distance__rosidl_typesupport_introspection_c.h\n'}
[0.457152] (px4_msgs) StdoutLine: {'line': b'-- Up-to-date symlink: /home/lee/workspace/ros2_ex_mav/install/px4_msgs/include/px4_msgs/px4_msgs/msg/detail/offboard_control_mode__rosidl_typesupport_introspection_c.h\n'}
[0.457186] (px4_msgs) StdoutLine: {'line': b'-- Up-to-date symlink: /home/lee/workspace/ros2_ex_mav/install/px4_msgs/include/px4_msgs/px4_msgs/msg/detail/onboard_computer_status__rosidl_typesupport_introspection_c.h\n'}
[0.457221] (px4_msgs) StdoutLine: {'line': b'-- Up-to-date symlink: /home/lee/workspace/ros2_ex_mav/install/px4_msgs/include/px4_msgs/px4_msgs/msg/detail/orb_test__rosidl_typesupport_introspection_c.h\n'}
[0.457254] (px4_msgs) StdoutLine: {'line': b'-- Up-to-date symlink: /home/lee/workspace/ros2_ex_mav/install/px4_msgs/include/px4_msgs/px4_msgs/msg/detail/orb_test_large__rosidl_typesupport_introspection_c.h\n'}
[0.457287] (px4_msgs) StdoutLine: {'line': b'-- Up-to-date symlink: /home/lee/workspace/ros2_ex_mav/install/px4_msgs/include/px4_msgs/px4_msgs/msg/detail/orb_test_medium__rosidl_typesupport_introspection_c.h\n'}
[0.457320] (px4_msgs) StdoutLine: {'line': b'-- Up-to-date symlink: /home/lee/workspace/ros2_ex_mav/install/px4_msgs/include/px4_msgs/px4_msgs/msg/detail/orbit_status__rosidl_typesupport_introspection_c.h\n'}
[0.457352] (px4_msgs) StdoutLine: {'line': b'-- Up-to-date symlink: /home/lee/workspace/ros2_ex_mav/install/px4_msgs/include/px4_msgs/px4_msgs/msg/detail/parameter_update__rosidl_typesupport_introspection_c.h\n'}
[0.457388] (px4_msgs) StdoutLine: {'line': b'-- Up-to-date symlink: /home/lee/workspace/ros2_ex_mav/install/px4_msgs/include/px4_msgs/px4_msgs/msg/detail/ping__rosidl_typesupport_introspection_c.h\n'}
[0.457421] (px4_msgs) StdoutLine: {'line': b'-- Up-to-date symlink: /home/lee/workspace/ros2_ex_mav/install/px4_msgs/include/px4_msgs/px4_msgs/msg/detail/position_controller_landing_status__rosidl_typesupport_introspection_c.h\n'}
[0.457455] (px4_msgs) StdoutLine: {'line': b'-- Up-to-date symlink: /home/lee/workspace/ros2_ex_mav/install/px4_msgs/include/px4_msgs/px4_msgs/msg/detail/position_controller_status__rosidl_typesupport_introspection_c.h\n'}
[0.457489] (px4_msgs) StdoutLine: {'line': b'-- Up-to-date symlink: /home/lee/workspace/ros2_ex_mav/install/px4_msgs/include/px4_msgs/px4_msgs/msg/detail/position_setpoint__rosidl_typesupport_introspection_c.h\n'}
[0.457522] (px4_msgs) StdoutLine: {'line': b'-- Up-to-date symlink: /home/lee/workspace/ros2_ex_mav/install/px4_msgs/include/px4_msgs/px4_msgs/msg/detail/position_setpoint_triplet__rosidl_typesupport_introspection_c.h\n'}
[0.457557] (px4_msgs) StdoutLine: {'line': b'-- Up-to-date symlink: /home/lee/workspace/ros2_ex_mav/install/px4_msgs/include/px4_msgs/px4_msgs/msg/detail/power_button_state__rosidl_typesupport_introspection_c.h\n'}
[0.457589] (px4_msgs) StdoutLine: {'line': b'-- Up-to-date symlink: /home/lee/workspace/ros2_ex_mav/install/px4_msgs/include/px4_msgs/px4_msgs/msg/detail/power_monitor__rosidl_typesupport_introspection_c.h\n'}
[0.457622] (px4_msgs) StdoutLine: {'line': b'-- Up-to-date symlink: /home/lee/workspace/ros2_ex_mav/install/px4_msgs/include/px4_msgs/px4_msgs/msg/detail/pps_capture__rosidl_typesupport_introspection_c.h\n'}
[0.457659] (px4_msgs) StdoutLine: {'line': b'-- Up-to-date symlink: /home/lee/workspace/ros2_ex_mav/install/px4_msgs/include/px4_msgs/px4_msgs/msg/detail/pwm_input__rosidl_typesupport_introspection_c.h\n'}
[0.457693] (px4_msgs) StdoutLine: {'line': b'-- Up-to-date symlink: /home/lee/workspace/ros2_ex_mav/install/px4_msgs/include/px4_msgs/px4_msgs/msg/detail/px4io_status__rosidl_typesupport_introspection_c.h\n'}
[0.457725] (px4_msgs) StdoutLine: {'line': b'-- Up-to-date symlink: /home/lee/workspace/ros2_ex_mav/install/px4_msgs/include/px4_msgs/px4_msgs/msg/detail/qshell_req__rosidl_typesupport_introspection_c.h\n'}
[0.457758] (px4_msgs) StdoutLine: {'line': b'-- Up-to-date symlink: /home/lee/workspace/ros2_ex_mav/install/px4_msgs/include/px4_msgs/px4_msgs/msg/detail/qshell_retval__rosidl_typesupport_introspection_c.h\n'}
[0.457791] (px4_msgs) StdoutLine: {'line': b'-- Up-to-date symlink: /home/lee/workspace/ros2_ex_mav/install/px4_msgs/include/px4_msgs/px4_msgs/msg/detail/radio_status__rosidl_typesupport_introspection_c.h\n'}
[0.457824] (px4_msgs) StdoutLine: {'line': b'-- Up-to-date symlink: /home/lee/workspace/ros2_ex_mav/install/px4_msgs/include/px4_msgs/px4_msgs/msg/detail/rate_ctrl_status__rosidl_typesupport_introspection_c.h\n'}
[0.457857] (px4_msgs) StdoutLine: {'line': b'-- Up-to-date symlink: /home/lee/workspace/ros2_ex_mav/install/px4_msgs/include/px4_msgs/px4_msgs/msg/detail/rc_channels__rosidl_typesupport_introspection_c.h\n'}
[0.457890] (px4_msgs) StdoutLine: {'line': b'-- Up-to-date symlink: /home/lee/workspace/ros2_ex_mav/install/px4_msgs/include/px4_msgs/px4_msgs/msg/detail/rc_parameter_map__rosidl_typesupport_introspection_c.h\n'}
[0.457924] (px4_msgs) StdoutLine: {'line': b'-- Up-to-date symlink: /home/lee/workspace/ros2_ex_mav/install/px4_msgs/include/px4_msgs/px4_msgs/msg/detail/rpm__rosidl_typesupport_introspection_c.h\n'}
[0.457957] (px4_msgs) StdoutLine: {'line': b'-- Up-to-date symlink: /home/lee/workspace/ros2_ex_mav/install/px4_msgs/include/px4_msgs/px4_msgs/msg/detail/rtl_time_estimate__rosidl_typesupport_introspection_c.h\n'}
[0.457991] (px4_msgs) StdoutLine: {'line': b'-- Up-to-date symlink: /home/lee/workspace/ros2_ex_mav/install/px4_msgs/include/px4_msgs/px4_msgs/msg/detail/satellite_info__rosidl_typesupport_introspection_c.h\n'}
[0.458024] (px4_msgs) StdoutLine: {'line': b'-- Up-to-date symlink: /home/lee/workspace/ros2_ex_mav/install/px4_msgs/include/px4_msgs/px4_msgs/msg/detail/sensor_accel__rosidl_typesupport_introspection_c.h\n'}
[0.458058] (px4_msgs) StdoutLine: {'line': b'-- Up-to-date symlink: /home/lee/workspace/ros2_ex_mav/install/px4_msgs/include/px4_msgs/px4_msgs/msg/detail/sensor_accel_fifo__rosidl_typesupport_introspection_c.h\n'}
[0.458091] (px4_msgs) StdoutLine: {'line': b'-- Up-to-date symlink: /home/lee/workspace/ros2_ex_mav/install/px4_msgs/include/px4_msgs/px4_msgs/msg/detail/sensor_baro__rosidl_typesupport_introspection_c.h\n'}
[0.458123] (px4_msgs) StdoutLine: {'line': b'-- Up-to-date symlink: /home/lee/workspace/ros2_ex_mav/install/px4_msgs/include/px4_msgs/px4_msgs/msg/detail/sensor_combined__rosidl_typesupport_introspection_c.h\n'}
[0.458156] (px4_msgs) StdoutLine: {'line': b'-- Up-to-date symlink: /home/lee/workspace/ros2_ex_mav/install/px4_msgs/include/px4_msgs/px4_msgs/msg/detail/sensor_correction__rosidl_typesupport_introspection_c.h\n'}
[0.458189] (px4_msgs) StdoutLine: {'line': b'-- Up-to-date symlink: /home/lee/workspace/ros2_ex_mav/install/px4_msgs/include/px4_msgs/px4_msgs/msg/detail/sensor_gnss_relative__rosidl_typesupport_introspection_c.h\n'}
[0.458221] (px4_msgs) StdoutLine: {'line': b'-- Up-to-date symlink: /home/lee/workspace/ros2_ex_mav/install/px4_msgs/include/px4_msgs/px4_msgs/msg/detail/sensor_gps__rosidl_typesupport_introspection_c.h\n'}
[0.458255] (px4_msgs) StdoutLine: {'line': b'-- Up-to-date symlink: /home/lee/workspace/ros2_ex_mav/install/px4_msgs/include/px4_msgs/px4_msgs/msg/detail/sensor_gyro__rosidl_typesupport_introspection_c.h\n'}
[0.458288] (px4_msgs) StdoutLine: {'line': b'-- Up-to-date symlink: /home/lee/workspace/ros2_ex_mav/install/px4_msgs/include/px4_msgs/px4_msgs/msg/detail/sensor_gyro_fft__rosidl_typesupport_introspection_c.h\n'}
[0.458321] (px4_msgs) StdoutLine: {'line': b'-- Up-to-date symlink: /home/lee/workspace/ros2_ex_mav/install/px4_msgs/include/px4_msgs/px4_msgs/msg/detail/sensor_gyro_fifo__rosidl_typesupport_introspection_c.h\n'}
[0.458354] (px4_msgs) StdoutLine: {'line': b'-- Up-to-date symlink: /home/lee/workspace/ros2_ex_mav/install/px4_msgs/include/px4_msgs/px4_msgs/msg/detail/sensor_hygrometer__rosidl_typesupport_introspection_c.h\n'}
[0.458387] (px4_msgs) StdoutLine: {'line': b'-- Up-to-date symlink: /home/lee/workspace/ros2_ex_mav/install/px4_msgs/include/px4_msgs/px4_msgs/msg/detail/sensor_mag__rosidl_typesupport_introspection_c.h\n'}
[0.458420] (px4_msgs) StdoutLine: {'line': b'-- Up-to-date symlink: /home/lee/workspace/ros2_ex_mav/install/px4_msgs/include/px4_msgs/px4_msgs/msg/detail/sensor_optical_flow__rosidl_typesupport_introspection_c.h\n'}
[0.458453] (px4_msgs) StdoutLine: {'line': b'-- Up-to-date symlink: /home/lee/workspace/ros2_ex_mav/install/px4_msgs/include/px4_msgs/px4_msgs/msg/detail/sensor_preflight_mag__rosidl_typesupport_introspection_c.h\n'}
[0.458487] (px4_msgs) StdoutLine: {'line': b'-- Up-to-date symlink: /home/lee/workspace/ros2_ex_mav/install/px4_msgs/include/px4_msgs/px4_msgs/msg/detail/sensor_selection__rosidl_typesupport_introspection_c.h\n'}
[0.458520] (px4_msgs) StdoutLine: {'line': b'-- Up-to-date symlink: /home/lee/workspace/ros2_ex_mav/install/px4_msgs/include/px4_msgs/px4_msgs/msg/detail/sensor_uwb__rosidl_typesupport_introspection_c.h\n'}
[0.458554] (px4_msgs) StdoutLine: {'line': b'-- Up-to-date symlink: /home/lee/workspace/ros2_ex_mav/install/px4_msgs/include/px4_msgs/px4_msgs/msg/detail/sensors_status__rosidl_typesupport_introspection_c.h\n'}
[0.458585] (px4_msgs) StdoutLine: {'line': b'-- Up-to-date symlink: /home/lee/workspace/ros2_ex_mav/install/px4_msgs/include/px4_msgs/px4_msgs/msg/detail/sensors_status_imu__rosidl_typesupport_introspection_c.h\n'}
[0.458619] (px4_msgs) StdoutLine: {'line': b'-- Up-to-date symlink: /home/lee/workspace/ros2_ex_mav/install/px4_msgs/include/px4_msgs/px4_msgs/msg/detail/system_power__rosidl_typesupport_introspection_c.h\n'}
[0.458656] (px4_msgs) StdoutLine: {'line': b'-- Up-to-date symlink: /home/lee/workspace/ros2_ex_mav/install/px4_msgs/include/px4_msgs/px4_msgs/msg/detail/takeoff_status__rosidl_typesupport_introspection_c.h\n'}
[0.458688] (px4_msgs) StdoutLine: {'line': b'-- Up-to-date symlink: /home/lee/workspace/ros2_ex_mav/install/px4_msgs/include/px4_msgs/px4_msgs/msg/detail/task_stack_info__rosidl_typesupport_introspection_c.h\n'}
[0.458720] (px4_msgs) StdoutLine: {'line': b'-- Up-to-date symlink: /home/lee/workspace/ros2_ex_mav/install/px4_msgs/include/px4_msgs/px4_msgs/msg/detail/tecs_status__rosidl_typesupport_introspection_c.h\n'}
[0.458753] (px4_msgs) StdoutLine: {'line': b'-- Up-to-date symlink: /home/lee/workspace/ros2_ex_mav/install/px4_msgs/include/px4_msgs/px4_msgs/msg/detail/telemetry_status__rosidl_typesupport_introspection_c.h\n'}
[0.458784] (px4_msgs) StdoutLine: {'line': b'-- Up-to-date symlink: /home/lee/workspace/ros2_ex_mav/install/px4_msgs/include/px4_msgs/px4_msgs/msg/detail/tiltrotor_extra_controls__rosidl_typesupport_introspection_c.h\n'}
[0.458818] (px4_msgs) StdoutLine: {'line': b'-- Up-to-date symlink: /home/lee/workspace/ros2_ex_mav/install/px4_msgs/include/px4_msgs/px4_msgs/msg/detail/timesync_status__rosidl_typesupport_introspection_c.h\n'}
[0.458850] (px4_msgs) StdoutLine: {'line': b'-- Up-to-date symlink: /home/lee/workspace/ros2_ex_mav/install/px4_msgs/include/px4_msgs/px4_msgs/msg/detail/trajectory_bezier__rosidl_typesupport_introspection_c.h\n'}
[0.458882] (px4_msgs) StdoutLine: {'line': b'-- Up-to-date symlink: /home/lee/workspace/ros2_ex_mav/install/px4_msgs/include/px4_msgs/px4_msgs/msg/detail/trajectory_setpoint__rosidl_typesupport_introspection_c.h\n'}
[0.458916] (px4_msgs) StdoutLine: {'line': b'-- Up-to-date symlink: /home/lee/workspace/ros2_ex_mav/install/px4_msgs/include/px4_msgs/px4_msgs/msg/detail/trajectory_waypoint__rosidl_typesupport_introspection_c.h\n'}
[0.458948] (px4_msgs) StdoutLine: {'line': b'-- Up-to-date symlink: /home/lee/workspace/ros2_ex_mav/install/px4_msgs/include/px4_msgs/px4_msgs/msg/detail/transponder_report__rosidl_typesupport_introspection_c.h\n'}
[0.458981] (px4_msgs) StdoutLine: {'line': b'-- Up-to-date symlink: /home/lee/workspace/ros2_ex_mav/install/px4_msgs/include/px4_msgs/px4_msgs/msg/detail/tune_control__rosidl_typesupport_introspection_c.h\n'}
[0.459014] (px4_msgs) StdoutLine: {'line': b'-- Up-to-date symlink: /home/lee/workspace/ros2_ex_mav/install/px4_msgs/include/px4_msgs/px4_msgs/msg/detail/uavcan_parameter_request__rosidl_typesupport_introspection_c.h\n'}
[0.459046] (px4_msgs) StdoutLine: {'line': b'-- Up-to-date symlink: /home/lee/workspace/ros2_ex_mav/install/px4_msgs/include/px4_msgs/px4_msgs/msg/detail/uavcan_parameter_value__rosidl_typesupport_introspection_c.h\n'}
[0.459078] (px4_msgs) StdoutLine: {'line': b'-- Up-to-date symlink: /home/lee/workspace/ros2_ex_mav/install/px4_msgs/include/px4_msgs/px4_msgs/msg/detail/ulog_stream__rosidl_typesupport_introspection_c.h\n'}
[0.459111] (px4_msgs) StdoutLine: {'line': b'-- Up-to-date symlink: /home/lee/workspace/ros2_ex_mav/install/px4_msgs/include/px4_msgs/px4_msgs/msg/detail/ulog_stream_ack__rosidl_typesupport_introspection_c.h\n'}
[0.459144] (px4_msgs) StdoutLine: {'line': b'-- Up-to-date symlink: /home/lee/workspace/ros2_ex_mav/install/px4_msgs/include/px4_msgs/px4_msgs/msg/detail/vehicle_acceleration__rosidl_typesupport_introspection_c.h\n'}
[0.459176] (px4_msgs) StdoutLine: {'line': b'-- Up-to-date symlink: /home/lee/workspace/ros2_ex_mav/install/px4_msgs/include/px4_msgs/px4_msgs/msg/detail/vehicle_air_data__rosidl_typesupport_introspection_c.h\n'}
[0.459214] (px4_msgs) StdoutLine: {'line': b'-- Up-to-date symlink: /home/lee/workspace/ros2_ex_mav/install/px4_msgs/include/px4_msgs/px4_msgs/msg/detail/vehicle_angular_acceleration_setpoint__rosidl_typesupport_introspection_c.h\n'}
[0.459247] (px4_msgs) StdoutLine: {'line': b'-- Up-to-date symlink: /home/lee/workspace/ros2_ex_mav/install/px4_msgs/include/px4_msgs/px4_msgs/msg/detail/vehicle_angular_velocity__rosidl_typesupport_introspection_c.h\n'}
[0.459280] (px4_msgs) StdoutLine: {'line': b'-- Up-to-date symlink: /home/lee/workspace/ros2_ex_mav/install/px4_msgs/include/px4_msgs/px4_msgs/msg/detail/vehicle_attitude__rosidl_typesupport_introspection_c.h\n'}
[0.459313] (px4_msgs) StdoutLine: {'line': b'-- Up-to-date symlink: /home/lee/workspace/ros2_ex_mav/install/px4_msgs/include/px4_msgs/px4_msgs/msg/detail/vehicle_attitude_setpoint__rosidl_typesupport_introspection_c.h\n'}
[0.459346] (px4_msgs) StdoutLine: {'line': b'-- Up-to-date symlink: /home/lee/workspace/ros2_ex_mav/install/px4_msgs/include/px4_msgs/px4_msgs/msg/detail/vehicle_command__rosidl_typesupport_introspection_c.h\n'}
[0.459379] (px4_msgs) StdoutLine: {'line': b'-- Up-to-date symlink: /home/lee/workspace/ros2_ex_mav/install/px4_msgs/include/px4_msgs/px4_msgs/msg/detail/vehicle_command_ack__rosidl_typesupport_introspection_c.h\n'}
[0.459411] (px4_msgs) StdoutLine: {'line': b'-- Up-to-date symlink: /home/lee/workspace/ros2_ex_mav/install/px4_msgs/include/px4_msgs/px4_msgs/msg/detail/vehicle_constraints__rosidl_typesupport_introspection_c.h\n'}
[0.459444] (px4_msgs) StdoutLine: {'line': b'-- Up-to-date symlink: /home/lee/workspace/ros2_ex_mav/install/px4_msgs/include/px4_msgs/px4_msgs/msg/detail/vehicle_control_mode__rosidl_typesupport_introspection_c.h\n'}
[0.459477] (px4_msgs) StdoutLine: {'line': b'-- Up-to-date symlink: /home/lee/workspace/ros2_ex_mav/install/px4_msgs/include/px4_msgs/px4_msgs/msg/detail/vehicle_global_position__rosidl_typesupport_introspection_c.h\n'}
[0.459510] (px4_msgs) StdoutLine: {'line': b'-- Up-to-date symlink: /home/lee/workspace/ros2_ex_mav/install/px4_msgs/include/px4_msgs/px4_msgs/msg/detail/vehicle_imu__rosidl_typesupport_introspection_c.h\n'}
[0.459544] (px4_msgs) StdoutLine: {'line': b'-- Up-to-date symlink: /home/lee/workspace/ros2_ex_mav/install/px4_msgs/include/px4_msgs/px4_msgs/msg/detail/vehicle_imu_status__rosidl_typesupport_introspection_c.h\n'}
[0.459579] (px4_msgs) StdoutLine: {'line': b'-- Up-to-date symlink: /home/lee/workspace/ros2_ex_mav/install/px4_msgs/include/px4_msgs/px4_msgs/msg/detail/vehicle_land_detected__rosidl_typesupport_introspection_c.h\n'}
[0.459612] (px4_msgs) StdoutLine: {'line': b'-- Up-to-date symlink: /home/lee/workspace/ros2_ex_mav/install/px4_msgs/include/px4_msgs/px4_msgs/msg/detail/vehicle_local_position__rosidl_typesupport_introspection_c.h\n'}
[0.459647] (px4_msgs) StdoutLine: {'line': b'-- Up-to-date symlink: /home/lee/workspace/ros2_ex_mav/install/px4_msgs/include/px4_msgs/px4_msgs/msg/detail/vehicle_local_position_setpoint__rosidl_typesupport_introspection_c.h\n'}
[0.459682] (px4_msgs) StdoutLine: {'line': b'-- Up-to-date symlink: /home/lee/workspace/ros2_ex_mav/install/px4_msgs/include/px4_msgs/px4_msgs/msg/detail/vehicle_magnetometer__rosidl_typesupport_introspection_c.h\n'}
[0.459713] (px4_msgs) StdoutLine: {'line': b'-- Up-to-date symlink: /home/lee/workspace/ros2_ex_mav/install/px4_msgs/include/px4_msgs/px4_msgs/msg/detail/vehicle_odometry__rosidl_typesupport_introspection_c.h\n'}
[0.459746] (px4_msgs) StdoutLine: {'line': b'-- Up-to-date symlink: /home/lee/workspace/ros2_ex_mav/install/px4_msgs/include/px4_msgs/px4_msgs/msg/detail/vehicle_optical_flow__rosidl_typesupport_introspection_c.h\n'}
[0.459778] (px4_msgs) StdoutLine: {'line': b'-- Up-to-date symlink: /home/lee/workspace/ros2_ex_mav/install/px4_msgs/include/px4_msgs/px4_msgs/msg/detail/vehicle_optical_flow_vel__rosidl_typesupport_introspection_c.h\n'}
[0.459809] (px4_msgs) StdoutLine: {'line': b'-- Up-to-date symlink: /home/lee/workspace/ros2_ex_mav/install/px4_msgs/include/px4_msgs/px4_msgs/msg/detail/vehicle_rates_setpoint__rosidl_typesupport_introspection_c.h\n'}
[0.459842] (px4_msgs) StdoutLine: {'line': b'-- Up-to-date symlink: /home/lee/workspace/ros2_ex_mav/install/px4_msgs/include/px4_msgs/px4_msgs/msg/detail/vehicle_roi__rosidl_typesupport_introspection_c.h\n'}
[0.459874] (px4_msgs) StdoutLine: {'line': b'-- Up-to-date symlink: /home/lee/workspace/ros2_ex_mav/install/px4_msgs/include/px4_msgs/px4_msgs/msg/detail/vehicle_status__rosidl_typesupport_introspection_c.h\n'}
[0.459907] (px4_msgs) StdoutLine: {'line': b'-- Up-to-date symlink: /home/lee/workspace/ros2_ex_mav/install/px4_msgs/include/px4_msgs/px4_msgs/msg/detail/vehicle_thrust_setpoint__rosidl_typesupport_introspection_c.h\n'}
[0.459940] (px4_msgs) StdoutLine: {'line': b'-- Up-to-date symlink: /home/lee/workspace/ros2_ex_mav/install/px4_msgs/include/px4_msgs/px4_msgs/msg/detail/vehicle_torque_setpoint__rosidl_typesupport_introspection_c.h\n'}
[0.459972] (px4_msgs) StdoutLine: {'line': b'-- Up-to-date symlink: /home/lee/workspace/ros2_ex_mav/install/px4_msgs/include/px4_msgs/px4_msgs/msg/detail/vehicle_trajectory_bezier__rosidl_typesupport_introspection_c.h\n'}
[0.460005] (px4_msgs) StdoutLine: {'line': b'-- Up-to-date symlink: /home/lee/workspace/ros2_ex_mav/install/px4_msgs/include/px4_msgs/px4_msgs/msg/detail/vehicle_trajectory_waypoint__rosidl_typesupport_introspection_c.h\n'}
[0.460038] (px4_msgs) StdoutLine: {'line': b'-- Up-to-date symlink: /home/lee/workspace/ros2_ex_mav/install/px4_msgs/include/px4_msgs/px4_msgs/msg/detail/vtol_vehicle_status__rosidl_typesupport_introspection_c.h\n'}
[0.460071] (px4_msgs) StdoutLine: {'line': b'-- Up-to-date symlink: /home/lee/workspace/ros2_ex_mav/install/px4_msgs/include/px4_msgs/px4_msgs/msg/detail/wind__rosidl_typesupport_introspection_c.h\n'}
[0.460103] (px4_msgs) StdoutLine: {'line': b'-- Up-to-date symlink: /home/lee/workspace/ros2_ex_mav/install/px4_msgs/include/px4_msgs/px4_msgs/msg/detail/yaw_estimator_status__rosidl_typesupport_introspection_c.h\n'}
[0.460136] (px4_msgs) StdoutLine: {'line': b'-- Up-to-date symlink: /home/lee/workspace/ros2_ex_mav/install/px4_msgs/include/px4_msgs/px4_msgs/msg/rosidl_typesupport_introspection_c__visibility_control.h\n'}
[0.461184] (px4_msgs) StdoutLine: {'line': b'-- Up-to-date symlink: /home/lee/workspace/ros2_ex_mav/install/px4_msgs/include/px4_msgs/px4_msgs/msg/detail/action_request__rosidl_typesupport_introspection_cpp.hpp\n'}
[0.461240] (px4_msgs) StdoutLine: {'line': b'-- Up-to-date symlink: /home/lee/workspace/ros2_ex_mav/install/px4_msgs/include/px4_msgs/px4_msgs/msg/detail/actuator_armed__rosidl_typesupport_introspection_cpp.hpp\n'}
[0.461275] (px4_msgs) StdoutLine: {'line': b'-- Up-to-date symlink: /home/lee/workspace/ros2_ex_mav/install/px4_msgs/include/px4_msgs/px4_msgs/msg/detail/actuator_controls_status__rosidl_typesupport_introspection_cpp.hpp\n'}
[0.461310] (px4_msgs) StdoutLine: {'line': b'-- Up-to-date symlink: /home/lee/workspace/ros2_ex_mav/install/px4_msgs/include/px4_msgs/px4_msgs/msg/detail/actuator_motors__rosidl_typesupport_introspection_cpp.hpp\n'}
[0.461343] (px4_msgs) StdoutLine: {'line': b'-- Up-to-date symlink: /home/lee/workspace/ros2_ex_mav/install/px4_msgs/include/px4_msgs/px4_msgs/msg/detail/actuator_outputs__rosidl_typesupport_introspection_cpp.hpp\n'}
[0.461373] (px4_msgs) StdoutLine: {'line': b'-- Up-to-date symlink: /home/lee/workspace/ros2_ex_mav/install/px4_msgs/include/px4_msgs/px4_msgs/msg/detail/actuator_servos__rosidl_typesupport_introspection_cpp.hpp\n'}
[0.461397] (px4_msgs) StdoutLine: {'line': b'-- Up-to-date symlink: /home/lee/workspace/ros2_ex_mav/install/px4_msgs/include/px4_msgs/px4_msgs/msg/detail/actuator_servos_trim__rosidl_typesupport_introspection_cpp.hpp\n'}
[0.461432] (px4_msgs) StdoutLine: {'line': b'-- Up-to-date symlink: /home/lee/workspace/ros2_ex_mav/install/px4_msgs/include/px4_msgs/px4_msgs/msg/detail/actuator_test__rosidl_typesupport_introspection_cpp.hpp\n'}
[0.461472] (px4_msgs) StdoutLine: {'line': b'-- Up-to-date symlink: /home/lee/workspace/ros2_ex_mav/install/px4_msgs/include/px4_msgs/px4_msgs/msg/detail/adc_report__rosidl_typesupport_introspection_cpp.hpp\n'}
[0.461493] (px4_msgs) StdoutLine: {'line': b'-- Up-to-date symlink: /home/lee/workspace/ros2_ex_mav/install/px4_msgs/include/px4_msgs/px4_msgs/msg/detail/airspeed__rosidl_typesupport_introspection_cpp.hpp\n'}
[0.461531] (px4_msgs) StdoutLine: {'line': b'-- Up-to-date symlink: /home/lee/workspace/ros2_ex_mav/install/px4_msgs/include/px4_msgs/px4_msgs/msg/detail/airspeed_validated__rosidl_typesupport_introspection_cpp.hpp\n'}
[0.461559] (px4_msgs) StdoutLine: {'line': b'-- Up-to-date symlink: /home/lee/workspace/ros2_ex_mav/install/px4_msgs/include/px4_msgs/px4_msgs/msg/detail/airspeed_wind__rosidl_typesupport_introspection_cpp.hpp\n'}
[0.461578] (px4_msgs) StdoutLine: {'line': b'-- Up-to-date symlink: /home/lee/workspace/ros2_ex_mav/install/px4_msgs/include/px4_msgs/px4_msgs/msg/detail/autotune_attitude_control_status__rosidl_typesupport_introspection_cpp.hpp\n'}
[0.461612] (px4_msgs) StdoutLine: {'line': b'-- Up-to-date symlink: /home/lee/workspace/ros2_ex_mav/install/px4_msgs/include/px4_msgs/px4_msgs/msg/detail/battery_status__rosidl_typesupport_introspection_cpp.hpp\n'}
[0.461648] (px4_msgs) StdoutLine: {'line': b'-- Up-to-date symlink: /home/lee/workspace/ros2_ex_mav/install/px4_msgs/include/px4_msgs/px4_msgs/msg/detail/button_event__rosidl_typesupport_introspection_cpp.hpp\n'}
[0.461684] (px4_msgs) StdoutLine: {'line': b'-- Up-to-date symlink: /home/lee/workspace/ros2_ex_mav/install/px4_msgs/include/px4_msgs/px4_msgs/msg/detail/camera_capture__rosidl_typesupport_introspection_cpp.hpp\n'}
[0.461717] (px4_msgs) StdoutLine: {'line': b'-- Up-to-date symlink: /home/lee/workspace/ros2_ex_mav/install/px4_msgs/include/px4_msgs/px4_msgs/msg/detail/camera_status__rosidl_typesupport_introspection_cpp.hpp\n'}
[0.461752] (px4_msgs) StdoutLine: {'line': b'-- Up-to-date symlink: /home/lee/workspace/ros2_ex_mav/install/px4_msgs/include/px4_msgs/px4_msgs/msg/detail/camera_trigger__rosidl_typesupport_introspection_cpp.hpp\n'}
[0.461780] (px4_msgs) StdoutLine: {'line': b'-- Up-to-date symlink: /home/lee/workspace/ros2_ex_mav/install/px4_msgs/include/px4_msgs/px4_msgs/msg/detail/cellular_status__rosidl_typesupport_introspection_cpp.hpp\n'}
[0.461814] (px4_msgs) StdoutLine: {'line': b'-- Up-to-date symlink: /home/lee/workspace/ros2_ex_mav/install/px4_msgs/include/px4_msgs/px4_msgs/msg/detail/collision_constraints__rosidl_typesupport_introspection_cpp.hpp\n'}
[0.461848] (px4_msgs) StdoutLine: {'line': b'-- Up-to-date symlink: /home/lee/workspace/ros2_ex_mav/install/px4_msgs/include/px4_msgs/px4_msgs/msg/detail/collision_report__rosidl_typesupport_introspection_cpp.hpp\n'}
[0.461876] (px4_msgs) StdoutLine: {'line': b'-- Up-to-date symlink: /home/lee/workspace/ros2_ex_mav/install/px4_msgs/include/px4_msgs/px4_msgs/msg/detail/control_allocator_status__rosidl_typesupport_introspection_cpp.hpp\n'}
[0.461903] (px4_msgs) StdoutLine: {'line': b'-- Up-to-date symlink: /home/lee/workspace/ros2_ex_mav/install/px4_msgs/include/px4_msgs/px4_msgs/msg/detail/cpuload__rosidl_typesupport_introspection_cpp.hpp\n'}
[0.461935] (px4_msgs) StdoutLine: {'line': b'-- Up-to-date symlink: /home/lee/workspace/ros2_ex_mav/install/px4_msgs/include/px4_msgs/px4_msgs/msg/detail/debug_array__rosidl_typesupport_introspection_cpp.hpp\n'}
[0.461969] (px4_msgs) StdoutLine: {'line': b'-- Up-to-date symlink: /home/lee/workspace/ros2_ex_mav/install/px4_msgs/include/px4_msgs/px4_msgs/msg/detail/debug_key_value__rosidl_typesupport_introspection_cpp.hpp\n'}
[0.462003] (px4_msgs) StdoutLine: {'line': b'-- Up-to-date symlink: /home/lee/workspace/ros2_ex_mav/install/px4_msgs/include/px4_msgs/px4_msgs/msg/detail/debug_value__rosidl_typesupport_introspection_cpp.hpp\n'}
[0.462036] (px4_msgs) StdoutLine: {'line': b'-- Up-to-date symlink: /home/lee/workspace/ros2_ex_mav/install/px4_msgs/include/px4_msgs/px4_msgs/msg/detail/debug_vect__rosidl_typesupport_introspection_cpp.hpp\n'}
[0.462072] (px4_msgs) StdoutLine: {'line': b'-- Up-to-date symlink: /home/lee/workspace/ros2_ex_mav/install/px4_msgs/include/px4_msgs/px4_msgs/msg/detail/differential_pressure__rosidl_typesupport_introspection_cpp.hpp\n'}
[0.462105] (px4_msgs) StdoutLine: {'line': b'-- Up-to-date symlink: /home/lee/workspace/ros2_ex_mav/install/px4_msgs/include/px4_msgs/px4_msgs/msg/detail/distance_sensor__rosidl_typesupport_introspection_cpp.hpp\n'}
[0.462138] (px4_msgs) StdoutLine: {'line': b'-- Up-to-date symlink: /home/lee/workspace/ros2_ex_mav/install/px4_msgs/include/px4_msgs/px4_msgs/msg/detail/ekf2_timestamps__rosidl_typesupport_introspection_cpp.hpp\n'}
[0.462171] (px4_msgs) StdoutLine: {'line': b'-- Up-to-date symlink: /home/lee/workspace/ros2_ex_mav/install/px4_msgs/include/px4_msgs/px4_msgs/msg/detail/esc_report__rosidl_typesupport_introspection_cpp.hpp\n'}
[0.462206] (px4_msgs) StdoutLine: {'line': b'-- Up-to-date symlink: /home/lee/workspace/ros2_ex_mav/install/px4_msgs/include/px4_msgs/px4_msgs/msg/detail/esc_status__rosidl_typesupport_introspection_cpp.hpp\n'}
[0.462240] (px4_msgs) StdoutLine: {'line': b'-- Up-to-date symlink: /home/lee/workspace/ros2_ex_mav/install/px4_msgs/include/px4_msgs/px4_msgs/msg/detail/estimator_aid_source1d__rosidl_typesupport_introspection_cpp.hpp\n'}
[0.462272] (px4_msgs) StdoutLine: {'line': b'-- Up-to-date symlink: /home/lee/workspace/ros2_ex_mav/install/px4_msgs/include/px4_msgs/px4_msgs/msg/detail/estimator_aid_source2d__rosidl_typesupport_introspection_cpp.hpp\n'}
[0.462305] (px4_msgs) StdoutLine: {'line': b'-- Up-to-date symlink: /home/lee/workspace/ros2_ex_mav/install/px4_msgs/include/px4_msgs/px4_msgs/msg/detail/estimator_aid_source3d__rosidl_typesupport_introspection_cpp.hpp\n'}
[0.462337] (px4_msgs) StdoutLine: {'line': b'-- Up-to-date symlink: /home/lee/workspace/ros2_ex_mav/install/px4_msgs/include/px4_msgs/px4_msgs/msg/detail/estimator_bias3d__rosidl_typesupport_introspection_cpp.hpp\n'}
[0.462370] (px4_msgs) StdoutLine: {'line': b'-- Up-to-date symlink: /home/lee/workspace/ros2_ex_mav/install/px4_msgs/include/px4_msgs/px4_msgs/msg/detail/estimator_bias__rosidl_typesupport_introspection_cpp.hpp\n'}
[0.462403] (px4_msgs) StdoutLine: {'line': b'-- Up-to-date symlink: /home/lee/workspace/ros2_ex_mav/install/px4_msgs/include/px4_msgs/px4_msgs/msg/detail/estimator_event_flags__rosidl_typesupport_introspection_cpp.hpp\n'}
[0.462435] (px4_msgs) StdoutLine: {'line': b'-- Up-to-date symlink: /home/lee/workspace/ros2_ex_mav/install/px4_msgs/include/px4_msgs/px4_msgs/msg/detail/estimator_gps_status__rosidl_typesupport_introspection_cpp.hpp\n'}
[0.462468] (px4_msgs) StdoutLine: {'line': b'-- Up-to-date symlink: /home/lee/workspace/ros2_ex_mav/install/px4_msgs/include/px4_msgs/px4_msgs/msg/detail/estimator_innovations__rosidl_typesupport_introspection_cpp.hpp\n'}
[0.462501] (px4_msgs) StdoutLine: {'line': b'-- Up-to-date symlink: /home/lee/workspace/ros2_ex_mav/install/px4_msgs/include/px4_msgs/px4_msgs/msg/detail/estimator_selector_status__rosidl_typesupport_introspection_cpp.hpp\n'}
[0.462534] (px4_msgs) StdoutLine: {'line': b'-- Up-to-date symlink: /home/lee/workspace/ros2_ex_mav/install/px4_msgs/include/px4_msgs/px4_msgs/msg/detail/estimator_sensor_bias__rosidl_typesupport_introspection_cpp.hpp\n'}
[0.462575] (px4_msgs) StdoutLine: {'line': b'-- Up-to-date symlink: /home/lee/workspace/ros2_ex_mav/install/px4_msgs/include/px4_msgs/px4_msgs/msg/detail/estimator_states__rosidl_typesupport_introspection_cpp.hpp\n'}
[0.462605] (px4_msgs) StdoutLine: {'line': b'-- Up-to-date symlink: /home/lee/workspace/ros2_ex_mav/install/px4_msgs/include/px4_msgs/px4_msgs/msg/detail/estimator_status__rosidl_typesupport_introspection_cpp.hpp\n'}
[0.462769] (px4_msgs) StdoutLine: {'line': b'-- Up-to-date symlink: /home/lee/workspace/ros2_ex_mav/install/px4_msgs/include/px4_msgs/px4_msgs/msg/detail/estimator_status_flags__rosidl_typesupport_introspection_cpp.hpp\n'}
[0.462805] (px4_msgs) StdoutLine: {'line': b'-- Up-to-date symlink: /home/lee/workspace/ros2_ex_mav/install/px4_msgs/include/px4_msgs/px4_msgs/msg/detail/event__rosidl_typesupport_introspection_cpp.hpp\n'}
[0.462824] (px4_msgs) StdoutLine: {'line': b'-- Up-to-date symlink: /home/lee/workspace/ros2_ex_mav/install/px4_msgs/include/px4_msgs/px4_msgs/msg/detail/failsafe_flags__rosidl_typesupport_introspection_cpp.hpp\n'}
[0.462842] (px4_msgs) StdoutLine: {'line': b'-- Up-to-date symlink: /home/lee/workspace/ros2_ex_mav/install/px4_msgs/include/px4_msgs/px4_msgs/msg/detail/failure_detector_status__rosidl_typesupport_introspection_cpp.hpp\n'}
[0.462859] (px4_msgs) StdoutLine: {'line': b'-- Up-to-date symlink: /home/lee/workspace/ros2_ex_mav/install/px4_msgs/include/px4_msgs/px4_msgs/msg/detail/follow_target__rosidl_typesupport_introspection_cpp.hpp\n'}
[0.462961] (px4_msgs) StdoutLine: {'line': b'-- Up-to-date symlink: /home/lee/workspace/ros2_ex_mav/install/px4_msgs/include/px4_msgs/px4_msgs/msg/detail/follow_target_estimator__rosidl_typesupport_introspection_cpp.hpp\n'}
[0.463130] (px4_msgs) StdoutLine: {'line': b'-- Up-to-date symlink: /home/lee/workspace/ros2_ex_mav/install/px4_msgs/include/px4_msgs/px4_msgs/msg/detail/follow_target_status__rosidl_typesupport_introspection_cpp.hpp\n'}
[0.463151] (px4_msgs) StdoutLine: {'line': b'-- Up-to-date symlink: /home/lee/workspace/ros2_ex_mav/install/px4_msgs/include/px4_msgs/px4_msgs/msg/detail/generator_status__rosidl_typesupport_introspection_cpp.hpp\n'}
[0.463171] (px4_msgs) StdoutLine: {'line': b'-- Up-to-date symlink: /home/lee/workspace/ros2_ex_mav/install/px4_msgs/include/px4_msgs/px4_msgs/msg/detail/geofence_result__rosidl_typesupport_introspection_cpp.hpp\n'}
[0.463191] (px4_msgs) StdoutLine: {'line': b'-- Up-to-date symlink: /home/lee/workspace/ros2_ex_mav/install/px4_msgs/include/px4_msgs/px4_msgs/msg/detail/gimbal_controls__rosidl_typesupport_introspection_cpp.hpp\n'}
[0.463240] (px4_msgs) StdoutLine: {'line': b'-- Up-to-date symlink: /home/lee/workspace/ros2_ex_mav/install/px4_msgs/include/px4_msgs/px4_msgs/msg/detail/gimbal_device_attitude_status__rosidl_typesupport_introspection_cpp.hpp\n'}
[0.463279] (px4_msgs) StdoutLine: {'line': b'-- Up-to-date symlink: /home/lee/workspace/ros2_ex_mav/install/px4_msgs/include/px4_msgs/px4_msgs/msg/detail/gimbal_device_information__rosidl_typesupport_introspection_cpp.hpp\n'}
[0.463300] (px4_msgs) StdoutLine: {'line': b'-- Up-to-date symlink: /home/lee/workspace/ros2_ex_mav/install/px4_msgs/include/px4_msgs/px4_msgs/msg/detail/gimbal_device_set_attitude__rosidl_typesupport_introspection_cpp.hpp\n'}
[0.463320] (px4_msgs) StdoutLine: {'line': b'-- Up-to-date symlink: /home/lee/workspace/ros2_ex_mav/install/px4_msgs/include/px4_msgs/px4_msgs/msg/detail/gimbal_manager_information__rosidl_typesupport_introspection_cpp.hpp\n'}
[0.463339] (px4_msgs) StdoutLine: {'line': b'-- Up-to-date symlink: /home/lee/workspace/ros2_ex_mav/install/px4_msgs/include/px4_msgs/px4_msgs/msg/detail/gimbal_manager_set_attitude__rosidl_typesupport_introspection_cpp.hpp\n'}
[0.463358] (px4_msgs) StdoutLine: {'line': b'-- Up-to-date symlink: /home/lee/workspace/ros2_ex_mav/install/px4_msgs/include/px4_msgs/px4_msgs/msg/detail/gimbal_manager_set_manual_control__rosidl_typesupport_introspection_cpp.hpp\n'}
[0.463378] (px4_msgs) StdoutLine: {'line': b'-- Up-to-date symlink: /home/lee/workspace/ros2_ex_mav/install/px4_msgs/include/px4_msgs/px4_msgs/msg/detail/gimbal_manager_status__rosidl_typesupport_introspection_cpp.hpp\n'}
[0.463395] (px4_msgs) StdoutLine: {'line': b'-- Up-to-date symlink: /home/lee/workspace/ros2_ex_mav/install/px4_msgs/include/px4_msgs/px4_msgs/msg/detail/gps_dump__rosidl_typesupport_introspection_cpp.hpp\n'}
[0.463413] (px4_msgs) StdoutLine: {'line': b'-- Up-to-date symlink: /home/lee/workspace/ros2_ex_mav/install/px4_msgs/include/px4_msgs/px4_msgs/msg/detail/gps_inject_data__rosidl_typesupport_introspection_cpp.hpp\n'}
[0.463461] (px4_msgs) StdoutLine: {'line': b'-- Up-to-date symlink: /home/lee/workspace/ros2_ex_mav/install/px4_msgs/include/px4_msgs/px4_msgs/msg/detail/gripper__rosidl_typesupport_introspection_cpp.hpp\n'}
[0.463509] (px4_msgs) StdoutLine: {'line': b'-- Up-to-date symlink: /home/lee/workspace/ros2_ex_mav/install/px4_msgs/include/px4_msgs/px4_msgs/msg/detail/health_report__rosidl_typesupport_introspection_cpp.hpp\n'}
[0.463530] (px4_msgs) StdoutLine: {'line': b'-- Up-to-date symlink: /home/lee/workspace/ros2_ex_mav/install/px4_msgs/include/px4_msgs/px4_msgs/msg/detail/heater_status__rosidl_typesupport_introspection_cpp.hpp\n'}
[0.463551] (px4_msgs) StdoutLine: {'line': b'-- Up-to-date symlink: /home/lee/workspace/ros2_ex_mav/install/px4_msgs/include/px4_msgs/px4_msgs/msg/detail/home_position__rosidl_typesupport_introspection_cpp.hpp\n'}
[0.463570] (px4_msgs) StdoutLine: {'line': b'-- Up-to-date symlink: /home/lee/workspace/ros2_ex_mav/install/px4_msgs/include/px4_msgs/px4_msgs/msg/detail/hover_thrust_estimate__rosidl_typesupport_introspection_cpp.hpp\n'}
[0.463590] (px4_msgs) StdoutLine: {'line': b'-- Up-to-date symlink: /home/lee/workspace/ros2_ex_mav/install/px4_msgs/include/px4_msgs/px4_msgs/msg/detail/input_rc__rosidl_typesupport_introspection_cpp.hpp\n'}
[0.463627] (px4_msgs) StdoutLine: {'line': b'-- Up-to-date symlink: /home/lee/workspace/ros2_ex_mav/install/px4_msgs/include/px4_msgs/px4_msgs/msg/detail/internal_combustion_engine_status__rosidl_typesupport_introspection_cpp.hpp\n'}
[0.463653] (px4_msgs) StdoutLine: {'line': b'-- Up-to-date symlink: /home/lee/workspace/ros2_ex_mav/install/px4_msgs/include/px4_msgs/px4_msgs/msg/detail/iridiumsbd_status__rosidl_typesupport_introspection_cpp.hpp\n'}
[0.463691] (px4_msgs) StdoutLine: {'line': b'-- Up-to-date symlink: /home/lee/workspace/ros2_ex_mav/install/px4_msgs/include/px4_msgs/px4_msgs/msg/detail/irlock_report__rosidl_typesupport_introspection_cpp.hpp\n'}
[0.463712] (px4_msgs) StdoutLine: {'line': b'-- Up-to-date symlink: /home/lee/workspace/ros2_ex_mav/install/px4_msgs/include/px4_msgs/px4_msgs/msg/detail/landing_gear__rosidl_typesupport_introspection_cpp.hpp\n'}
[0.463749] (px4_msgs) StdoutLine: {'line': b'-- Up-to-date symlink: /home/lee/workspace/ros2_ex_mav/install/px4_msgs/include/px4_msgs/px4_msgs/msg/detail/landing_gear_wheel__rosidl_typesupport_introspection_cpp.hpp\n'}
[0.463780] (px4_msgs) StdoutLine: {'line': b'-- Up-to-date symlink: /home/lee/workspace/ros2_ex_mav/install/px4_msgs/include/px4_msgs/px4_msgs/msg/detail/landing_target_innovations__rosidl_typesupport_introspection_cpp.hpp\n'}
[0.463800] (px4_msgs) StdoutLine: {'line': b'-- Up-to-date symlink: /home/lee/workspace/ros2_ex_mav/install/px4_msgs/include/px4_msgs/px4_msgs/msg/detail/landing_target_pose__rosidl_typesupport_introspection_cpp.hpp\n'}
[0.463820] (px4_msgs) StdoutLine: {'line': b'-- Up-to-date symlink: /home/lee/workspace/ros2_ex_mav/install/px4_msgs/include/px4_msgs/px4_msgs/msg/detail/launch_detection_status__rosidl_typesupport_introspection_cpp.hpp\n'}
[0.463840] (px4_msgs) StdoutLine: {'line': b'-- Up-to-date symlink: /home/lee/workspace/ros2_ex_mav/install/px4_msgs/include/px4_msgs/px4_msgs/msg/detail/led_control__rosidl_typesupport_introspection_cpp.hpp\n'}
[0.463873] (px4_msgs) StdoutLine: {'line': b'-- Up-to-date symlink: /home/lee/workspace/ros2_ex_mav/install/px4_msgs/include/px4_msgs/px4_msgs/msg/detail/log_message__rosidl_typesupport_introspection_cpp.hpp\n'}
[0.463914] (px4_msgs) StdoutLine: {'line': b'-- Up-to-date symlink: /home/lee/workspace/ros2_ex_mav/install/px4_msgs/include/px4_msgs/px4_msgs/msg/detail/logger_status__rosidl_typesupport_introspection_cpp.hpp\n'}
[0.463935] (px4_msgs) StdoutLine: {'line': b'-- Up-to-date symlink: /home/lee/workspace/ros2_ex_mav/install/px4_msgs/include/px4_msgs/px4_msgs/msg/detail/mag_worker_data__rosidl_typesupport_introspection_cpp.hpp\n'}
[0.463977] (px4_msgs) StdoutLine: {'line': b'-- Up-to-date symlink: /home/lee/workspace/ros2_ex_mav/install/px4_msgs/include/px4_msgs/px4_msgs/msg/detail/magnetometer_bias_estimate__rosidl_typesupport_introspection_cpp.hpp\n'}
[0.463998] (px4_msgs) StdoutLine: {'line': b'-- Up-to-date symlink: /home/lee/workspace/ros2_ex_mav/install/px4_msgs/include/px4_msgs/px4_msgs/msg/detail/manual_control_setpoint__rosidl_typesupport_introspection_cpp.hpp\n'}
[0.464018] (px4_msgs) StdoutLine: {'line': b'-- Up-to-date symlink: /home/lee/workspace/ros2_ex_mav/install/px4_msgs/include/px4_msgs/px4_msgs/msg/detail/manual_control_switches__rosidl_typesupport_introspection_cpp.hpp\n'}
[0.464051] (px4_msgs) StdoutLine: {'line': b'-- Up-to-date symlink: /home/lee/workspace/ros2_ex_mav/install/px4_msgs/include/px4_msgs/px4_msgs/msg/detail/mavlink_log__rosidl_typesupport_introspection_cpp.hpp\n'}
[0.464094] (px4_msgs) StdoutLine: {'line': b'-- Up-to-date symlink: /home/lee/workspace/ros2_ex_mav/install/px4_msgs/include/px4_msgs/px4_msgs/msg/detail/mavlink_tunnel__rosidl_typesupport_introspection_cpp.hpp\n'}
[0.464114] (px4_msgs) StdoutLine: {'line': b'-- Up-to-date symlink: /home/lee/workspace/ros2_ex_mav/install/px4_msgs/include/px4_msgs/px4_msgs/msg/detail/mission__rosidl_typesupport_introspection_cpp.hpp\n'}
[0.464133] (px4_msgs) StdoutLine: {'line': b'-- Up-to-date symlink: /home/lee/workspace/ros2_ex_mav/install/px4_msgs/include/px4_msgs/px4_msgs/msg/detail/mission_result__rosidl_typesupport_introspection_cpp.hpp\n'}
[0.464166] (px4_msgs) StdoutLine: {'line': b'-- Up-to-date symlink: /home/lee/workspace/ros2_ex_mav/install/px4_msgs/include/px4_msgs/px4_msgs/msg/detail/mode_completed__rosidl_typesupport_introspection_cpp.hpp\n'}
[0.464204] (px4_msgs) StdoutLine: {'line': b'-- Up-to-date symlink: /home/lee/workspace/ros2_ex_mav/install/px4_msgs/include/px4_msgs/px4_msgs/msg/detail/mount_orientation__rosidl_typesupport_introspection_cpp.hpp\n'}
[0.464223] (px4_msgs) StdoutLine: {'line': b'-- Up-to-date symlink: /home/lee/workspace/ros2_ex_mav/install/px4_msgs/include/px4_msgs/px4_msgs/msg/detail/navigator_mission_item__rosidl_typesupport_introspection_cpp.hpp\n'}
[0.464262] (px4_msgs) StdoutLine: {'line': b'-- Up-to-date symlink: /home/lee/workspace/ros2_ex_mav/install/px4_msgs/include/px4_msgs/px4_msgs/msg/detail/normalized_unsigned_setpoint__rosidl_typesupport_introspection_cpp.hpp\n'}
[0.464281] (px4_msgs) StdoutLine: {'line': b'-- Up-to-date symlink: /home/lee/workspace/ros2_ex_mav/install/px4_msgs/include/px4_msgs/px4_msgs/msg/detail/npfg_status__rosidl_typesupport_introspection_cpp.hpp\n'}
[0.464308] (px4_msgs) StdoutLine: {'line': b'-- Up-to-date symlink: /home/lee/workspace/ros2_ex_mav/install/px4_msgs/include/px4_msgs/px4_msgs/msg/detail/obstacle_distance__rosidl_typesupport_introspection_cpp.hpp\n'}
[0.464334] (px4_msgs) StdoutLine: {'line': b'-- Up-to-date symlink: /home/lee/workspace/ros2_ex_mav/install/px4_msgs/include/px4_msgs/px4_msgs/msg/detail/offboard_control_mode__rosidl_typesupport_introspection_cpp.hpp\n'}
[0.464366] (px4_msgs) StdoutLine: {'line': b'-- Up-to-date symlink: /home/lee/workspace/ros2_ex_mav/install/px4_msgs/include/px4_msgs/px4_msgs/msg/detail/onboard_computer_status__rosidl_typesupport_introspection_cpp.hpp\n'}
[0.464396] (px4_msgs) StdoutLine: {'line': b'-- Up-to-date symlink: /home/lee/workspace/ros2_ex_mav/install/px4_msgs/include/px4_msgs/px4_msgs/msg/detail/orb_test__rosidl_typesupport_introspection_cpp.hpp\n'}
[0.464428] (px4_msgs) StdoutLine: {'line': b'-- Up-to-date symlink: /home/lee/workspace/ros2_ex_mav/install/px4_msgs/include/px4_msgs/px4_msgs/msg/detail/orb_test_large__rosidl_typesupport_introspection_cpp.hpp\n'}
[0.464461] (px4_msgs) StdoutLine: {'line': b'-- Up-to-date symlink: /home/lee/workspace/ros2_ex_mav/install/px4_msgs/include/px4_msgs/px4_msgs/msg/detail/orb_test_medium__rosidl_typesupport_introspection_cpp.hpp\n'}
[0.464494] (px4_msgs) StdoutLine: {'line': b'-- Up-to-date symlink: /home/lee/workspace/ros2_ex_mav/install/px4_msgs/include/px4_msgs/px4_msgs/msg/detail/orbit_status__rosidl_typesupport_introspection_cpp.hpp\n'}
[0.464527] (px4_msgs) StdoutLine: {'line': b'-- Up-to-date symlink: /home/lee/workspace/ros2_ex_mav/install/px4_msgs/include/px4_msgs/px4_msgs/msg/detail/parameter_update__rosidl_typesupport_introspection_cpp.hpp\n'}
[0.464561] (px4_msgs) StdoutLine: {'line': b'-- Up-to-date symlink: /home/lee/workspace/ros2_ex_mav/install/px4_msgs/include/px4_msgs/px4_msgs/msg/detail/ping__rosidl_typesupport_introspection_cpp.hpp\n'}
[0.464595] (px4_msgs) StdoutLine: {'line': b'-- Up-to-date symlink: /home/lee/workspace/ros2_ex_mav/install/px4_msgs/include/px4_msgs/px4_msgs/msg/detail/position_controller_landing_status__rosidl_typesupport_introspection_cpp.hpp\n'}
[0.464630] (px4_msgs) StdoutLine: {'line': b'-- Up-to-date symlink: /home/lee/workspace/ros2_ex_mav/install/px4_msgs/include/px4_msgs/px4_msgs/msg/detail/position_controller_status__rosidl_typesupport_introspection_cpp.hpp\n'}
[0.464667] (px4_msgs) StdoutLine: {'line': b'-- Up-to-date symlink: /home/lee/workspace/ros2_ex_mav/install/px4_msgs/include/px4_msgs/px4_msgs/msg/detail/position_setpoint__rosidl_typesupport_introspection_cpp.hpp\n'}
[0.464701] (px4_msgs) StdoutLine: {'line': b'-- Up-to-date symlink: /home/lee/workspace/ros2_ex_mav/install/px4_msgs/include/px4_msgs/px4_msgs/msg/detail/position_setpoint_triplet__rosidl_typesupport_introspection_cpp.hpp\n'}
[0.464735] (px4_msgs) StdoutLine: {'line': b'-- Up-to-date symlink: /home/lee/workspace/ros2_ex_mav/install/px4_msgs/include/px4_msgs/px4_msgs/msg/detail/power_button_state__rosidl_typesupport_introspection_cpp.hpp\n'}
[0.464768] (px4_msgs) StdoutLine: {'line': b'-- Up-to-date symlink: /home/lee/workspace/ros2_ex_mav/install/px4_msgs/include/px4_msgs/px4_msgs/msg/detail/power_monitor__rosidl_typesupport_introspection_cpp.hpp\n'}
[0.464802] (px4_msgs) StdoutLine: {'line': b'-- Up-to-date symlink: /home/lee/workspace/ros2_ex_mav/install/px4_msgs/include/px4_msgs/px4_msgs/msg/detail/pps_capture__rosidl_typesupport_introspection_cpp.hpp\n'}
[0.464835] (px4_msgs) StdoutLine: {'line': b'-- Up-to-date symlink: /home/lee/workspace/ros2_ex_mav/install/px4_msgs/include/px4_msgs/px4_msgs/msg/detail/pwm_input__rosidl_typesupport_introspection_cpp.hpp\n'}
[0.464869] (px4_msgs) StdoutLine: {'line': b'-- Up-to-date symlink: /home/lee/workspace/ros2_ex_mav/install/px4_msgs/include/px4_msgs/px4_msgs/msg/detail/px4io_status__rosidl_typesupport_introspection_cpp.hpp\n'}
[0.464904] (px4_msgs) StdoutLine: {'line': b'-- Up-to-date symlink: /home/lee/workspace/ros2_ex_mav/install/px4_msgs/include/px4_msgs/px4_msgs/msg/detail/qshell_req__rosidl_typesupport_introspection_cpp.hpp\n'}
[0.464937] (px4_msgs) StdoutLine: {'line': b'-- Up-to-date symlink: /home/lee/workspace/ros2_ex_mav/install/px4_msgs/include/px4_msgs/px4_msgs/msg/detail/qshell_retval__rosidl_typesupport_introspection_cpp.hpp\n'}
[0.464971] (px4_msgs) StdoutLine: {'line': b'-- Up-to-date symlink: /home/lee/workspace/ros2_ex_mav/install/px4_msgs/include/px4_msgs/px4_msgs/msg/detail/radio_status__rosidl_typesupport_introspection_cpp.hpp\n'}
[0.465005] (px4_msgs) StdoutLine: {'line': b'-- Up-to-date symlink: /home/lee/workspace/ros2_ex_mav/install/px4_msgs/include/px4_msgs/px4_msgs/msg/detail/rate_ctrl_status__rosidl_typesupport_introspection_cpp.hpp\n'}
[0.465037] (px4_msgs) StdoutLine: {'line': b'-- Up-to-date symlink: /home/lee/workspace/ros2_ex_mav/install/px4_msgs/include/px4_msgs/px4_msgs/msg/detail/rc_channels__rosidl_typesupport_introspection_cpp.hpp\n'}
[0.465070] (px4_msgs) StdoutLine: {'line': b'-- Up-to-date symlink: /home/lee/workspace/ros2_ex_mav/install/px4_msgs/include/px4_msgs/px4_msgs/msg/detail/rc_parameter_map__rosidl_typesupport_introspection_cpp.hpp\n'}
[0.465105] (px4_msgs) StdoutLine: {'line': b'-- Up-to-date symlink: /home/lee/workspace/ros2_ex_mav/install/px4_msgs/include/px4_msgs/px4_msgs/msg/detail/rpm__rosidl_typesupport_introspection_cpp.hpp\n'}
[0.465138] (px4_msgs) StdoutLine: {'line': b'-- Up-to-date symlink: /home/lee/workspace/ros2_ex_mav/install/px4_msgs/include/px4_msgs/px4_msgs/msg/detail/rtl_time_estimate__rosidl_typesupport_introspection_cpp.hpp\n'}
[0.465171] (px4_msgs) StdoutLine: {'line': b'-- Up-to-date symlink: /home/lee/workspace/ros2_ex_mav/install/px4_msgs/include/px4_msgs/px4_msgs/msg/detail/satellite_info__rosidl_typesupport_introspection_cpp.hpp\n'}
[0.465204] (px4_msgs) StdoutLine: {'line': b'-- Up-to-date symlink: /home/lee/workspace/ros2_ex_mav/install/px4_msgs/include/px4_msgs/px4_msgs/msg/detail/sensor_accel__rosidl_typesupport_introspection_cpp.hpp\n'}
[0.465236] (px4_msgs) StdoutLine: {'line': b'-- Up-to-date symlink: /home/lee/workspace/ros2_ex_mav/install/px4_msgs/include/px4_msgs/px4_msgs/msg/detail/sensor_accel_fifo__rosidl_typesupport_introspection_cpp.hpp\n'}
[0.465270] (px4_msgs) StdoutLine: {'line': b'-- Up-to-date symlink: /home/lee/workspace/ros2_ex_mav/install/px4_msgs/include/px4_msgs/px4_msgs/msg/detail/sensor_baro__rosidl_typesupport_introspection_cpp.hpp\n'}
[0.465303] (px4_msgs) StdoutLine: {'line': b'-- Up-to-date symlink: /home/lee/workspace/ros2_ex_mav/install/px4_msgs/include/px4_msgs/px4_msgs/msg/detail/sensor_combined__rosidl_typesupport_introspection_cpp.hpp\n'}
[0.465337] (px4_msgs) StdoutLine: {'line': b'-- Up-to-date symlink: /home/lee/workspace/ros2_ex_mav/install/px4_msgs/include/px4_msgs/px4_msgs/msg/detail/sensor_correction__rosidl_typesupport_introspection_cpp.hpp\n'}
[0.465371] (px4_msgs) StdoutLine: {'line': b'-- Up-to-date symlink: /home/lee/workspace/ros2_ex_mav/install/px4_msgs/include/px4_msgs/px4_msgs/msg/detail/sensor_gnss_relative__rosidl_typesupport_introspection_cpp.hpp\n'}
[0.465403] (px4_msgs) StdoutLine: {'line': b'-- Up-to-date symlink: /home/lee/workspace/ros2_ex_mav/install/px4_msgs/include/px4_msgs/px4_msgs/msg/detail/sensor_gps__rosidl_typesupport_introspection_cpp.hpp\n'}
[0.465438] (px4_msgs) StdoutLine: {'line': b'-- Up-to-date symlink: /home/lee/workspace/ros2_ex_mav/install/px4_msgs/include/px4_msgs/px4_msgs/msg/detail/sensor_gyro__rosidl_typesupport_introspection_cpp.hpp\n'}
[0.465476] (px4_msgs) StdoutLine: {'line': b'-- Up-to-date symlink: /home/lee/workspace/ros2_ex_mav/install/px4_msgs/include/px4_msgs/px4_msgs/msg/detail/sensor_gyro_fft__rosidl_typesupport_introspection_cpp.hpp\n'}
[0.465509] (px4_msgs) StdoutLine: {'line': b'-- Up-to-date symlink: /home/lee/workspace/ros2_ex_mav/install/px4_msgs/include/px4_msgs/px4_msgs/msg/detail/sensor_gyro_fifo__rosidl_typesupport_introspection_cpp.hpp\n'}
[0.465542] (px4_msgs) StdoutLine: {'line': b'-- Up-to-date symlink: /home/lee/workspace/ros2_ex_mav/install/px4_msgs/include/px4_msgs/px4_msgs/msg/detail/sensor_hygrometer__rosidl_typesupport_introspection_cpp.hpp\n'}
[0.465576] (px4_msgs) StdoutLine: {'line': b'-- Up-to-date symlink: /home/lee/workspace/ros2_ex_mav/install/px4_msgs/include/px4_msgs/px4_msgs/msg/detail/sensor_mag__rosidl_typesupport_introspection_cpp.hpp\n'}
[0.465609] (px4_msgs) StdoutLine: {'line': b'-- Up-to-date symlink: /home/lee/workspace/ros2_ex_mav/install/px4_msgs/include/px4_msgs/px4_msgs/msg/detail/sensor_optical_flow__rosidl_typesupport_introspection_cpp.hpp\n'}
[0.465644] (px4_msgs) StdoutLine: {'line': b'-- Up-to-date symlink: /home/lee/workspace/ros2_ex_mav/install/px4_msgs/include/px4_msgs/px4_msgs/msg/detail/sensor_preflight_mag__rosidl_typesupport_introspection_cpp.hpp\n'}
[0.465679] (px4_msgs) StdoutLine: {'line': b'-- Up-to-date symlink: /home/lee/workspace/ros2_ex_mav/install/px4_msgs/include/px4_msgs/px4_msgs/msg/detail/sensor_selection__rosidl_typesupport_introspection_cpp.hpp\n'}
[0.465712] (px4_msgs) StdoutLine: {'line': b'-- Up-to-date symlink: /home/lee/workspace/ros2_ex_mav/install/px4_msgs/include/px4_msgs/px4_msgs/msg/detail/sensor_uwb__rosidl_typesupport_introspection_cpp.hpp\n'}
[0.465747] (px4_msgs) StdoutLine: {'line': b'-- Up-to-date symlink: /home/lee/workspace/ros2_ex_mav/install/px4_msgs/include/px4_msgs/px4_msgs/msg/detail/sensors_status__rosidl_typesupport_introspection_cpp.hpp\n'}
[0.465780] (px4_msgs) StdoutLine: {'line': b'-- Up-to-date symlink: /home/lee/workspace/ros2_ex_mav/install/px4_msgs/include/px4_msgs/px4_msgs/msg/detail/sensors_status_imu__rosidl_typesupport_introspection_cpp.hpp\n'}
[0.465814] (px4_msgs) StdoutLine: {'line': b'-- Up-to-date symlink: /home/lee/workspace/ros2_ex_mav/install/px4_msgs/include/px4_msgs/px4_msgs/msg/detail/system_power__rosidl_typesupport_introspection_cpp.hpp\n'}
[0.465848] (px4_msgs) StdoutLine: {'line': b'-- Up-to-date symlink: /home/lee/workspace/ros2_ex_mav/install/px4_msgs/include/px4_msgs/px4_msgs/msg/detail/takeoff_status__rosidl_typesupport_introspection_cpp.hpp\n'}
[0.465882] (px4_msgs) StdoutLine: {'line': b'-- Up-to-date symlink: /home/lee/workspace/ros2_ex_mav/install/px4_msgs/include/px4_msgs/px4_msgs/msg/detail/task_stack_info__rosidl_typesupport_introspection_cpp.hpp\n'}
[0.465916] (px4_msgs) StdoutLine: {'line': b'-- Up-to-date symlink: /home/lee/workspace/ros2_ex_mav/install/px4_msgs/include/px4_msgs/px4_msgs/msg/detail/tecs_status__rosidl_typesupport_introspection_cpp.hpp\n'}
[0.465950] (px4_msgs) StdoutLine: {'line': b'-- Up-to-date symlink: /home/lee/workspace/ros2_ex_mav/install/px4_msgs/include/px4_msgs/px4_msgs/msg/detail/telemetry_status__rosidl_typesupport_introspection_cpp.hpp\n'}
[0.465985] (px4_msgs) StdoutLine: {'line': b'-- Up-to-date symlink: /home/lee/workspace/ros2_ex_mav/install/px4_msgs/include/px4_msgs/px4_msgs/msg/detail/tiltrotor_extra_controls__rosidl_typesupport_introspection_cpp.hpp\n'}
[0.466019] (px4_msgs) StdoutLine: {'line': b'-- Up-to-date symlink: /home/lee/workspace/ros2_ex_mav/install/px4_msgs/include/px4_msgs/px4_msgs/msg/detail/timesync_status__rosidl_typesupport_introspection_cpp.hpp\n'}
[0.466054] (px4_msgs) StdoutLine: {'line': b'-- Up-to-date symlink: /home/lee/workspace/ros2_ex_mav/install/px4_msgs/include/px4_msgs/px4_msgs/msg/detail/trajectory_bezier__rosidl_typesupport_introspection_cpp.hpp\n'}
[0.466087] (px4_msgs) StdoutLine: {'line': b'-- Up-to-date symlink: /home/lee/workspace/ros2_ex_mav/install/px4_msgs/include/px4_msgs/px4_msgs/msg/detail/trajectory_setpoint__rosidl_typesupport_introspection_cpp.hpp\n'}
[0.466121] (px4_msgs) StdoutLine: {'line': b'-- Up-to-date symlink: /home/lee/workspace/ros2_ex_mav/install/px4_msgs/include/px4_msgs/px4_msgs/msg/detail/trajectory_waypoint__rosidl_typesupport_introspection_cpp.hpp\n'}
[0.466155] (px4_msgs) StdoutLine: {'line': b'-- Up-to-date symlink: /home/lee/workspace/ros2_ex_mav/install/px4_msgs/include/px4_msgs/px4_msgs/msg/detail/transponder_report__rosidl_typesupport_introspection_cpp.hpp\n'}
[0.466190] (px4_msgs) StdoutLine: {'line': b'-- Up-to-date symlink: /home/lee/workspace/ros2_ex_mav/install/px4_msgs/include/px4_msgs/px4_msgs/msg/detail/tune_control__rosidl_typesupport_introspection_cpp.hpp\n'}
[0.466223] (px4_msgs) StdoutLine: {'line': b'-- Up-to-date symlink: /home/lee/workspace/ros2_ex_mav/install/px4_msgs/include/px4_msgs/px4_msgs/msg/detail/uavcan_parameter_request__rosidl_typesupport_introspection_cpp.hpp\n'}
[0.466259] (px4_msgs) StdoutLine: {'line': b'-- Up-to-date symlink: /home/lee/workspace/ros2_ex_mav/install/px4_msgs/include/px4_msgs/px4_msgs/msg/detail/uavcan_parameter_value__rosidl_typesupport_introspection_cpp.hpp\n'}
[0.466293] (px4_msgs) StdoutLine: {'line': b'-- Up-to-date symlink: /home/lee/workspace/ros2_ex_mav/install/px4_msgs/include/px4_msgs/px4_msgs/msg/detail/ulog_stream__rosidl_typesupport_introspection_cpp.hpp\n'}
[0.466325] (px4_msgs) StdoutLine: {'line': b'-- Up-to-date symlink: /home/lee/workspace/ros2_ex_mav/install/px4_msgs/include/px4_msgs/px4_msgs/msg/detail/ulog_stream_ack__rosidl_typesupport_introspection_cpp.hpp\n'}
[0.466359] (px4_msgs) StdoutLine: {'line': b'-- Up-to-date symlink: /home/lee/workspace/ros2_ex_mav/install/px4_msgs/include/px4_msgs/px4_msgs/msg/detail/vehicle_acceleration__rosidl_typesupport_introspection_cpp.hpp\n'}
[0.466391] (px4_msgs) StdoutLine: {'line': b'-- Up-to-date symlink: /home/lee/workspace/ros2_ex_mav/install/px4_msgs/include/px4_msgs/px4_msgs/msg/detail/vehicle_air_data__rosidl_typesupport_introspection_cpp.hpp\n'}
[0.466425] (px4_msgs) StdoutLine: {'line': b'-- Up-to-date symlink: /home/lee/workspace/ros2_ex_mav/install/px4_msgs/include/px4_msgs/px4_msgs/msg/detail/vehicle_angular_acceleration_setpoint__rosidl_typesupport_introspection_cpp.hpp\n'}
[0.466460] (px4_msgs) StdoutLine: {'line': b'-- Up-to-date symlink: /home/lee/workspace/ros2_ex_mav/install/px4_msgs/include/px4_msgs/px4_msgs/msg/detail/vehicle_angular_velocity__rosidl_typesupport_introspection_cpp.hpp\n'}
[0.466493] (px4_msgs) StdoutLine: {'line': b'-- Up-to-date symlink: /home/lee/workspace/ros2_ex_mav/install/px4_msgs/include/px4_msgs/px4_msgs/msg/detail/vehicle_attitude__rosidl_typesupport_introspection_cpp.hpp\n'}
[0.466526] (px4_msgs) StdoutLine: {'line': b'-- Up-to-date symlink: /home/lee/workspace/ros2_ex_mav/install/px4_msgs/include/px4_msgs/px4_msgs/msg/detail/vehicle_attitude_setpoint__rosidl_typesupport_introspection_cpp.hpp\n'}
[0.466560] (px4_msgs) StdoutLine: {'line': b'-- Up-to-date symlink: /home/lee/workspace/ros2_ex_mav/install/px4_msgs/include/px4_msgs/px4_msgs/msg/detail/vehicle_command__rosidl_typesupport_introspection_cpp.hpp\n'}
[0.466594] (px4_msgs) StdoutLine: {'line': b'-- Up-to-date symlink: /home/lee/workspace/ros2_ex_mav/install/px4_msgs/include/px4_msgs/px4_msgs/msg/detail/vehicle_command_ack__rosidl_typesupport_introspection_cpp.hpp\n'}
[0.466628] (px4_msgs) StdoutLine: {'line': b'-- Up-to-date symlink: /home/lee/workspace/ros2_ex_mav/install/px4_msgs/include/px4_msgs/px4_msgs/msg/detail/vehicle_constraints__rosidl_typesupport_introspection_cpp.hpp\n'}
[0.466668] (px4_msgs) StdoutLine: {'line': b'-- Up-to-date symlink: /home/lee/workspace/ros2_ex_mav/install/px4_msgs/include/px4_msgs/px4_msgs/msg/detail/vehicle_control_mode__rosidl_typesupport_introspection_cpp.hpp\n'}
[0.466701] (px4_msgs) StdoutLine: {'line': b'-- Up-to-date symlink: /home/lee/workspace/ros2_ex_mav/install/px4_msgs/include/px4_msgs/px4_msgs/msg/detail/vehicle_global_position__rosidl_typesupport_introspection_cpp.hpp\n'}
[0.466735] (px4_msgs) StdoutLine: {'line': b'-- Up-to-date symlink: /home/lee/workspace/ros2_ex_mav/install/px4_msgs/include/px4_msgs/px4_msgs/msg/detail/vehicle_imu__rosidl_typesupport_introspection_cpp.hpp\n'}
[0.466768] (px4_msgs) StdoutLine: {'line': b'-- Up-to-date symlink: /home/lee/workspace/ros2_ex_mav/install/px4_msgs/include/px4_msgs/px4_msgs/msg/detail/vehicle_imu_status__rosidl_typesupport_introspection_cpp.hpp\n'}
[0.466798] (px4_msgs) StdoutLine: {'line': b'-- Up-to-date symlink: /home/lee/workspace/ros2_ex_mav/install/px4_msgs/include/px4_msgs/px4_msgs/msg/detail/vehicle_land_detected__rosidl_typesupport_introspection_cpp.hpp\n'}
[0.466833] (px4_msgs) StdoutLine: {'line': b'-- Up-to-date symlink: /home/lee/workspace/ros2_ex_mav/install/px4_msgs/include/px4_msgs/px4_msgs/msg/detail/vehicle_local_position__rosidl_typesupport_introspection_cpp.hpp\n'}
[0.466866] (px4_msgs) StdoutLine: {'line': b'-- Up-to-date symlink: /home/lee/workspace/ros2_ex_mav/install/px4_msgs/include/px4_msgs/px4_msgs/msg/detail/vehicle_local_position_setpoint__rosidl_typesupport_introspection_cpp.hpp\n'}
[0.466900] (px4_msgs) StdoutLine: {'line': b'-- Up-to-date symlink: /home/lee/workspace/ros2_ex_mav/install/px4_msgs/include/px4_msgs/px4_msgs/msg/detail/vehicle_magnetometer__rosidl_typesupport_introspection_cpp.hpp\n'}
[0.466934] (px4_msgs) StdoutLine: {'line': b'-- Up-to-date symlink: /home/lee/workspace/ros2_ex_mav/install/px4_msgs/include/px4_msgs/px4_msgs/msg/detail/vehicle_odometry__rosidl_typesupport_introspection_cpp.hpp\n'}
[0.466967] (px4_msgs) StdoutLine: {'line': b'-- Up-to-date symlink: /home/lee/workspace/ros2_ex_mav/install/px4_msgs/include/px4_msgs/px4_msgs/msg/detail/vehicle_optical_flow__rosidl_typesupport_introspection_cpp.hpp\n'}
[0.467001] (px4_msgs) StdoutLine: {'line': b'-- Up-to-date symlink: /home/lee/workspace/ros2_ex_mav/install/px4_msgs/include/px4_msgs/px4_msgs/msg/detail/vehicle_optical_flow_vel__rosidl_typesupport_introspection_cpp.hpp\n'}
[0.467033] (px4_msgs) StdoutLine: {'line': b'-- Up-to-date symlink: /home/lee/workspace/ros2_ex_mav/install/px4_msgs/include/px4_msgs/px4_msgs/msg/detail/vehicle_rates_setpoint__rosidl_typesupport_introspection_cpp.hpp\n'}
[0.467067] (px4_msgs) StdoutLine: {'line': b'-- Up-to-date symlink: /home/lee/workspace/ros2_ex_mav/install/px4_msgs/include/px4_msgs/px4_msgs/msg/detail/vehicle_roi__rosidl_typesupport_introspection_cpp.hpp\n'}
[0.467101] (px4_msgs) StdoutLine: {'line': b'-- Up-to-date symlink: /home/lee/workspace/ros2_ex_mav/install/px4_msgs/include/px4_msgs/px4_msgs/msg/detail/vehicle_status__rosidl_typesupport_introspection_cpp.hpp\n'}
[0.467134] (px4_msgs) StdoutLine: {'line': b'-- Up-to-date symlink: /home/lee/workspace/ros2_ex_mav/install/px4_msgs/include/px4_msgs/px4_msgs/msg/detail/vehicle_thrust_setpoint__rosidl_typesupport_introspection_cpp.hpp\n'}
[0.467167] (px4_msgs) StdoutLine: {'line': b'-- Up-to-date symlink: /home/lee/workspace/ros2_ex_mav/install/px4_msgs/include/px4_msgs/px4_msgs/msg/detail/vehicle_torque_setpoint__rosidl_typesupport_introspection_cpp.hpp\n'}
[0.467202] (px4_msgs) StdoutLine: {'line': b'-- Up-to-date symlink: /home/lee/workspace/ros2_ex_mav/install/px4_msgs/include/px4_msgs/px4_msgs/msg/detail/vehicle_trajectory_bezier__rosidl_typesupport_introspection_cpp.hpp\n'}
[0.467235] (px4_msgs) StdoutLine: {'line': b'-- Up-to-date symlink: /home/lee/workspace/ros2_ex_mav/install/px4_msgs/include/px4_msgs/px4_msgs/msg/detail/vehicle_trajectory_waypoint__rosidl_typesupport_introspection_cpp.hpp\n'}
[0.467269] (px4_msgs) StdoutLine: {'line': b'-- Up-to-date symlink: /home/lee/workspace/ros2_ex_mav/install/px4_msgs/include/px4_msgs/px4_msgs/msg/detail/vtol_vehicle_status__rosidl_typesupport_introspection_cpp.hpp\n'}
[0.467303] (px4_msgs) StdoutLine: {'line': b'-- Up-to-date symlink: /home/lee/workspace/ros2_ex_mav/install/px4_msgs/include/px4_msgs/px4_msgs/msg/detail/wind__rosidl_typesupport_introspection_cpp.hpp\n'}
[0.467336] (px4_msgs) StdoutLine: {'line': b'-- Up-to-date symlink: /home/lee/workspace/ros2_ex_mav/install/px4_msgs/include/px4_msgs/px4_msgs/msg/detail/yaw_estimator_status__rosidl_typesupport_introspection_cpp.hpp\n'}
[0.467406] (px4_msgs) StdoutLine: {'line': b'-- Up-to-date symlink: /home/lee/workspace/ros2_ex_mav/install/px4_msgs/share/px4_msgs/environment/pythonpath.sh\n'}
[0.467460] (px4_msgs) StdoutLine: {'line': b'-- Up-to-date symlink: /home/lee/workspace/ros2_ex_mav/install/px4_msgs/share/px4_msgs/environment/pythonpath.dsv\n'}
[0.467583] (px4_msgs) StdoutLine: {'line': b'-- Up-to-date symlink: /home/lee/workspace/ros2_ex_mav/install/px4_msgs/local/lib/python3.10/dist-packages/px4_msgs-2.0.1-py3.10.egg-info/PKG-INFO\n'}
[0.467622] (px4_msgs) StdoutLine: {'line': b'-- Up-to-date symlink: /home/lee/workspace/ros2_ex_mav/install/px4_msgs/local/lib/python3.10/dist-packages/px4_msgs-2.0.1-py3.10.egg-info/SOURCES.txt\n'}
[0.467658] (px4_msgs) StdoutLine: {'line': b'-- Up-to-date symlink: /home/lee/workspace/ros2_ex_mav/install/px4_msgs/local/lib/python3.10/dist-packages/px4_msgs-2.0.1-py3.10.egg-info/dependency_links.txt\n'}
[0.467694] (px4_msgs) StdoutLine: {'line': b'-- Up-to-date symlink: /home/lee/workspace/ros2_ex_mav/install/px4_msgs/local/lib/python3.10/dist-packages/px4_msgs-2.0.1-py3.10.egg-info/top_level.txt\n'}
[0.469743] (px4_msgs) StdoutLine: {'line': b'-- Up-to-date symlink: /home/lee/workspace/ros2_ex_mav/install/px4_msgs/local/lib/python3.10/dist-packages/px4_msgs/__init__.py\n'}
[0.469777] (px4_msgs) StdoutLine: {'line': b'-- Up-to-date symlink: /home/lee/workspace/ros2_ex_mav/install/px4_msgs/local/lib/python3.10/dist-packages/px4_msgs/_px4_msgs_s.ep.rosidl_typesupport_c.c\n'}
[0.469808] (px4_msgs) StdoutLine: {'line': b'-- Up-to-date symlink: /home/lee/workspace/ros2_ex_mav/install/px4_msgs/local/lib/python3.10/dist-packages/px4_msgs/_px4_msgs_s.ep.rosidl_typesupport_fastrtps_c.c\n'}
[0.469844] (px4_msgs) StdoutLine: {'line': b'-- Up-to-date symlink: /home/lee/workspace/ros2_ex_mav/install/px4_msgs/local/lib/python3.10/dist-packages/px4_msgs/_px4_msgs_s.ep.rosidl_typesupport_introspection_c.c\n'}
[0.469877] (px4_msgs) StdoutLine: {'line': b'-- Up-to-date symlink: /home/lee/workspace/ros2_ex_mav/install/px4_msgs/local/lib/python3.10/dist-packages/px4_msgs/libpx4_msgs__rosidl_generator_py.so\n'}
[0.469913] (px4_msgs) StdoutLine: {'line': b'-- Up-to-date symlink: /home/lee/workspace/ros2_ex_mav/install/px4_msgs/local/lib/python3.10/dist-packages/px4_msgs/msg/__init__.py\n'}
[0.469948] (px4_msgs) StdoutLine: {'line': b'-- Up-to-date symlink: /home/lee/workspace/ros2_ex_mav/install/px4_msgs/local/lib/python3.10/dist-packages/px4_msgs/msg/_action_request.py\n'}
[0.469983] (px4_msgs) StdoutLine: {'line': b'-- Up-to-date symlink: /home/lee/workspace/ros2_ex_mav/install/px4_msgs/local/lib/python3.10/dist-packages/px4_msgs/msg/_action_request_s.c\n'}
[0.470020] (px4_msgs) StdoutLine: {'line': b'-- Up-to-date symlink: /home/lee/workspace/ros2_ex_mav/install/px4_msgs/local/lib/python3.10/dist-packages/px4_msgs/msg/_actuator_armed.py\n'}
[0.470053] (px4_msgs) StdoutLine: {'line': b'-- Up-to-date symlink: /home/lee/workspace/ros2_ex_mav/install/px4_msgs/local/lib/python3.10/dist-packages/px4_msgs/msg/_actuator_armed_s.c\n'}
[0.470086] (px4_msgs) StdoutLine: {'line': b'-- Up-to-date symlink: /home/lee/workspace/ros2_ex_mav/install/px4_msgs/local/lib/python3.10/dist-packages/px4_msgs/msg/_actuator_controls_status.py\n'}
[0.470119] (px4_msgs) StdoutLine: {'line': b'-- Up-to-date symlink: /home/lee/workspace/ros2_ex_mav/install/px4_msgs/local/lib/python3.10/dist-packages/px4_msgs/msg/_actuator_controls_status_s.c\n'}
[0.470152] (px4_msgs) StdoutLine: {'line': b'-- Up-to-date symlink: /home/lee/workspace/ros2_ex_mav/install/px4_msgs/local/lib/python3.10/dist-packages/px4_msgs/msg/_actuator_motors.py\n'}
[0.470185] (px4_msgs) StdoutLine: {'line': b'-- Up-to-date symlink: /home/lee/workspace/ros2_ex_mav/install/px4_msgs/local/lib/python3.10/dist-packages/px4_msgs/msg/_actuator_motors_s.c\n'}
[0.470218] (px4_msgs) StdoutLine: {'line': b'-- Up-to-date symlink: /home/lee/workspace/ros2_ex_mav/install/px4_msgs/local/lib/python3.10/dist-packages/px4_msgs/msg/_actuator_outputs.py\n'}
[0.470251] (px4_msgs) StdoutLine: {'line': b'-- Up-to-date symlink: /home/lee/workspace/ros2_ex_mav/install/px4_msgs/local/lib/python3.10/dist-packages/px4_msgs/msg/_actuator_outputs_s.c\n'}
[0.470284] (px4_msgs) StdoutLine: {'line': b'-- Up-to-date symlink: /home/lee/workspace/ros2_ex_mav/install/px4_msgs/local/lib/python3.10/dist-packages/px4_msgs/msg/_actuator_servos.py\n'}
[0.470317] (px4_msgs) StdoutLine: {'line': b'-- Up-to-date symlink: /home/lee/workspace/ros2_ex_mav/install/px4_msgs/local/lib/python3.10/dist-packages/px4_msgs/msg/_actuator_servos_s.c\n'}
[0.470350] (px4_msgs) StdoutLine: {'line': b'-- Up-to-date symlink: /home/lee/workspace/ros2_ex_mav/install/px4_msgs/local/lib/python3.10/dist-packages/px4_msgs/msg/_actuator_servos_trim.py\n'}
[0.470382] (px4_msgs) StdoutLine: {'line': b'-- Up-to-date symlink: /home/lee/workspace/ros2_ex_mav/install/px4_msgs/local/lib/python3.10/dist-packages/px4_msgs/msg/_actuator_servos_trim_s.c\n'}
[0.470416] (px4_msgs) StdoutLine: {'line': b'-- Up-to-date symlink: /home/lee/workspace/ros2_ex_mav/install/px4_msgs/local/lib/python3.10/dist-packages/px4_msgs/msg/_actuator_test.py\n'}
[0.470449] (px4_msgs) StdoutLine: {'line': b'-- Up-to-date symlink: /home/lee/workspace/ros2_ex_mav/install/px4_msgs/local/lib/python3.10/dist-packages/px4_msgs/msg/_actuator_test_s.c\n'}
[0.470483] (px4_msgs) StdoutLine: {'line': b'-- Up-to-date symlink: /home/lee/workspace/ros2_ex_mav/install/px4_msgs/local/lib/python3.10/dist-packages/px4_msgs/msg/_adc_report.py\n'}
[0.470516] (px4_msgs) StdoutLine: {'line': b'-- Up-to-date symlink: /home/lee/workspace/ros2_ex_mav/install/px4_msgs/local/lib/python3.10/dist-packages/px4_msgs/msg/_adc_report_s.c\n'}
[0.470548] (px4_msgs) StdoutLine: {'line': b'-- Up-to-date symlink: /home/lee/workspace/ros2_ex_mav/install/px4_msgs/local/lib/python3.10/dist-packages/px4_msgs/msg/_airspeed.py\n'}
[0.470582] (px4_msgs) StdoutLine: {'line': b'-- Up-to-date symlink: /home/lee/workspace/ros2_ex_mav/install/px4_msgs/local/lib/python3.10/dist-packages/px4_msgs/msg/_airspeed_s.c\n'}
[0.470613] (px4_msgs) StdoutLine: {'line': b'-- Up-to-date symlink: /home/lee/workspace/ros2_ex_mav/install/px4_msgs/local/lib/python3.10/dist-packages/px4_msgs/msg/_airspeed_validated.py\n'}
[0.470663] (px4_msgs) StdoutLine: {'line': b'-- Up-to-date symlink: /home/lee/workspace/ros2_ex_mav/install/px4_msgs/local/lib/python3.10/dist-packages/px4_msgs/msg/_airspeed_validated_s.c\n'}
[0.470693] (px4_msgs) StdoutLine: {'line': b'-- Up-to-date symlink: /home/lee/workspace/ros2_ex_mav/install/px4_msgs/local/lib/python3.10/dist-packages/px4_msgs/msg/_airspeed_wind.py\n'}
[0.470722] (px4_msgs) StdoutLine: {'line': b'-- Up-to-date symlink: /home/lee/workspace/ros2_ex_mav/install/px4_msgs/local/lib/python3.10/dist-packages/px4_msgs/msg/_airspeed_wind_s.c\n'}
[0.470748] (px4_msgs) StdoutLine: {'line': b'-- Up-to-date symlink: /home/lee/workspace/ros2_ex_mav/install/px4_msgs/local/lib/python3.10/dist-packages/px4_msgs/msg/_autotune_attitude_control_status.py\n'}
[0.470777] (px4_msgs) StdoutLine: {'line': b'-- Up-to-date symlink: /home/lee/workspace/ros2_ex_mav/install/px4_msgs/local/lib/python3.10/dist-packages/px4_msgs/msg/_autotune_attitude_control_status_s.c\n'}
[0.470809] (px4_msgs) StdoutLine: {'line': b'-- Up-to-date symlink: /home/lee/workspace/ros2_ex_mav/install/px4_msgs/local/lib/python3.10/dist-packages/px4_msgs/msg/_battery_status.py\n'}
[0.470841] (px4_msgs) StdoutLine: {'line': b'-- Up-to-date symlink: /home/lee/workspace/ros2_ex_mav/install/px4_msgs/local/lib/python3.10/dist-packages/px4_msgs/msg/_battery_status_s.c\n'}
[0.470873] (px4_msgs) StdoutLine: {'line': b'-- Up-to-date symlink: /home/lee/workspace/ros2_ex_mav/install/px4_msgs/local/lib/python3.10/dist-packages/px4_msgs/msg/_button_event.py\n'}
[0.470905] (px4_msgs) StdoutLine: {'line': b'-- Up-to-date symlink: /home/lee/workspace/ros2_ex_mav/install/px4_msgs/local/lib/python3.10/dist-packages/px4_msgs/msg/_button_event_s.c\n'}
[0.470937] (px4_msgs) StdoutLine: {'line': b'-- Up-to-date symlink: /home/lee/workspace/ros2_ex_mav/install/px4_msgs/local/lib/python3.10/dist-packages/px4_msgs/msg/_camera_capture.py\n'}
[0.470970] (px4_msgs) StdoutLine: {'line': b'-- Up-to-date symlink: /home/lee/workspace/ros2_ex_mav/install/px4_msgs/local/lib/python3.10/dist-packages/px4_msgs/msg/_camera_capture_s.c\n'}
[0.471001] (px4_msgs) StdoutLine: {'line': b'-- Up-to-date symlink: /home/lee/workspace/ros2_ex_mav/install/px4_msgs/local/lib/python3.10/dist-packages/px4_msgs/msg/_camera_status.py\n'}
[0.471033] (px4_msgs) StdoutLine: {'line': b'-- Up-to-date symlink: /home/lee/workspace/ros2_ex_mav/install/px4_msgs/local/lib/python3.10/dist-packages/px4_msgs/msg/_camera_status_s.c\n'}
[0.471065] (px4_msgs) StdoutLine: {'line': b'-- Up-to-date symlink: /home/lee/workspace/ros2_ex_mav/install/px4_msgs/local/lib/python3.10/dist-packages/px4_msgs/msg/_camera_trigger.py\n'}
[0.471097] (px4_msgs) StdoutLine: {'line': b'-- Up-to-date symlink: /home/lee/workspace/ros2_ex_mav/install/px4_msgs/local/lib/python3.10/dist-packages/px4_msgs/msg/_camera_trigger_s.c\n'}
[0.471129] (px4_msgs) StdoutLine: {'line': b'-- Up-to-date symlink: /home/lee/workspace/ros2_ex_mav/install/px4_msgs/local/lib/python3.10/dist-packages/px4_msgs/msg/_cellular_status.py\n'}
[0.471163] (px4_msgs) StdoutLine: {'line': b'-- Up-to-date symlink: /home/lee/workspace/ros2_ex_mav/install/px4_msgs/local/lib/python3.10/dist-packages/px4_msgs/msg/_cellular_status_s.c\n'}
[0.471195] (px4_msgs) StdoutLine: {'line': b'-- Up-to-date symlink: /home/lee/workspace/ros2_ex_mav/install/px4_msgs/local/lib/python3.10/dist-packages/px4_msgs/msg/_collision_constraints.py\n'}
[0.471227] (px4_msgs) StdoutLine: {'line': b'-- Up-to-date symlink: /home/lee/workspace/ros2_ex_mav/install/px4_msgs/local/lib/python3.10/dist-packages/px4_msgs/msg/_collision_constraints_s.c\n'}
[0.471259] (px4_msgs) StdoutLine: {'line': b'-- Up-to-date symlink: /home/lee/workspace/ros2_ex_mav/install/px4_msgs/local/lib/python3.10/dist-packages/px4_msgs/msg/_collision_report.py\n'}
[0.471291] (px4_msgs) StdoutLine: {'line': b'-- Up-to-date symlink: /home/lee/workspace/ros2_ex_mav/install/px4_msgs/local/lib/python3.10/dist-packages/px4_msgs/msg/_collision_report_s.c\n'}
[0.471323] (px4_msgs) StdoutLine: {'line': b'-- Up-to-date symlink: /home/lee/workspace/ros2_ex_mav/install/px4_msgs/local/lib/python3.10/dist-packages/px4_msgs/msg/_control_allocator_status.py\n'}
[0.471354] (px4_msgs) StdoutLine: {'line': b'-- Up-to-date symlink: /home/lee/workspace/ros2_ex_mav/install/px4_msgs/local/lib/python3.10/dist-packages/px4_msgs/msg/_control_allocator_status_s.c\n'}
[0.471386] (px4_msgs) StdoutLine: {'line': b'-- Up-to-date symlink: /home/lee/workspace/ros2_ex_mav/install/px4_msgs/local/lib/python3.10/dist-packages/px4_msgs/msg/_cpuload.py\n'}
[0.471419] (px4_msgs) StdoutLine: {'line': b'-- Up-to-date symlink: /home/lee/workspace/ros2_ex_mav/install/px4_msgs/local/lib/python3.10/dist-packages/px4_msgs/msg/_cpuload_s.c\n'}
[0.471451] (px4_msgs) StdoutLine: {'line': b'-- Up-to-date symlink: /home/lee/workspace/ros2_ex_mav/install/px4_msgs/local/lib/python3.10/dist-packages/px4_msgs/msg/_debug_array.py\n'}
[0.471482] (px4_msgs) StdoutLine: {'line': b'-- Up-to-date symlink: /home/lee/workspace/ros2_ex_mav/install/px4_msgs/local/lib/python3.10/dist-packages/px4_msgs/msg/_debug_array_s.c\n'}
[0.471513] (px4_msgs) StdoutLine: {'line': b'-- Up-to-date symlink: /home/lee/workspace/ros2_ex_mav/install/px4_msgs/local/lib/python3.10/dist-packages/px4_msgs/msg/_debug_key_value.py\n'}
[0.471545] (px4_msgs) StdoutLine: {'line': b'-- Up-to-date symlink: /home/lee/workspace/ros2_ex_mav/install/px4_msgs/local/lib/python3.10/dist-packages/px4_msgs/msg/_debug_key_value_s.c\n'}
[0.471577] (px4_msgs) StdoutLine: {'line': b'-- Up-to-date symlink: /home/lee/workspace/ros2_ex_mav/install/px4_msgs/local/lib/python3.10/dist-packages/px4_msgs/msg/_debug_value.py\n'}
[0.471623] (px4_msgs) StdoutLine: {'line': b'-- Up-to-date symlink: /home/lee/workspace/ros2_ex_mav/install/px4_msgs/local/lib/python3.10/dist-packages/px4_msgs/msg/_debug_value_s.c\n'}
[0.471698] (px4_msgs) StdoutLine: {'line': b'-- Up-to-date symlink: /home/lee/workspace/ros2_ex_mav/install/px4_msgs/local/lib/python3.10/dist-packages/px4_msgs/msg/_debug_vect.py\n'}
[0.471724] (px4_msgs) StdoutLine: {'line': b'-- Up-to-date symlink: /home/lee/workspace/ros2_ex_mav/install/px4_msgs/local/lib/python3.10/dist-packages/px4_msgs/msg/_debug_vect_s.c\n'}
[0.471759] (px4_msgs) StdoutLine: {'line': b'-- Up-to-date symlink: /home/lee/workspace/ros2_ex_mav/install/px4_msgs/local/lib/python3.10/dist-packages/px4_msgs/msg/_differential_pressure.py\n'}
[0.471782] (px4_msgs) StdoutLine: {'line': b'-- Up-to-date symlink: /home/lee/workspace/ros2_ex_mav/install/px4_msgs/local/lib/python3.10/dist-packages/px4_msgs/msg/_differential_pressure_s.c\n'}
[0.471808] (px4_msgs) StdoutLine: {'line': b'-- Up-to-date symlink: /home/lee/workspace/ros2_ex_mav/install/px4_msgs/local/lib/python3.10/dist-packages/px4_msgs/msg/_distance_sensor.py\n'}
[0.471840] (px4_msgs) StdoutLine: {'line': b'-- Up-to-date symlink: /home/lee/workspace/ros2_ex_mav/install/px4_msgs/local/lib/python3.10/dist-packages/px4_msgs/msg/_distance_sensor_s.c\n'}
[0.471861] (px4_msgs) StdoutLine: {'line': b'-- Up-to-date symlink: /home/lee/workspace/ros2_ex_mav/install/px4_msgs/local/lib/python3.10/dist-packages/px4_msgs/msg/_ekf2_timestamps.py\n'}
[0.471890] (px4_msgs) StdoutLine: {'line': b'-- Up-to-date symlink: /home/lee/workspace/ros2_ex_mav/install/px4_msgs/local/lib/python3.10/dist-packages/px4_msgs/msg/_ekf2_timestamps_s.c\n'}
[0.471919] (px4_msgs) StdoutLine: {'line': b'-- Up-to-date symlink: /home/lee/workspace/ros2_ex_mav/install/px4_msgs/local/lib/python3.10/dist-packages/px4_msgs/msg/_esc_report.py\n'}
[0.471947] (px4_msgs) StdoutLine: {'line': b'-- Up-to-date symlink: /home/lee/workspace/ros2_ex_mav/install/px4_msgs/local/lib/python3.10/dist-packages/px4_msgs/msg/_esc_report_s.c\n'}
[0.471975] (px4_msgs) StdoutLine: {'line': b'-- Up-to-date symlink: /home/lee/workspace/ros2_ex_mav/install/px4_msgs/local/lib/python3.10/dist-packages/px4_msgs/msg/_esc_status.py\n'}
[0.472003] (px4_msgs) StdoutLine: {'line': b'-- Up-to-date symlink: /home/lee/workspace/ros2_ex_mav/install/px4_msgs/local/lib/python3.10/dist-packages/px4_msgs/msg/_esc_status_s.c\n'}
[0.472032] (px4_msgs) StdoutLine: {'line': b'-- Up-to-date symlink: /home/lee/workspace/ros2_ex_mav/install/px4_msgs/local/lib/python3.10/dist-packages/px4_msgs/msg/_estimator_aid_source1d.py\n'}
[0.472065] (px4_msgs) StdoutLine: {'line': b'-- Up-to-date symlink: /home/lee/workspace/ros2_ex_mav/install/px4_msgs/local/lib/python3.10/dist-packages/px4_msgs/msg/_estimator_aid_source1d_s.c\n'}
[0.472098] (px4_msgs) StdoutLine: {'line': b'-- Up-to-date symlink: /home/lee/workspace/ros2_ex_mav/install/px4_msgs/local/lib/python3.10/dist-packages/px4_msgs/msg/_estimator_aid_source2d.py\n'}
[0.472130] (px4_msgs) StdoutLine: {'line': b'-- Up-to-date symlink: /home/lee/workspace/ros2_ex_mav/install/px4_msgs/local/lib/python3.10/dist-packages/px4_msgs/msg/_estimator_aid_source2d_s.c\n'}
[0.472163] (px4_msgs) StdoutLine: {'line': b'-- Up-to-date symlink: /home/lee/workspace/ros2_ex_mav/install/px4_msgs/local/lib/python3.10/dist-packages/px4_msgs/msg/_estimator_aid_source3d.py\n'}
[0.472194] (px4_msgs) StdoutLine: {'line': b'-- Up-to-date symlink: /home/lee/workspace/ros2_ex_mav/install/px4_msgs/local/lib/python3.10/dist-packages/px4_msgs/msg/_estimator_aid_source3d_s.c\n'}
[0.472228] (px4_msgs) StdoutLine: {'line': b'-- Up-to-date symlink: /home/lee/workspace/ros2_ex_mav/install/px4_msgs/local/lib/python3.10/dist-packages/px4_msgs/msg/_estimator_bias.py\n'}
[0.472261] (px4_msgs) StdoutLine: {'line': b'-- Up-to-date symlink: /home/lee/workspace/ros2_ex_mav/install/px4_msgs/local/lib/python3.10/dist-packages/px4_msgs/msg/_estimator_bias3d.py\n'}
[0.472294] (px4_msgs) StdoutLine: {'line': b'-- Up-to-date symlink: /home/lee/workspace/ros2_ex_mav/install/px4_msgs/local/lib/python3.10/dist-packages/px4_msgs/msg/_estimator_bias3d_s.c\n'}
[0.472326] (px4_msgs) StdoutLine: {'line': b'-- Up-to-date symlink: /home/lee/workspace/ros2_ex_mav/install/px4_msgs/local/lib/python3.10/dist-packages/px4_msgs/msg/_estimator_bias_s.c\n'}
[0.472358] (px4_msgs) StdoutLine: {'line': b'-- Up-to-date symlink: /home/lee/workspace/ros2_ex_mav/install/px4_msgs/local/lib/python3.10/dist-packages/px4_msgs/msg/_estimator_event_flags.py\n'}
[0.472390] (px4_msgs) StdoutLine: {'line': b'-- Up-to-date symlink: /home/lee/workspace/ros2_ex_mav/install/px4_msgs/local/lib/python3.10/dist-packages/px4_msgs/msg/_estimator_event_flags_s.c\n'}
[0.472423] (px4_msgs) StdoutLine: {'line': b'-- Up-to-date symlink: /home/lee/workspace/ros2_ex_mav/install/px4_msgs/local/lib/python3.10/dist-packages/px4_msgs/msg/_estimator_gps_status.py\n'}
[0.472455] (px4_msgs) StdoutLine: {'line': b'-- Up-to-date symlink: /home/lee/workspace/ros2_ex_mav/install/px4_msgs/local/lib/python3.10/dist-packages/px4_msgs/msg/_estimator_gps_status_s.c\n'}
[0.472487] (px4_msgs) StdoutLine: {'line': b'-- Up-to-date symlink: /home/lee/workspace/ros2_ex_mav/install/px4_msgs/local/lib/python3.10/dist-packages/px4_msgs/msg/_estimator_innovations.py\n'}
[0.472519] (px4_msgs) StdoutLine: {'line': b'-- Up-to-date symlink: /home/lee/workspace/ros2_ex_mav/install/px4_msgs/local/lib/python3.10/dist-packages/px4_msgs/msg/_estimator_innovations_s.c\n'}
[0.472551] (px4_msgs) StdoutLine: {'line': b'-- Up-to-date symlink: /home/lee/workspace/ros2_ex_mav/install/px4_msgs/local/lib/python3.10/dist-packages/px4_msgs/msg/_estimator_selector_status.py\n'}
[0.472585] (px4_msgs) StdoutLine: {'line': b'-- Up-to-date symlink: /home/lee/workspace/ros2_ex_mav/install/px4_msgs/local/lib/python3.10/dist-packages/px4_msgs/msg/_estimator_selector_status_s.c\n'}
[0.472616] (px4_msgs) StdoutLine: {'line': b'-- Up-to-date symlink: /home/lee/workspace/ros2_ex_mav/install/px4_msgs/local/lib/python3.10/dist-packages/px4_msgs/msg/_estimator_sensor_bias.py\n'}
[0.472650] (px4_msgs) StdoutLine: {'line': b'-- Up-to-date symlink: /home/lee/workspace/ros2_ex_mav/install/px4_msgs/local/lib/python3.10/dist-packages/px4_msgs/msg/_estimator_sensor_bias_s.c\n'}
[0.472682] (px4_msgs) StdoutLine: {'line': b'-- Up-to-date symlink: /home/lee/workspace/ros2_ex_mav/install/px4_msgs/local/lib/python3.10/dist-packages/px4_msgs/msg/_estimator_states.py\n'}
[0.472714] (px4_msgs) StdoutLine: {'line': b'-- Up-to-date symlink: /home/lee/workspace/ros2_ex_mav/install/px4_msgs/local/lib/python3.10/dist-packages/px4_msgs/msg/_estimator_states_s.c\n'}
[0.472745] (px4_msgs) StdoutLine: {'line': b'-- Up-to-date symlink: /home/lee/workspace/ros2_ex_mav/install/px4_msgs/local/lib/python3.10/dist-packages/px4_msgs/msg/_estimator_status.py\n'}
[0.472777] (px4_msgs) StdoutLine: {'line': b'-- Up-to-date symlink: /home/lee/workspace/ros2_ex_mav/install/px4_msgs/local/lib/python3.10/dist-packages/px4_msgs/msg/_estimator_status_flags.py\n'}
[0.472810] (px4_msgs) StdoutLine: {'line': b'-- Up-to-date symlink: /home/lee/workspace/ros2_ex_mav/install/px4_msgs/local/lib/python3.10/dist-packages/px4_msgs/msg/_estimator_status_flags_s.c\n'}
[0.472842] (px4_msgs) StdoutLine: {'line': b'-- Up-to-date symlink: /home/lee/workspace/ros2_ex_mav/install/px4_msgs/local/lib/python3.10/dist-packages/px4_msgs/msg/_estimator_status_s.c\n'}
[0.472875] (px4_msgs) StdoutLine: {'line': b'-- Up-to-date symlink: /home/lee/workspace/ros2_ex_mav/install/px4_msgs/local/lib/python3.10/dist-packages/px4_msgs/msg/_event.py\n'}
[0.472908] (px4_msgs) StdoutLine: {'line': b'-- Up-to-date symlink: /home/lee/workspace/ros2_ex_mav/install/px4_msgs/local/lib/python3.10/dist-packages/px4_msgs/msg/_event_s.c\n'}
[0.472940] (px4_msgs) StdoutLine: {'line': b'-- Up-to-date symlink: /home/lee/workspace/ros2_ex_mav/install/px4_msgs/local/lib/python3.10/dist-packages/px4_msgs/msg/_failsafe_flags.py\n'}
[0.472972] (px4_msgs) StdoutLine: {'line': b'-- Up-to-date symlink: /home/lee/workspace/ros2_ex_mav/install/px4_msgs/local/lib/python3.10/dist-packages/px4_msgs/msg/_failsafe_flags_s.c\n'}
[0.473004] (px4_msgs) StdoutLine: {'line': b'-- Up-to-date symlink: /home/lee/workspace/ros2_ex_mav/install/px4_msgs/local/lib/python3.10/dist-packages/px4_msgs/msg/_failure_detector_status.py\n'}
[0.473037] (px4_msgs) StdoutLine: {'line': b'-- Up-to-date symlink: /home/lee/workspace/ros2_ex_mav/install/px4_msgs/local/lib/python3.10/dist-packages/px4_msgs/msg/_failure_detector_status_s.c\n'}
[0.473071] (px4_msgs) StdoutLine: {'line': b'-- Up-to-date symlink: /home/lee/workspace/ros2_ex_mav/install/px4_msgs/local/lib/python3.10/dist-packages/px4_msgs/msg/_follow_target.py\n'}
[0.473103] (px4_msgs) StdoutLine: {'line': b'-- Up-to-date symlink: /home/lee/workspace/ros2_ex_mav/install/px4_msgs/local/lib/python3.10/dist-packages/px4_msgs/msg/_follow_target_estimator.py\n'}
[0.473135] (px4_msgs) StdoutLine: {'line': b'-- Up-to-date symlink: /home/lee/workspace/ros2_ex_mav/install/px4_msgs/local/lib/python3.10/dist-packages/px4_msgs/msg/_follow_target_estimator_s.c\n'}
[0.473168] (px4_msgs) StdoutLine: {'line': b'-- Up-to-date symlink: /home/lee/workspace/ros2_ex_mav/install/px4_msgs/local/lib/python3.10/dist-packages/px4_msgs/msg/_follow_target_s.c\n'}
[0.473200] (px4_msgs) StdoutLine: {'line': b'-- Up-to-date symlink: /home/lee/workspace/ros2_ex_mav/install/px4_msgs/local/lib/python3.10/dist-packages/px4_msgs/msg/_follow_target_status.py\n'}
[0.473232] (px4_msgs) StdoutLine: {'line': b'-- Up-to-date symlink: /home/lee/workspace/ros2_ex_mav/install/px4_msgs/local/lib/python3.10/dist-packages/px4_msgs/msg/_follow_target_status_s.c\n'}
[0.473266] (px4_msgs) StdoutLine: {'line': b'-- Up-to-date symlink: /home/lee/workspace/ros2_ex_mav/install/px4_msgs/local/lib/python3.10/dist-packages/px4_msgs/msg/_generator_status.py\n'}
[0.473297] (px4_msgs) StdoutLine: {'line': b'-- Up-to-date symlink: /home/lee/workspace/ros2_ex_mav/install/px4_msgs/local/lib/python3.10/dist-packages/px4_msgs/msg/_generator_status_s.c\n'}
[0.473329] (px4_msgs) StdoutLine: {'line': b'-- Up-to-date symlink: /home/lee/workspace/ros2_ex_mav/install/px4_msgs/local/lib/python3.10/dist-packages/px4_msgs/msg/_geofence_result.py\n'}
[0.473363] (px4_msgs) StdoutLine: {'line': b'-- Up-to-date symlink: /home/lee/workspace/ros2_ex_mav/install/px4_msgs/local/lib/python3.10/dist-packages/px4_msgs/msg/_geofence_result_s.c\n'}
[0.473394] (px4_msgs) StdoutLine: {'line': b'-- Up-to-date symlink: /home/lee/workspace/ros2_ex_mav/install/px4_msgs/local/lib/python3.10/dist-packages/px4_msgs/msg/_gimbal_controls.py\n'}
[0.473426] (px4_msgs) StdoutLine: {'line': b'-- Up-to-date symlink: /home/lee/workspace/ros2_ex_mav/install/px4_msgs/local/lib/python3.10/dist-packages/px4_msgs/msg/_gimbal_controls_s.c\n'}
[0.473460] (px4_msgs) StdoutLine: {'line': b'-- Up-to-date symlink: /home/lee/workspace/ros2_ex_mav/install/px4_msgs/local/lib/python3.10/dist-packages/px4_msgs/msg/_gimbal_device_attitude_status.py\n'}
[0.473493] (px4_msgs) StdoutLine: {'line': b'-- Up-to-date symlink: /home/lee/workspace/ros2_ex_mav/install/px4_msgs/local/lib/python3.10/dist-packages/px4_msgs/msg/_gimbal_device_attitude_status_s.c\n'}
[0.473525] (px4_msgs) StdoutLine: {'line': b'-- Up-to-date symlink: /home/lee/workspace/ros2_ex_mav/install/px4_msgs/local/lib/python3.10/dist-packages/px4_msgs/msg/_gimbal_device_information.py\n'}
[0.473558] (px4_msgs) StdoutLine: {'line': b'-- Up-to-date symlink: /home/lee/workspace/ros2_ex_mav/install/px4_msgs/local/lib/python3.10/dist-packages/px4_msgs/msg/_gimbal_device_information_s.c\n'}
[0.473589] (px4_msgs) StdoutLine: {'line': b'-- Up-to-date symlink: /home/lee/workspace/ros2_ex_mav/install/px4_msgs/local/lib/python3.10/dist-packages/px4_msgs/msg/_gimbal_device_set_attitude.py\n'}
[0.473621] (px4_msgs) StdoutLine: {'line': b'-- Up-to-date symlink: /home/lee/workspace/ros2_ex_mav/install/px4_msgs/local/lib/python3.10/dist-packages/px4_msgs/msg/_gimbal_device_set_attitude_s.c\n'}
[0.473654] (px4_msgs) StdoutLine: {'line': b'-- Up-to-date symlink: /home/lee/workspace/ros2_ex_mav/install/px4_msgs/local/lib/python3.10/dist-packages/px4_msgs/msg/_gimbal_manager_information.py\n'}
[0.473685] (px4_msgs) StdoutLine: {'line': b'-- Up-to-date symlink: /home/lee/workspace/ros2_ex_mav/install/px4_msgs/local/lib/python3.10/dist-packages/px4_msgs/msg/_gimbal_manager_information_s.c\n'}
[0.473716] (px4_msgs) StdoutLine: {'line': b'-- Up-to-date symlink: /home/lee/workspace/ros2_ex_mav/install/px4_msgs/local/lib/python3.10/dist-packages/px4_msgs/msg/_gimbal_manager_set_attitude.py\n'}
[0.473748] (px4_msgs) StdoutLine: {'line': b'-- Up-to-date symlink: /home/lee/workspace/ros2_ex_mav/install/px4_msgs/local/lib/python3.10/dist-packages/px4_msgs/msg/_gimbal_manager_set_attitude_s.c\n'}
[0.473780] (px4_msgs) StdoutLine: {'line': b'-- Up-to-date symlink: /home/lee/workspace/ros2_ex_mav/install/px4_msgs/local/lib/python3.10/dist-packages/px4_msgs/msg/_gimbal_manager_set_manual_control.py\n'}
[0.473812] (px4_msgs) StdoutLine: {'line': b'-- Up-to-date symlink: /home/lee/workspace/ros2_ex_mav/install/px4_msgs/local/lib/python3.10/dist-packages/px4_msgs/msg/_gimbal_manager_set_manual_control_s.c\n'}
[0.473845] (px4_msgs) StdoutLine: {'line': b'-- Up-to-date symlink: /home/lee/workspace/ros2_ex_mav/install/px4_msgs/local/lib/python3.10/dist-packages/px4_msgs/msg/_gimbal_manager_status.py\n'}
[0.473877] (px4_msgs) StdoutLine: {'line': b'-- Up-to-date symlink: /home/lee/workspace/ros2_ex_mav/install/px4_msgs/local/lib/python3.10/dist-packages/px4_msgs/msg/_gimbal_manager_status_s.c\n'}
[0.473909] (px4_msgs) StdoutLine: {'line': b'-- Up-to-date symlink: /home/lee/workspace/ros2_ex_mav/install/px4_msgs/local/lib/python3.10/dist-packages/px4_msgs/msg/_gps_dump.py\n'}
[0.473941] (px4_msgs) StdoutLine: {'line': b'-- Up-to-date symlink: /home/lee/workspace/ros2_ex_mav/install/px4_msgs/local/lib/python3.10/dist-packages/px4_msgs/msg/_gps_dump_s.c\n'}
[0.473973] (px4_msgs) StdoutLine: {'line': b'-- Up-to-date symlink: /home/lee/workspace/ros2_ex_mav/install/px4_msgs/local/lib/python3.10/dist-packages/px4_msgs/msg/_gps_inject_data.py\n'}
[0.474005] (px4_msgs) StdoutLine: {'line': b'-- Up-to-date symlink: /home/lee/workspace/ros2_ex_mav/install/px4_msgs/local/lib/python3.10/dist-packages/px4_msgs/msg/_gps_inject_data_s.c\n'}
[0.474037] (px4_msgs) StdoutLine: {'line': b'-- Up-to-date symlink: /home/lee/workspace/ros2_ex_mav/install/px4_msgs/local/lib/python3.10/dist-packages/px4_msgs/msg/_gripper.py\n'}
[0.474068] (px4_msgs) StdoutLine: {'line': b'-- Up-to-date symlink: /home/lee/workspace/ros2_ex_mav/install/px4_msgs/local/lib/python3.10/dist-packages/px4_msgs/msg/_gripper_s.c\n'}
[0.474100] (px4_msgs) StdoutLine: {'line': b'-- Up-to-date symlink: /home/lee/workspace/ros2_ex_mav/install/px4_msgs/local/lib/python3.10/dist-packages/px4_msgs/msg/_health_report.py\n'}
[0.474132] (px4_msgs) StdoutLine: {'line': b'-- Up-to-date symlink: /home/lee/workspace/ros2_ex_mav/install/px4_msgs/local/lib/python3.10/dist-packages/px4_msgs/msg/_health_report_s.c\n'}
[0.474164] (px4_msgs) StdoutLine: {'line': b'-- Up-to-date symlink: /home/lee/workspace/ros2_ex_mav/install/px4_msgs/local/lib/python3.10/dist-packages/px4_msgs/msg/_heater_status.py\n'}
[0.474195] (px4_msgs) StdoutLine: {'line': b'-- Up-to-date symlink: /home/lee/workspace/ros2_ex_mav/install/px4_msgs/local/lib/python3.10/dist-packages/px4_msgs/msg/_heater_status_s.c\n'}
[0.474227] (px4_msgs) StdoutLine: {'line': b'-- Up-to-date symlink: /home/lee/workspace/ros2_ex_mav/install/px4_msgs/local/lib/python3.10/dist-packages/px4_msgs/msg/_home_position.py\n'}
[0.474259] (px4_msgs) StdoutLine: {'line': b'-- Up-to-date symlink: /home/lee/workspace/ros2_ex_mav/install/px4_msgs/local/lib/python3.10/dist-packages/px4_msgs/msg/_home_position_s.c\n'}
[0.474291] (px4_msgs) StdoutLine: {'line': b'-- Up-to-date symlink: /home/lee/workspace/ros2_ex_mav/install/px4_msgs/local/lib/python3.10/dist-packages/px4_msgs/msg/_hover_thrust_estimate.py\n'}
[0.474323] (px4_msgs) StdoutLine: {'line': b'-- Up-to-date symlink: /home/lee/workspace/ros2_ex_mav/install/px4_msgs/local/lib/python3.10/dist-packages/px4_msgs/msg/_hover_thrust_estimate_s.c\n'}
[0.474355] (px4_msgs) StdoutLine: {'line': b'-- Up-to-date symlink: /home/lee/workspace/ros2_ex_mav/install/px4_msgs/local/lib/python3.10/dist-packages/px4_msgs/msg/_input_rc.py\n'}
[0.474387] (px4_msgs) StdoutLine: {'line': b'-- Up-to-date symlink: /home/lee/workspace/ros2_ex_mav/install/px4_msgs/local/lib/python3.10/dist-packages/px4_msgs/msg/_input_rc_s.c\n'}
[0.474420] (px4_msgs) StdoutLine: {'line': b'-- Up-to-date symlink: /home/lee/workspace/ros2_ex_mav/install/px4_msgs/local/lib/python3.10/dist-packages/px4_msgs/msg/_internal_combustion_engine_status.py\n'}
[0.474453] (px4_msgs) StdoutLine: {'line': b'-- Up-to-date symlink: /home/lee/workspace/ros2_ex_mav/install/px4_msgs/local/lib/python3.10/dist-packages/px4_msgs/msg/_internal_combustion_engine_status_s.c\n'}
[0.474486] (px4_msgs) StdoutLine: {'line': b'-- Up-to-date symlink: /home/lee/workspace/ros2_ex_mav/install/px4_msgs/local/lib/python3.10/dist-packages/px4_msgs/msg/_iridiumsbd_status.py\n'}
[0.474520] (px4_msgs) StdoutLine: {'line': b'-- Up-to-date symlink: /home/lee/workspace/ros2_ex_mav/install/px4_msgs/local/lib/python3.10/dist-packages/px4_msgs/msg/_iridiumsbd_status_s.c\n'}
[0.474552] (px4_msgs) StdoutLine: {'line': b'-- Up-to-date symlink: /home/lee/workspace/ros2_ex_mav/install/px4_msgs/local/lib/python3.10/dist-packages/px4_msgs/msg/_irlock_report.py\n'}
[0.474585] (px4_msgs) StdoutLine: {'line': b'-- Up-to-date symlink: /home/lee/workspace/ros2_ex_mav/install/px4_msgs/local/lib/python3.10/dist-packages/px4_msgs/msg/_irlock_report_s.c\n'}
[0.474618] (px4_msgs) StdoutLine: {'line': b'-- Up-to-date symlink: /home/lee/workspace/ros2_ex_mav/install/px4_msgs/local/lib/python3.10/dist-packages/px4_msgs/msg/_landing_gear.py\n'}
[0.474650] (px4_msgs) StdoutLine: {'line': b'-- Up-to-date symlink: /home/lee/workspace/ros2_ex_mav/install/px4_msgs/local/lib/python3.10/dist-packages/px4_msgs/msg/_landing_gear_s.c\n'}
[0.474683] (px4_msgs) StdoutLine: {'line': b'-- Up-to-date symlink: /home/lee/workspace/ros2_ex_mav/install/px4_msgs/local/lib/python3.10/dist-packages/px4_msgs/msg/_landing_gear_wheel.py\n'}
[0.474716] (px4_msgs) StdoutLine: {'line': b'-- Up-to-date symlink: /home/lee/workspace/ros2_ex_mav/install/px4_msgs/local/lib/python3.10/dist-packages/px4_msgs/msg/_landing_gear_wheel_s.c\n'}
[0.474748] (px4_msgs) StdoutLine: {'line': b'-- Up-to-date symlink: /home/lee/workspace/ros2_ex_mav/install/px4_msgs/local/lib/python3.10/dist-packages/px4_msgs/msg/_landing_target_innovations.py\n'}
[0.474780] (px4_msgs) StdoutLine: {'line': b'-- Up-to-date symlink: /home/lee/workspace/ros2_ex_mav/install/px4_msgs/local/lib/python3.10/dist-packages/px4_msgs/msg/_landing_target_innovations_s.c\n'}
[0.474814] (px4_msgs) StdoutLine: {'line': b'-- Up-to-date symlink: /home/lee/workspace/ros2_ex_mav/install/px4_msgs/local/lib/python3.10/dist-packages/px4_msgs/msg/_landing_target_pose.py\n'}
[0.474846] (px4_msgs) StdoutLine: {'line': b'-- Up-to-date symlink: /home/lee/workspace/ros2_ex_mav/install/px4_msgs/local/lib/python3.10/dist-packages/px4_msgs/msg/_landing_target_pose_s.c\n'}
[0.474879] (px4_msgs) StdoutLine: {'line': b'-- Up-to-date symlink: /home/lee/workspace/ros2_ex_mav/install/px4_msgs/local/lib/python3.10/dist-packages/px4_msgs/msg/_launch_detection_status.py\n'}
[0.474911] (px4_msgs) StdoutLine: {'line': b'-- Up-to-date symlink: /home/lee/workspace/ros2_ex_mav/install/px4_msgs/local/lib/python3.10/dist-packages/px4_msgs/msg/_launch_detection_status_s.c\n'}
[0.474943] (px4_msgs) StdoutLine: {'line': b'-- Up-to-date symlink: /home/lee/workspace/ros2_ex_mav/install/px4_msgs/local/lib/python3.10/dist-packages/px4_msgs/msg/_led_control.py\n'}
[0.474976] (px4_msgs) StdoutLine: {'line': b'-- Up-to-date symlink: /home/lee/workspace/ros2_ex_mav/install/px4_msgs/local/lib/python3.10/dist-packages/px4_msgs/msg/_led_control_s.c\n'}
[0.475009] (px4_msgs) StdoutLine: {'line': b'-- Up-to-date symlink: /home/lee/workspace/ros2_ex_mav/install/px4_msgs/local/lib/python3.10/dist-packages/px4_msgs/msg/_log_message.py\n'}
[0.475041] (px4_msgs) StdoutLine: {'line': b'-- Up-to-date symlink: /home/lee/workspace/ros2_ex_mav/install/px4_msgs/local/lib/python3.10/dist-packages/px4_msgs/msg/_log_message_s.c\n'}
[0.475073] (px4_msgs) StdoutLine: {'line': b'-- Up-to-date symlink: /home/lee/workspace/ros2_ex_mav/install/px4_msgs/local/lib/python3.10/dist-packages/px4_msgs/msg/_logger_status.py\n'}
[0.475105] (px4_msgs) StdoutLine: {'line': b'-- Up-to-date symlink: /home/lee/workspace/ros2_ex_mav/install/px4_msgs/local/lib/python3.10/dist-packages/px4_msgs/msg/_logger_status_s.c\n'}
[0.475137] (px4_msgs) StdoutLine: {'line': b'-- Up-to-date symlink: /home/lee/workspace/ros2_ex_mav/install/px4_msgs/local/lib/python3.10/dist-packages/px4_msgs/msg/_mag_worker_data.py\n'}
[0.475169] (px4_msgs) StdoutLine: {'line': b'-- Up-to-date symlink: /home/lee/workspace/ros2_ex_mav/install/px4_msgs/local/lib/python3.10/dist-packages/px4_msgs/msg/_mag_worker_data_s.c\n'}
[0.475203] (px4_msgs) StdoutLine: {'line': b'-- Up-to-date symlink: /home/lee/workspace/ros2_ex_mav/install/px4_msgs/local/lib/python3.10/dist-packages/px4_msgs/msg/_magnetometer_bias_estimate.py\n'}
[0.475237] (px4_msgs) StdoutLine: {'line': b'-- Up-to-date symlink: /home/lee/workspace/ros2_ex_mav/install/px4_msgs/local/lib/python3.10/dist-packages/px4_msgs/msg/_magnetometer_bias_estimate_s.c\n'}
[0.475267] (px4_msgs) StdoutLine: {'line': b'-- Up-to-date symlink: /home/lee/workspace/ros2_ex_mav/install/px4_msgs/local/lib/python3.10/dist-packages/px4_msgs/msg/_manual_control_setpoint.py\n'}
[0.475299] (px4_msgs) StdoutLine: {'line': b'-- Up-to-date symlink: /home/lee/workspace/ros2_ex_mav/install/px4_msgs/local/lib/python3.10/dist-packages/px4_msgs/msg/_manual_control_setpoint_s.c\n'}
[0.475332] (px4_msgs) StdoutLine: {'line': b'-- Up-to-date symlink: /home/lee/workspace/ros2_ex_mav/install/px4_msgs/local/lib/python3.10/dist-packages/px4_msgs/msg/_manual_control_switches.py\n'}
[0.475365] (px4_msgs) StdoutLine: {'line': b'-- Up-to-date symlink: /home/lee/workspace/ros2_ex_mav/install/px4_msgs/local/lib/python3.10/dist-packages/px4_msgs/msg/_manual_control_switches_s.c\n'}
[0.475396] (px4_msgs) StdoutLine: {'line': b'-- Up-to-date symlink: /home/lee/workspace/ros2_ex_mav/install/px4_msgs/local/lib/python3.10/dist-packages/px4_msgs/msg/_mavlink_log.py\n'}
[0.475429] (px4_msgs) StdoutLine: {'line': b'-- Up-to-date symlink: /home/lee/workspace/ros2_ex_mav/install/px4_msgs/local/lib/python3.10/dist-packages/px4_msgs/msg/_mavlink_log_s.c\n'}
[0.475461] (px4_msgs) StdoutLine: {'line': b'-- Up-to-date symlink: /home/lee/workspace/ros2_ex_mav/install/px4_msgs/local/lib/python3.10/dist-packages/px4_msgs/msg/_mavlink_tunnel.py\n'}
[0.475493] (px4_msgs) StdoutLine: {'line': b'-- Up-to-date symlink: /home/lee/workspace/ros2_ex_mav/install/px4_msgs/local/lib/python3.10/dist-packages/px4_msgs/msg/_mavlink_tunnel_s.c\n'}
[0.475526] (px4_msgs) StdoutLine: {'line': b'-- Up-to-date symlink: /home/lee/workspace/ros2_ex_mav/install/px4_msgs/local/lib/python3.10/dist-packages/px4_msgs/msg/_mission.py\n'}
[0.475558] (px4_msgs) StdoutLine: {'line': b'-- Up-to-date symlink: /home/lee/workspace/ros2_ex_mav/install/px4_msgs/local/lib/python3.10/dist-packages/px4_msgs/msg/_mission_result.py\n'}
[0.475589] (px4_msgs) StdoutLine: {'line': b'-- Up-to-date symlink: /home/lee/workspace/ros2_ex_mav/install/px4_msgs/local/lib/python3.10/dist-packages/px4_msgs/msg/_mission_result_s.c\n'}
[0.475620] (px4_msgs) StdoutLine: {'line': b'-- Up-to-date symlink: /home/lee/workspace/ros2_ex_mav/install/px4_msgs/local/lib/python3.10/dist-packages/px4_msgs/msg/_mission_s.c\n'}
[0.475652] (px4_msgs) StdoutLine: {'line': b'-- Up-to-date symlink: /home/lee/workspace/ros2_ex_mav/install/px4_msgs/local/lib/python3.10/dist-packages/px4_msgs/msg/_mode_completed.py\n'}
[0.475684] (px4_msgs) StdoutLine: {'line': b'-- Up-to-date symlink: /home/lee/workspace/ros2_ex_mav/install/px4_msgs/local/lib/python3.10/dist-packages/px4_msgs/msg/_mode_completed_s.c\n'}
[0.475715] (px4_msgs) StdoutLine: {'line': b'-- Up-to-date symlink: /home/lee/workspace/ros2_ex_mav/install/px4_msgs/local/lib/python3.10/dist-packages/px4_msgs/msg/_mount_orientation.py\n'}
[0.475746] (px4_msgs) StdoutLine: {'line': b'-- Up-to-date symlink: /home/lee/workspace/ros2_ex_mav/install/px4_msgs/local/lib/python3.10/dist-packages/px4_msgs/msg/_mount_orientation_s.c\n'}
[0.475779] (px4_msgs) StdoutLine: {'line': b'-- Up-to-date symlink: /home/lee/workspace/ros2_ex_mav/install/px4_msgs/local/lib/python3.10/dist-packages/px4_msgs/msg/_navigator_mission_item.py\n'}
[0.475810] (px4_msgs) StdoutLine: {'line': b'-- Up-to-date symlink: /home/lee/workspace/ros2_ex_mav/install/px4_msgs/local/lib/python3.10/dist-packages/px4_msgs/msg/_navigator_mission_item_s.c\n'}
[0.475843] (px4_msgs) StdoutLine: {'line': b'-- Up-to-date symlink: /home/lee/workspace/ros2_ex_mav/install/px4_msgs/local/lib/python3.10/dist-packages/px4_msgs/msg/_normalized_unsigned_setpoint.py\n'}
[0.475939] (px4_msgs) StdoutLine: {'line': b'-- Up-to-date symlink: /home/lee/workspace/ros2_ex_mav/install/px4_msgs/local/lib/python3.10/dist-packages/px4_msgs/msg/_normalized_unsigned_setpoint_s.c\n'}
[0.476047] (px4_msgs) StdoutLine: {'line': b'-- Up-to-date symlink: /home/lee/workspace/ros2_ex_mav/install/px4_msgs/local/lib/python3.10/dist-packages/px4_msgs/msg/_npfg_status.py\n'}
[0.476072] (px4_msgs) StdoutLine: {'line': b'-- Up-to-date symlink: /home/lee/workspace/ros2_ex_mav/install/px4_msgs/local/lib/python3.10/dist-packages/px4_msgs/msg/_npfg_status_s.c\n'}
[0.476093] (px4_msgs) StdoutLine: {'line': b'-- Up-to-date symlink: /home/lee/workspace/ros2_ex_mav/install/px4_msgs/local/lib/python3.10/dist-packages/px4_msgs/msg/_obstacle_distance.py\n'}
[0.476114] (px4_msgs) StdoutLine: {'line': b'-- Up-to-date symlink: /home/lee/workspace/ros2_ex_mav/install/px4_msgs/local/lib/python3.10/dist-packages/px4_msgs/msg/_obstacle_distance_s.c\n'}
[0.476149] (px4_msgs) StdoutLine: {'line': b'-- Up-to-date symlink: /home/lee/workspace/ros2_ex_mav/install/px4_msgs/local/lib/python3.10/dist-packages/px4_msgs/msg/_offboard_control_mode.py\n'}
[0.476171] (px4_msgs) StdoutLine: {'line': b'-- Up-to-date symlink: /home/lee/workspace/ros2_ex_mav/install/px4_msgs/local/lib/python3.10/dist-packages/px4_msgs/msg/_offboard_control_mode_s.c\n'}
[0.476191] (px4_msgs) StdoutLine: {'line': b'-- Up-to-date symlink: /home/lee/workspace/ros2_ex_mav/install/px4_msgs/local/lib/python3.10/dist-packages/px4_msgs/msg/_onboard_computer_status.py\n'}
[0.476211] (px4_msgs) StdoutLine: {'line': b'-- Up-to-date symlink: /home/lee/workspace/ros2_ex_mav/install/px4_msgs/local/lib/python3.10/dist-packages/px4_msgs/msg/_onboard_computer_status_s.c\n'}
[0.476243] (px4_msgs) StdoutLine: {'line': b'-- Up-to-date symlink: /home/lee/workspace/ros2_ex_mav/install/px4_msgs/local/lib/python3.10/dist-packages/px4_msgs/msg/_orb_test.py\n'}
[0.476263] (px4_msgs) StdoutLine: {'line': b'-- Up-to-date symlink: /home/lee/workspace/ros2_ex_mav/install/px4_msgs/local/lib/python3.10/dist-packages/px4_msgs/msg/_orb_test_large.py\n'}
[0.476283] (px4_msgs) StdoutLine: {'line': b'-- Up-to-date symlink: /home/lee/workspace/ros2_ex_mav/install/px4_msgs/local/lib/python3.10/dist-packages/px4_msgs/msg/_orb_test_large_s.c\n'}
[0.476313] (px4_msgs) StdoutLine: {'line': b'-- Up-to-date symlink: /home/lee/workspace/ros2_ex_mav/install/px4_msgs/local/lib/python3.10/dist-packages/px4_msgs/msg/_orb_test_medium.py\n'}
[0.476333] (px4_msgs) StdoutLine: {'line': b'-- Up-to-date symlink: /home/lee/workspace/ros2_ex_mav/install/px4_msgs/local/lib/python3.10/dist-packages/px4_msgs/msg/_orb_test_medium_s.c\n'}
[0.476361] (px4_msgs) StdoutLine: {'line': b'-- Up-to-date symlink: /home/lee/workspace/ros2_ex_mav/install/px4_msgs/local/lib/python3.10/dist-packages/px4_msgs/msg/_orb_test_s.c\n'}
[0.476390] (px4_msgs) StdoutLine: {'line': b'-- Up-to-date symlink: /home/lee/workspace/ros2_ex_mav/install/px4_msgs/local/lib/python3.10/dist-packages/px4_msgs/msg/_orbit_status.py\n'}
[0.476419] (px4_msgs) StdoutLine: {'line': b'-- Up-to-date symlink: /home/lee/workspace/ros2_ex_mav/install/px4_msgs/local/lib/python3.10/dist-packages/px4_msgs/msg/_orbit_status_s.c\n'}
[0.476444] (px4_msgs) StdoutLine: {'line': b'-- Up-to-date symlink: /home/lee/workspace/ros2_ex_mav/install/px4_msgs/local/lib/python3.10/dist-packages/px4_msgs/msg/_parameter_update.py\n'}
[0.476475] (px4_msgs) StdoutLine: {'line': b'-- Up-to-date symlink: /home/lee/workspace/ros2_ex_mav/install/px4_msgs/local/lib/python3.10/dist-packages/px4_msgs/msg/_parameter_update_s.c\n'}
[0.476527] (px4_msgs) StdoutLine: {'line': b'-- Up-to-date symlink: /home/lee/workspace/ros2_ex_mav/install/px4_msgs/local/lib/python3.10/dist-packages/px4_msgs/msg/_ping.py\n'}
[0.476551] (px4_msgs) StdoutLine: {'line': b'-- Up-to-date symlink: /home/lee/workspace/ros2_ex_mav/install/px4_msgs/local/lib/python3.10/dist-packages/px4_msgs/msg/_ping_s.c\n'}
[0.476581] (px4_msgs) StdoutLine: {'line': b'-- Up-to-date symlink: /home/lee/workspace/ros2_ex_mav/install/px4_msgs/local/lib/python3.10/dist-packages/px4_msgs/msg/_position_controller_landing_status.py\n'}
[0.476616] (px4_msgs) StdoutLine: {'line': b'-- Up-to-date symlink: /home/lee/workspace/ros2_ex_mav/install/px4_msgs/local/lib/python3.10/dist-packages/px4_msgs/msg/_position_controller_landing_status_s.c\n'}
[0.476647] (px4_msgs) StdoutLine: {'line': b'-- Up-to-date symlink: /home/lee/workspace/ros2_ex_mav/install/px4_msgs/local/lib/python3.10/dist-packages/px4_msgs/msg/_position_controller_status.py\n'}
[0.476678] (px4_msgs) StdoutLine: {'line': b'-- Up-to-date symlink: /home/lee/workspace/ros2_ex_mav/install/px4_msgs/local/lib/python3.10/dist-packages/px4_msgs/msg/_position_controller_status_s.c\n'}
[0.476705] (px4_msgs) StdoutLine: {'line': b'-- Up-to-date symlink: /home/lee/workspace/ros2_ex_mav/install/px4_msgs/local/lib/python3.10/dist-packages/px4_msgs/msg/_position_setpoint.py\n'}
[0.476735] (px4_msgs) StdoutLine: {'line': b'-- Up-to-date symlink: /home/lee/workspace/ros2_ex_mav/install/px4_msgs/local/lib/python3.10/dist-packages/px4_msgs/msg/_position_setpoint_s.c\n'}
[0.476773] (px4_msgs) StdoutLine: {'line': b'-- Up-to-date symlink: /home/lee/workspace/ros2_ex_mav/install/px4_msgs/local/lib/python3.10/dist-packages/px4_msgs/msg/_position_setpoint_triplet.py\n'}
[0.476806] (px4_msgs) StdoutLine: {'line': b'-- Up-to-date symlink: /home/lee/workspace/ros2_ex_mav/install/px4_msgs/local/lib/python3.10/dist-packages/px4_msgs/msg/_position_setpoint_triplet_s.c\n'}
[0.476834] (px4_msgs) StdoutLine: {'line': b'-- Up-to-date symlink: /home/lee/workspace/ros2_ex_mav/install/px4_msgs/local/lib/python3.10/dist-packages/px4_msgs/msg/_power_button_state.py\n'}
[0.476863] (px4_msgs) StdoutLine: {'line': b'-- Up-to-date symlink: /home/lee/workspace/ros2_ex_mav/install/px4_msgs/local/lib/python3.10/dist-packages/px4_msgs/msg/_power_button_state_s.c\n'}
[0.476896] (px4_msgs) StdoutLine: {'line': b'-- Up-to-date symlink: /home/lee/workspace/ros2_ex_mav/install/px4_msgs/local/lib/python3.10/dist-packages/px4_msgs/msg/_power_monitor.py\n'}
[0.476929] (px4_msgs) StdoutLine: {'line': b'-- Up-to-date symlink: /home/lee/workspace/ros2_ex_mav/install/px4_msgs/local/lib/python3.10/dist-packages/px4_msgs/msg/_power_monitor_s.c\n'}
[0.476964] (px4_msgs) StdoutLine: {'line': b'-- Up-to-date symlink: /home/lee/workspace/ros2_ex_mav/install/px4_msgs/local/lib/python3.10/dist-packages/px4_msgs/msg/_pps_capture.py\n'}
[0.477003] (px4_msgs) StdoutLine: {'line': b'-- Up-to-date symlink: /home/lee/workspace/ros2_ex_mav/install/px4_msgs/local/lib/python3.10/dist-packages/px4_msgs/msg/_pps_capture_s.c\n'}
[0.477036] (px4_msgs) StdoutLine: {'line': b'-- Up-to-date symlink: /home/lee/workspace/ros2_ex_mav/install/px4_msgs/local/lib/python3.10/dist-packages/px4_msgs/msg/_pwm_input.py\n'}
[0.477062] (px4_msgs) StdoutLine: {'line': b'-- Up-to-date symlink: /home/lee/workspace/ros2_ex_mav/install/px4_msgs/local/lib/python3.10/dist-packages/px4_msgs/msg/_pwm_input_s.c\n'}
[0.477091] (px4_msgs) StdoutLine: {'line': b'-- Up-to-date symlink: /home/lee/workspace/ros2_ex_mav/install/px4_msgs/local/lib/python3.10/dist-packages/px4_msgs/msg/_px4io_status.py\n'}
[0.477122] (px4_msgs) StdoutLine: {'line': b'-- Up-to-date symlink: /home/lee/workspace/ros2_ex_mav/install/px4_msgs/local/lib/python3.10/dist-packages/px4_msgs/msg/_px4io_status_s.c\n'}
[0.477155] (px4_msgs) StdoutLine: {'line': b'-- Up-to-date symlink: /home/lee/workspace/ros2_ex_mav/install/px4_msgs/local/lib/python3.10/dist-packages/px4_msgs/msg/_qshell_req.py\n'}
[0.477186] (px4_msgs) StdoutLine: {'line': b'-- Up-to-date symlink: /home/lee/workspace/ros2_ex_mav/install/px4_msgs/local/lib/python3.10/dist-packages/px4_msgs/msg/_qshell_req_s.c\n'}
[0.477218] (px4_msgs) StdoutLine: {'line': b'-- Up-to-date symlink: /home/lee/workspace/ros2_ex_mav/install/px4_msgs/local/lib/python3.10/dist-packages/px4_msgs/msg/_qshell_retval.py\n'}
[0.477250] (px4_msgs) StdoutLine: {'line': b'-- Up-to-date symlink: /home/lee/workspace/ros2_ex_mav/install/px4_msgs/local/lib/python3.10/dist-packages/px4_msgs/msg/_qshell_retval_s.c\n'}
[0.477282] (px4_msgs) StdoutLine: {'line': b'-- Up-to-date symlink: /home/lee/workspace/ros2_ex_mav/install/px4_msgs/local/lib/python3.10/dist-packages/px4_msgs/msg/_radio_status.py\n'}
[0.477314] (px4_msgs) StdoutLine: {'line': b'-- Up-to-date symlink: /home/lee/workspace/ros2_ex_mav/install/px4_msgs/local/lib/python3.10/dist-packages/px4_msgs/msg/_radio_status_s.c\n'}
[0.477347] (px4_msgs) StdoutLine: {'line': b'-- Up-to-date symlink: /home/lee/workspace/ros2_ex_mav/install/px4_msgs/local/lib/python3.10/dist-packages/px4_msgs/msg/_rate_ctrl_status.py\n'}
[0.477379] (px4_msgs) StdoutLine: {'line': b'-- Up-to-date symlink: /home/lee/workspace/ros2_ex_mav/install/px4_msgs/local/lib/python3.10/dist-packages/px4_msgs/msg/_rate_ctrl_status_s.c\n'}
[0.477411] (px4_msgs) StdoutLine: {'line': b'-- Up-to-date symlink: /home/lee/workspace/ros2_ex_mav/install/px4_msgs/local/lib/python3.10/dist-packages/px4_msgs/msg/_rc_channels.py\n'}
[0.477444] (px4_msgs) StdoutLine: {'line': b'-- Up-to-date symlink: /home/lee/workspace/ros2_ex_mav/install/px4_msgs/local/lib/python3.10/dist-packages/px4_msgs/msg/_rc_channels_s.c\n'}
[0.477476] (px4_msgs) StdoutLine: {'line': b'-- Up-to-date symlink: /home/lee/workspace/ros2_ex_mav/install/px4_msgs/local/lib/python3.10/dist-packages/px4_msgs/msg/_rc_parameter_map.py\n'}
[0.477508] (px4_msgs) StdoutLine: {'line': b'-- Up-to-date symlink: /home/lee/workspace/ros2_ex_mav/install/px4_msgs/local/lib/python3.10/dist-packages/px4_msgs/msg/_rc_parameter_map_s.c\n'}
[0.477540] (px4_msgs) StdoutLine: {'line': b'-- Up-to-date symlink: /home/lee/workspace/ros2_ex_mav/install/px4_msgs/local/lib/python3.10/dist-packages/px4_msgs/msg/_rpm.py\n'}
[0.477574] (px4_msgs) StdoutLine: {'line': b'-- Up-to-date symlink: /home/lee/workspace/ros2_ex_mav/install/px4_msgs/local/lib/python3.10/dist-packages/px4_msgs/msg/_rpm_s.c\n'}
[0.477605] (px4_msgs) StdoutLine: {'line': b'-- Up-to-date symlink: /home/lee/workspace/ros2_ex_mav/install/px4_msgs/local/lib/python3.10/dist-packages/px4_msgs/msg/_rtl_time_estimate.py\n'}
[0.477640] (px4_msgs) StdoutLine: {'line': b'-- Up-to-date symlink: /home/lee/workspace/ros2_ex_mav/install/px4_msgs/local/lib/python3.10/dist-packages/px4_msgs/msg/_rtl_time_estimate_s.c\n'}
[0.477671] (px4_msgs) StdoutLine: {'line': b'-- Up-to-date symlink: /home/lee/workspace/ros2_ex_mav/install/px4_msgs/local/lib/python3.10/dist-packages/px4_msgs/msg/_satellite_info.py\n'}
[0.477703] (px4_msgs) StdoutLine: {'line': b'-- Up-to-date symlink: /home/lee/workspace/ros2_ex_mav/install/px4_msgs/local/lib/python3.10/dist-packages/px4_msgs/msg/_satellite_info_s.c\n'}
[0.477734] (px4_msgs) StdoutLine: {'line': b'-- Up-to-date symlink: /home/lee/workspace/ros2_ex_mav/install/px4_msgs/local/lib/python3.10/dist-packages/px4_msgs/msg/_sensor_accel.py\n'}
[0.477766] (px4_msgs) StdoutLine: {'line': b'-- Up-to-date symlink: /home/lee/workspace/ros2_ex_mav/install/px4_msgs/local/lib/python3.10/dist-packages/px4_msgs/msg/_sensor_accel_fifo.py\n'}
[0.477797] (px4_msgs) StdoutLine: {'line': b'-- Up-to-date symlink: /home/lee/workspace/ros2_ex_mav/install/px4_msgs/local/lib/python3.10/dist-packages/px4_msgs/msg/_sensor_accel_fifo_s.c\n'}
[0.477830] (px4_msgs) StdoutLine: {'line': b'-- Up-to-date symlink: /home/lee/workspace/ros2_ex_mav/install/px4_msgs/local/lib/python3.10/dist-packages/px4_msgs/msg/_sensor_accel_s.c\n'}
[0.477862] (px4_msgs) StdoutLine: {'line': b'-- Up-to-date symlink: /home/lee/workspace/ros2_ex_mav/install/px4_msgs/local/lib/python3.10/dist-packages/px4_msgs/msg/_sensor_baro.py\n'}
[0.477894] (px4_msgs) StdoutLine: {'line': b'-- Up-to-date symlink: /home/lee/workspace/ros2_ex_mav/install/px4_msgs/local/lib/python3.10/dist-packages/px4_msgs/msg/_sensor_baro_s.c\n'}
[0.477925] (px4_msgs) StdoutLine: {'line': b'-- Up-to-date symlink: /home/lee/workspace/ros2_ex_mav/install/px4_msgs/local/lib/python3.10/dist-packages/px4_msgs/msg/_sensor_combined.py\n'}
[0.477956] (px4_msgs) StdoutLine: {'line': b'-- Up-to-date symlink: /home/lee/workspace/ros2_ex_mav/install/px4_msgs/local/lib/python3.10/dist-packages/px4_msgs/msg/_sensor_combined_s.c\n'}
[0.477987] (px4_msgs) StdoutLine: {'line': b'-- Up-to-date symlink: /home/lee/workspace/ros2_ex_mav/install/px4_msgs/local/lib/python3.10/dist-packages/px4_msgs/msg/_sensor_correction.py\n'}
[0.478019] (px4_msgs) StdoutLine: {'line': b'-- Up-to-date symlink: /home/lee/workspace/ros2_ex_mav/install/px4_msgs/local/lib/python3.10/dist-packages/px4_msgs/msg/_sensor_correction_s.c\n'}
[0.478051] (px4_msgs) StdoutLine: {'line': b'-- Up-to-date symlink: /home/lee/workspace/ros2_ex_mav/install/px4_msgs/local/lib/python3.10/dist-packages/px4_msgs/msg/_sensor_gnss_relative.py\n'}
[0.478082] (px4_msgs) StdoutLine: {'line': b'-- Up-to-date symlink: /home/lee/workspace/ros2_ex_mav/install/px4_msgs/local/lib/python3.10/dist-packages/px4_msgs/msg/_sensor_gnss_relative_s.c\n'}
[0.478114] (px4_msgs) StdoutLine: {'line': b'-- Up-to-date symlink: /home/lee/workspace/ros2_ex_mav/install/px4_msgs/local/lib/python3.10/dist-packages/px4_msgs/msg/_sensor_gps.py\n'}
[0.478146] (px4_msgs) StdoutLine: {'line': b'-- Up-to-date symlink: /home/lee/workspace/ros2_ex_mav/install/px4_msgs/local/lib/python3.10/dist-packages/px4_msgs/msg/_sensor_gps_s.c\n'}
[0.478181] (px4_msgs) StdoutLine: {'line': b'-- Up-to-date symlink: /home/lee/workspace/ros2_ex_mav/install/px4_msgs/local/lib/python3.10/dist-packages/px4_msgs/msg/_sensor_gyro.py\n'}
[0.478209] (px4_msgs) StdoutLine: {'line': b'-- Up-to-date symlink: /home/lee/workspace/ros2_ex_mav/install/px4_msgs/local/lib/python3.10/dist-packages/px4_msgs/msg/_sensor_gyro_fft.py\n'}
[0.478240] (px4_msgs) StdoutLine: {'line': b'-- Up-to-date symlink: /home/lee/workspace/ros2_ex_mav/install/px4_msgs/local/lib/python3.10/dist-packages/px4_msgs/msg/_sensor_gyro_fft_s.c\n'}
[0.478272] (px4_msgs) StdoutLine: {'line': b'-- Up-to-date symlink: /home/lee/workspace/ros2_ex_mav/install/px4_msgs/local/lib/python3.10/dist-packages/px4_msgs/msg/_sensor_gyro_fifo.py\n'}
[0.478303] (px4_msgs) StdoutLine: {'line': b'-- Up-to-date symlink: /home/lee/workspace/ros2_ex_mav/install/px4_msgs/local/lib/python3.10/dist-packages/px4_msgs/msg/_sensor_gyro_fifo_s.c\n'}
[0.478335] (px4_msgs) StdoutLine: {'line': b'-- Up-to-date symlink: /home/lee/workspace/ros2_ex_mav/install/px4_msgs/local/lib/python3.10/dist-packages/px4_msgs/msg/_sensor_gyro_s.c\n'}
[0.478366] (px4_msgs) StdoutLine: {'line': b'-- Up-to-date symlink: /home/lee/workspace/ros2_ex_mav/install/px4_msgs/local/lib/python3.10/dist-packages/px4_msgs/msg/_sensor_hygrometer.py\n'}
[0.478398] (px4_msgs) StdoutLine: {'line': b'-- Up-to-date symlink: /home/lee/workspace/ros2_ex_mav/install/px4_msgs/local/lib/python3.10/dist-packages/px4_msgs/msg/_sensor_hygrometer_s.c\n'}
[0.478429] (px4_msgs) StdoutLine: {'line': b'-- Up-to-date symlink: /home/lee/workspace/ros2_ex_mav/install/px4_msgs/local/lib/python3.10/dist-packages/px4_msgs/msg/_sensor_mag.py\n'}
[0.478461] (px4_msgs) StdoutLine: {'line': b'-- Up-to-date symlink: /home/lee/workspace/ros2_ex_mav/install/px4_msgs/local/lib/python3.10/dist-packages/px4_msgs/msg/_sensor_mag_s.c\n'}
[0.478494] (px4_msgs) StdoutLine: {'line': b'-- Up-to-date symlink: /home/lee/workspace/ros2_ex_mav/install/px4_msgs/local/lib/python3.10/dist-packages/px4_msgs/msg/_sensor_optical_flow.py\n'}
[0.478530] (px4_msgs) StdoutLine: {'line': b'-- Up-to-date symlink: /home/lee/workspace/ros2_ex_mav/install/px4_msgs/local/lib/python3.10/dist-packages/px4_msgs/msg/_sensor_optical_flow_s.c\n'}
[0.478562] (px4_msgs) StdoutLine: {'line': b'-- Up-to-date symlink: /home/lee/workspace/ros2_ex_mav/install/px4_msgs/local/lib/python3.10/dist-packages/px4_msgs/msg/_sensor_preflight_mag.py\n'}
[0.478594] (px4_msgs) StdoutLine: {'line': b'-- Up-to-date symlink: /home/lee/workspace/ros2_ex_mav/install/px4_msgs/local/lib/python3.10/dist-packages/px4_msgs/msg/_sensor_preflight_mag_s.c\n'}
[0.478622] (px4_msgs) StdoutLine: {'line': b'-- Up-to-date symlink: /home/lee/workspace/ros2_ex_mav/install/px4_msgs/local/lib/python3.10/dist-packages/px4_msgs/msg/_sensor_selection.py\n'}
[0.478655] (px4_msgs) StdoutLine: {'line': b'-- Up-to-date symlink: /home/lee/workspace/ros2_ex_mav/install/px4_msgs/local/lib/python3.10/dist-packages/px4_msgs/msg/_sensor_selection_s.c\n'}
[0.478688] (px4_msgs) StdoutLine: {'line': b'-- Up-to-date symlink: /home/lee/workspace/ros2_ex_mav/install/px4_msgs/local/lib/python3.10/dist-packages/px4_msgs/msg/_sensor_uwb.py\n'}
[0.478719] (px4_msgs) StdoutLine: {'line': b'-- Up-to-date symlink: /home/lee/workspace/ros2_ex_mav/install/px4_msgs/local/lib/python3.10/dist-packages/px4_msgs/msg/_sensor_uwb_s.c\n'}
[0.478751] (px4_msgs) StdoutLine: {'line': b'-- Up-to-date symlink: /home/lee/workspace/ros2_ex_mav/install/px4_msgs/local/lib/python3.10/dist-packages/px4_msgs/msg/_sensors_status.py\n'}
[0.478783] (px4_msgs) StdoutLine: {'line': b'-- Up-to-date symlink: /home/lee/workspace/ros2_ex_mav/install/px4_msgs/local/lib/python3.10/dist-packages/px4_msgs/msg/_sensors_status_imu.py\n'}
[0.478816] (px4_msgs) StdoutLine: {'line': b'-- Up-to-date symlink: /home/lee/workspace/ros2_ex_mav/install/px4_msgs/local/lib/python3.10/dist-packages/px4_msgs/msg/_sensors_status_imu_s.c\n'}
[0.478850] (px4_msgs) StdoutLine: {'line': b'-- Up-to-date symlink: /home/lee/workspace/ros2_ex_mav/install/px4_msgs/local/lib/python3.10/dist-packages/px4_msgs/msg/_sensors_status_s.c\n'}
[0.478883] (px4_msgs) StdoutLine: {'line': b'-- Up-to-date symlink: /home/lee/workspace/ros2_ex_mav/install/px4_msgs/local/lib/python3.10/dist-packages/px4_msgs/msg/_system_power.py\n'}
[0.478916] (px4_msgs) StdoutLine: {'line': b'-- Up-to-date symlink: /home/lee/workspace/ros2_ex_mav/install/px4_msgs/local/lib/python3.10/dist-packages/px4_msgs/msg/_system_power_s.c\n'}
[0.478948] (px4_msgs) StdoutLine: {'line': b'-- Up-to-date symlink: /home/lee/workspace/ros2_ex_mav/install/px4_msgs/local/lib/python3.10/dist-packages/px4_msgs/msg/_takeoff_status.py\n'}
[0.478980] (px4_msgs) StdoutLine: {'line': b'-- Up-to-date symlink: /home/lee/workspace/ros2_ex_mav/install/px4_msgs/local/lib/python3.10/dist-packages/px4_msgs/msg/_takeoff_status_s.c\n'}
[0.479012] (px4_msgs) StdoutLine: {'line': b'-- Up-to-date symlink: /home/lee/workspace/ros2_ex_mav/install/px4_msgs/local/lib/python3.10/dist-packages/px4_msgs/msg/_task_stack_info.py\n'}
[0.479044] (px4_msgs) StdoutLine: {'line': b'-- Up-to-date symlink: /home/lee/workspace/ros2_ex_mav/install/px4_msgs/local/lib/python3.10/dist-packages/px4_msgs/msg/_task_stack_info_s.c\n'}
[0.479077] (px4_msgs) StdoutLine: {'line': b'-- Up-to-date symlink: /home/lee/workspace/ros2_ex_mav/install/px4_msgs/local/lib/python3.10/dist-packages/px4_msgs/msg/_tecs_status.py\n'}
[0.479110] (px4_msgs) StdoutLine: {'line': b'-- Up-to-date symlink: /home/lee/workspace/ros2_ex_mav/install/px4_msgs/local/lib/python3.10/dist-packages/px4_msgs/msg/_tecs_status_s.c\n'}
[0.479142] (px4_msgs) StdoutLine: {'line': b'-- Up-to-date symlink: /home/lee/workspace/ros2_ex_mav/install/px4_msgs/local/lib/python3.10/dist-packages/px4_msgs/msg/_telemetry_status.py\n'}
[0.479179] (px4_msgs) StdoutLine: {'line': b'-- Up-to-date symlink: /home/lee/workspace/ros2_ex_mav/install/px4_msgs/local/lib/python3.10/dist-packages/px4_msgs/msg/_telemetry_status_s.c\n'}
[0.479206] (px4_msgs) StdoutLine: {'line': b'-- Up-to-date symlink: /home/lee/workspace/ros2_ex_mav/install/px4_msgs/local/lib/python3.10/dist-packages/px4_msgs/msg/_tiltrotor_extra_controls.py\n'}
[0.479240] (px4_msgs) StdoutLine: {'line': b'-- Up-to-date symlink: /home/lee/workspace/ros2_ex_mav/install/px4_msgs/local/lib/python3.10/dist-packages/px4_msgs/msg/_tiltrotor_extra_controls_s.c\n'}
[0.479272] (px4_msgs) StdoutLine: {'line': b'-- Up-to-date symlink: /home/lee/workspace/ros2_ex_mav/install/px4_msgs/local/lib/python3.10/dist-packages/px4_msgs/msg/_timesync_status.py\n'}
[0.479304] (px4_msgs) StdoutLine: {'line': b'-- Up-to-date symlink: /home/lee/workspace/ros2_ex_mav/install/px4_msgs/local/lib/python3.10/dist-packages/px4_msgs/msg/_timesync_status_s.c\n'}
[0.479336] (px4_msgs) StdoutLine: {'line': b'-- Up-to-date symlink: /home/lee/workspace/ros2_ex_mav/install/px4_msgs/local/lib/python3.10/dist-packages/px4_msgs/msg/_trajectory_bezier.py\n'}
[0.479368] (px4_msgs) StdoutLine: {'line': b'-- Up-to-date symlink: /home/lee/workspace/ros2_ex_mav/install/px4_msgs/local/lib/python3.10/dist-packages/px4_msgs/msg/_trajectory_bezier_s.c\n'}
[0.479401] (px4_msgs) StdoutLine: {'line': b'-- Up-to-date symlink: /home/lee/workspace/ros2_ex_mav/install/px4_msgs/local/lib/python3.10/dist-packages/px4_msgs/msg/_trajectory_setpoint.py\n'}
[0.479434] (px4_msgs) StdoutLine: {'line': b'-- Up-to-date symlink: /home/lee/workspace/ros2_ex_mav/install/px4_msgs/local/lib/python3.10/dist-packages/px4_msgs/msg/_trajectory_setpoint_s.c\n'}
[0.479466] (px4_msgs) StdoutLine: {'line': b'-- Up-to-date symlink: /home/lee/workspace/ros2_ex_mav/install/px4_msgs/local/lib/python3.10/dist-packages/px4_msgs/msg/_trajectory_waypoint.py\n'}
[0.479500] (px4_msgs) StdoutLine: {'line': b'-- Up-to-date symlink: /home/lee/workspace/ros2_ex_mav/install/px4_msgs/local/lib/python3.10/dist-packages/px4_msgs/msg/_trajectory_waypoint_s.c\n'}
[0.479532] (px4_msgs) StdoutLine: {'line': b'-- Up-to-date symlink: /home/lee/workspace/ros2_ex_mav/install/px4_msgs/local/lib/python3.10/dist-packages/px4_msgs/msg/_transponder_report.py\n'}
[0.479564] (px4_msgs) StdoutLine: {'line': b'-- Up-to-date symlink: /home/lee/workspace/ros2_ex_mav/install/px4_msgs/local/lib/python3.10/dist-packages/px4_msgs/msg/_transponder_report_s.c\n'}
[0.479598] (px4_msgs) StdoutLine: {'line': b'-- Up-to-date symlink: /home/lee/workspace/ros2_ex_mav/install/px4_msgs/local/lib/python3.10/dist-packages/px4_msgs/msg/_tune_control.py\n'}
[0.479630] (px4_msgs) StdoutLine: {'line': b'-- Up-to-date symlink: /home/lee/workspace/ros2_ex_mav/install/px4_msgs/local/lib/python3.10/dist-packages/px4_msgs/msg/_tune_control_s.c\n'}
[0.479665] (px4_msgs) StdoutLine: {'line': b'-- Up-to-date symlink: /home/lee/workspace/ros2_ex_mav/install/px4_msgs/local/lib/python3.10/dist-packages/px4_msgs/msg/_uavcan_parameter_request.py\n'}
[0.479698] (px4_msgs) StdoutLine: {'line': b'-- Up-to-date symlink: /home/lee/workspace/ros2_ex_mav/install/px4_msgs/local/lib/python3.10/dist-packages/px4_msgs/msg/_uavcan_parameter_request_s.c\n'}
[0.479730] (px4_msgs) StdoutLine: {'line': b'-- Up-to-date symlink: /home/lee/workspace/ros2_ex_mav/install/px4_msgs/local/lib/python3.10/dist-packages/px4_msgs/msg/_uavcan_parameter_value.py\n'}
[0.479763] (px4_msgs) StdoutLine: {'line': b'-- Up-to-date symlink: /home/lee/workspace/ros2_ex_mav/install/px4_msgs/local/lib/python3.10/dist-packages/px4_msgs/msg/_uavcan_parameter_value_s.c\n'}
[0.479795] (px4_msgs) StdoutLine: {'line': b'-- Up-to-date symlink: /home/lee/workspace/ros2_ex_mav/install/px4_msgs/local/lib/python3.10/dist-packages/px4_msgs/msg/_ulog_stream.py\n'}
[0.479827] (px4_msgs) StdoutLine: {'line': b'-- Up-to-date symlink: /home/lee/workspace/ros2_ex_mav/install/px4_msgs/local/lib/python3.10/dist-packages/px4_msgs/msg/_ulog_stream_ack.py\n'}
[0.479860] (px4_msgs) StdoutLine: {'line': b'-- Up-to-date symlink: /home/lee/workspace/ros2_ex_mav/install/px4_msgs/local/lib/python3.10/dist-packages/px4_msgs/msg/_ulog_stream_ack_s.c\n'}
[0.479892] (px4_msgs) StdoutLine: {'line': b'-- Up-to-date symlink: /home/lee/workspace/ros2_ex_mav/install/px4_msgs/local/lib/python3.10/dist-packages/px4_msgs/msg/_ulog_stream_s.c\n'}
[0.479924] (px4_msgs) StdoutLine: {'line': b'-- Up-to-date symlink: /home/lee/workspace/ros2_ex_mav/install/px4_msgs/local/lib/python3.10/dist-packages/px4_msgs/msg/_vehicle_acceleration.py\n'}
[0.479957] (px4_msgs) StdoutLine: {'line': b'-- Up-to-date symlink: /home/lee/workspace/ros2_ex_mav/install/px4_msgs/local/lib/python3.10/dist-packages/px4_msgs/msg/_vehicle_acceleration_s.c\n'}
[0.479989] (px4_msgs) StdoutLine: {'line': b'-- Up-to-date symlink: /home/lee/workspace/ros2_ex_mav/install/px4_msgs/local/lib/python3.10/dist-packages/px4_msgs/msg/_vehicle_air_data.py\n'}
[0.480022] (px4_msgs) StdoutLine: {'line': b'-- Up-to-date symlink: /home/lee/workspace/ros2_ex_mav/install/px4_msgs/local/lib/python3.10/dist-packages/px4_msgs/msg/_vehicle_air_data_s.c\n'}
[0.480058] (px4_msgs) StdoutLine: {'line': b'-- Up-to-date symlink: /home/lee/workspace/ros2_ex_mav/install/px4_msgs/local/lib/python3.10/dist-packages/px4_msgs/msg/_vehicle_angular_acceleration_setpoint.py\n'}
[0.480093] (px4_msgs) StdoutLine: {'line': b'-- Up-to-date symlink: /home/lee/workspace/ros2_ex_mav/install/px4_msgs/local/lib/python3.10/dist-packages/px4_msgs/msg/_vehicle_angular_acceleration_setpoint_s.c\n'}
[0.480127] (px4_msgs) StdoutLine: {'line': b'-- Up-to-date symlink: /home/lee/workspace/ros2_ex_mav/install/px4_msgs/local/lib/python3.10/dist-packages/px4_msgs/msg/_vehicle_angular_velocity.py\n'}
[0.480159] (px4_msgs) StdoutLine: {'line': b'-- Up-to-date symlink: /home/lee/workspace/ros2_ex_mav/install/px4_msgs/local/lib/python3.10/dist-packages/px4_msgs/msg/_vehicle_angular_velocity_s.c\n'}
[0.480192] (px4_msgs) StdoutLine: {'line': b'-- Up-to-date symlink: /home/lee/workspace/ros2_ex_mav/install/px4_msgs/local/lib/python3.10/dist-packages/px4_msgs/msg/_vehicle_attitude.py\n'}
[0.480225] (px4_msgs) StdoutLine: {'line': b'-- Up-to-date symlink: /home/lee/workspace/ros2_ex_mav/install/px4_msgs/local/lib/python3.10/dist-packages/px4_msgs/msg/_vehicle_attitude_s.c\n'}
[0.480258] (px4_msgs) StdoutLine: {'line': b'-- Up-to-date symlink: /home/lee/workspace/ros2_ex_mav/install/px4_msgs/local/lib/python3.10/dist-packages/px4_msgs/msg/_vehicle_attitude_setpoint.py\n'}
[0.480290] (px4_msgs) StdoutLine: {'line': b'-- Up-to-date symlink: /home/lee/workspace/ros2_ex_mav/install/px4_msgs/local/lib/python3.10/dist-packages/px4_msgs/msg/_vehicle_attitude_setpoint_s.c\n'}
[0.480323] (px4_msgs) StdoutLine: {'line': b'-- Up-to-date symlink: /home/lee/workspace/ros2_ex_mav/install/px4_msgs/local/lib/python3.10/dist-packages/px4_msgs/msg/_vehicle_command.py\n'}
[0.480356] (px4_msgs) StdoutLine: {'line': b'-- Up-to-date symlink: /home/lee/workspace/ros2_ex_mav/install/px4_msgs/local/lib/python3.10/dist-packages/px4_msgs/msg/_vehicle_command_ack.py\n'}
[0.480390] (px4_msgs) StdoutLine: {'line': b'-- Up-to-date symlink: /home/lee/workspace/ros2_ex_mav/install/px4_msgs/local/lib/python3.10/dist-packages/px4_msgs/msg/_vehicle_command_ack_s.c\n'}
[0.480422] (px4_msgs) StdoutLine: {'line': b'-- Up-to-date symlink: /home/lee/workspace/ros2_ex_mav/install/px4_msgs/local/lib/python3.10/dist-packages/px4_msgs/msg/_vehicle_command_s.c\n'}
[0.480454] (px4_msgs) StdoutLine: {'line': b'-- Up-to-date symlink: /home/lee/workspace/ros2_ex_mav/install/px4_msgs/local/lib/python3.10/dist-packages/px4_msgs/msg/_vehicle_constraints.py\n'}
[0.480486] (px4_msgs) StdoutLine: {'line': b'-- Up-to-date symlink: /home/lee/workspace/ros2_ex_mav/install/px4_msgs/local/lib/python3.10/dist-packages/px4_msgs/msg/_vehicle_constraints_s.c\n'}
[0.480519] (px4_msgs) StdoutLine: {'line': b'-- Up-to-date symlink: /home/lee/workspace/ros2_ex_mav/install/px4_msgs/local/lib/python3.10/dist-packages/px4_msgs/msg/_vehicle_control_mode.py\n'}
[0.480551] (px4_msgs) StdoutLine: {'line': b'-- Up-to-date symlink: /home/lee/workspace/ros2_ex_mav/install/px4_msgs/local/lib/python3.10/dist-packages/px4_msgs/msg/_vehicle_control_mode_s.c\n'}
[0.480585] (px4_msgs) StdoutLine: {'line': b'-- Up-to-date symlink: /home/lee/workspace/ros2_ex_mav/install/px4_msgs/local/lib/python3.10/dist-packages/px4_msgs/msg/_vehicle_global_position.py\n'}
[0.480617] (px4_msgs) StdoutLine: {'line': b'-- Up-to-date symlink: /home/lee/workspace/ros2_ex_mav/install/px4_msgs/local/lib/python3.10/dist-packages/px4_msgs/msg/_vehicle_global_position_s.c\n'}
[0.480650] (px4_msgs) StdoutLine: {'line': b'-- Up-to-date symlink: /home/lee/workspace/ros2_ex_mav/install/px4_msgs/local/lib/python3.10/dist-packages/px4_msgs/msg/_vehicle_imu.py\n'}
[0.480681] (px4_msgs) StdoutLine: {'line': b'-- Up-to-date symlink: /home/lee/workspace/ros2_ex_mav/install/px4_msgs/local/lib/python3.10/dist-packages/px4_msgs/msg/_vehicle_imu_s.c\n'}
[0.480713] (px4_msgs) StdoutLine: {'line': b'-- Up-to-date symlink: /home/lee/workspace/ros2_ex_mav/install/px4_msgs/local/lib/python3.10/dist-packages/px4_msgs/msg/_vehicle_imu_status.py\n'}
[0.480744] (px4_msgs) StdoutLine: {'line': b'-- Up-to-date symlink: /home/lee/workspace/ros2_ex_mav/install/px4_msgs/local/lib/python3.10/dist-packages/px4_msgs/msg/_vehicle_imu_status_s.c\n'}
[0.480776] (px4_msgs) StdoutLine: {'line': b'-- Up-to-date symlink: /home/lee/workspace/ros2_ex_mav/install/px4_msgs/local/lib/python3.10/dist-packages/px4_msgs/msg/_vehicle_land_detected.py\n'}
[0.480807] (px4_msgs) StdoutLine: {'line': b'-- Up-to-date symlink: /home/lee/workspace/ros2_ex_mav/install/px4_msgs/local/lib/python3.10/dist-packages/px4_msgs/msg/_vehicle_land_detected_s.c\n'}
[0.480839] (px4_msgs) StdoutLine: {'line': b'-- Up-to-date symlink: /home/lee/workspace/ros2_ex_mav/install/px4_msgs/local/lib/python3.10/dist-packages/px4_msgs/msg/_vehicle_local_position.py\n'}
[0.480870] (px4_msgs) StdoutLine: {'line': b'-- Up-to-date symlink: /home/lee/workspace/ros2_ex_mav/install/px4_msgs/local/lib/python3.10/dist-packages/px4_msgs/msg/_vehicle_local_position_s.c\n'}
[0.480903] (px4_msgs) StdoutLine: {'line': b'-- Up-to-date symlink: /home/lee/workspace/ros2_ex_mav/install/px4_msgs/local/lib/python3.10/dist-packages/px4_msgs/msg/_vehicle_local_position_setpoint.py\n'}
[0.480936] (px4_msgs) StdoutLine: {'line': b'-- Up-to-date symlink: /home/lee/workspace/ros2_ex_mav/install/px4_msgs/local/lib/python3.10/dist-packages/px4_msgs/msg/_vehicle_local_position_setpoint_s.c\n'}
[0.480968] (px4_msgs) StdoutLine: {'line': b'-- Up-to-date symlink: /home/lee/workspace/ros2_ex_mav/install/px4_msgs/local/lib/python3.10/dist-packages/px4_msgs/msg/_vehicle_magnetometer.py\n'}
[0.481000] (px4_msgs) StdoutLine: {'line': b'-- Up-to-date symlink: /home/lee/workspace/ros2_ex_mav/install/px4_msgs/local/lib/python3.10/dist-packages/px4_msgs/msg/_vehicle_magnetometer_s.c\n'}
[0.481031] (px4_msgs) StdoutLine: {'line': b'-- Up-to-date symlink: /home/lee/workspace/ros2_ex_mav/install/px4_msgs/local/lib/python3.10/dist-packages/px4_msgs/msg/_vehicle_odometry.py\n'}
[0.481063] (px4_msgs) StdoutLine: {'line': b'-- Up-to-date symlink: /home/lee/workspace/ros2_ex_mav/install/px4_msgs/local/lib/python3.10/dist-packages/px4_msgs/msg/_vehicle_odometry_s.c\n'}
[0.481094] (px4_msgs) StdoutLine: {'line': b'-- Up-to-date symlink: /home/lee/workspace/ros2_ex_mav/install/px4_msgs/local/lib/python3.10/dist-packages/px4_msgs/msg/_vehicle_optical_flow.py\n'}
[0.481128] (px4_msgs) StdoutLine: {'line': b'-- Up-to-date symlink: /home/lee/workspace/ros2_ex_mav/install/px4_msgs/local/lib/python3.10/dist-packages/px4_msgs/msg/_vehicle_optical_flow_s.c\n'}
[0.481160] (px4_msgs) StdoutLine: {'line': b'-- Up-to-date symlink: /home/lee/workspace/ros2_ex_mav/install/px4_msgs/local/lib/python3.10/dist-packages/px4_msgs/msg/_vehicle_optical_flow_vel.py\n'}
[0.481192] (px4_msgs) StdoutLine: {'line': b'-- Up-to-date symlink: /home/lee/workspace/ros2_ex_mav/install/px4_msgs/local/lib/python3.10/dist-packages/px4_msgs/msg/_vehicle_optical_flow_vel_s.c\n'}
[0.481224] (px4_msgs) StdoutLine: {'line': b'-- Up-to-date symlink: /home/lee/workspace/ros2_ex_mav/install/px4_msgs/local/lib/python3.10/dist-packages/px4_msgs/msg/_vehicle_rates_setpoint.py\n'}
[0.481256] (px4_msgs) StdoutLine: {'line': b'-- Up-to-date symlink: /home/lee/workspace/ros2_ex_mav/install/px4_msgs/local/lib/python3.10/dist-packages/px4_msgs/msg/_vehicle_rates_setpoint_s.c\n'}
[0.481288] (px4_msgs) StdoutLine: {'line': b'-- Up-to-date symlink: /home/lee/workspace/ros2_ex_mav/install/px4_msgs/local/lib/python3.10/dist-packages/px4_msgs/msg/_vehicle_roi.py\n'}
[0.481320] (px4_msgs) StdoutLine: {'line': b'-- Up-to-date symlink: /home/lee/workspace/ros2_ex_mav/install/px4_msgs/local/lib/python3.10/dist-packages/px4_msgs/msg/_vehicle_roi_s.c\n'}
[0.481352] (px4_msgs) StdoutLine: {'line': b'-- Up-to-date symlink: /home/lee/workspace/ros2_ex_mav/install/px4_msgs/local/lib/python3.10/dist-packages/px4_msgs/msg/_vehicle_status.py\n'}
[0.481384] (px4_msgs) StdoutLine: {'line': b'-- Up-to-date symlink: /home/lee/workspace/ros2_ex_mav/install/px4_msgs/local/lib/python3.10/dist-packages/px4_msgs/msg/_vehicle_status_s.c\n'}
[0.481416] (px4_msgs) StdoutLine: {'line': b'-- Up-to-date symlink: /home/lee/workspace/ros2_ex_mav/install/px4_msgs/local/lib/python3.10/dist-packages/px4_msgs/msg/_vehicle_thrust_setpoint.py\n'}
[0.481448] (px4_msgs) StdoutLine: {'line': b'-- Up-to-date symlink: /home/lee/workspace/ros2_ex_mav/install/px4_msgs/local/lib/python3.10/dist-packages/px4_msgs/msg/_vehicle_thrust_setpoint_s.c\n'}
[0.481479] (px4_msgs) StdoutLine: {'line': b'-- Up-to-date symlink: /home/lee/workspace/ros2_ex_mav/install/px4_msgs/local/lib/python3.10/dist-packages/px4_msgs/msg/_vehicle_torque_setpoint.py\n'}
[0.481512] (px4_msgs) StdoutLine: {'line': b'-- Up-to-date symlink: /home/lee/workspace/ros2_ex_mav/install/px4_msgs/local/lib/python3.10/dist-packages/px4_msgs/msg/_vehicle_torque_setpoint_s.c\n'}
[0.481543] (px4_msgs) StdoutLine: {'line': b'-- Up-to-date symlink: /home/lee/workspace/ros2_ex_mav/install/px4_msgs/local/lib/python3.10/dist-packages/px4_msgs/msg/_vehicle_trajectory_bezier.py\n'}
[0.481574] (px4_msgs) StdoutLine: {'line': b'-- Up-to-date symlink: /home/lee/workspace/ros2_ex_mav/install/px4_msgs/local/lib/python3.10/dist-packages/px4_msgs/msg/_vehicle_trajectory_bezier_s.c\n'}
[0.481636] (px4_msgs) StdoutLine: {'line': b'-- Up-to-date symlink: /home/lee/workspace/ros2_ex_mav/install/px4_msgs/local/lib/python3.10/dist-packages/px4_msgs/msg/_vehicle_trajectory_waypoint.py\n'}
[0.481679] (px4_msgs) StdoutLine: {'line': b'-- Up-to-date symlink: /home/lee/workspace/ros2_ex_mav/install/px4_msgs/local/lib/python3.10/dist-packages/px4_msgs/msg/_vehicle_trajectory_waypoint_s.c\n'}
[0.481707] (px4_msgs) StdoutLine: {'line': b'-- Up-to-date symlink: /home/lee/workspace/ros2_ex_mav/install/px4_msgs/local/lib/python3.10/dist-packages/px4_msgs/msg/_vtol_vehicle_status.py\n'}
[0.481734] (px4_msgs) StdoutLine: {'line': b'-- Up-to-date symlink: /home/lee/workspace/ros2_ex_mav/install/px4_msgs/local/lib/python3.10/dist-packages/px4_msgs/msg/_vtol_vehicle_status_s.c\n'}
[0.481761] (px4_msgs) StdoutLine: {'line': b'-- Up-to-date symlink: /home/lee/workspace/ros2_ex_mav/install/px4_msgs/local/lib/python3.10/dist-packages/px4_msgs/msg/_wind.py\n'}
[0.481787] (px4_msgs) StdoutLine: {'line': b'-- Up-to-date symlink: /home/lee/workspace/ros2_ex_mav/install/px4_msgs/local/lib/python3.10/dist-packages/px4_msgs/msg/_wind_s.c\n'}
[0.481813] (px4_msgs) StdoutLine: {'line': b'-- Up-to-date symlink: /home/lee/workspace/ros2_ex_mav/install/px4_msgs/local/lib/python3.10/dist-packages/px4_msgs/msg/_yaw_estimator_status.py\n'}
[0.481839] (px4_msgs) StdoutLine: {'line': b'-- Up-to-date symlink: /home/lee/workspace/ros2_ex_mav/install/px4_msgs/local/lib/python3.10/dist-packages/px4_msgs/msg/_yaw_estimator_status_s.c\n'}
[0.481866] (px4_msgs) StdoutLine: {'line': b'-- Up-to-date symlink: /home/lee/workspace/ros2_ex_mav/install/px4_msgs/local/lib/python3.10/dist-packages/px4_msgs/px4_msgs_s__rosidl_typesupport_c.cpython-310-x86_64-linux-gnu.so\n'}
[0.481900] (px4_msgs) StdoutLine: {'line': b'-- Up-to-date symlink: /home/lee/workspace/ros2_ex_mav/install/px4_msgs/local/lib/python3.10/dist-packages/px4_msgs/px4_msgs_s__rosidl_typesupport_fastrtps_c.cpython-310-x86_64-linux-gnu.so\n'}
[0.481932] (px4_msgs) StdoutLine: {'line': b'-- Up-to-date symlink: /home/lee/workspace/ros2_ex_mav/install/px4_msgs/local/lib/python3.10/dist-packages/px4_msgs/px4_msgs_s__rosidl_typesupport_introspection_c.cpython-310-x86_64-linux-gnu.so\n'}
[0.482047] (px4_msgs) StdoutLine: {'line': b'-- Up-to-date symlink: /home/lee/workspace/ros2_ex_mav/install/px4_msgs/local/lib/python3.10/dist-packages/px4_msgs/px4_msgs_s__rosidl_typesupport_fastrtps_c.cpython-310-x86_64-linux-gnu.so\n'}
[0.482135] (px4_msgs) StdoutLine: {'line': b'-- Up-to-date symlink: /home/lee/workspace/ros2_ex_mav/install/px4_msgs/local/lib/python3.10/dist-packages/px4_msgs/px4_msgs_s__rosidl_typesupport_introspection_c.cpython-310-x86_64-linux-gnu.so\n'}
[0.482224] (px4_msgs) StdoutLine: {'line': b'-- Up-to-date symlink: /home/lee/workspace/ros2_ex_mav/install/px4_msgs/local/lib/python3.10/dist-packages/px4_msgs/px4_msgs_s__rosidl_typesupport_c.cpython-310-x86_64-linux-gnu.so\n'}
[0.482284] (px4_msgs) StdoutLine: {'line': b'-- Up-to-date symlink: /home/lee/workspace/ros2_ex_mav/install/px4_msgs/share/px4_msgs/msg/ActionRequest.idl\n'}
[0.482336] (px4_msgs) StdoutLine: {'line': b'-- Up-to-date symlink: /home/lee/workspace/ros2_ex_mav/install/px4_msgs/share/px4_msgs/msg/ActuatorArmed.idl\n'}
[0.482385] (px4_msgs) StdoutLine: {'line': b'-- Up-to-date symlink: /home/lee/workspace/ros2_ex_mav/install/px4_msgs/share/px4_msgs/msg/ActuatorControlsStatus.idl\n'}
[0.482435] (px4_msgs) StdoutLine: {'line': b'-- Up-to-date symlink: /home/lee/workspace/ros2_ex_mav/install/px4_msgs/share/px4_msgs/msg/ActuatorMotors.idl\n'}
[0.482481] (px4_msgs) StdoutLine: {'line': b'-- Up-to-date symlink: /home/lee/workspace/ros2_ex_mav/install/px4_msgs/share/px4_msgs/msg/ActuatorOutputs.idl\n'}
[0.482527] (px4_msgs) StdoutLine: {'line': b'-- Up-to-date symlink: /home/lee/workspace/ros2_ex_mav/install/px4_msgs/share/px4_msgs/msg/ActuatorServos.idl\n'}
[0.482575] (px4_msgs) StdoutLine: {'line': b'-- Up-to-date symlink: /home/lee/workspace/ros2_ex_mav/install/px4_msgs/share/px4_msgs/msg/ActuatorServosTrim.idl\n'}
[0.482620] (px4_msgs) StdoutLine: {'line': b'-- Up-to-date symlink: /home/lee/workspace/ros2_ex_mav/install/px4_msgs/share/px4_msgs/msg/ActuatorTest.idl\n'}
[0.482669] (px4_msgs) StdoutLine: {'line': b'-- Up-to-date symlink: /home/lee/workspace/ros2_ex_mav/install/px4_msgs/share/px4_msgs/msg/AdcReport.idl\n'}
[0.482714] (px4_msgs) StdoutLine: {'line': b'-- Up-to-date symlink: /home/lee/workspace/ros2_ex_mav/install/px4_msgs/share/px4_msgs/msg/Airspeed.idl\n'}
[0.482760] (px4_msgs) StdoutLine: {'line': b'-- Up-to-date symlink: /home/lee/workspace/ros2_ex_mav/install/px4_msgs/share/px4_msgs/msg/AirspeedValidated.idl\n'}
[0.482805] (px4_msgs) StdoutLine: {'line': b'-- Up-to-date symlink: /home/lee/workspace/ros2_ex_mav/install/px4_msgs/share/px4_msgs/msg/AirspeedWind.idl\n'}
[0.482851] (px4_msgs) StdoutLine: {'line': b'-- Up-to-date symlink: /home/lee/workspace/ros2_ex_mav/install/px4_msgs/share/px4_msgs/msg/AutotuneAttitudeControlStatus.idl\n'}
[0.482897] (px4_msgs) StdoutLine: {'line': b'-- Up-to-date symlink: /home/lee/workspace/ros2_ex_mav/install/px4_msgs/share/px4_msgs/msg/BatteryStatus.idl\n'}
[0.482941] (px4_msgs) StdoutLine: {'line': b'-- Up-to-date symlink: /home/lee/workspace/ros2_ex_mav/install/px4_msgs/share/px4_msgs/msg/ButtonEvent.idl\n'}
[0.482985] (px4_msgs) StdoutLine: {'line': b'-- Up-to-date symlink: /home/lee/workspace/ros2_ex_mav/install/px4_msgs/share/px4_msgs/msg/CameraCapture.idl\n'}
[0.483029] (px4_msgs) StdoutLine: {'line': b'-- Up-to-date symlink: /home/lee/workspace/ros2_ex_mav/install/px4_msgs/share/px4_msgs/msg/CameraStatus.idl\n'}
[0.483073] (px4_msgs) StdoutLine: {'line': b'-- Up-to-date symlink: /home/lee/workspace/ros2_ex_mav/install/px4_msgs/share/px4_msgs/msg/CameraTrigger.idl\n'}
[0.483118] (px4_msgs) StdoutLine: {'line': b'-- Up-to-date symlink: /home/lee/workspace/ros2_ex_mav/install/px4_msgs/share/px4_msgs/msg/CellularStatus.idl\n'}
[0.483163] (px4_msgs) StdoutLine: {'line': b'-- Up-to-date symlink: /home/lee/workspace/ros2_ex_mav/install/px4_msgs/share/px4_msgs/msg/CollisionConstraints.idl\n'}
[0.483208] (px4_msgs) StdoutLine: {'line': b'-- Up-to-date symlink: /home/lee/workspace/ros2_ex_mav/install/px4_msgs/share/px4_msgs/msg/CollisionReport.idl\n'}
[0.483254] (px4_msgs) StdoutLine: {'line': b'-- Up-to-date symlink: /home/lee/workspace/ros2_ex_mav/install/px4_msgs/share/px4_msgs/msg/ControlAllocatorStatus.idl\n'}
[0.483300] (px4_msgs) StdoutLine: {'line': b'-- Up-to-date symlink: /home/lee/workspace/ros2_ex_mav/install/px4_msgs/share/px4_msgs/msg/Cpuload.idl\n'}
[0.483346] (px4_msgs) StdoutLine: {'line': b'-- Up-to-date symlink: /home/lee/workspace/ros2_ex_mav/install/px4_msgs/share/px4_msgs/msg/DebugArray.idl\n'}
[0.483391] (px4_msgs) StdoutLine: {'line': b'-- Up-to-date symlink: /home/lee/workspace/ros2_ex_mav/install/px4_msgs/share/px4_msgs/msg/DebugKeyValue.idl\n'}
[0.483436] (px4_msgs) StdoutLine: {'line': b'-- Up-to-date symlink: /home/lee/workspace/ros2_ex_mav/install/px4_msgs/share/px4_msgs/msg/DebugValue.idl\n'}
[0.483480] (px4_msgs) StdoutLine: {'line': b'-- Up-to-date symlink: /home/lee/workspace/ros2_ex_mav/install/px4_msgs/share/px4_msgs/msg/DebugVect.idl\n'}
[0.483526] (px4_msgs) StdoutLine: {'line': b'-- Up-to-date symlink: /home/lee/workspace/ros2_ex_mav/install/px4_msgs/share/px4_msgs/msg/DifferentialPressure.idl\n'}
[0.483573] (px4_msgs) StdoutLine: {'line': b'-- Up-to-date symlink: /home/lee/workspace/ros2_ex_mav/install/px4_msgs/share/px4_msgs/msg/DistanceSensor.idl\n'}
[0.483617] (px4_msgs) StdoutLine: {'line': b'-- Up-to-date symlink: /home/lee/workspace/ros2_ex_mav/install/px4_msgs/share/px4_msgs/msg/Ekf2Timestamps.idl\n'}
[0.483662] (px4_msgs) StdoutLine: {'line': b'-- Up-to-date symlink: /home/lee/workspace/ros2_ex_mav/install/px4_msgs/share/px4_msgs/msg/EscReport.idl\n'}
[0.483707] (px4_msgs) StdoutLine: {'line': b'-- Up-to-date symlink: /home/lee/workspace/ros2_ex_mav/install/px4_msgs/share/px4_msgs/msg/EscStatus.idl\n'}
[0.483754] (px4_msgs) StdoutLine: {'line': b'-- Up-to-date symlink: /home/lee/workspace/ros2_ex_mav/install/px4_msgs/share/px4_msgs/msg/EstimatorAidSource1d.idl\n'}
[0.483798] (px4_msgs) StdoutLine: {'line': b'-- Up-to-date symlink: /home/lee/workspace/ros2_ex_mav/install/px4_msgs/share/px4_msgs/msg/EstimatorAidSource2d.idl\n'}
[0.483843] (px4_msgs) StdoutLine: {'line': b'-- Up-to-date symlink: /home/lee/workspace/ros2_ex_mav/install/px4_msgs/share/px4_msgs/msg/EstimatorAidSource3d.idl\n'}
[0.483888] (px4_msgs) StdoutLine: {'line': b'-- Up-to-date symlink: /home/lee/workspace/ros2_ex_mav/install/px4_msgs/share/px4_msgs/msg/EstimatorBias.idl\n'}
[0.483932] (px4_msgs) StdoutLine: {'line': b'-- Up-to-date symlink: /home/lee/workspace/ros2_ex_mav/install/px4_msgs/share/px4_msgs/msg/EstimatorBias3d.idl\n'}
[0.483975] (px4_msgs) StdoutLine: {'line': b'-- Up-to-date symlink: /home/lee/workspace/ros2_ex_mav/install/px4_msgs/share/px4_msgs/msg/EstimatorEventFlags.idl\n'}
[0.484019] (px4_msgs) StdoutLine: {'line': b'-- Up-to-date symlink: /home/lee/workspace/ros2_ex_mav/install/px4_msgs/share/px4_msgs/msg/EstimatorGpsStatus.idl\n'}
[0.484062] (px4_msgs) StdoutLine: {'line': b'-- Up-to-date symlink: /home/lee/workspace/ros2_ex_mav/install/px4_msgs/share/px4_msgs/msg/EstimatorInnovations.idl\n'}
[0.484105] (px4_msgs) StdoutLine: {'line': b'-- Up-to-date symlink: /home/lee/workspace/ros2_ex_mav/install/px4_msgs/share/px4_msgs/msg/EstimatorSelectorStatus.idl\n'}
[0.484149] (px4_msgs) StdoutLine: {'line': b'-- Up-to-date symlink: /home/lee/workspace/ros2_ex_mav/install/px4_msgs/share/px4_msgs/msg/EstimatorSensorBias.idl\n'}
[0.484192] (px4_msgs) StdoutLine: {'line': b'-- Up-to-date symlink: /home/lee/workspace/ros2_ex_mav/install/px4_msgs/share/px4_msgs/msg/EstimatorStates.idl\n'}
[0.484234] (px4_msgs) StdoutLine: {'line': b'-- Up-to-date symlink: /home/lee/workspace/ros2_ex_mav/install/px4_msgs/share/px4_msgs/msg/EstimatorStatus.idl\n'}
[0.484278] (px4_msgs) StdoutLine: {'line': b'-- Up-to-date symlink: /home/lee/workspace/ros2_ex_mav/install/px4_msgs/share/px4_msgs/msg/EstimatorStatusFlags.idl\n'}
[0.484324] (px4_msgs) StdoutLine: {'line': b'-- Up-to-date symlink: /home/lee/workspace/ros2_ex_mav/install/px4_msgs/share/px4_msgs/msg/Event.idl\n'}
[0.484368] (px4_msgs) StdoutLine: {'line': b'-- Up-to-date symlink: /home/lee/workspace/ros2_ex_mav/install/px4_msgs/share/px4_msgs/msg/FailsafeFlags.idl\n'}
[0.484412] (px4_msgs) StdoutLine: {'line': b'-- Up-to-date symlink: /home/lee/workspace/ros2_ex_mav/install/px4_msgs/share/px4_msgs/msg/FailureDetectorStatus.idl\n'}
[0.484456] (px4_msgs) StdoutLine: {'line': b'-- Up-to-date symlink: /home/lee/workspace/ros2_ex_mav/install/px4_msgs/share/px4_msgs/msg/FollowTarget.idl\n'}
[0.484500] (px4_msgs) StdoutLine: {'line': b'-- Up-to-date symlink: /home/lee/workspace/ros2_ex_mav/install/px4_msgs/share/px4_msgs/msg/FollowTargetEstimator.idl\n'}
[0.484547] (px4_msgs) StdoutLine: {'line': b'-- Up-to-date symlink: /home/lee/workspace/ros2_ex_mav/install/px4_msgs/share/px4_msgs/msg/FollowTargetStatus.idl\n'}
[0.484592] (px4_msgs) StdoutLine: {'line': b'-- Up-to-date symlink: /home/lee/workspace/ros2_ex_mav/install/px4_msgs/share/px4_msgs/msg/GeneratorStatus.idl\n'}
[0.484637] (px4_msgs) StdoutLine: {'line': b'-- Up-to-date symlink: /home/lee/workspace/ros2_ex_mav/install/px4_msgs/share/px4_msgs/msg/GeofenceResult.idl\n'}
[0.484681] (px4_msgs) StdoutLine: {'line': b'-- Up-to-date symlink: /home/lee/workspace/ros2_ex_mav/install/px4_msgs/share/px4_msgs/msg/GimbalControls.idl\n'}
[0.484725] (px4_msgs) StdoutLine: {'line': b'-- Up-to-date symlink: /home/lee/workspace/ros2_ex_mav/install/px4_msgs/share/px4_msgs/msg/GimbalDeviceAttitudeStatus.idl\n'}
[0.484769] (px4_msgs) StdoutLine: {'line': b'-- Up-to-date symlink: /home/lee/workspace/ros2_ex_mav/install/px4_msgs/share/px4_msgs/msg/GimbalDeviceInformation.idl\n'}
[0.484813] (px4_msgs) StdoutLine: {'line': b'-- Up-to-date symlink: /home/lee/workspace/ros2_ex_mav/install/px4_msgs/share/px4_msgs/msg/GimbalDeviceSetAttitude.idl\n'}
[0.484857] (px4_msgs) StdoutLine: {'line': b'-- Up-to-date symlink: /home/lee/workspace/ros2_ex_mav/install/px4_msgs/share/px4_msgs/msg/GimbalManagerInformation.idl\n'}
[0.484900] (px4_msgs) StdoutLine: {'line': b'-- Up-to-date symlink: /home/lee/workspace/ros2_ex_mav/install/px4_msgs/share/px4_msgs/msg/GimbalManagerSetAttitude.idl\n'}
[0.484944] (px4_msgs) StdoutLine: {'line': b'-- Up-to-date symlink: /home/lee/workspace/ros2_ex_mav/install/px4_msgs/share/px4_msgs/msg/GimbalManagerSetManualControl.idl\n'}
[0.484989] (px4_msgs) StdoutLine: {'line': b'-- Up-to-date symlink: /home/lee/workspace/ros2_ex_mav/install/px4_msgs/share/px4_msgs/msg/GimbalManagerStatus.idl\n'}
[0.485032] (px4_msgs) StdoutLine: {'line': b'-- Up-to-date symlink: /home/lee/workspace/ros2_ex_mav/install/px4_msgs/share/px4_msgs/msg/GpsDump.idl\n'}
[0.485077] (px4_msgs) StdoutLine: {'line': b'-- Up-to-date symlink: /home/lee/workspace/ros2_ex_mav/install/px4_msgs/share/px4_msgs/msg/GpsInjectData.idl\n'}
[0.485121] (px4_msgs) StdoutLine: {'line': b'-- Up-to-date symlink: /home/lee/workspace/ros2_ex_mav/install/px4_msgs/share/px4_msgs/msg/Gripper.idl\n'}
[0.485165] (px4_msgs) StdoutLine: {'line': b'-- Up-to-date symlink: /home/lee/workspace/ros2_ex_mav/install/px4_msgs/share/px4_msgs/msg/HealthReport.idl\n'}
[0.485207] (px4_msgs) StdoutLine: {'line': b'-- Up-to-date symlink: /home/lee/workspace/ros2_ex_mav/install/px4_msgs/share/px4_msgs/msg/HeaterStatus.idl\n'}
[0.485251] (px4_msgs) StdoutLine: {'line': b'-- Up-to-date symlink: /home/lee/workspace/ros2_ex_mav/install/px4_msgs/share/px4_msgs/msg/HomePosition.idl\n'}
[0.485293] (px4_msgs) StdoutLine: {'line': b'-- Up-to-date symlink: /home/lee/workspace/ros2_ex_mav/install/px4_msgs/share/px4_msgs/msg/HoverThrustEstimate.idl\n'}
[0.485338] (px4_msgs) StdoutLine: {'line': b'-- Up-to-date symlink: /home/lee/workspace/ros2_ex_mav/install/px4_msgs/share/px4_msgs/msg/InputRc.idl\n'}
[0.485384] (px4_msgs) StdoutLine: {'line': b'-- Up-to-date symlink: /home/lee/workspace/ros2_ex_mav/install/px4_msgs/share/px4_msgs/msg/InternalCombustionEngineStatus.idl\n'}
[0.485429] (px4_msgs) StdoutLine: {'line': b'-- Up-to-date symlink: /home/lee/workspace/ros2_ex_mav/install/px4_msgs/share/px4_msgs/msg/IridiumsbdStatus.idl\n'}
[0.485472] (px4_msgs) StdoutLine: {'line': b'-- Up-to-date symlink: /home/lee/workspace/ros2_ex_mav/install/px4_msgs/share/px4_msgs/msg/IrlockReport.idl\n'}
[0.485515] (px4_msgs) StdoutLine: {'line': b'-- Up-to-date symlink: /home/lee/workspace/ros2_ex_mav/install/px4_msgs/share/px4_msgs/msg/LandingGear.idl\n'}
[0.485559] (px4_msgs) StdoutLine: {'line': b'-- Up-to-date symlink: /home/lee/workspace/ros2_ex_mav/install/px4_msgs/share/px4_msgs/msg/LandingGearWheel.idl\n'}
[0.485603] (px4_msgs) StdoutLine: {'line': b'-- Up-to-date symlink: /home/lee/workspace/ros2_ex_mav/install/px4_msgs/share/px4_msgs/msg/LandingTargetInnovations.idl\n'}
[0.485646] (px4_msgs) StdoutLine: {'line': b'-- Up-to-date symlink: /home/lee/workspace/ros2_ex_mav/install/px4_msgs/share/px4_msgs/msg/LandingTargetPose.idl\n'}
[0.485691] (px4_msgs) StdoutLine: {'line': b'-- Up-to-date symlink: /home/lee/workspace/ros2_ex_mav/install/px4_msgs/share/px4_msgs/msg/LaunchDetectionStatus.idl\n'}
[0.485736] (px4_msgs) StdoutLine: {'line': b'-- Up-to-date symlink: /home/lee/workspace/ros2_ex_mav/install/px4_msgs/share/px4_msgs/msg/LedControl.idl\n'}
[0.485782] (px4_msgs) StdoutLine: {'line': b'-- Up-to-date symlink: /home/lee/workspace/ros2_ex_mav/install/px4_msgs/share/px4_msgs/msg/LogMessage.idl\n'}
[0.485825] (px4_msgs) StdoutLine: {'line': b'-- Up-to-date symlink: /home/lee/workspace/ros2_ex_mav/install/px4_msgs/share/px4_msgs/msg/LoggerStatus.idl\n'}
[0.485868] (px4_msgs) StdoutLine: {'line': b'-- Up-to-date symlink: /home/lee/workspace/ros2_ex_mav/install/px4_msgs/share/px4_msgs/msg/MagWorkerData.idl\n'}
[0.485912] (px4_msgs) StdoutLine: {'line': b'-- Up-to-date symlink: /home/lee/workspace/ros2_ex_mav/install/px4_msgs/share/px4_msgs/msg/MagnetometerBiasEstimate.idl\n'}
[0.485955] (px4_msgs) StdoutLine: {'line': b'-- Up-to-date symlink: /home/lee/workspace/ros2_ex_mav/install/px4_msgs/share/px4_msgs/msg/ManualControlSetpoint.idl\n'}
[0.485999] (px4_msgs) StdoutLine: {'line': b'-- Up-to-date symlink: /home/lee/workspace/ros2_ex_mav/install/px4_msgs/share/px4_msgs/msg/ManualControlSwitches.idl\n'}
[0.486043] (px4_msgs) StdoutLine: {'line': b'-- Up-to-date symlink: /home/lee/workspace/ros2_ex_mav/install/px4_msgs/share/px4_msgs/msg/MavlinkLog.idl\n'}
[0.486087] (px4_msgs) StdoutLine: {'line': b'-- Up-to-date symlink: /home/lee/workspace/ros2_ex_mav/install/px4_msgs/share/px4_msgs/msg/MavlinkTunnel.idl\n'}
[0.486131] (px4_msgs) StdoutLine: {'line': b'-- Up-to-date symlink: /home/lee/workspace/ros2_ex_mav/install/px4_msgs/share/px4_msgs/msg/Mission.idl\n'}
[0.486174] (px4_msgs) StdoutLine: {'line': b'-- Up-to-date symlink: /home/lee/workspace/ros2_ex_mav/install/px4_msgs/share/px4_msgs/msg/MissionResult.idl\n'}
[0.486217] (px4_msgs) StdoutLine: {'line': b'-- Up-to-date symlink: /home/lee/workspace/ros2_ex_mav/install/px4_msgs/share/px4_msgs/msg/ModeCompleted.idl\n'}
[0.486260] (px4_msgs) StdoutLine: {'line': b'-- Up-to-date symlink: /home/lee/workspace/ros2_ex_mav/install/px4_msgs/share/px4_msgs/msg/MountOrientation.idl\n'}
[0.486304] (px4_msgs) StdoutLine: {'line': b'-- Up-to-date symlink: /home/lee/workspace/ros2_ex_mav/install/px4_msgs/share/px4_msgs/msg/NavigatorMissionItem.idl\n'}
[0.486348] (px4_msgs) StdoutLine: {'line': b'-- Up-to-date symlink: /home/lee/workspace/ros2_ex_mav/install/px4_msgs/share/px4_msgs/msg/NormalizedUnsignedSetpoint.idl\n'}
[0.486392] (px4_msgs) StdoutLine: {'line': b'-- Up-to-date symlink: /home/lee/workspace/ros2_ex_mav/install/px4_msgs/share/px4_msgs/msg/NpfgStatus.idl\n'}
[0.486436] (px4_msgs) StdoutLine: {'line': b'-- Up-to-date symlink: /home/lee/workspace/ros2_ex_mav/install/px4_msgs/share/px4_msgs/msg/ObstacleDistance.idl\n'}
[0.486481] (px4_msgs) StdoutLine: {'line': b'-- Up-to-date symlink: /home/lee/workspace/ros2_ex_mav/install/px4_msgs/share/px4_msgs/msg/OffboardControlMode.idl\n'}
[0.486526] (px4_msgs) StdoutLine: {'line': b'-- Up-to-date symlink: /home/lee/workspace/ros2_ex_mav/install/px4_msgs/share/px4_msgs/msg/OnboardComputerStatus.idl\n'}
[0.486574] (px4_msgs) StdoutLine: {'line': b'-- Up-to-date symlink: /home/lee/workspace/ros2_ex_mav/install/px4_msgs/share/px4_msgs/msg/OrbTest.idl\n'}
[0.486619] (px4_msgs) StdoutLine: {'line': b'-- Up-to-date symlink: /home/lee/workspace/ros2_ex_mav/install/px4_msgs/share/px4_msgs/msg/OrbTestLarge.idl\n'}
[0.486666] (px4_msgs) StdoutLine: {'line': b'-- Up-to-date symlink: /home/lee/workspace/ros2_ex_mav/install/px4_msgs/share/px4_msgs/msg/OrbTestMedium.idl\n'}
[0.486710] (px4_msgs) StdoutLine: {'line': b'-- Up-to-date symlink: /home/lee/workspace/ros2_ex_mav/install/px4_msgs/share/px4_msgs/msg/OrbitStatus.idl\n'}
[0.486755] (px4_msgs) StdoutLine: {'line': b'-- Up-to-date symlink: /home/lee/workspace/ros2_ex_mav/install/px4_msgs/share/px4_msgs/msg/ParameterUpdate.idl\n'}
[0.486800] (px4_msgs) StdoutLine: {'line': b'-- Up-to-date symlink: /home/lee/workspace/ros2_ex_mav/install/px4_msgs/share/px4_msgs/msg/Ping.idl\n'}
[0.486845] (px4_msgs) StdoutLine: {'line': b'-- Up-to-date symlink: /home/lee/workspace/ros2_ex_mav/install/px4_msgs/share/px4_msgs/msg/PositionControllerLandingStatus.idl\n'}
[0.486890] (px4_msgs) StdoutLine: {'line': b'-- Up-to-date symlink: /home/lee/workspace/ros2_ex_mav/install/px4_msgs/share/px4_msgs/msg/PositionControllerStatus.idl\n'}
[0.486934] (px4_msgs) StdoutLine: {'line': b'-- Up-to-date symlink: /home/lee/workspace/ros2_ex_mav/install/px4_msgs/share/px4_msgs/msg/PositionSetpoint.idl\n'}
[0.486978] (px4_msgs) StdoutLine: {'line': b'-- Up-to-date symlink: /home/lee/workspace/ros2_ex_mav/install/px4_msgs/share/px4_msgs/msg/PositionSetpointTriplet.idl\n'}
[0.487021] (px4_msgs) StdoutLine: {'line': b'-- Up-to-date symlink: /home/lee/workspace/ros2_ex_mav/install/px4_msgs/share/px4_msgs/msg/PowerButtonState.idl\n'}
[0.487065] (px4_msgs) StdoutLine: {'line': b'-- Up-to-date symlink: /home/lee/workspace/ros2_ex_mav/install/px4_msgs/share/px4_msgs/msg/PowerMonitor.idl\n'}
[0.487107] (px4_msgs) StdoutLine: {'line': b'-- Up-to-date symlink: /home/lee/workspace/ros2_ex_mav/install/px4_msgs/share/px4_msgs/msg/PpsCapture.idl\n'}
[0.487152] (px4_msgs) StdoutLine: {'line': b'-- Up-to-date symlink: /home/lee/workspace/ros2_ex_mav/install/px4_msgs/share/px4_msgs/msg/PwmInput.idl\n'}
[0.487197] (px4_msgs) StdoutLine: {'line': b'-- Up-to-date symlink: /home/lee/workspace/ros2_ex_mav/install/px4_msgs/share/px4_msgs/msg/Px4ioStatus.idl\n'}
[0.487241] (px4_msgs) StdoutLine: {'line': b'-- Up-to-date symlink: /home/lee/workspace/ros2_ex_mav/install/px4_msgs/share/px4_msgs/msg/QshellReq.idl\n'}
[0.487284] (px4_msgs) StdoutLine: {'line': b'-- Up-to-date symlink: /home/lee/workspace/ros2_ex_mav/install/px4_msgs/share/px4_msgs/msg/QshellRetval.idl\n'}
[0.487328] (px4_msgs) StdoutLine: {'line': b'-- Up-to-date symlink: /home/lee/workspace/ros2_ex_mav/install/px4_msgs/share/px4_msgs/msg/RadioStatus.idl\n'}
[0.487372] (px4_msgs) StdoutLine: {'line': b'-- Up-to-date symlink: /home/lee/workspace/ros2_ex_mav/install/px4_msgs/share/px4_msgs/msg/RateCtrlStatus.idl\n'}
[0.487415] (px4_msgs) StdoutLine: {'line': b'-- Up-to-date symlink: /home/lee/workspace/ros2_ex_mav/install/px4_msgs/share/px4_msgs/msg/RcChannels.idl\n'}
[0.487459] (px4_msgs) StdoutLine: {'line': b'-- Up-to-date symlink: /home/lee/workspace/ros2_ex_mav/install/px4_msgs/share/px4_msgs/msg/RcParameterMap.idl\n'}
[0.487504] (px4_msgs) StdoutLine: {'line': b'-- Up-to-date symlink: /home/lee/workspace/ros2_ex_mav/install/px4_msgs/share/px4_msgs/msg/Rpm.idl\n'}
[0.487549] (px4_msgs) StdoutLine: {'line': b'-- Up-to-date symlink: /home/lee/workspace/ros2_ex_mav/install/px4_msgs/share/px4_msgs/msg/RtlTimeEstimate.idl\n'}
[0.487592] (px4_msgs) StdoutLine: {'line': b'-- Up-to-date symlink: /home/lee/workspace/ros2_ex_mav/install/px4_msgs/share/px4_msgs/msg/SatelliteInfo.idl\n'}
[0.487636] (px4_msgs) StdoutLine: {'line': b'-- Up-to-date symlink: /home/lee/workspace/ros2_ex_mav/install/px4_msgs/share/px4_msgs/msg/SensorAccel.idl\n'}
[0.487680] (px4_msgs) StdoutLine: {'line': b'-- Up-to-date symlink: /home/lee/workspace/ros2_ex_mav/install/px4_msgs/share/px4_msgs/msg/SensorAccelFifo.idl\n'}
[0.487724] (px4_msgs) StdoutLine: {'line': b'-- Up-to-date symlink: /home/lee/workspace/ros2_ex_mav/install/px4_msgs/share/px4_msgs/msg/SensorBaro.idl\n'}
[0.487767] (px4_msgs) StdoutLine: {'line': b'-- Up-to-date symlink: /home/lee/workspace/ros2_ex_mav/install/px4_msgs/share/px4_msgs/msg/SensorCombined.idl\n'}
[0.487809] (px4_msgs) StdoutLine: {'line': b'-- Up-to-date symlink: /home/lee/workspace/ros2_ex_mav/install/px4_msgs/share/px4_msgs/msg/SensorCorrection.idl\n'}
[0.487853] (px4_msgs) StdoutLine: {'line': b'-- Up-to-date symlink: /home/lee/workspace/ros2_ex_mav/install/px4_msgs/share/px4_msgs/msg/SensorGnssRelative.idl\n'}
[0.487898] (px4_msgs) StdoutLine: {'line': b'-- Up-to-date symlink: /home/lee/workspace/ros2_ex_mav/install/px4_msgs/share/px4_msgs/msg/SensorGps.idl\n'}
[0.487941] (px4_msgs) StdoutLine: {'line': b'-- Up-to-date symlink: /home/lee/workspace/ros2_ex_mav/install/px4_msgs/share/px4_msgs/msg/SensorGyro.idl\n'}
[0.487984] (px4_msgs) StdoutLine: {'line': b'-- Up-to-date symlink: /home/lee/workspace/ros2_ex_mav/install/px4_msgs/share/px4_msgs/msg/SensorGyroFft.idl\n'}
[0.488028] (px4_msgs) StdoutLine: {'line': b'-- Up-to-date symlink: /home/lee/workspace/ros2_ex_mav/install/px4_msgs/share/px4_msgs/msg/SensorGyroFifo.idl\n'}
[0.488072] (px4_msgs) StdoutLine: {'line': b'-- Up-to-date symlink: /home/lee/workspace/ros2_ex_mav/install/px4_msgs/share/px4_msgs/msg/SensorHygrometer.idl\n'}
[0.488116] (px4_msgs) StdoutLine: {'line': b'-- Up-to-date symlink: /home/lee/workspace/ros2_ex_mav/install/px4_msgs/share/px4_msgs/msg/SensorMag.idl\n'}
[0.488159] (px4_msgs) StdoutLine: {'line': b'-- Up-to-date symlink: /home/lee/workspace/ros2_ex_mav/install/px4_msgs/share/px4_msgs/msg/SensorOpticalFlow.idl\n'}
[0.488203] (px4_msgs) StdoutLine: {'line': b'-- Up-to-date symlink: /home/lee/workspace/ros2_ex_mav/install/px4_msgs/share/px4_msgs/msg/SensorPreflightMag.idl\n'}
[0.488247] (px4_msgs) StdoutLine: {'line': b'-- Up-to-date symlink: /home/lee/workspace/ros2_ex_mav/install/px4_msgs/share/px4_msgs/msg/SensorSelection.idl\n'}
[0.488290] (px4_msgs) StdoutLine: {'line': b'-- Up-to-date symlink: /home/lee/workspace/ros2_ex_mav/install/px4_msgs/share/px4_msgs/msg/SensorUwb.idl\n'}
[0.488333] (px4_msgs) StdoutLine: {'line': b'-- Up-to-date symlink: /home/lee/workspace/ros2_ex_mav/install/px4_msgs/share/px4_msgs/msg/SensorsStatus.idl\n'}
[0.488377] (px4_msgs) StdoutLine: {'line': b'-- Up-to-date symlink: /home/lee/workspace/ros2_ex_mav/install/px4_msgs/share/px4_msgs/msg/SensorsStatusImu.idl\n'}
[0.488421] (px4_msgs) StdoutLine: {'line': b'-- Up-to-date symlink: /home/lee/workspace/ros2_ex_mav/install/px4_msgs/share/px4_msgs/msg/SystemPower.idl\n'}
[0.488466] (px4_msgs) StdoutLine: {'line': b'-- Up-to-date symlink: /home/lee/workspace/ros2_ex_mav/install/px4_msgs/share/px4_msgs/msg/TakeoffStatus.idl\n'}
[0.488510] (px4_msgs) StdoutLine: {'line': b'-- Up-to-date symlink: /home/lee/workspace/ros2_ex_mav/install/px4_msgs/share/px4_msgs/msg/TaskStackInfo.idl\n'}
[0.488553] (px4_msgs) StdoutLine: {'line': b'-- Up-to-date symlink: /home/lee/workspace/ros2_ex_mav/install/px4_msgs/share/px4_msgs/msg/TecsStatus.idl\n'}
[0.488598] (px4_msgs) StdoutLine: {'line': b'-- Up-to-date symlink: /home/lee/workspace/ros2_ex_mav/install/px4_msgs/share/px4_msgs/msg/TelemetryStatus.idl\n'}
[0.488643] (px4_msgs) StdoutLine: {'line': b'-- Up-to-date symlink: /home/lee/workspace/ros2_ex_mav/install/px4_msgs/share/px4_msgs/msg/TiltrotorExtraControls.idl\n'}
[0.488687] (px4_msgs) StdoutLine: {'line': b'-- Up-to-date symlink: /home/lee/workspace/ros2_ex_mav/install/px4_msgs/share/px4_msgs/msg/TimesyncStatus.idl\n'}
[0.488730] (px4_msgs) StdoutLine: {'line': b'-- Up-to-date symlink: /home/lee/workspace/ros2_ex_mav/install/px4_msgs/share/px4_msgs/msg/TrajectoryBezier.idl\n'}
[0.488773] (px4_msgs) StdoutLine: {'line': b'-- Up-to-date symlink: /home/lee/workspace/ros2_ex_mav/install/px4_msgs/share/px4_msgs/msg/TrajectorySetpoint.idl\n'}
[0.488816] (px4_msgs) StdoutLine: {'line': b'-- Up-to-date symlink: /home/lee/workspace/ros2_ex_mav/install/px4_msgs/share/px4_msgs/msg/TrajectoryWaypoint.idl\n'}
[0.488858] (px4_msgs) StdoutLine: {'line': b'-- Up-to-date symlink: /home/lee/workspace/ros2_ex_mav/install/px4_msgs/share/px4_msgs/msg/TransponderReport.idl\n'}
[0.488901] (px4_msgs) StdoutLine: {'line': b'-- Up-to-date symlink: /home/lee/workspace/ros2_ex_mav/install/px4_msgs/share/px4_msgs/msg/TuneControl.idl\n'}
[0.488945] (px4_msgs) StdoutLine: {'line': b'-- Up-to-date symlink: /home/lee/workspace/ros2_ex_mav/install/px4_msgs/share/px4_msgs/msg/UavcanParameterRequest.idl\n'}
[0.488988] (px4_msgs) StdoutLine: {'line': b'-- Up-to-date symlink: /home/lee/workspace/ros2_ex_mav/install/px4_msgs/share/px4_msgs/msg/UavcanParameterValue.idl\n'}
[0.489033] (px4_msgs) StdoutLine: {'line': b'-- Up-to-date symlink: /home/lee/workspace/ros2_ex_mav/install/px4_msgs/share/px4_msgs/msg/UlogStream.idl\n'}
[0.489076] (px4_msgs) StdoutLine: {'line': b'-- Up-to-date symlink: /home/lee/workspace/ros2_ex_mav/install/px4_msgs/share/px4_msgs/msg/UlogStreamAck.idl\n'}
[0.489120] (px4_msgs) StdoutLine: {'line': b'-- Up-to-date symlink: /home/lee/workspace/ros2_ex_mav/install/px4_msgs/share/px4_msgs/msg/VehicleAcceleration.idl\n'}
[0.489163] (px4_msgs) StdoutLine: {'line': b'-- Up-to-date symlink: /home/lee/workspace/ros2_ex_mav/install/px4_msgs/share/px4_msgs/msg/VehicleAirData.idl\n'}
[0.489207] (px4_msgs) StdoutLine: {'line': b'-- Up-to-date symlink: /home/lee/workspace/ros2_ex_mav/install/px4_msgs/share/px4_msgs/msg/VehicleAngularAccelerationSetpoint.idl\n'}
[0.489252] (px4_msgs) StdoutLine: {'line': b'-- Up-to-date symlink: /home/lee/workspace/ros2_ex_mav/install/px4_msgs/share/px4_msgs/msg/VehicleAngularVelocity.idl\n'}
[0.489296] (px4_msgs) StdoutLine: {'line': b'-- Up-to-date symlink: /home/lee/workspace/ros2_ex_mav/install/px4_msgs/share/px4_msgs/msg/VehicleAttitude.idl\n'}
[0.489340] (px4_msgs) StdoutLine: {'line': b'-- Up-to-date symlink: /home/lee/workspace/ros2_ex_mav/install/px4_msgs/share/px4_msgs/msg/VehicleAttitudeSetpoint.idl\n'}
[0.489382] (px4_msgs) StdoutLine: {'line': b'-- Up-to-date symlink: /home/lee/workspace/ros2_ex_mav/install/px4_msgs/share/px4_msgs/msg/VehicleCommand.idl\n'}
[0.489425] (px4_msgs) StdoutLine: {'line': b'-- Up-to-date symlink: /home/lee/workspace/ros2_ex_mav/install/px4_msgs/share/px4_msgs/msg/VehicleCommandAck.idl\n'}
[0.489468] (px4_msgs) StdoutLine: {'line': b'-- Up-to-date symlink: /home/lee/workspace/ros2_ex_mav/install/px4_msgs/share/px4_msgs/msg/VehicleConstraints.idl\n'}
[0.489509] (px4_msgs) StdoutLine: {'line': b'-- Up-to-date symlink: /home/lee/workspace/ros2_ex_mav/install/px4_msgs/share/px4_msgs/msg/VehicleControlMode.idl\n'}
[0.489552] (px4_msgs) StdoutLine: {'line': b'-- Up-to-date symlink: /home/lee/workspace/ros2_ex_mav/install/px4_msgs/share/px4_msgs/msg/VehicleGlobalPosition.idl\n'}
[0.489596] (px4_msgs) StdoutLine: {'line': b'-- Up-to-date symlink: /home/lee/workspace/ros2_ex_mav/install/px4_msgs/share/px4_msgs/msg/VehicleImu.idl\n'}
[0.489641] (px4_msgs) StdoutLine: {'line': b'-- Up-to-date symlink: /home/lee/workspace/ros2_ex_mav/install/px4_msgs/share/px4_msgs/msg/VehicleImuStatus.idl\n'}
[0.489685] (px4_msgs) StdoutLine: {'line': b'-- Up-to-date symlink: /home/lee/workspace/ros2_ex_mav/install/px4_msgs/share/px4_msgs/msg/VehicleLandDetected.idl\n'}
[0.489728] (px4_msgs) StdoutLine: {'line': b'-- Up-to-date symlink: /home/lee/workspace/ros2_ex_mav/install/px4_msgs/share/px4_msgs/msg/VehicleLocalPosition.idl\n'}
[0.489771] (px4_msgs) StdoutLine: {'line': b'-- Up-to-date symlink: /home/lee/workspace/ros2_ex_mav/install/px4_msgs/share/px4_msgs/msg/VehicleLocalPositionSetpoint.idl\n'}
[0.489815] (px4_msgs) StdoutLine: {'line': b'-- Up-to-date symlink: /home/lee/workspace/ros2_ex_mav/install/px4_msgs/share/px4_msgs/msg/VehicleMagnetometer.idl\n'}
[0.489858] (px4_msgs) StdoutLine: {'line': b'-- Up-to-date symlink: /home/lee/workspace/ros2_ex_mav/install/px4_msgs/share/px4_msgs/msg/VehicleOdometry.idl\n'}
[0.489900] (px4_msgs) StdoutLine: {'line': b'-- Up-to-date symlink: /home/lee/workspace/ros2_ex_mav/install/px4_msgs/share/px4_msgs/msg/VehicleOpticalFlow.idl\n'}
[0.489943] (px4_msgs) StdoutLine: {'line': b'-- Up-to-date symlink: /home/lee/workspace/ros2_ex_mav/install/px4_msgs/share/px4_msgs/msg/VehicleOpticalFlowVel.idl\n'}
[0.489986] (px4_msgs) StdoutLine: {'line': b'-- Up-to-date symlink: /home/lee/workspace/ros2_ex_mav/install/px4_msgs/share/px4_msgs/msg/VehicleRatesSetpoint.idl\n'}
[0.490029] (px4_msgs) StdoutLine: {'line': b'-- Up-to-date symlink: /home/lee/workspace/ros2_ex_mav/install/px4_msgs/share/px4_msgs/msg/VehicleRoi.idl\n'}
[0.490072] (px4_msgs) StdoutLine: {'line': b'-- Up-to-date symlink: /home/lee/workspace/ros2_ex_mav/install/px4_msgs/share/px4_msgs/msg/VehicleStatus.idl\n'}
[0.490115] (px4_msgs) StdoutLine: {'line': b'-- Up-to-date symlink: /home/lee/workspace/ros2_ex_mav/install/px4_msgs/share/px4_msgs/msg/VehicleThrustSetpoint.idl\n'}
[0.490159] (px4_msgs) StdoutLine: {'line': b'-- Up-to-date symlink: /home/lee/workspace/ros2_ex_mav/install/px4_msgs/share/px4_msgs/msg/VehicleTorqueSetpoint.idl\n'}
[0.490201] (px4_msgs) StdoutLine: {'line': b'-- Up-to-date symlink: /home/lee/workspace/ros2_ex_mav/install/px4_msgs/share/px4_msgs/msg/VehicleTrajectoryBezier.idl\n'}
[0.490245] (px4_msgs) StdoutLine: {'line': b'-- Up-to-date symlink: /home/lee/workspace/ros2_ex_mav/install/px4_msgs/share/px4_msgs/msg/VehicleTrajectoryWaypoint.idl\n'}
[0.490288] (px4_msgs) StdoutLine: {'line': b'-- Up-to-date symlink: /home/lee/workspace/ros2_ex_mav/install/px4_msgs/share/px4_msgs/msg/VtolVehicleStatus.idl\n'}
[0.490334] (px4_msgs) StdoutLine: {'line': b'-- Up-to-date symlink: /home/lee/workspace/ros2_ex_mav/install/px4_msgs/share/px4_msgs/msg/Wind.idl\n'}
[0.490378] (px4_msgs) StdoutLine: {'line': b'-- Up-to-date symlink: /home/lee/workspace/ros2_ex_mav/install/px4_msgs/share/px4_msgs/msg/YawEstimatorStatus.idl\n'}
[0.490423] (px4_msgs) StdoutLine: {'line': b'-- Up-to-date symlink: /home/lee/workspace/ros2_ex_mav/install/px4_msgs/share/px4_msgs/msg/ActionRequest.msg\n'}
[0.490466] (px4_msgs) StdoutLine: {'line': b'-- Up-to-date symlink: /home/lee/workspace/ros2_ex_mav/install/px4_msgs/share/px4_msgs/msg/ActuatorArmed.msg\n'}
[0.490510] (px4_msgs) StdoutLine: {'line': b'-- Up-to-date symlink: /home/lee/workspace/ros2_ex_mav/install/px4_msgs/share/px4_msgs/msg/ActuatorControlsStatus.msg\n'}
[0.490553] (px4_msgs) StdoutLine: {'line': b'-- Up-to-date symlink: /home/lee/workspace/ros2_ex_mav/install/px4_msgs/share/px4_msgs/msg/ActuatorMotors.msg\n'}
[0.490596] (px4_msgs) StdoutLine: {'line': b'-- Up-to-date symlink: /home/lee/workspace/ros2_ex_mav/install/px4_msgs/share/px4_msgs/msg/ActuatorOutputs.msg\n'}
[0.490640] (px4_msgs) StdoutLine: {'line': b'-- Up-to-date symlink: /home/lee/workspace/ros2_ex_mav/install/px4_msgs/share/px4_msgs/msg/ActuatorServos.msg\n'}
[0.490684] (px4_msgs) StdoutLine: {'line': b'-- Up-to-date symlink: /home/lee/workspace/ros2_ex_mav/install/px4_msgs/share/px4_msgs/msg/ActuatorServosTrim.msg\n'}
[0.490727] (px4_msgs) StdoutLine: {'line': b'-- Up-to-date symlink: /home/lee/workspace/ros2_ex_mav/install/px4_msgs/share/px4_msgs/msg/ActuatorTest.msg\n'}
[0.490773] (px4_msgs) StdoutLine: {'line': b'-- Up-to-date symlink: /home/lee/workspace/ros2_ex_mav/install/px4_msgs/share/px4_msgs/msg/AdcReport.msg\n'}
[0.490815] (px4_msgs) StdoutLine: {'line': b'-- Up-to-date symlink: /home/lee/workspace/ros2_ex_mav/install/px4_msgs/share/px4_msgs/msg/Airspeed.msg\n'}
[0.490859] (px4_msgs) StdoutLine: {'line': b'-- Up-to-date symlink: /home/lee/workspace/ros2_ex_mav/install/px4_msgs/share/px4_msgs/msg/AirspeedValidated.msg\n'}
[0.490901] (px4_msgs) StdoutLine: {'line': b'-- Up-to-date symlink: /home/lee/workspace/ros2_ex_mav/install/px4_msgs/share/px4_msgs/msg/AirspeedWind.msg\n'}
[0.490944] (px4_msgs) StdoutLine: {'line': b'-- Up-to-date symlink: /home/lee/workspace/ros2_ex_mav/install/px4_msgs/share/px4_msgs/msg/AutotuneAttitudeControlStatus.msg\n'}
[0.490986] (px4_msgs) StdoutLine: {'line': b'-- Up-to-date symlink: /home/lee/workspace/ros2_ex_mav/install/px4_msgs/share/px4_msgs/msg/BatteryStatus.msg\n'}
[0.491032] (px4_msgs) StdoutLine: {'line': b'-- Up-to-date symlink: /home/lee/workspace/ros2_ex_mav/install/px4_msgs/share/px4_msgs/msg/ButtonEvent.msg\n'}
[0.491074] (px4_msgs) StdoutLine: {'line': b'-- Up-to-date symlink: /home/lee/workspace/ros2_ex_mav/install/px4_msgs/share/px4_msgs/msg/CameraCapture.msg\n'}
[0.491116] (px4_msgs) StdoutLine: {'line': b'-- Up-to-date symlink: /home/lee/workspace/ros2_ex_mav/install/px4_msgs/share/px4_msgs/msg/CameraStatus.msg\n'}
[0.491158] (px4_msgs) StdoutLine: {'line': b'-- Up-to-date symlink: /home/lee/workspace/ros2_ex_mav/install/px4_msgs/share/px4_msgs/msg/CameraTrigger.msg\n'}
[0.491200] (px4_msgs) StdoutLine: {'line': b'-- Up-to-date symlink: /home/lee/workspace/ros2_ex_mav/install/px4_msgs/share/px4_msgs/msg/CellularStatus.msg\n'}
[0.491242] (px4_msgs) StdoutLine: {'line': b'-- Up-to-date symlink: /home/lee/workspace/ros2_ex_mav/install/px4_msgs/share/px4_msgs/msg/CollisionConstraints.msg\n'}
[0.491285] (px4_msgs) StdoutLine: {'line': b'-- Up-to-date symlink: /home/lee/workspace/ros2_ex_mav/install/px4_msgs/share/px4_msgs/msg/CollisionReport.msg\n'}
[0.491326] (px4_msgs) StdoutLine: {'line': b'-- Up-to-date symlink: /home/lee/workspace/ros2_ex_mav/install/px4_msgs/share/px4_msgs/msg/ControlAllocatorStatus.msg\n'}
[0.491370] (px4_msgs) StdoutLine: {'line': b'-- Up-to-date symlink: /home/lee/workspace/ros2_ex_mav/install/px4_msgs/share/px4_msgs/msg/Cpuload.msg\n'}
[0.491414] (px4_msgs) StdoutLine: {'line': b'-- Up-to-date symlink: /home/lee/workspace/ros2_ex_mav/install/px4_msgs/share/px4_msgs/msg/DebugArray.msg\n'}
[0.491457] (px4_msgs) StdoutLine: {'line': b'-- Up-to-date symlink: /home/lee/workspace/ros2_ex_mav/install/px4_msgs/share/px4_msgs/msg/DebugKeyValue.msg\n'}
[0.491500] (px4_msgs) StdoutLine: {'line': b'-- Up-to-date symlink: /home/lee/workspace/ros2_ex_mav/install/px4_msgs/share/px4_msgs/msg/DebugValue.msg\n'}
[0.491542] (px4_msgs) StdoutLine: {'line': b'-- Up-to-date symlink: /home/lee/workspace/ros2_ex_mav/install/px4_msgs/share/px4_msgs/msg/DebugVect.msg\n'}
[0.491583] (px4_msgs) StdoutLine: {'line': b'-- Up-to-date symlink: /home/lee/workspace/ros2_ex_mav/install/px4_msgs/share/px4_msgs/msg/DifferentialPressure.msg\n'}
[0.491625] (px4_msgs) StdoutLine: {'line': b'-- Up-to-date symlink: /home/lee/workspace/ros2_ex_mav/install/px4_msgs/share/px4_msgs/msg/DistanceSensor.msg\n'}
[0.491669] (px4_msgs) StdoutLine: {'line': b'-- Up-to-date symlink: /home/lee/workspace/ros2_ex_mav/install/px4_msgs/share/px4_msgs/msg/Ekf2Timestamps.msg\n'}
[0.491711] (px4_msgs) StdoutLine: {'line': b'-- Up-to-date symlink: /home/lee/workspace/ros2_ex_mav/install/px4_msgs/share/px4_msgs/msg/EscReport.msg\n'}
[0.491753] (px4_msgs) StdoutLine: {'line': b'-- Up-to-date symlink: /home/lee/workspace/ros2_ex_mav/install/px4_msgs/share/px4_msgs/msg/EscStatus.msg\n'}
[0.491795] (px4_msgs) StdoutLine: {'line': b'-- Up-to-date symlink: /home/lee/workspace/ros2_ex_mav/install/px4_msgs/share/px4_msgs/msg/EstimatorAidSource1d.msg\n'}
[0.491837] (px4_msgs) StdoutLine: {'line': b'-- Up-to-date symlink: /home/lee/workspace/ros2_ex_mav/install/px4_msgs/share/px4_msgs/msg/EstimatorAidSource2d.msg\n'}
[0.491878] (px4_msgs) StdoutLine: {'line': b'-- Up-to-date symlink: /home/lee/workspace/ros2_ex_mav/install/px4_msgs/share/px4_msgs/msg/EstimatorAidSource3d.msg\n'}
[0.491920] (px4_msgs) StdoutLine: {'line': b'-- Up-to-date symlink: /home/lee/workspace/ros2_ex_mav/install/px4_msgs/share/px4_msgs/msg/EstimatorBias.msg\n'}
[0.491962] (px4_msgs) StdoutLine: {'line': b'-- Up-to-date symlink: /home/lee/workspace/ros2_ex_mav/install/px4_msgs/share/px4_msgs/msg/EstimatorBias3d.msg\n'}
[0.492003] (px4_msgs) StdoutLine: {'line': b'-- Up-to-date symlink: /home/lee/workspace/ros2_ex_mav/install/px4_msgs/share/px4_msgs/msg/EstimatorEventFlags.msg\n'}
[0.492045] (px4_msgs) StdoutLine: {'line': b'-- Up-to-date symlink: /home/lee/workspace/ros2_ex_mav/install/px4_msgs/share/px4_msgs/msg/EstimatorGpsStatus.msg\n'}
[0.492088] (px4_msgs) StdoutLine: {'line': b'-- Up-to-date symlink: /home/lee/workspace/ros2_ex_mav/install/px4_msgs/share/px4_msgs/msg/EstimatorInnovations.msg\n'}
[0.492130] (px4_msgs) StdoutLine: {'line': b'-- Up-to-date symlink: /home/lee/workspace/ros2_ex_mav/install/px4_msgs/share/px4_msgs/msg/EstimatorSelectorStatus.msg\n'}
[0.492171] (px4_msgs) StdoutLine: {'line': b'-- Up-to-date symlink: /home/lee/workspace/ros2_ex_mav/install/px4_msgs/share/px4_msgs/msg/EstimatorSensorBias.msg\n'}
[0.492214] (px4_msgs) StdoutLine: {'line': b'-- Up-to-date symlink: /home/lee/workspace/ros2_ex_mav/install/px4_msgs/share/px4_msgs/msg/EstimatorStates.msg\n'}
[0.492258] (px4_msgs) StdoutLine: {'line': b'-- Up-to-date symlink: /home/lee/workspace/ros2_ex_mav/install/px4_msgs/share/px4_msgs/msg/EstimatorStatus.msg\n'}
[0.492299] (px4_msgs) StdoutLine: {'line': b'-- Up-to-date symlink: /home/lee/workspace/ros2_ex_mav/install/px4_msgs/share/px4_msgs/msg/EstimatorStatusFlags.msg\n'}
[0.492346] (px4_msgs) StdoutLine: {'line': b'-- Up-to-date symlink: /home/lee/workspace/ros2_ex_mav/install/px4_msgs/share/px4_msgs/msg/Event.msg\n'}
[0.492384] (px4_msgs) StdoutLine: {'line': b'-- Up-to-date symlink: /home/lee/workspace/ros2_ex_mav/install/px4_msgs/share/px4_msgs/msg/FailsafeFlags.msg\n'}
[0.492427] (px4_msgs) StdoutLine: {'line': b'-- Up-to-date symlink: /home/lee/workspace/ros2_ex_mav/install/px4_msgs/share/px4_msgs/msg/FailureDetectorStatus.msg\n'}
[0.492470] (px4_msgs) StdoutLine: {'line': b'-- Up-to-date symlink: /home/lee/workspace/ros2_ex_mav/install/px4_msgs/share/px4_msgs/msg/FollowTarget.msg\n'}
[0.492513] (px4_msgs) StdoutLine: {'line': b'-- Up-to-date symlink: /home/lee/workspace/ros2_ex_mav/install/px4_msgs/share/px4_msgs/msg/FollowTargetEstimator.msg\n'}
[0.492556] (px4_msgs) StdoutLine: {'line': b'-- Up-to-date symlink: /home/lee/workspace/ros2_ex_mav/install/px4_msgs/share/px4_msgs/msg/FollowTargetStatus.msg\n'}
[0.492600] (px4_msgs) StdoutLine: {'line': b'-- Up-to-date symlink: /home/lee/workspace/ros2_ex_mav/install/px4_msgs/share/px4_msgs/msg/GeneratorStatus.msg\n'}
[0.492644] (px4_msgs) StdoutLine: {'line': b'-- Up-to-date symlink: /home/lee/workspace/ros2_ex_mav/install/px4_msgs/share/px4_msgs/msg/GeofenceResult.msg\n'}
[0.492686] (px4_msgs) StdoutLine: {'line': b'-- Up-to-date symlink: /home/lee/workspace/ros2_ex_mav/install/px4_msgs/share/px4_msgs/msg/GimbalControls.msg\n'}
[0.492728] (px4_msgs) StdoutLine: {'line': b'-- Up-to-date symlink: /home/lee/workspace/ros2_ex_mav/install/px4_msgs/share/px4_msgs/msg/GimbalDeviceAttitudeStatus.msg\n'}
[0.492771] (px4_msgs) StdoutLine: {'line': b'-- Up-to-date symlink: /home/lee/workspace/ros2_ex_mav/install/px4_msgs/share/px4_msgs/msg/GimbalDeviceInformation.msg\n'}
[0.492814] (px4_msgs) StdoutLine: {'line': b'-- Up-to-date symlink: /home/lee/workspace/ros2_ex_mav/install/px4_msgs/share/px4_msgs/msg/GimbalDeviceSetAttitude.msg\n'}
[0.492856] (px4_msgs) StdoutLine: {'line': b'-- Up-to-date symlink: /home/lee/workspace/ros2_ex_mav/install/px4_msgs/share/px4_msgs/msg/GimbalManagerInformation.msg\n'}
[0.492898] (px4_msgs) StdoutLine: {'line': b'-- Up-to-date symlink: /home/lee/workspace/ros2_ex_mav/install/px4_msgs/share/px4_msgs/msg/GimbalManagerSetAttitude.msg\n'}
[0.492941] (px4_msgs) StdoutLine: {'line': b'-- Up-to-date symlink: /home/lee/workspace/ros2_ex_mav/install/px4_msgs/share/px4_msgs/msg/GimbalManagerSetManualControl.msg\n'}
[0.492983] (px4_msgs) StdoutLine: {'line': b'-- Up-to-date symlink: /home/lee/workspace/ros2_ex_mav/install/px4_msgs/share/px4_msgs/msg/GimbalManagerStatus.msg\n'}
[0.493026] (px4_msgs) StdoutLine: {'line': b'-- Up-to-date symlink: /home/lee/workspace/ros2_ex_mav/install/px4_msgs/share/px4_msgs/msg/GpsDump.msg\n'}
[0.493069] (px4_msgs) StdoutLine: {'line': b'-- Up-to-date symlink: /home/lee/workspace/ros2_ex_mav/install/px4_msgs/share/px4_msgs/msg/GpsInjectData.msg\n'}
[0.493112] (px4_msgs) StdoutLine: {'line': b'-- Up-to-date symlink: /home/lee/workspace/ros2_ex_mav/install/px4_msgs/share/px4_msgs/msg/Gripper.msg\n'}
[0.493156] (px4_msgs) StdoutLine: {'line': b'-- Up-to-date symlink: /home/lee/workspace/ros2_ex_mav/install/px4_msgs/share/px4_msgs/msg/HealthReport.msg\n'}
[0.493198] (px4_msgs) StdoutLine: {'line': b'-- Up-to-date symlink: /home/lee/workspace/ros2_ex_mav/install/px4_msgs/share/px4_msgs/msg/HeaterStatus.msg\n'}
[0.493237] (px4_msgs) StdoutLine: {'line': b'-- Up-to-date symlink: /home/lee/workspace/ros2_ex_mav/install/px4_msgs/share/px4_msgs/msg/HomePosition.msg\n'}
[0.493279] (px4_msgs) StdoutLine: {'line': b'-- Up-to-date symlink: /home/lee/workspace/ros2_ex_mav/install/px4_msgs/share/px4_msgs/msg/HoverThrustEstimate.msg\n'}
[0.493322] (px4_msgs) StdoutLine: {'line': b'-- Up-to-date symlink: /home/lee/workspace/ros2_ex_mav/install/px4_msgs/share/px4_msgs/msg/InputRc.msg\n'}
[0.493366] (px4_msgs) StdoutLine: {'line': b'-- Up-to-date symlink: /home/lee/workspace/ros2_ex_mav/install/px4_msgs/share/px4_msgs/msg/InternalCombustionEngineStatus.msg\n'}
[0.493409] (px4_msgs) StdoutLine: {'line': b'-- Up-to-date symlink: /home/lee/workspace/ros2_ex_mav/install/px4_msgs/share/px4_msgs/msg/IridiumsbdStatus.msg\n'}
[0.493450] (px4_msgs) StdoutLine: {'line': b'-- Up-to-date symlink: /home/lee/workspace/ros2_ex_mav/install/px4_msgs/share/px4_msgs/msg/IrlockReport.msg\n'}
[0.493493] (px4_msgs) StdoutLine: {'line': b'-- Up-to-date symlink: /home/lee/workspace/ros2_ex_mav/install/px4_msgs/share/px4_msgs/msg/LandingGear.msg\n'}
[0.493537] (px4_msgs) StdoutLine: {'line': b'-- Up-to-date symlink: /home/lee/workspace/ros2_ex_mav/install/px4_msgs/share/px4_msgs/msg/LandingGearWheel.msg\n'}
[0.493579] (px4_msgs) StdoutLine: {'line': b'-- Up-to-date symlink: /home/lee/workspace/ros2_ex_mav/install/px4_msgs/share/px4_msgs/msg/LandingTargetInnovations.msg\n'}
[0.493621] (px4_msgs) StdoutLine: {'line': b'-- Up-to-date symlink: /home/lee/workspace/ros2_ex_mav/install/px4_msgs/share/px4_msgs/msg/LandingTargetPose.msg\n'}
[0.493666] (px4_msgs) StdoutLine: {'line': b'-- Up-to-date symlink: /home/lee/workspace/ros2_ex_mav/install/px4_msgs/share/px4_msgs/msg/LaunchDetectionStatus.msg\n'}
[0.493709] (px4_msgs) StdoutLine: {'line': b'-- Up-to-date symlink: /home/lee/workspace/ros2_ex_mav/install/px4_msgs/share/px4_msgs/msg/LedControl.msg\n'}
[0.493751] (px4_msgs) StdoutLine: {'line': b'-- Up-to-date symlink: /home/lee/workspace/ros2_ex_mav/install/px4_msgs/share/px4_msgs/msg/LogMessage.msg\n'}
[0.493794] (px4_msgs) StdoutLine: {'line': b'-- Up-to-date symlink: /home/lee/workspace/ros2_ex_mav/install/px4_msgs/share/px4_msgs/msg/LoggerStatus.msg\n'}
[0.493836] (px4_msgs) StdoutLine: {'line': b'-- Up-to-date symlink: /home/lee/workspace/ros2_ex_mav/install/px4_msgs/share/px4_msgs/msg/MagWorkerData.msg\n'}
[0.493879] (px4_msgs) StdoutLine: {'line': b'-- Up-to-date symlink: /home/lee/workspace/ros2_ex_mav/install/px4_msgs/share/px4_msgs/msg/MagnetometerBiasEstimate.msg\n'}
[0.493922] (px4_msgs) StdoutLine: {'line': b'-- Up-to-date symlink: /home/lee/workspace/ros2_ex_mav/install/px4_msgs/share/px4_msgs/msg/ManualControlSetpoint.msg\n'}
[0.493964] (px4_msgs) StdoutLine: {'line': b'-- Up-to-date symlink: /home/lee/workspace/ros2_ex_mav/install/px4_msgs/share/px4_msgs/msg/ManualControlSwitches.msg\n'}
[0.494007] (px4_msgs) StdoutLine: {'line': b'-- Up-to-date symlink: /home/lee/workspace/ros2_ex_mav/install/px4_msgs/share/px4_msgs/msg/MavlinkLog.msg\n'}
[0.494050] (px4_msgs) StdoutLine: {'line': b'-- Up-to-date symlink: /home/lee/workspace/ros2_ex_mav/install/px4_msgs/share/px4_msgs/msg/MavlinkTunnel.msg\n'}
[0.494092] (px4_msgs) StdoutLine: {'line': b'-- Up-to-date symlink: /home/lee/workspace/ros2_ex_mav/install/px4_msgs/share/px4_msgs/msg/Mission.msg\n'}
[0.494133] (px4_msgs) StdoutLine: {'line': b'-- Up-to-date symlink: /home/lee/workspace/ros2_ex_mav/install/px4_msgs/share/px4_msgs/msg/MissionResult.msg\n'}
[0.494175] (px4_msgs) StdoutLine: {'line': b'-- Up-to-date symlink: /home/lee/workspace/ros2_ex_mav/install/px4_msgs/share/px4_msgs/msg/ModeCompleted.msg\n'}
[0.494216] (px4_msgs) StdoutLine: {'line': b'-- Up-to-date symlink: /home/lee/workspace/ros2_ex_mav/install/px4_msgs/share/px4_msgs/msg/MountOrientation.msg\n'}
[0.494257] (px4_msgs) StdoutLine: {'line': b'-- Up-to-date symlink: /home/lee/workspace/ros2_ex_mav/install/px4_msgs/share/px4_msgs/msg/NavigatorMissionItem.msg\n'}
[0.494299] (px4_msgs) StdoutLine: {'line': b'-- Up-to-date symlink: /home/lee/workspace/ros2_ex_mav/install/px4_msgs/share/px4_msgs/msg/NormalizedUnsignedSetpoint.msg\n'}
[0.494342] (px4_msgs) StdoutLine: {'line': b'-- Up-to-date symlink: /home/lee/workspace/ros2_ex_mav/install/px4_msgs/share/px4_msgs/msg/NpfgStatus.msg\n'}
[0.494386] (px4_msgs) StdoutLine: {'line': b'-- Up-to-date symlink: /home/lee/workspace/ros2_ex_mav/install/px4_msgs/share/px4_msgs/msg/ObstacleDistance.msg\n'}
[0.494430] (px4_msgs) StdoutLine: {'line': b'-- Up-to-date symlink: /home/lee/workspace/ros2_ex_mav/install/px4_msgs/share/px4_msgs/msg/OffboardControlMode.msg\n'}
[0.494471] (px4_msgs) StdoutLine: {'line': b'-- Up-to-date symlink: /home/lee/workspace/ros2_ex_mav/install/px4_msgs/share/px4_msgs/msg/OnboardComputerStatus.msg\n'}
[0.494514] (px4_msgs) StdoutLine: {'line': b'-- Up-to-date symlink: /home/lee/workspace/ros2_ex_mav/install/px4_msgs/share/px4_msgs/msg/OrbTest.msg\n'}
[0.494558] (px4_msgs) StdoutLine: {'line': b'-- Up-to-date symlink: /home/lee/workspace/ros2_ex_mav/install/px4_msgs/share/px4_msgs/msg/OrbTestLarge.msg\n'}
[0.494599] (px4_msgs) StdoutLine: {'line': b'-- Up-to-date symlink: /home/lee/workspace/ros2_ex_mav/install/px4_msgs/share/px4_msgs/msg/OrbTestMedium.msg\n'}
[0.494644] (px4_msgs) StdoutLine: {'line': b'-- Up-to-date symlink: /home/lee/workspace/ros2_ex_mav/install/px4_msgs/share/px4_msgs/msg/OrbitStatus.msg\n'}
[0.494687] (px4_msgs) StdoutLine: {'line': b'-- Up-to-date symlink: /home/lee/workspace/ros2_ex_mav/install/px4_msgs/share/px4_msgs/msg/ParameterUpdate.msg\n'}
[0.494728] (px4_msgs) StdoutLine: {'line': b'-- Up-to-date symlink: /home/lee/workspace/ros2_ex_mav/install/px4_msgs/share/px4_msgs/msg/Ping.msg\n'}
[0.494771] (px4_msgs) StdoutLine: {'line': b'-- Up-to-date symlink: /home/lee/workspace/ros2_ex_mav/install/px4_msgs/share/px4_msgs/msg/PositionControllerLandingStatus.msg\n'}
[0.494813] (px4_msgs) StdoutLine: {'line': b'-- Up-to-date symlink: /home/lee/workspace/ros2_ex_mav/install/px4_msgs/share/px4_msgs/msg/PositionControllerStatus.msg\n'}
[0.494855] (px4_msgs) StdoutLine: {'line': b'-- Up-to-date symlink: /home/lee/workspace/ros2_ex_mav/install/px4_msgs/share/px4_msgs/msg/PositionSetpoint.msg\n'}
[0.494897] (px4_msgs) StdoutLine: {'line': b'-- Up-to-date symlink: /home/lee/workspace/ros2_ex_mav/install/px4_msgs/share/px4_msgs/msg/PositionSetpointTriplet.msg\n'}
[0.494940] (px4_msgs) StdoutLine: {'line': b'-- Up-to-date symlink: /home/lee/workspace/ros2_ex_mav/install/px4_msgs/share/px4_msgs/msg/PowerButtonState.msg\n'}
[0.494982] (px4_msgs) StdoutLine: {'line': b'-- Up-to-date symlink: /home/lee/workspace/ros2_ex_mav/install/px4_msgs/share/px4_msgs/msg/PowerMonitor.msg\n'}
[0.495024] (px4_msgs) StdoutLine: {'line': b'-- Up-to-date symlink: /home/lee/workspace/ros2_ex_mav/install/px4_msgs/share/px4_msgs/msg/PpsCapture.msg\n'}
[0.495067] (px4_msgs) StdoutLine: {'line': b'-- Up-to-date symlink: /home/lee/workspace/ros2_ex_mav/install/px4_msgs/share/px4_msgs/msg/PwmInput.msg\n'}
[0.495108] (px4_msgs) StdoutLine: {'line': b'-- Up-to-date symlink: /home/lee/workspace/ros2_ex_mav/install/px4_msgs/share/px4_msgs/msg/Px4ioStatus.msg\n'}
[0.495150] (px4_msgs) StdoutLine: {'line': b'-- Up-to-date symlink: /home/lee/workspace/ros2_ex_mav/install/px4_msgs/share/px4_msgs/msg/QshellReq.msg\n'}
[0.495192] (px4_msgs) StdoutLine: {'line': b'-- Up-to-date symlink: /home/lee/workspace/ros2_ex_mav/install/px4_msgs/share/px4_msgs/msg/QshellRetval.msg\n'}
[0.495234] (px4_msgs) StdoutLine: {'line': b'-- Up-to-date symlink: /home/lee/workspace/ros2_ex_mav/install/px4_msgs/share/px4_msgs/msg/RadioStatus.msg\n'}
[0.495278] (px4_msgs) StdoutLine: {'line': b'-- Up-to-date symlink: /home/lee/workspace/ros2_ex_mav/install/px4_msgs/share/px4_msgs/msg/RateCtrlStatus.msg\n'}
[0.495319] (px4_msgs) StdoutLine: {'line': b'-- Up-to-date symlink: /home/lee/workspace/ros2_ex_mav/install/px4_msgs/share/px4_msgs/msg/RcChannels.msg\n'}
[0.495362] (px4_msgs) StdoutLine: {'line': b'-- Up-to-date symlink: /home/lee/workspace/ros2_ex_mav/install/px4_msgs/share/px4_msgs/msg/RcParameterMap.msg\n'}
[0.495406] (px4_msgs) StdoutLine: {'line': b'-- Up-to-date symlink: /home/lee/workspace/ros2_ex_mav/install/px4_msgs/share/px4_msgs/msg/Rpm.msg\n'}
[0.495447] (px4_msgs) StdoutLine: {'line': b'-- Up-to-date symlink: /home/lee/workspace/ros2_ex_mav/install/px4_msgs/share/px4_msgs/msg/RtlTimeEstimate.msg\n'}
[0.495489] (px4_msgs) StdoutLine: {'line': b'-- Up-to-date symlink: /home/lee/workspace/ros2_ex_mav/install/px4_msgs/share/px4_msgs/msg/SatelliteInfo.msg\n'}
[0.495532] (px4_msgs) StdoutLine: {'line': b'-- Up-to-date symlink: /home/lee/workspace/ros2_ex_mav/install/px4_msgs/share/px4_msgs/msg/SensorAccel.msg\n'}
[0.495574] (px4_msgs) StdoutLine: {'line': b'-- Up-to-date symlink: /home/lee/workspace/ros2_ex_mav/install/px4_msgs/share/px4_msgs/msg/SensorAccelFifo.msg\n'}
[0.495616] (px4_msgs) StdoutLine: {'line': b'-- Up-to-date symlink: /home/lee/workspace/ros2_ex_mav/install/px4_msgs/share/px4_msgs/msg/SensorBaro.msg\n'}
[0.495659] (px4_msgs) StdoutLine: {'line': b'-- Up-to-date symlink: /home/lee/workspace/ros2_ex_mav/install/px4_msgs/share/px4_msgs/msg/SensorCombined.msg\n'}
[0.495701] (px4_msgs) StdoutLine: {'line': b'-- Up-to-date symlink: /home/lee/workspace/ros2_ex_mav/install/px4_msgs/share/px4_msgs/msg/SensorCorrection.msg\n'}
[0.495742] (px4_msgs) StdoutLine: {'line': b'-- Up-to-date symlink: /home/lee/workspace/ros2_ex_mav/install/px4_msgs/share/px4_msgs/msg/SensorGnssRelative.msg\n'}
[0.495785] (px4_msgs) StdoutLine: {'line': b'-- Up-to-date symlink: /home/lee/workspace/ros2_ex_mav/install/px4_msgs/share/px4_msgs/msg/SensorGps.msg\n'}
[0.495827] (px4_msgs) StdoutLine: {'line': b'-- Up-to-date symlink: /home/lee/workspace/ros2_ex_mav/install/px4_msgs/share/px4_msgs/msg/SensorGyro.msg\n'}
[0.495868] (px4_msgs) StdoutLine: {'line': b'-- Up-to-date symlink: /home/lee/workspace/ros2_ex_mav/install/px4_msgs/share/px4_msgs/msg/SensorGyroFft.msg\n'}
[0.495909] (px4_msgs) StdoutLine: {'line': b'-- Up-to-date symlink: /home/lee/workspace/ros2_ex_mav/install/px4_msgs/share/px4_msgs/msg/SensorGyroFifo.msg\n'}
[0.495951] (px4_msgs) StdoutLine: {'line': b'-- Up-to-date symlink: /home/lee/workspace/ros2_ex_mav/install/px4_msgs/share/px4_msgs/msg/SensorHygrometer.msg\n'}
[0.495995] (px4_msgs) StdoutLine: {'line': b'-- Up-to-date symlink: /home/lee/workspace/ros2_ex_mav/install/px4_msgs/share/px4_msgs/msg/SensorMag.msg\n'}
[0.496036] (px4_msgs) StdoutLine: {'line': b'-- Up-to-date symlink: /home/lee/workspace/ros2_ex_mav/install/px4_msgs/share/px4_msgs/msg/SensorOpticalFlow.msg\n'}
[0.496078] (px4_msgs) StdoutLine: {'line': b'-- Up-to-date symlink: /home/lee/workspace/ros2_ex_mav/install/px4_msgs/share/px4_msgs/msg/SensorPreflightMag.msg\n'}
[0.496121] (px4_msgs) StdoutLine: {'line': b'-- Up-to-date symlink: /home/lee/workspace/ros2_ex_mav/install/px4_msgs/share/px4_msgs/msg/SensorSelection.msg\n'}
[0.496164] (px4_msgs) StdoutLine: {'line': b'-- Up-to-date symlink: /home/lee/workspace/ros2_ex_mav/install/px4_msgs/share/px4_msgs/msg/SensorUwb.msg\n'}
[0.496206] (px4_msgs) StdoutLine: {'line': b'-- Up-to-date symlink: /home/lee/workspace/ros2_ex_mav/install/px4_msgs/share/px4_msgs/msg/SensorsStatus.msg\n'}
[0.496249] (px4_msgs) StdoutLine: {'line': b'-- Up-to-date symlink: /home/lee/workspace/ros2_ex_mav/install/px4_msgs/share/px4_msgs/msg/SensorsStatusImu.msg\n'}
[0.496292] (px4_msgs) StdoutLine: {'line': b'-- Up-to-date symlink: /home/lee/workspace/ros2_ex_mav/install/px4_msgs/share/px4_msgs/msg/SystemPower.msg\n'}
[0.496334] (px4_msgs) StdoutLine: {'line': b'-- Up-to-date symlink: /home/lee/workspace/ros2_ex_mav/install/px4_msgs/share/px4_msgs/msg/TakeoffStatus.msg\n'}
[0.496376] (px4_msgs) StdoutLine: {'line': b'-- Up-to-date symlink: /home/lee/workspace/ros2_ex_mav/install/px4_msgs/share/px4_msgs/msg/TaskStackInfo.msg\n'}
[0.496420] (px4_msgs) StdoutLine: {'line': b'-- Up-to-date symlink: /home/lee/workspace/ros2_ex_mav/install/px4_msgs/share/px4_msgs/msg/TecsStatus.msg\n'}
[0.496462] (px4_msgs) StdoutLine: {'line': b'-- Up-to-date symlink: /home/lee/workspace/ros2_ex_mav/install/px4_msgs/share/px4_msgs/msg/TelemetryStatus.msg\n'}
[0.496506] (px4_msgs) StdoutLine: {'line': b'-- Up-to-date symlink: /home/lee/workspace/ros2_ex_mav/install/px4_msgs/share/px4_msgs/msg/TiltrotorExtraControls.msg\n'}
[0.496552] (px4_msgs) StdoutLine: {'line': b'-- Up-to-date symlink: /home/lee/workspace/ros2_ex_mav/install/px4_msgs/share/px4_msgs/msg/TimesyncStatus.msg\n'}
[0.496596] (px4_msgs) StdoutLine: {'line': b'-- Up-to-date symlink: /home/lee/workspace/ros2_ex_mav/install/px4_msgs/share/px4_msgs/msg/TrajectoryBezier.msg\n'}
[0.496640] (px4_msgs) StdoutLine: {'line': b'-- Up-to-date symlink: /home/lee/workspace/ros2_ex_mav/install/px4_msgs/share/px4_msgs/msg/TrajectorySetpoint.msg\n'}
[0.496683] (px4_msgs) StdoutLine: {'line': b'-- Up-to-date symlink: /home/lee/workspace/ros2_ex_mav/install/px4_msgs/share/px4_msgs/msg/TrajectoryWaypoint.msg\n'}
[0.496724] (px4_msgs) StdoutLine: {'line': b'-- Up-to-date symlink: /home/lee/workspace/ros2_ex_mav/install/px4_msgs/share/px4_msgs/msg/TransponderReport.msg\n'}
[0.496767] (px4_msgs) StdoutLine: {'line': b'-- Up-to-date symlink: /home/lee/workspace/ros2_ex_mav/install/px4_msgs/share/px4_msgs/msg/TuneControl.msg\n'}
[0.496810] (px4_msgs) StdoutLine: {'line': b'-- Up-to-date symlink: /home/lee/workspace/ros2_ex_mav/install/px4_msgs/share/px4_msgs/msg/UavcanParameterRequest.msg\n'}
[0.496852] (px4_msgs) StdoutLine: {'line': b'-- Up-to-date symlink: /home/lee/workspace/ros2_ex_mav/install/px4_msgs/share/px4_msgs/msg/UavcanParameterValue.msg\n'}
[0.496895] (px4_msgs) StdoutLine: {'line': b'-- Up-to-date symlink: /home/lee/workspace/ros2_ex_mav/install/px4_msgs/share/px4_msgs/msg/UlogStream.msg\n'}
[0.496939] (px4_msgs) StdoutLine: {'line': b'-- Up-to-date symlink: /home/lee/workspace/ros2_ex_mav/install/px4_msgs/share/px4_msgs/msg/UlogStreamAck.msg\n'}
[0.496982] (px4_msgs) StdoutLine: {'line': b'-- Up-to-date symlink: /home/lee/workspace/ros2_ex_mav/install/px4_msgs/share/px4_msgs/msg/VehicleAcceleration.msg\n'}
[0.497024] (px4_msgs) StdoutLine: {'line': b'-- Up-to-date symlink: /home/lee/workspace/ros2_ex_mav/install/px4_msgs/share/px4_msgs/msg/VehicleAirData.msg\n'}
[0.497067] (px4_msgs) StdoutLine: {'line': b'-- Up-to-date symlink: /home/lee/workspace/ros2_ex_mav/install/px4_msgs/share/px4_msgs/msg/VehicleAngularAccelerationSetpoint.msg\n'}
[0.497109] (px4_msgs) StdoutLine: {'line': b'-- Up-to-date symlink: /home/lee/workspace/ros2_ex_mav/install/px4_msgs/share/px4_msgs/msg/VehicleAngularVelocity.msg\n'}
[0.497152] (px4_msgs) StdoutLine: {'line': b'-- Up-to-date symlink: /home/lee/workspace/ros2_ex_mav/install/px4_msgs/share/px4_msgs/msg/VehicleAttitude.msg\n'}
[0.497193] (px4_msgs) StdoutLine: {'line': b'-- Up-to-date symlink: /home/lee/workspace/ros2_ex_mav/install/px4_msgs/share/px4_msgs/msg/VehicleAttitudeSetpoint.msg\n'}
[0.497236] (px4_msgs) StdoutLine: {'line': b'-- Up-to-date symlink: /home/lee/workspace/ros2_ex_mav/install/px4_msgs/share/px4_msgs/msg/VehicleCommand.msg\n'}
[0.497278] (px4_msgs) StdoutLine: {'line': b'-- Up-to-date symlink: /home/lee/workspace/ros2_ex_mav/install/px4_msgs/share/px4_msgs/msg/VehicleCommandAck.msg\n'}
[0.497320] (px4_msgs) StdoutLine: {'line': b'-- Up-to-date symlink: /home/lee/workspace/ros2_ex_mav/install/px4_msgs/share/px4_msgs/msg/VehicleConstraints.msg\n'}
[0.497362] (px4_msgs) StdoutLine: {'line': b'-- Up-to-date symlink: /home/lee/workspace/ros2_ex_mav/install/px4_msgs/share/px4_msgs/msg/VehicleControlMode.msg\n'}
[0.497404] (px4_msgs) StdoutLine: {'line': b'-- Up-to-date symlink: /home/lee/workspace/ros2_ex_mav/install/px4_msgs/share/px4_msgs/msg/VehicleGlobalPosition.msg\n'}
[0.497449] (px4_msgs) StdoutLine: {'line': b'-- Up-to-date symlink: /home/lee/workspace/ros2_ex_mav/install/px4_msgs/share/px4_msgs/msg/VehicleImu.msg\n'}
[0.497491] (px4_msgs) StdoutLine: {'line': b'-- Up-to-date symlink: /home/lee/workspace/ros2_ex_mav/install/px4_msgs/share/px4_msgs/msg/VehicleImuStatus.msg\n'}
[0.497534] (px4_msgs) StdoutLine: {'line': b'-- Up-to-date symlink: /home/lee/workspace/ros2_ex_mav/install/px4_msgs/share/px4_msgs/msg/VehicleLandDetected.msg\n'}
[0.497576] (px4_msgs) StdoutLine: {'line': b'-- Up-to-date symlink: /home/lee/workspace/ros2_ex_mav/install/px4_msgs/share/px4_msgs/msg/VehicleLocalPosition.msg\n'}
[0.497618] (px4_msgs) StdoutLine: {'line': b'-- Up-to-date symlink: /home/lee/workspace/ros2_ex_mav/install/px4_msgs/share/px4_msgs/msg/VehicleLocalPositionSetpoint.msg\n'}
[0.497664] (px4_msgs) StdoutLine: {'line': b'-- Up-to-date symlink: /home/lee/workspace/ros2_ex_mav/install/px4_msgs/share/px4_msgs/msg/VehicleMagnetometer.msg\n'}
[0.497707] (px4_msgs) StdoutLine: {'line': b'-- Up-to-date symlink: /home/lee/workspace/ros2_ex_mav/install/px4_msgs/share/px4_msgs/msg/VehicleOdometry.msg\n'}
[0.497749] (px4_msgs) StdoutLine: {'line': b'-- Up-to-date symlink: /home/lee/workspace/ros2_ex_mav/install/px4_msgs/share/px4_msgs/msg/VehicleOpticalFlow.msg\n'}
[0.497792] (px4_msgs) StdoutLine: {'line': b'-- Up-to-date symlink: /home/lee/workspace/ros2_ex_mav/install/px4_msgs/share/px4_msgs/msg/VehicleOpticalFlowVel.msg\n'}
[0.497835] (px4_msgs) StdoutLine: {'line': b'-- Up-to-date symlink: /home/lee/workspace/ros2_ex_mav/install/px4_msgs/share/px4_msgs/msg/VehicleRatesSetpoint.msg\n'}
[0.497880] (px4_msgs) StdoutLine: {'line': b'-- Up-to-date symlink: /home/lee/workspace/ros2_ex_mav/install/px4_msgs/share/px4_msgs/msg/VehicleRoi.msg\n'}
[0.497923] (px4_msgs) StdoutLine: {'line': b'-- Up-to-date symlink: /home/lee/workspace/ros2_ex_mav/install/px4_msgs/share/px4_msgs/msg/VehicleStatus.msg\n'}
[0.497967] (px4_msgs) StdoutLine: {'line': b'-- Up-to-date symlink: /home/lee/workspace/ros2_ex_mav/install/px4_msgs/share/px4_msgs/msg/VehicleThrustSetpoint.msg\n'}
[0.498012] (px4_msgs) StdoutLine: {'line': b'-- Up-to-date symlink: /home/lee/workspace/ros2_ex_mav/install/px4_msgs/share/px4_msgs/msg/VehicleTorqueSetpoint.msg\n'}
[0.498053] (px4_msgs) StdoutLine: {'line': b'-- Up-to-date symlink: /home/lee/workspace/ros2_ex_mav/install/px4_msgs/share/px4_msgs/msg/VehicleTrajectoryBezier.msg\n'}
[0.498095] (px4_msgs) StdoutLine: {'line': b'-- Up-to-date symlink: /home/lee/workspace/ros2_ex_mav/install/px4_msgs/share/px4_msgs/msg/VehicleTrajectoryWaypoint.msg\n'}
[0.498139] (px4_msgs) StdoutLine: {'line': b'-- Up-to-date symlink: /home/lee/workspace/ros2_ex_mav/install/px4_msgs/share/px4_msgs/msg/VtolVehicleStatus.msg\n'}
[0.498182] (px4_msgs) StdoutLine: {'line': b'-- Up-to-date symlink: /home/lee/workspace/ros2_ex_mav/install/px4_msgs/share/px4_msgs/msg/Wind.msg\n'}
[0.498225] (px4_msgs) StdoutLine: {'line': b'-- Up-to-date symlink: /home/lee/workspace/ros2_ex_mav/install/px4_msgs/share/px4_msgs/msg/YawEstimatorStatus.msg\n'}
[0.498278] (px4_msgs) StdoutLine: {'line': b'-- Up-to-date symlink: /home/lee/workspace/ros2_ex_mav/install/px4_msgs/share/ament_index/resource_index/package_run_dependencies/px4_msgs\n'}
[0.498328] (px4_msgs) StdoutLine: {'line': b'-- Up-to-date symlink: /home/lee/workspace/ros2_ex_mav/install/px4_msgs/share/ament_index/resource_index/parent_prefix_path/px4_msgs\n'}
[0.498377] (px4_msgs) StdoutLine: {'line': b'-- Up-to-date symlink: /home/lee/workspace/ros2_ex_mav/install/px4_msgs/share/px4_msgs/environment/ament_prefix_path.sh\n'}
[0.498423] (px4_msgs) StdoutLine: {'line': b'-- Up-to-date symlink: /home/lee/workspace/ros2_ex_mav/install/px4_msgs/share/px4_msgs/environment/ament_prefix_path.dsv\n'}
[0.498469] (px4_msgs) StdoutLine: {'line': b'-- Up-to-date symlink: /home/lee/workspace/ros2_ex_mav/install/px4_msgs/share/px4_msgs/environment/path.sh\n'}
[0.498513] (px4_msgs) StdoutLine: {'line': b'-- Up-to-date symlink: /home/lee/workspace/ros2_ex_mav/install/px4_msgs/share/px4_msgs/environment/path.dsv\n'}
[0.498560] (px4_msgs) StdoutLine: {'line': b'-- Up-to-date symlink: /home/lee/workspace/ros2_ex_mav/install/px4_msgs/share/px4_msgs/local_setup.bash\n'}
[0.498604] (px4_msgs) StdoutLine: {'line': b'-- Up-to-date symlink: /home/lee/workspace/ros2_ex_mav/install/px4_msgs/share/px4_msgs/local_setup.sh\n'}
[0.498650] (px4_msgs) StdoutLine: {'line': b'-- Up-to-date symlink: /home/lee/workspace/ros2_ex_mav/install/px4_msgs/share/px4_msgs/local_setup.zsh\n'}
[0.498692] (px4_msgs) StdoutLine: {'line': b'-- Up-to-date symlink: /home/lee/workspace/ros2_ex_mav/install/px4_msgs/share/px4_msgs/local_setup.dsv\n'}
[0.498724] (px4_msgs) StdoutLine: {'line': b'-- Symlinking: /home/lee/workspace/ros2_ex_mav/install/px4_msgs/share/px4_msgs/package.dsv\n'}
[0.499916] (-) TimerEvent: {}
[0.504965] (px4_msgs) StdoutLine: {'line': b'-- Up-to-date symlink: /home/lee/workspace/ros2_ex_mav/install/px4_msgs/share/ament_index/resource_index/packages/px4_msgs\n'}
[0.505033] (px4_msgs) StdoutLine: {'line': b'-- Up-to-date symlink: /home/lee/workspace/ros2_ex_mav/install/px4_msgs/share/px4_msgs/cmake/rosidl_cmake-extras.cmake\n'}
[0.505066] (px4_msgs) StdoutLine: {'line': b'-- Up-to-date symlink: /home/lee/workspace/ros2_ex_mav/install/px4_msgs/share/px4_msgs/cmake/ament_cmake_export_dependencies-extras.cmake\n'}
[0.505096] (px4_msgs) StdoutLine: {'line': b'-- Up-to-date symlink: /home/lee/workspace/ros2_ex_mav/install/px4_msgs/share/px4_msgs/cmake/ament_cmake_export_include_directories-extras.cmake\n'}
[0.505128] (px4_msgs) StdoutLine: {'line': b'-- Up-to-date symlink: /home/lee/workspace/ros2_ex_mav/install/px4_msgs/share/px4_msgs/cmake/ament_cmake_export_libraries-extras.cmake\n'}
[0.505171] (px4_msgs) StdoutLine: {'line': b'-- Up-to-date symlink: /home/lee/workspace/ros2_ex_mav/install/px4_msgs/share/px4_msgs/cmake/ament_cmake_export_targets-extras.cmake\n'}
[0.505216] (px4_msgs) StdoutLine: {'line': b'-- Up-to-date symlink: /home/lee/workspace/ros2_ex_mav/install/px4_msgs/share/px4_msgs/cmake/rosidl_cmake_export_typesupport_targets-extras.cmake\n'}
[0.505261] (px4_msgs) StdoutLine: {'line': b'-- Up-to-date symlink: /home/lee/workspace/ros2_ex_mav/install/px4_msgs/share/px4_msgs/cmake/rosidl_cmake_export_typesupport_libraries-extras.cmake\n'}
[0.505308] (px4_msgs) StdoutLine: {'line': b'-- Up-to-date symlink: /home/lee/workspace/ros2_ex_mav/install/px4_msgs/share/px4_msgs/cmake/px4_msgsConfig.cmake\n'}
[0.505340] (px4_msgs) StdoutLine: {'line': b'-- Up-to-date symlink: /home/lee/workspace/ros2_ex_mav/install/px4_msgs/share/px4_msgs/cmake/px4_msgsConfig-version.cmake\n'}
[0.505391] (px4_msgs) StdoutLine: {'line': b'-- Up-to-date symlink: /home/lee/workspace/ros2_ex_mav/install/px4_msgs/share/px4_msgs/package.xml\n'}
[0.505586] (px4_msgs) StdoutLine: {'line': b'-- Up-to-date: /home/lee/workspace/ros2_ex_mav/install/px4_msgs/lib/libpx4_msgs__rosidl_generator_c.so\n'}
[0.505699] (px4_msgs) StdoutLine: {'line': b'-- Up-to-date: /home/lee/workspace/ros2_ex_mav/install/px4_msgs/lib/libpx4_msgs__rosidl_typesupport_fastrtps_c.so\n'}
[0.505775] (px4_msgs) StdoutLine: {'line': b'-- Up-to-date: /home/lee/workspace/ros2_ex_mav/install/px4_msgs/lib/libpx4_msgs__rosidl_typesupport_fastrtps_cpp.so\n'}
[0.505863] (px4_msgs) StdoutLine: {'line': b'-- Up-to-date: /home/lee/workspace/ros2_ex_mav/install/px4_msgs/lib/libpx4_msgs__rosidl_typesupport_introspection_c.so\n'}
[0.505948] (px4_msgs) StdoutLine: {'line': b'-- Up-to-date: /home/lee/workspace/ros2_ex_mav/install/px4_msgs/lib/libpx4_msgs__rosidl_typesupport_c.so\n'}
[0.506034] (px4_msgs) StdoutLine: {'line': b'-- Up-to-date: /home/lee/workspace/ros2_ex_mav/install/px4_msgs/lib/libpx4_msgs__rosidl_typesupport_introspection_cpp.so\n'}
[0.506122] (px4_msgs) StdoutLine: {'line': b'-- Up-to-date: /home/lee/workspace/ros2_ex_mav/install/px4_msgs/lib/libpx4_msgs__rosidl_typesupport_cpp.so\n'}
[0.524662] (px4_msgs) StdoutLine: {'line': b"Listing '/home/lee/workspace/ros2_ex_mav/install/px4_msgs/local/lib/python3.10/dist-packages/px4_msgs'...\n"}
[0.524748] (px4_msgs) StdoutLine: {'line': b"Listing '/home/lee/workspace/ros2_ex_mav/install/px4_msgs/local/lib/python3.10/dist-packages/px4_msgs/msg'...\n"}
[0.526703] (px4_msgs) StdoutLine: {'line': b'-- Up-to-date: /home/lee/workspace/ros2_ex_mav/install/px4_msgs/lib/libpx4_msgs__rosidl_generator_py.so\n'}
[0.526914] (px4_msgs) StdoutLine: {'line': b'-- Up-to-date: /home/lee/workspace/ros2_ex_mav/install/px4_msgs/share/px4_msgs/cmake/export_px4_msgs__rosidl_generator_cExport.cmake\n'}
[0.526937] (px4_msgs) StdoutLine: {'line': b'-- Up-to-date: /home/lee/workspace/ros2_ex_mav/install/px4_msgs/share/px4_msgs/cmake/export_px4_msgs__rosidl_generator_cExport-relwithdebinfo.cmake\n'}
[0.526958] (px4_msgs) StdoutLine: {'line': b'-- Up-to-date: /home/lee/workspace/ros2_ex_mav/install/px4_msgs/share/px4_msgs/cmake/export_px4_msgs__rosidl_typesupport_fastrtps_cExport.cmake\n'}
[0.526979] (px4_msgs) StdoutLine: {'line': b'-- Up-to-date: /home/lee/workspace/ros2_ex_mav/install/px4_msgs/share/px4_msgs/cmake/export_px4_msgs__rosidl_typesupport_fastrtps_cExport-relwithdebinfo.cmake\n'}
[0.527001] (px4_msgs) StdoutLine: {'line': b'-- Up-to-date: /home/lee/workspace/ros2_ex_mav/install/px4_msgs/share/px4_msgs/cmake/export_px4_msgs__rosidl_generator_cppExport.cmake\n'}
[0.527021] (px4_msgs) StdoutLine: {'line': b'-- Up-to-date: /home/lee/workspace/ros2_ex_mav/install/px4_msgs/share/px4_msgs/cmake/export_px4_msgs__rosidl_typesupport_fastrtps_cppExport.cmake\n'}
[0.527054] (px4_msgs) StdoutLine: {'line': b'-- Up-to-date: /home/lee/workspace/ros2_ex_mav/install/px4_msgs/share/px4_msgs/cmake/export_px4_msgs__rosidl_typesupport_fastrtps_cppExport-relwithdebinfo.cmake\n'}
[0.527076] (px4_msgs) StdoutLine: {'line': b'-- Up-to-date: /home/lee/workspace/ros2_ex_mav/install/px4_msgs/share/px4_msgs/cmake/px4_msgs__rosidl_typesupport_introspection_cExport.cmake\n'}
[0.527114] (px4_msgs) StdoutLine: {'line': b'-- Up-to-date: /home/lee/workspace/ros2_ex_mav/install/px4_msgs/share/px4_msgs/cmake/px4_msgs__rosidl_typesupport_introspection_cExport-relwithdebinfo.cmake\n'}
[0.527134] (px4_msgs) StdoutLine: {'line': b'-- Up-to-date: /home/lee/workspace/ros2_ex_mav/install/px4_msgs/share/px4_msgs/cmake/px4_msgs__rosidl_typesupport_cExport.cmake\n'}
[0.527152] (px4_msgs) StdoutLine: {'line': b'-- Up-to-date: /home/lee/workspace/ros2_ex_mav/install/px4_msgs/share/px4_msgs/cmake/px4_msgs__rosidl_typesupport_cExport-relwithdebinfo.cmake\n'}
[0.527170] (px4_msgs) StdoutLine: {'line': b'-- Up-to-date: /home/lee/workspace/ros2_ex_mav/install/px4_msgs/share/px4_msgs/cmake/px4_msgs__rosidl_typesupport_introspection_cppExport.cmake\n'}
[0.527188] (px4_msgs) StdoutLine: {'line': b'-- Up-to-date: /home/lee/workspace/ros2_ex_mav/install/px4_msgs/share/px4_msgs/cmake/px4_msgs__rosidl_typesupport_introspection_cppExport-relwithdebinfo.cmake\n'}
[0.527206] (px4_msgs) StdoutLine: {'line': b'-- Up-to-date: /home/lee/workspace/ros2_ex_mav/install/px4_msgs/share/px4_msgs/cmake/px4_msgs__rosidl_typesupport_cppExport.cmake\n'}
[0.527223] (px4_msgs) StdoutLine: {'line': b'-- Up-to-date: /home/lee/workspace/ros2_ex_mav/install/px4_msgs/share/px4_msgs/cmake/px4_msgs__rosidl_typesupport_cppExport-relwithdebinfo.cmake\n'}
[0.527240] (px4_msgs) StdoutLine: {'line': b'-- Up-to-date: /home/lee/workspace/ros2_ex_mav/install/px4_msgs/share/px4_msgs/cmake/export_px4_msgs__rosidl_generator_pyExport.cmake\n'}
[0.527258] (px4_msgs) StdoutLine: {'line': b'-- Up-to-date: /home/lee/workspace/ros2_ex_mav/install/px4_msgs/share/px4_msgs/cmake/export_px4_msgs__rosidl_generator_pyExport-relwithdebinfo.cmake\n'}
[0.528551] (px4_msgs) CommandEnded: {'returncode': 0}
[0.540660] (px4_msgs) JobEnded: {'identifier': 'px4_msgs', 'rc': 0}
[0.540822] (mav) JobStarted: {'identifier': 'mav'}
[0.543177] (px4_multi_uav) JobStarted: {'identifier': 'px4_multi_uav'}
[0.545876] (mav) JobProgress: {'identifier': 'mav', 'progress': 'cmake'}
[0.546234] (mav) JobProgress: {'identifier': 'mav', 'progress': 'build'}
[0.546386] (mav) Command: {'cmd': ['/usr/bin/cmake', '--build', '/home/lee/workspace/ros2_ex_mav/build/mav', '--', '-j32', '-l32'], 'cwd': '/home/lee/workspace/ros2_ex_mav/build/mav', 'env': OrderedDict([('GZ_SIM_SYSTEM_PLUGIN_PATH', ':/home/lee/gazebo_maritime_ws/install/lib:/home/lee/workspace/gz_sim_modle/gazebo_joint_plugin/build:/home/lee/PX4-Autopilot/Tools/sitl_gazebo/build/px4_sitl_default/build_gz'), ('USER', 'lee'), ('LC_TIME', 'lzh_TW'), ('GZ_SIM_RESOURCE_PATH', ':/home/lee/PX4-Autopilot/Tools/sitl_gazebo/models:/home/lee/workspace/gz_sim_modle:/usr/share/gz/gz-sim8/worlds:/home/lee/PX4-Autopilot/Tools/simulation/gz/worlds:/home/lee/PX4-Autopilot/Tools/sitl_gazebo/models:/home/lee/PX4-Autopilot/Tools/simulation/gz/models'), ('XDG_SESSION_TYPE', 'x11'), ('SHLVL', '1'), ('LD_LIBRARY_PATH', '/home/lee/workspace/ros2_ex_mav/install/px4_msgs/lib:/home/lee/workspace/ros2_ex/install/px4_msgs/lib:/opt/ros/humble/opt/rviz_ogre_vendor/lib:/opt/ros/humble/lib/x86_64-linux-gnu:/opt/ros/humble/lib:/home/lee/gazebo_maritime_ws/install/lib'), ('HOME', '/home/lee'), ('OLDPWD', '/home/lee'), ('LESS', '-R'), ('DESKTOP_SESSION', 'ubuntu'), ('ZSH', '/home/lee/.oh-my-zsh'), ('LSCOLORS', 'Gxfxcxdxbxegedabagacad'), ('GTK_MODULES', 'gail:atk-bridge'), ('GNOME_SHELL_SESSION_MODE', 'ubuntu'), ('PAGER', 'less'), ('ROS_PYTHON_VERSION', '3'), ('MANAGERPID', '1906'), ('LC_MONETARY', 'lzh_TW'), ('SYSTEMD_EXEC_PID', '2299'), ('DBUS_SESSION_BUS_ADDRESS', 'unix:path=/run/user/1000/bus'), ('P9K_TTY', 'old'), ('GIO_LAUNCHED_DESKTOP_FILE_PID', '22104'), ('COLORTERM', 'truecolor'), ('TERMINATOR_DBUS_NAME', 'net.tenshu.Terminator23558193cd9818af7fe4d2c2f5bd9d00f'), ('_colcon_cd_root', '/opt/ros/humble/'), ('ROS_DISTRO', 'humble'), ('COLCON_PREFIX_PATH', '/home/lee/workspace/ros2_ex_mav/install:/home/lee/workspace/ros2_ex/install'), ('GTK_IM_MODULE', 'ibus'), ('LOGNAME', 'lee'), ('JOURNAL_STREAM', '8:20942'), ('_P9K_SSH_TTY', '/dev/pts/10'), ('_', '/usr/bin/colcon'), ('XDG_SESSION_CLASS', 'user'), ('ROS_VERSION', '2'), ('TERM', 'xterm-256color'), ('USERNAME', 'lee'), ('GAZEBO_MODEL_PATH', '/home/lee/PX4-Autopilot/Tools/simulation/gz/models'), ('GNOME_DESKTOP_SESSION_ID', 'this-is-deprecated'), ('ROS_LOCALHOST_ONLY', '0'), ('WINDOWPATH', '2'), ('PATH', '/opt/ros/humble/bin:/usr/local/MATLAB/R2024b/bin/:/home/lee/.local/bin:/usr/local/sbin:/usr/local/bin:/usr/sbin:/usr/bin:/sbin:/bin:/usr/games:/usr/local/games:/snap/bin:/snap/bin'), ('SESSION_MANAGER', 'local/lee-System-Product-Name:@/tmp/.ICE-unix/2136,unix/lee-System-Product-Name:/tmp/.ICE-unix/2136'), ('INVOCATION_ID', 'cd208e3c12a34c228f9f8a38a5c838eb'), ('XDG_MENU_PREFIX', 'gnome-'), ('XDG_RUNTIME_DIR', '/run/user/1000'), ('LC_ADDRESS', 'lzh_TW'), ('DISPLAY', ':1'), ('LANG', 'en_US.UTF-8'), ('XDG_CURRENT_DESKTOP', 'ubuntu:GNOME'), ('IBUS_DISABLE_SNOOPER', '1'), ('LC_TELEPHONE', 'lzh_TW'), ('TERMINATOR_DBUS_PATH', '/net/tenshu/Terminator2'), ('GZ_TRANSPORT_VERSION', '12'), ('XDG_SESSION_DESKTOP', 'ubuntu'), ('XMODIFIERS', '@im=ibus'), ('XAUTHORITY', '/run/user/1000/gdm/Xauthority'), ('LS_COLORS', 'rs=0:di=01;34:ln=01;36:mh=00:pi=40;33:so=01;35:do=01;35:bd=40;33;01:cd=40;33;01:or=40;31;01:mi=00:su=37;41:sg=30;43:ca=30;41:tw=30;42:ow=34;42:st=37;44:ex=01;32:*.tar=01;31:*.tgz=01;31:*.arc=01;31:*.arj=01;31:*.taz=01;31:*.lha=01;31:*.lz4=01;31:*.lzh=01;31:*.lzma=01;31:*.tlz=01;31:*.txz=01;31:*.tzo=01;31:*.t7z=01;31:*.zip=01;31:*.z=01;31:*.dz=01;31:*.gz=01;31:*.lrz=01;31:*.lz=01;31:*.lzo=01;31:*.xz=01;31:*.zst=01;31:*.tzst=01;31:*.bz2=01;31:*.bz=01;31:*.tbz=01;31:*.tbz2=01;31:*.tz=01;31:*.deb=01;31:*.rpm=01;31:*.jar=01;31:*.war=01;31:*.ear=01;31:*.sar=01;31:*.rar=01;31:*.alz=01;31:*.ace=01;31:*.zoo=01;31:*.cpio=01;31:*.7z=01;31:*.rz=01;31:*.cab=01;31:*.wim=01;31:*.swm=01;31:*.dwm=01;31:*.esd=01;31:*.jpg=01;35:*.jpeg=01;35:*.mjpg=01;35:*.mjpeg=01;35:*.gif=01;35:*.bmp=01;35:*.pbm=01;35:*.pgm=01;35:*.ppm=01;35:*.tga=01;35:*.xbm=01;35:*.xpm=01;35:*.tif=01;35:*.tiff=01;35:*.png=01;35:*.svg=01;35:*.svgz=01;35:*.mng=01;35:*.pcx=01;35:*.mov=01;35:*.mpg=01;35:*.mpeg=01;35:*.m2v=01;35:*.mkv=01;35:*.webm=01;35:*.webp=01;35:*.ogm=01;35:*.mp4=01;35:*.m4v=01;35:*.mp4v=01;35:*.vob=01;35:*.qt=01;35:*.nuv=01;35:*.wmv=01;35:*.asf=01;35:*.rm=01;35:*.rmvb=01;35:*.flc=01;35:*.avi=01;35:*.fli=01;35:*.flv=01;35:*.gl=01;35:*.dl=01;35:*.xcf=01;35:*.xwd=01;35:*.yuv=01;35:*.cgm=01;35:*.emf=01;35:*.ogv=01;35:*.ogx=01;35:*.aac=00;36:*.au=00;36:*.flac=00;36:*.m4a=00;36:*.mid=00;36:*.midi=00;36:*.mka=00;36:*.mp3=00;36:*.mpc=00;36:*.ogg=00;36:*.ra=00;36:*.wav=00;36:*.oga=00;36:*.opus=00;36:*.spx=00;36:*.xspf=00;36:'), ('SSH_AUTH_SOCK', '/run/user/1000/keyring/ssh'), ('SSH_AGENT_LAUNCHER', 'gnome-keyring'), ('AMENT_PREFIX_PATH', '/home/lee/workspace/ros2_ex_mav/install/px4_multi_uav:/home/lee/workspace/ros2_ex_mav/install/mav:/home/lee/workspace/ros2_ex_mav/install/px4_msgs:/home/lee/workspace/ros2_ex/install/mav:/home/lee/workspace/ros2_ex/install/ground:/home/lee/workspace/ros2_ex/install/MAV:/home/lee/workspace/ros2_ex/install/px4_msgs:/opt/ros/humble'), ('TERMINATOR_UUID', 'urn:uuid:d1338618-454e-415d-a7f1-4a6142cb5d95'), ('SHELL', '/usr/bin/zsh'), ('LC_NAME', 'lzh_TW'), ('QT_ACCESSIBILITY', '1'), ('GDMSESSION', 'ubuntu'), ('GZ_SIM_MODEL_PATH', '/home/lee/PX4-Autopilot/Tools/simulation/gz/models'), ('LC_MEASUREMENT', 'lzh_TW'), ('LC_IDENTIFICATION', 'lzh_TW'), ('GPG_AGENT_INFO', '/run/user/1000/gnupg/S.gpg-agent:0:1'), ('P9K_SSH', '0'), ('QT_IM_MODULE', 'ibus'), ('LC_ALL', 'en_US.UTF-8'), ('PWD', '/home/lee/workspace/ros2_ex_mav/build/mav'), ('XDG_DATA_DIRS', '/usr/share/ubuntu:/usr/share/gnome:/usr/local/share/:/usr/share/:/var/lib/snapd/desktop'), ('XDG_CONFIG_DIRS', '/etc/xdg/xdg-ubuntu:/etc/xdg'), ('GAZEBO_PLUGIN_PATH', ':/home/lee/PX4-Autopilot/build/px4_sitl_default/src/lib'), ('_P9K_TTY', '/dev/pts/10'), ('LC_NUMERIC', 'lzh_TW'), ('PYTHONPATH', '/home/lee/workspace/ros2_ex_mav/install/px4_msgs/local/lib/python3.10/dist-packages:/home/lee/workspace/ros2_ex/install/px4_msgs/local/lib/python3.10/dist-packages:/opt/ros/humble/lib/python3.10/site-packages:/opt/ros/humble/local/lib/python3.10/dist-packages'), ('LC_PAPER', 'lzh_TW'), ('COLCON', '1'), ('VTE_VERSION', '6800'), ('CMAKE_PREFIX_PATH', '/home/lee/workspace/ros2_ex_mav/install/px4_msgs:/home/lee/workspace/ros2_ex_mav/install/px4_multi_uav:/home/lee/workspace/ros2_ex_mav/install/mav:/home/lee/workspace/ros2_ex/install/mav:/home/lee/workspace/ros2_ex/install/ground:/home/lee/workspace/ros2_ex/install/MAV4:/home/lee/workspace/ros2_ex/install/MAV3:/home/lee/workspace/ros2_ex/install/MAV2:/home/lee/workspace/ros2_ex/install/MAV1:/home/lee/workspace/ros2_ex/install/MAV:/home/lee/workspace/ros2_ex/install/px4_msgs:/opt/ros/humble')]), 'shell': False}
[0.547989] (px4_multi_uav) JobProgress: {'identifier': 'px4_multi_uav', 'progress': 'cmake'}
[0.548363] (px4_multi_uav) JobProgress: {'identifier': 'px4_multi_uav', 'progress': 'build'}
[0.548601] (px4_multi_uav) Command: {'cmd': ['/usr/bin/cmake', '--build', '/home/lee/workspace/ros2_ex_mav/build/px4_multi_uav', '--', '-j32', '-l32'], 'cwd': '/home/lee/workspace/ros2_ex_mav/build/px4_multi_uav', 'env': OrderedDict([('GZ_SIM_SYSTEM_PLUGIN_PATH', ':/home/lee/gazebo_maritime_ws/install/lib:/home/lee/workspace/gz_sim_modle/gazebo_joint_plugin/build:/home/lee/PX4-Autopilot/Tools/sitl_gazebo/build/px4_sitl_default/build_gz'), ('USER', 'lee'), ('LC_TIME', 'lzh_TW'), ('GZ_SIM_RESOURCE_PATH', ':/home/lee/PX4-Autopilot/Tools/sitl_gazebo/models:/home/lee/workspace/gz_sim_modle:/usr/share/gz/gz-sim8/worlds:/home/lee/PX4-Autopilot/Tools/simulation/gz/worlds:/home/lee/PX4-Autopilot/Tools/sitl_gazebo/models:/home/lee/PX4-Autopilot/Tools/simulation/gz/models'), ('XDG_SESSION_TYPE', 'x11'), ('SHLVL', '1'), ('LD_LIBRARY_PATH', '/home/lee/workspace/ros2_ex_mav/install/px4_msgs/lib:/home/lee/workspace/ros2_ex/install/px4_msgs/lib:/opt/ros/humble/opt/rviz_ogre_vendor/lib:/opt/ros/humble/lib/x86_64-linux-gnu:/opt/ros/humble/lib:/home/lee/gazebo_maritime_ws/install/lib'), ('HOME', '/home/lee'), ('OLDPWD', '/home/lee'), ('LESS', '-R'), ('DESKTOP_SESSION', 'ubuntu'), ('ZSH', '/home/lee/.oh-my-zsh'), ('LSCOLORS', 'Gxfxcxdxbxegedabagacad'), ('GTK_MODULES', 'gail:atk-bridge'), ('GNOME_SHELL_SESSION_MODE', 'ubuntu'), ('PAGER', 'less'), ('ROS_PYTHON_VERSION', '3'), ('MANAGERPID', '1906'), ('LC_MONETARY', 'lzh_TW'), ('SYSTEMD_EXEC_PID', '2299'), ('DBUS_SESSION_BUS_ADDRESS', 'unix:path=/run/user/1000/bus'), ('P9K_TTY', 'old'), ('GIO_LAUNCHED_DESKTOP_FILE_PID', '22104'), ('COLORTERM', 'truecolor'), ('TERMINATOR_DBUS_NAME', 'net.tenshu.Terminator23558193cd9818af7fe4d2c2f5bd9d00f'), ('_colcon_cd_root', '/opt/ros/humble/'), ('ROS_DISTRO', 'humble'), ('COLCON_PREFIX_PATH', '/home/lee/workspace/ros2_ex_mav/install:/home/lee/workspace/ros2_ex/install'), ('GTK_IM_MODULE', 'ibus'), ('LOGNAME', 'lee'), ('JOURNAL_STREAM', '8:20942'), ('_P9K_SSH_TTY', '/dev/pts/10'), ('_', '/usr/bin/colcon'), ('XDG_SESSION_CLASS', 'user'), ('ROS_VERSION', '2'), ('TERM', 'xterm-256color'), ('USERNAME', 'lee'), ('GAZEBO_MODEL_PATH', '/home/lee/PX4-Autopilot/Tools/simulation/gz/models'), ('GNOME_DESKTOP_SESSION_ID', 'this-is-deprecated'), ('ROS_LOCALHOST_ONLY', '0'), ('WINDOWPATH', '2'), ('PATH', '/opt/ros/humble/bin:/usr/local/MATLAB/R2024b/bin/:/home/lee/.local/bin:/usr/local/sbin:/usr/local/bin:/usr/sbin:/usr/bin:/sbin:/bin:/usr/games:/usr/local/games:/snap/bin:/snap/bin'), ('SESSION_MANAGER', 'local/lee-System-Product-Name:@/tmp/.ICE-unix/2136,unix/lee-System-Product-Name:/tmp/.ICE-unix/2136'), ('INVOCATION_ID', 'cd208e3c12a34c228f9f8a38a5c838eb'), ('XDG_MENU_PREFIX', 'gnome-'), ('XDG_RUNTIME_DIR', '/run/user/1000'), ('LC_ADDRESS', 'lzh_TW'), ('DISPLAY', ':1'), ('LANG', 'en_US.UTF-8'), ('XDG_CURRENT_DESKTOP', 'ubuntu:GNOME'), ('IBUS_DISABLE_SNOOPER', '1'), ('LC_TELEPHONE', 'lzh_TW'), ('TERMINATOR_DBUS_PATH', '/net/tenshu/Terminator2'), ('GZ_TRANSPORT_VERSION', '12'), ('XDG_SESSION_DESKTOP', 'ubuntu'), ('XMODIFIERS', '@im=ibus'), ('XAUTHORITY', '/run/user/1000/gdm/Xauthority'), ('LS_COLORS', 'rs=0:di=01;34:ln=01;36:mh=00:pi=40;33:so=01;35:do=01;35:bd=40;33;01:cd=40;33;01:or=40;31;01:mi=00:su=37;41:sg=30;43:ca=30;41:tw=30;42:ow=34;42:st=37;44:ex=01;32:*.tar=01;31:*.tgz=01;31:*.arc=01;31:*.arj=01;31:*.taz=01;31:*.lha=01;31:*.lz4=01;31:*.lzh=01;31:*.lzma=01;31:*.tlz=01;31:*.txz=01;31:*.tzo=01;31:*.t7z=01;31:*.zip=01;31:*.z=01;31:*.dz=01;31:*.gz=01;31:*.lrz=01;31:*.lz=01;31:*.lzo=01;31:*.xz=01;31:*.zst=01;31:*.tzst=01;31:*.bz2=01;31:*.bz=01;31:*.tbz=01;31:*.tbz2=01;31:*.tz=01;31:*.deb=01;31:*.rpm=01;31:*.jar=01;31:*.war=01;31:*.ear=01;31:*.sar=01;31:*.rar=01;31:*.alz=01;31:*.ace=01;31:*.zoo=01;31:*.cpio=01;31:*.7z=01;31:*.rz=01;31:*.cab=01;31:*.wim=01;31:*.swm=01;31:*.dwm=01;31:*.esd=01;31:*.jpg=01;35:*.jpeg=01;35:*.mjpg=01;35:*.mjpeg=01;35:*.gif=01;35:*.bmp=01;35:*.pbm=01;35:*.pgm=01;35:*.ppm=01;35:*.tga=01;35:*.xbm=01;35:*.xpm=01;35:*.tif=01;35:*.tiff=01;35:*.png=01;35:*.svg=01;35:*.svgz=01;35:*.mng=01;35:*.pcx=01;35:*.mov=01;35:*.mpg=01;35:*.mpeg=01;35:*.m2v=01;35:*.mkv=01;35:*.webm=01;35:*.webp=01;35:*.ogm=01;35:*.mp4=01;35:*.m4v=01;35:*.mp4v=01;35:*.vob=01;35:*.qt=01;35:*.nuv=01;35:*.wmv=01;35:*.asf=01;35:*.rm=01;35:*.rmvb=01;35:*.flc=01;35:*.avi=01;35:*.fli=01;35:*.flv=01;35:*.gl=01;35:*.dl=01;35:*.xcf=01;35:*.xwd=01;35:*.yuv=01;35:*.cgm=01;35:*.emf=01;35:*.ogv=01;35:*.ogx=01;35:*.aac=00;36:*.au=00;36:*.flac=00;36:*.m4a=00;36:*.mid=00;36:*.midi=00;36:*.mka=00;36:*.mp3=00;36:*.mpc=00;36:*.ogg=00;36:*.ra=00;36:*.wav=00;36:*.oga=00;36:*.opus=00;36:*.spx=00;36:*.xspf=00;36:'), ('SSH_AUTH_SOCK', '/run/user/1000/keyring/ssh'), ('SSH_AGENT_LAUNCHER', 'gnome-keyring'), ('AMENT_PREFIX_PATH', '/home/lee/workspace/ros2_ex_mav/install/px4_multi_uav:/home/lee/workspace/ros2_ex_mav/install/mav:/home/lee/workspace/ros2_ex_mav/install/px4_msgs:/home/lee/workspace/ros2_ex/install/mav:/home/lee/workspace/ros2_ex/install/ground:/home/lee/workspace/ros2_ex/install/MAV:/home/lee/workspace/ros2_ex/install/px4_msgs:/opt/ros/humble'), ('TERMINATOR_UUID', 'urn:uuid:d1338618-454e-415d-a7f1-4a6142cb5d95'), ('SHELL', '/usr/bin/zsh'), ('LC_NAME', 'lzh_TW'), ('QT_ACCESSIBILITY', '1'), ('GDMSESSION', 'ubuntu'), ('GZ_SIM_MODEL_PATH', '/home/lee/PX4-Autopilot/Tools/simulation/gz/models'), ('LC_MEASUREMENT', 'lzh_TW'), ('LC_IDENTIFICATION', 'lzh_TW'), ('GPG_AGENT_INFO', '/run/user/1000/gnupg/S.gpg-agent:0:1'), ('P9K_SSH', '0'), ('QT_IM_MODULE', 'ibus'), ('LC_ALL', 'en_US.UTF-8'), ('PWD', '/home/lee/workspace/ros2_ex_mav/build/px4_multi_uav'), ('XDG_DATA_DIRS', '/usr/share/ubuntu:/usr/share/gnome:/usr/local/share/:/usr/share/:/var/lib/snapd/desktop'), ('XDG_CONFIG_DIRS', '/etc/xdg/xdg-ubuntu:/etc/xdg'), ('GAZEBO_PLUGIN_PATH', ':/home/lee/PX4-Autopilot/build/px4_sitl_default/src/lib'), ('_P9K_TTY', '/dev/pts/10'), ('LC_NUMERIC', 'lzh_TW'), ('PYTHONPATH', '/home/lee/workspace/ros2_ex_mav/install/px4_msgs/local/lib/python3.10/dist-packages:/home/lee/workspace/ros2_ex/install/px4_msgs/local/lib/python3.10/dist-packages:/opt/ros/humble/lib/python3.10/site-packages:/opt/ros/humble/local/lib/python3.10/dist-packages'), ('LC_PAPER', 'lzh_TW'), ('COLCON', '1'), ('VTE_VERSION', '6800'), ('CMAKE_PREFIX_PATH', '/home/lee/workspace/ros2_ex_mav/install/px4_msgs:/home/lee/workspace/ros2_ex_mav/install/px4_multi_uav:/home/lee/workspace/ros2_ex_mav/install/mav:/home/lee/workspace/ros2_ex/install/mav:/home/lee/workspace/ros2_ex/install/ground:/home/lee/workspace/ros2_ex/install/MAV4:/home/lee/workspace/ros2_ex/install/MAV3:/home/lee/workspace/ros2_ex/install/MAV2:/home/lee/workspace/ros2_ex/install/MAV1:/home/lee/workspace/ros2_ex/install/MAV:/home/lee/workspace/ros2_ex/install/px4_msgs:/opt/ros/humble')]), 'shell': False}
[0.574475] (px4_multi_uav) StdoutLine: {'line': b'\x1b[35m\x1b[1mConsolidate compiler generated dependencies of target formation\x1b[0m\n'}
[0.578478] (px4_multi_uav) StdoutLine: {'line': b'[ 13%] Built target mav3\n'}
[0.578980] (mav) StdoutLine: {'line': b'[ 37%] Built target mav3_syn\n'}
[0.579062] (mav) StdoutLine: {'line': b'[ 37%] Built target mav4_syn\n'}
[0.579114] (mav) StdoutLine: {'line': b'[ 37%] Built target mav1\n'}
[0.579417] (px4_multi_uav) StdoutLine: {'line': b'[ 26%] Built target mav2\n'}
[0.579577] (px4_multi_uav) StdoutLine: {'line': b'[ 46%] Built target keyboard_node\n'}
[0.580577] (px4_multi_uav) StdoutLine: {'line': b'[ 60%] Built target mav4\n'}
[0.581099] (px4_multi_uav) StdoutLine: {'line': b'[ 73%] Built target mav1\n'}
[0.582299] (mav) StdoutLine: {'line': b'[ 50%] Built target mav2\n'}
[0.582387] (mav) StdoutLine: {'line': b'[ 62%] Built target mav3\n'}
[0.583012] (px4_multi_uav) StdoutLine: {'line': b'[ 86%] Built target leader\n'}
[0.583137] (mav) StdoutLine: {'line': b'[ 75%] Built target mav2_syn\n'}
[0.583882] (px4_multi_uav) StdoutLine: {'line': b'[ 93%] \x1b[32mBuilding CXX object CMakeFiles/formation.dir/node/formation.cpp.o\x1b[0m\n'}
[0.583974] (mav) StdoutLine: {'line': b'[ 87%] Built target mav1_syn\n'}
[0.584466] (mav) StdoutLine: {'line': b'[100%] Built target mav4\n'}
[0.591465] (mav) CommandEnded: {'returncode': 0}
[0.592059] (mav) JobProgress: {'identifier': 'mav', 'progress': 'install'}
[0.592574] (mav) Command: {'cmd': ['/usr/bin/cmake', '--install', '/home/lee/workspace/ros2_ex_mav/build/mav'], 'cwd': '/home/lee/workspace/ros2_ex_mav/build/mav', 'env': OrderedDict([('GZ_SIM_SYSTEM_PLUGIN_PATH', ':/home/lee/gazebo_maritime_ws/install/lib:/home/lee/workspace/gz_sim_modle/gazebo_joint_plugin/build:/home/lee/PX4-Autopilot/Tools/sitl_gazebo/build/px4_sitl_default/build_gz'), ('USER', 'lee'), ('LC_TIME', 'lzh_TW'), ('GZ_SIM_RESOURCE_PATH', ':/home/lee/PX4-Autopilot/Tools/sitl_gazebo/models:/home/lee/workspace/gz_sim_modle:/usr/share/gz/gz-sim8/worlds:/home/lee/PX4-Autopilot/Tools/simulation/gz/worlds:/home/lee/PX4-Autopilot/Tools/sitl_gazebo/models:/home/lee/PX4-Autopilot/Tools/simulation/gz/models'), ('XDG_SESSION_TYPE', 'x11'), ('SHLVL', '1'), ('LD_LIBRARY_PATH', '/home/lee/workspace/ros2_ex_mav/install/px4_msgs/lib:/home/lee/workspace/ros2_ex/install/px4_msgs/lib:/opt/ros/humble/opt/rviz_ogre_vendor/lib:/opt/ros/humble/lib/x86_64-linux-gnu:/opt/ros/humble/lib:/home/lee/gazebo_maritime_ws/install/lib'), ('HOME', '/home/lee'), ('OLDPWD', '/home/lee'), ('LESS', '-R'), ('DESKTOP_SESSION', 'ubuntu'), ('ZSH', '/home/lee/.oh-my-zsh'), ('LSCOLORS', 'Gxfxcxdxbxegedabagacad'), ('GTK_MODULES', 'gail:atk-bridge'), ('GNOME_SHELL_SESSION_MODE', 'ubuntu'), ('PAGER', 'less'), ('ROS_PYTHON_VERSION', '3'), ('MANAGERPID', '1906'), ('LC_MONETARY', 'lzh_TW'), ('SYSTEMD_EXEC_PID', '2299'), ('DBUS_SESSION_BUS_ADDRESS', 'unix:path=/run/user/1000/bus'), ('P9K_TTY', 'old'), ('GIO_LAUNCHED_DESKTOP_FILE_PID', '22104'), ('COLORTERM', 'truecolor'), ('TERMINATOR_DBUS_NAME', 'net.tenshu.Terminator23558193cd9818af7fe4d2c2f5bd9d00f'), ('_colcon_cd_root', '/opt/ros/humble/'), ('ROS_DISTRO', 'humble'), ('COLCON_PREFIX_PATH', '/home/lee/workspace/ros2_ex_mav/install:/home/lee/workspace/ros2_ex/install'), ('GTK_IM_MODULE', 'ibus'), ('LOGNAME', 'lee'), ('JOURNAL_STREAM', '8:20942'), ('_P9K_SSH_TTY', '/dev/pts/10'), ('_', '/usr/bin/colcon'), ('XDG_SESSION_CLASS', 'user'), ('ROS_VERSION', '2'), ('TERM', 'xterm-256color'), ('USERNAME', 'lee'), ('GAZEBO_MODEL_PATH', '/home/lee/PX4-Autopilot/Tools/simulation/gz/models'), ('GNOME_DESKTOP_SESSION_ID', 'this-is-deprecated'), ('ROS_LOCALHOST_ONLY', '0'), ('WINDOWPATH', '2'), ('PATH', '/opt/ros/humble/bin:/usr/local/MATLAB/R2024b/bin/:/home/lee/.local/bin:/usr/local/sbin:/usr/local/bin:/usr/sbin:/usr/bin:/sbin:/bin:/usr/games:/usr/local/games:/snap/bin:/snap/bin'), ('SESSION_MANAGER', 'local/lee-System-Product-Name:@/tmp/.ICE-unix/2136,unix/lee-System-Product-Name:/tmp/.ICE-unix/2136'), ('INVOCATION_ID', 'cd208e3c12a34c228f9f8a38a5c838eb'), ('XDG_MENU_PREFIX', 'gnome-'), ('XDG_RUNTIME_DIR', '/run/user/1000'), ('LC_ADDRESS', 'lzh_TW'), ('DISPLAY', ':1'), ('LANG', 'en_US.UTF-8'), ('XDG_CURRENT_DESKTOP', 'ubuntu:GNOME'), ('IBUS_DISABLE_SNOOPER', '1'), ('LC_TELEPHONE', 'lzh_TW'), ('TERMINATOR_DBUS_PATH', '/net/tenshu/Terminator2'), ('GZ_TRANSPORT_VERSION', '12'), ('XDG_SESSION_DESKTOP', 'ubuntu'), ('XMODIFIERS', '@im=ibus'), ('XAUTHORITY', '/run/user/1000/gdm/Xauthority'), ('LS_COLORS', 'rs=0:di=01;34:ln=01;36:mh=00:pi=40;33:so=01;35:do=01;35:bd=40;33;01:cd=40;33;01:or=40;31;01:mi=00:su=37;41:sg=30;43:ca=30;41:tw=30;42:ow=34;42:st=37;44:ex=01;32:*.tar=01;31:*.tgz=01;31:*.arc=01;31:*.arj=01;31:*.taz=01;31:*.lha=01;31:*.lz4=01;31:*.lzh=01;31:*.lzma=01;31:*.tlz=01;31:*.txz=01;31:*.tzo=01;31:*.t7z=01;31:*.zip=01;31:*.z=01;31:*.dz=01;31:*.gz=01;31:*.lrz=01;31:*.lz=01;31:*.lzo=01;31:*.xz=01;31:*.zst=01;31:*.tzst=01;31:*.bz2=01;31:*.bz=01;31:*.tbz=01;31:*.tbz2=01;31:*.tz=01;31:*.deb=01;31:*.rpm=01;31:*.jar=01;31:*.war=01;31:*.ear=01;31:*.sar=01;31:*.rar=01;31:*.alz=01;31:*.ace=01;31:*.zoo=01;31:*.cpio=01;31:*.7z=01;31:*.rz=01;31:*.cab=01;31:*.wim=01;31:*.swm=01;31:*.dwm=01;31:*.esd=01;31:*.jpg=01;35:*.jpeg=01;35:*.mjpg=01;35:*.mjpeg=01;35:*.gif=01;35:*.bmp=01;35:*.pbm=01;35:*.pgm=01;35:*.ppm=01;35:*.tga=01;35:*.xbm=01;35:*.xpm=01;35:*.tif=01;35:*.tiff=01;35:*.png=01;35:*.svg=01;35:*.svgz=01;35:*.mng=01;35:*.pcx=01;35:*.mov=01;35:*.mpg=01;35:*.mpeg=01;35:*.m2v=01;35:*.mkv=01;35:*.webm=01;35:*.webp=01;35:*.ogm=01;35:*.mp4=01;35:*.m4v=01;35:*.mp4v=01;35:*.vob=01;35:*.qt=01;35:*.nuv=01;35:*.wmv=01;35:*.asf=01;35:*.rm=01;35:*.rmvb=01;35:*.flc=01;35:*.avi=01;35:*.fli=01;35:*.flv=01;35:*.gl=01;35:*.dl=01;35:*.xcf=01;35:*.xwd=01;35:*.yuv=01;35:*.cgm=01;35:*.emf=01;35:*.ogv=01;35:*.ogx=01;35:*.aac=00;36:*.au=00;36:*.flac=00;36:*.m4a=00;36:*.mid=00;36:*.midi=00;36:*.mka=00;36:*.mp3=00;36:*.mpc=00;36:*.ogg=00;36:*.ra=00;36:*.wav=00;36:*.oga=00;36:*.opus=00;36:*.spx=00;36:*.xspf=00;36:'), ('SSH_AUTH_SOCK', '/run/user/1000/keyring/ssh'), ('SSH_AGENT_LAUNCHER', 'gnome-keyring'), ('AMENT_PREFIX_PATH', '/home/lee/workspace/ros2_ex_mav/install/px4_multi_uav:/home/lee/workspace/ros2_ex_mav/install/mav:/home/lee/workspace/ros2_ex_mav/install/px4_msgs:/home/lee/workspace/ros2_ex/install/mav:/home/lee/workspace/ros2_ex/install/ground:/home/lee/workspace/ros2_ex/install/MAV:/home/lee/workspace/ros2_ex/install/px4_msgs:/opt/ros/humble'), ('TERMINATOR_UUID', 'urn:uuid:d1338618-454e-415d-a7f1-4a6142cb5d95'), ('SHELL', '/usr/bin/zsh'), ('LC_NAME', 'lzh_TW'), ('QT_ACCESSIBILITY', '1'), ('GDMSESSION', 'ubuntu'), ('GZ_SIM_MODEL_PATH', '/home/lee/PX4-Autopilot/Tools/simulation/gz/models'), ('LC_MEASUREMENT', 'lzh_TW'), ('LC_IDENTIFICATION', 'lzh_TW'), ('GPG_AGENT_INFO', '/run/user/1000/gnupg/S.gpg-agent:0:1'), ('P9K_SSH', '0'), ('QT_IM_MODULE', 'ibus'), ('LC_ALL', 'en_US.UTF-8'), ('PWD', '/home/lee/workspace/ros2_ex_mav/build/mav'), ('XDG_DATA_DIRS', '/usr/share/ubuntu:/usr/share/gnome:/usr/local/share/:/usr/share/:/var/lib/snapd/desktop'), ('XDG_CONFIG_DIRS', '/etc/xdg/xdg-ubuntu:/etc/xdg'), ('GAZEBO_PLUGIN_PATH', ':/home/lee/PX4-Autopilot/build/px4_sitl_default/src/lib'), ('_P9K_TTY', '/dev/pts/10'), ('LC_NUMERIC', 'lzh_TW'), ('PYTHONPATH', '/home/lee/workspace/ros2_ex_mav/install/px4_msgs/local/lib/python3.10/dist-packages:/home/lee/workspace/ros2_ex/install/px4_msgs/local/lib/python3.10/dist-packages:/opt/ros/humble/lib/python3.10/site-packages:/opt/ros/humble/local/lib/python3.10/dist-packages'), ('LC_PAPER', 'lzh_TW'), ('COLCON', '1'), ('VTE_VERSION', '6800'), ('CMAKE_PREFIX_PATH', '/home/lee/workspace/ros2_ex_mav/install/px4_msgs:/home/lee/workspace/ros2_ex_mav/install/px4_multi_uav:/home/lee/workspace/ros2_ex_mav/install/mav:/home/lee/workspace/ros2_ex/install/mav:/home/lee/workspace/ros2_ex/install/ground:/home/lee/workspace/ros2_ex/install/MAV4:/home/lee/workspace/ros2_ex/install/MAV3:/home/lee/workspace/ros2_ex/install/MAV2:/home/lee/workspace/ros2_ex/install/MAV1:/home/lee/workspace/ros2_ex/install/MAV:/home/lee/workspace/ros2_ex/install/px4_msgs:/opt/ros/humble')]), 'shell': False}
[0.596088] (mav) StdoutLine: {'line': b'-- Install configuration: "RelWithDebInfo"\n'}
[0.596333] (mav) StdoutLine: {'line': b'-- Execute custom install script\n'}
[0.596466] (mav) StdoutLine: {'line': b'-- Up-to-date symlink: /home/lee/workspace/ros2_ex_mav/install/mav/lib/mav/mav1\n'}
[0.596538] (mav) StdoutLine: {'line': b'-- Up-to-date symlink: /home/lee/workspace/ros2_ex_mav/install/mav/lib/mav/mav2\n'}
[0.596604] (mav) StdoutLine: {'line': b'-- Up-to-date symlink: /home/lee/workspace/ros2_ex_mav/install/mav/lib/mav/mav3\n'}
[0.596789] (mav) StdoutLine: {'line': b'-- Up-to-date symlink: /home/lee/workspace/ros2_ex_mav/install/mav/lib/mav/mav4\n'}
[0.596848] (mav) StdoutLine: {'line': b'-- Up-to-date symlink: /home/lee/workspace/ros2_ex_mav/install/mav/lib/mav/mav1_syn\n'}
[0.596871] (mav) StdoutLine: {'line': b'-- Up-to-date symlink: /home/lee/workspace/ros2_ex_mav/install/mav/lib/mav/mav2_syn\n'}
[0.596891] (mav) StdoutLine: {'line': b'-- Up-to-date symlink: /home/lee/workspace/ros2_ex_mav/install/mav/lib/mav/mav3_syn\n'}
[0.596910] (mav) StdoutLine: {'line': b'-- Up-to-date symlink: /home/lee/workspace/ros2_ex_mav/install/mav/lib/mav/mav4_syn\n'}
[0.596945] (mav) StdoutLine: {'line': b'-- Up-to-date symlink: /home/lee/workspace/ros2_ex_mav/install/mav/share/mav/launch/mav_launch.xml\n'}
[0.596980] (mav) StdoutLine: {'line': b'-- Up-to-date symlink: /home/lee/workspace/ros2_ex_mav/install/mav/share/mav/launch/mav_syn_launch\n'}
[0.597037] (mav) StdoutLine: {'line': b'-- Up-to-date symlink: /home/lee/workspace/ros2_ex_mav/install/mav/share/ament_index/resource_index/package_run_dependencies/mav\n'}
[0.597094] (mav) StdoutLine: {'line': b'-- Up-to-date symlink: /home/lee/workspace/ros2_ex_mav/install/mav/share/ament_index/resource_index/parent_prefix_path/mav\n'}
[0.597169] (mav) StdoutLine: {'line': b'-- Up-to-date symlink: /home/lee/workspace/ros2_ex_mav/install/mav/share/mav/environment/ament_prefix_path.sh\n'}
[0.597205] (mav) StdoutLine: {'line': b'-- Up-to-date symlink: /home/lee/workspace/ros2_ex_mav/install/mav/share/mav/environment/ament_prefix_path.dsv\n'}
[0.597245] (mav) StdoutLine: {'line': b'-- Up-to-date symlink: /home/lee/workspace/ros2_ex_mav/install/mav/share/mav/environment/path.sh\n'}
[0.597291] (mav) StdoutLine: {'line': b'-- Up-to-date symlink: /home/lee/workspace/ros2_ex_mav/install/mav/share/mav/environment/path.dsv\n'}
[0.597339] (mav) StdoutLine: {'line': b'-- Up-to-date symlink: /home/lee/workspace/ros2_ex_mav/install/mav/share/mav/local_setup.bash\n'}
[0.597385] (mav) StdoutLine: {'line': b'-- Up-to-date symlink: /home/lee/workspace/ros2_ex_mav/install/mav/share/mav/local_setup.sh\n'}
[0.597430] (mav) StdoutLine: {'line': b'-- Up-to-date symlink: /home/lee/workspace/ros2_ex_mav/install/mav/share/mav/local_setup.zsh\n'}
[0.597475] (mav) StdoutLine: {'line': b'-- Up-to-date symlink: /home/lee/workspace/ros2_ex_mav/install/mav/share/mav/local_setup.dsv\n'}
[0.597510] (mav) StdoutLine: {'line': b'-- Symlinking: /home/lee/workspace/ros2_ex_mav/install/mav/share/mav/package.dsv\n'}
[0.599978] (-) TimerEvent: {}
[0.603536] (mav) StdoutLine: {'line': b'-- Up-to-date symlink: /home/lee/workspace/ros2_ex_mav/install/mav/share/ament_index/resource_index/packages/mav\n'}
[0.603655] (mav) StdoutLine: {'line': b'-- Up-to-date symlink: /home/lee/workspace/ros2_ex_mav/install/mav/share/mav/cmake/mavConfig.cmake\n'}
[0.603691] (mav) StdoutLine: {'line': b'-- Up-to-date symlink: /home/lee/workspace/ros2_ex_mav/install/mav/share/mav/cmake/mavConfig-version.cmake\n'}
[0.603730] (mav) StdoutLine: {'line': b'-- Up-to-date symlink: /home/lee/workspace/ros2_ex_mav/install/mav/share/mav/package.xml\n'}
[0.604714] (mav) CommandEnded: {'returncode': 0}
[0.611471] (mav) JobEnded: {'identifier': 'mav', 'rc': 0}
[0.700063] (-) TimerEvent: {}
[0.800232] (-) TimerEvent: {}
[0.900416] (-) TimerEvent: {}
[1.000628] (-) TimerEvent: {}
[1.100839] (-) TimerEvent: {}
[1.201024] (-) TimerEvent: {}
[1.301208] (-) TimerEvent: {}
[1.401390] (-) TimerEvent: {}
[1.501607] (-) TimerEvent: {}
[1.601795] (-) TimerEvent: {}
[1.701966] (-) TimerEvent: {}
[1.802091] (-) TimerEvent: {}
[1.902233] (-) TimerEvent: {}
[2.002421] (-) TimerEvent: {}
[2.102668] (-) TimerEvent: {}
[2.202858] (-) TimerEvent: {}
[2.303045] (-) TimerEvent: {}
[2.403233] (-) TimerEvent: {}
[2.503423] (-) TimerEvent: {}
[2.603612] (-) TimerEvent: {}
[2.703810] (-) TimerEvent: {}
[2.804012] (-) TimerEvent: {}
[2.904208] (-) TimerEvent: {}
[3.004425] (-) TimerEvent: {}
[3.104652] (-) TimerEvent: {}
[3.204844] (-) TimerEvent: {}
[3.305035] (-) TimerEvent: {}
[3.405223] (-) TimerEvent: {}
[3.505403] (-) TimerEvent: {}
[3.605611] (-) TimerEvent: {}
[3.705810] (-) TimerEvent: {}
[3.806017] (-) TimerEvent: {}
[3.906214] (-) TimerEvent: {}
[4.006405] (-) TimerEvent: {}
[4.106644] (-) TimerEvent: {}
[4.206843] (-) TimerEvent: {}
[4.307032] (-) TimerEvent: {}
[4.407221] (-) TimerEvent: {}
[4.507418] (-) TimerEvent: {}
[4.607656] (-) TimerEvent: {}
[4.707858] (-) TimerEvent: {}
[4.808074] (-) TimerEvent: {}
[4.908270] (-) TimerEvent: {}
[5.008460] (-) TimerEvent: {}
[5.108659] (-) TimerEvent: {}
[5.208844] (-) TimerEvent: {}
[5.309030] (-) TimerEvent: {}
[5.409211] (-) TimerEvent: {}
[5.509397] (-) TimerEvent: {}
[5.609614] (-) TimerEvent: {}
[5.709800] (-) TimerEvent: {}
[5.809987] (-) TimerEvent: {}
[5.910173] (-) TimerEvent: {}
[6.010393] (-) TimerEvent: {}
[6.110608] (-) TimerEvent: {}
[6.210867] (-) TimerEvent: {}
[6.311165] (-) TimerEvent: {}
[6.411396] (-) TimerEvent: {}
[6.511612] (-) TimerEvent: {}
[6.611862] (-) TimerEvent: {}
[6.712103] (-) TimerEvent: {}
[6.812339] (-) TimerEvent: {}
[6.912526] (-) TimerEvent: {}
[7.012738] (-) TimerEvent: {}
[7.112931] (-) TimerEvent: {}
[7.213147] (-) TimerEvent: {}
[7.313359] (-) TimerEvent: {}
[7.413695] (-) TimerEvent: {}
[7.513939] (-) TimerEvent: {}
[7.614154] (-) TimerEvent: {}
[7.714366] (-) TimerEvent: {}
[7.814578] (-) TimerEvent: {}
[7.914807] (-) TimerEvent: {}
[8.014989] (-) TimerEvent: {}
[8.115183] (-) TimerEvent: {}
[8.215402] (-) TimerEvent: {}
[8.315603] (-) TimerEvent: {}
[8.415829] (-) TimerEvent: {}
[8.516005] (-) TimerEvent: {}
[8.616212] (-) TimerEvent: {}
[8.716502] (-) TimerEvent: {}
[8.816702] (-) TimerEvent: {}
[8.916902] (-) TimerEvent: {}
[9.017098] (-) TimerEvent: {}
[9.117307] (-) TimerEvent: {}
[9.217529] (-) TimerEvent: {}
[9.317712] (-) TimerEvent: {}
[9.417900] (-) TimerEvent: {}
[9.518131] (-) TimerEvent: {}
[9.618320] (-) TimerEvent: {}
[9.718541] (-) TimerEvent: {}
[9.818778] (-) TimerEvent: {}
[9.918989] (-) TimerEvent: {}
[9.984877] (px4_multi_uav) StdoutLine: {'line': b'[100%] \x1b[32m\x1b[1mLinking CXX executable formation\x1b[0m\n'}
[10.019074] (-) TimerEvent: {}
[10.119257] (-) TimerEvent: {}
[10.146538] (px4_multi_uav) StdoutLine: {'line': b'[100%] Built target formation\n'}
[10.152231] (px4_multi_uav) CommandEnded: {'returncode': 0}
[10.152642] (px4_multi_uav) JobProgress: {'identifier': 'px4_multi_uav', 'progress': 'install'}
[10.153056] (px4_multi_uav) Command: {'cmd': ['/usr/bin/cmake', '--install', '/home/lee/workspace/ros2_ex_mav/build/px4_multi_uav'], 'cwd': '/home/lee/workspace/ros2_ex_mav/build/px4_multi_uav', 'env': OrderedDict([('GZ_SIM_SYSTEM_PLUGIN_PATH', ':/home/lee/gazebo_maritime_ws/install/lib:/home/lee/workspace/gz_sim_modle/gazebo_joint_plugin/build:/home/lee/PX4-Autopilot/Tools/sitl_gazebo/build/px4_sitl_default/build_gz'), ('USER', 'lee'), ('LC_TIME', 'lzh_TW'), ('GZ_SIM_RESOURCE_PATH', ':/home/lee/PX4-Autopilot/Tools/sitl_gazebo/models:/home/lee/workspace/gz_sim_modle:/usr/share/gz/gz-sim8/worlds:/home/lee/PX4-Autopilot/Tools/simulation/gz/worlds:/home/lee/PX4-Autopilot/Tools/sitl_gazebo/models:/home/lee/PX4-Autopilot/Tools/simulation/gz/models'), ('XDG_SESSION_TYPE', 'x11'), ('SHLVL', '1'), ('LD_LIBRARY_PATH', '/home/lee/workspace/ros2_ex_mav/install/px4_msgs/lib:/home/lee/workspace/ros2_ex/install/px4_msgs/lib:/opt/ros/humble/opt/rviz_ogre_vendor/lib:/opt/ros/humble/lib/x86_64-linux-gnu:/opt/ros/humble/lib:/home/lee/gazebo_maritime_ws/install/lib'), ('HOME', '/home/lee'), ('OLDPWD', '/home/lee'), ('LESS', '-R'), ('DESKTOP_SESSION', 'ubuntu'), ('ZSH', '/home/lee/.oh-my-zsh'), ('LSCOLORS', 'Gxfxcxdxbxegedabagacad'), ('GTK_MODULES', 'gail:atk-bridge'), ('GNOME_SHELL_SESSION_MODE', 'ubuntu'), ('PAGER', 'less'), ('ROS_PYTHON_VERSION', '3'), ('MANAGERPID', '1906'), ('LC_MONETARY', 'lzh_TW'), ('SYSTEMD_EXEC_PID', '2299'), ('DBUS_SESSION_BUS_ADDRESS', 'unix:path=/run/user/1000/bus'), ('P9K_TTY', 'old'), ('GIO_LAUNCHED_DESKTOP_FILE_PID', '22104'), ('COLORTERM', 'truecolor'), ('TERMINATOR_DBUS_NAME', 'net.tenshu.Terminator23558193cd9818af7fe4d2c2f5bd9d00f'), ('_colcon_cd_root', '/opt/ros/humble/'), ('ROS_DISTRO', 'humble'), ('COLCON_PREFIX_PATH', '/home/lee/workspace/ros2_ex_mav/install:/home/lee/workspace/ros2_ex/install'), ('GTK_IM_MODULE', 'ibus'), ('LOGNAME', 'lee'), ('JOURNAL_STREAM', '8:20942'), ('_P9K_SSH_TTY', '/dev/pts/10'), ('_', '/usr/bin/colcon'), ('XDG_SESSION_CLASS', 'user'), ('ROS_VERSION', '2'), ('TERM', 'xterm-256color'), ('USERNAME', 'lee'), ('GAZEBO_MODEL_PATH', '/home/lee/PX4-Autopilot/Tools/simulation/gz/models'), ('GNOME_DESKTOP_SESSION_ID', 'this-is-deprecated'), ('ROS_LOCALHOST_ONLY', '0'), ('WINDOWPATH', '2'), ('PATH', '/opt/ros/humble/bin:/usr/local/MATLAB/R2024b/bin/:/home/lee/.local/bin:/usr/local/sbin:/usr/local/bin:/usr/sbin:/usr/bin:/sbin:/bin:/usr/games:/usr/local/games:/snap/bin:/snap/bin'), ('SESSION_MANAGER', 'local/lee-System-Product-Name:@/tmp/.ICE-unix/2136,unix/lee-System-Product-Name:/tmp/.ICE-unix/2136'), ('INVOCATION_ID', 'cd208e3c12a34c228f9f8a38a5c838eb'), ('XDG_MENU_PREFIX', 'gnome-'), ('XDG_RUNTIME_DIR', '/run/user/1000'), ('LC_ADDRESS', 'lzh_TW'), ('DISPLAY', ':1'), ('LANG', 'en_US.UTF-8'), ('XDG_CURRENT_DESKTOP', 'ubuntu:GNOME'), ('IBUS_DISABLE_SNOOPER', '1'), ('LC_TELEPHONE', 'lzh_TW'), ('TERMINATOR_DBUS_PATH', '/net/tenshu/Terminator2'), ('GZ_TRANSPORT_VERSION', '12'), ('XDG_SESSION_DESKTOP', 'ubuntu'), ('XMODIFIERS', '@im=ibus'), ('XAUTHORITY', '/run/user/1000/gdm/Xauthority'), ('LS_COLORS', 'rs=0:di=01;34:ln=01;36:mh=00:pi=40;33:so=01;35:do=01;35:bd=40;33;01:cd=40;33;01:or=40;31;01:mi=00:su=37;41:sg=30;43:ca=30;41:tw=30;42:ow=34;42:st=37;44:ex=01;32:*.tar=01;31:*.tgz=01;31:*.arc=01;31:*.arj=01;31:*.taz=01;31:*.lha=01;31:*.lz4=01;31:*.lzh=01;31:*.lzma=01;31:*.tlz=01;31:*.txz=01;31:*.tzo=01;31:*.t7z=01;31:*.zip=01;31:*.z=01;31:*.dz=01;31:*.gz=01;31:*.lrz=01;31:*.lz=01;31:*.lzo=01;31:*.xz=01;31:*.zst=01;31:*.tzst=01;31:*.bz2=01;31:*.bz=01;31:*.tbz=01;31:*.tbz2=01;31:*.tz=01;31:*.deb=01;31:*.rpm=01;31:*.jar=01;31:*.war=01;31:*.ear=01;31:*.sar=01;31:*.rar=01;31:*.alz=01;31:*.ace=01;31:*.zoo=01;31:*.cpio=01;31:*.7z=01;31:*.rz=01;31:*.cab=01;31:*.wim=01;31:*.swm=01;31:*.dwm=01;31:*.esd=01;31:*.jpg=01;35:*.jpeg=01;35:*.mjpg=01;35:*.mjpeg=01;35:*.gif=01;35:*.bmp=01;35:*.pbm=01;35:*.pgm=01;35:*.ppm=01;35:*.tga=01;35:*.xbm=01;35:*.xpm=01;35:*.tif=01;35:*.tiff=01;35:*.png=01;35:*.svg=01;35:*.svgz=01;35:*.mng=01;35:*.pcx=01;35:*.mov=01;35:*.mpg=01;35:*.mpeg=01;35:*.m2v=01;35:*.mkv=01;35:*.webm=01;35:*.webp=01;35:*.ogm=01;35:*.mp4=01;35:*.m4v=01;35:*.mp4v=01;35:*.vob=01;35:*.qt=01;35:*.nuv=01;35:*.wmv=01;35:*.asf=01;35:*.rm=01;35:*.rmvb=01;35:*.flc=01;35:*.avi=01;35:*.fli=01;35:*.flv=01;35:*.gl=01;35:*.dl=01;35:*.xcf=01;35:*.xwd=01;35:*.yuv=01;35:*.cgm=01;35:*.emf=01;35:*.ogv=01;35:*.ogx=01;35:*.aac=00;36:*.au=00;36:*.flac=00;36:*.m4a=00;36:*.mid=00;36:*.midi=00;36:*.mka=00;36:*.mp3=00;36:*.mpc=00;36:*.ogg=00;36:*.ra=00;36:*.wav=00;36:*.oga=00;36:*.opus=00;36:*.spx=00;36:*.xspf=00;36:'), ('SSH_AUTH_SOCK', '/run/user/1000/keyring/ssh'), ('SSH_AGENT_LAUNCHER', 'gnome-keyring'), ('AMENT_PREFIX_PATH', '/home/lee/workspace/ros2_ex_mav/install/px4_multi_uav:/home/lee/workspace/ros2_ex_mav/install/mav:/home/lee/workspace/ros2_ex_mav/install/px4_msgs:/home/lee/workspace/ros2_ex/install/mav:/home/lee/workspace/ros2_ex/install/ground:/home/lee/workspace/ros2_ex/install/MAV:/home/lee/workspace/ros2_ex/install/px4_msgs:/opt/ros/humble'), ('TERMINATOR_UUID', 'urn:uuid:d1338618-454e-415d-a7f1-4a6142cb5d95'), ('SHELL', '/usr/bin/zsh'), ('LC_NAME', 'lzh_TW'), ('QT_ACCESSIBILITY', '1'), ('GDMSESSION', 'ubuntu'), ('GZ_SIM_MODEL_PATH', '/home/lee/PX4-Autopilot/Tools/simulation/gz/models'), ('LC_MEASUREMENT', 'lzh_TW'), ('LC_IDENTIFICATION', 'lzh_TW'), ('GPG_AGENT_INFO', '/run/user/1000/gnupg/S.gpg-agent:0:1'), ('P9K_SSH', '0'), ('QT_IM_MODULE', 'ibus'), ('LC_ALL', 'en_US.UTF-8'), ('PWD', '/home/lee/workspace/ros2_ex_mav/build/px4_multi_uav'), ('XDG_DATA_DIRS', '/usr/share/ubuntu:/usr/share/gnome:/usr/local/share/:/usr/share/:/var/lib/snapd/desktop'), ('XDG_CONFIG_DIRS', '/etc/xdg/xdg-ubuntu:/etc/xdg'), ('GAZEBO_PLUGIN_PATH', ':/home/lee/PX4-Autopilot/build/px4_sitl_default/src/lib'), ('_P9K_TTY', '/dev/pts/10'), ('LC_NUMERIC', 'lzh_TW'), ('PYTHONPATH', '/home/lee/workspace/ros2_ex_mav/install/px4_msgs/local/lib/python3.10/dist-packages:/home/lee/workspace/ros2_ex/install/px4_msgs/local/lib/python3.10/dist-packages:/opt/ros/humble/lib/python3.10/site-packages:/opt/ros/humble/local/lib/python3.10/dist-packages'), ('LC_PAPER', 'lzh_TW'), ('COLCON', '1'), ('VTE_VERSION', '6800'), ('CMAKE_PREFIX_PATH', '/home/lee/workspace/ros2_ex_mav/install/px4_msgs:/home/lee/workspace/ros2_ex_mav/install/px4_multi_uav:/home/lee/workspace/ros2_ex_mav/install/mav:/home/lee/workspace/ros2_ex/install/mav:/home/lee/workspace/ros2_ex/install/ground:/home/lee/workspace/ros2_ex/install/MAV4:/home/lee/workspace/ros2_ex/install/MAV3:/home/lee/workspace/ros2_ex/install/MAV2:/home/lee/workspace/ros2_ex/install/MAV1:/home/lee/workspace/ros2_ex/install/MAV:/home/lee/workspace/ros2_ex/install/px4_msgs:/opt/ros/humble')]), 'shell': False}
[10.158223] (px4_multi_uav) StdoutLine: {'line': b'-- Install configuration: "RelWithDebInfo"\n'}
[10.158551] (px4_multi_uav) StdoutLine: {'line': b'-- Execute custom install script\n'}
[10.158772] (px4_multi_uav) StdoutLine: {'line': b'-- Up-to-date symlink: /home/lee/workspace/ros2_ex_mav/install/px4_multi_uav/lib/px4_multi_uav/formation\n'}
[10.158875] (px4_multi_uav) StdoutLine: {'line': b'-- Up-to-date symlink: /home/lee/workspace/ros2_ex_mav/install/px4_multi_uav/lib/px4_multi_uav/keyboard_node\n'}
[10.158971] (px4_multi_uav) StdoutLine: {'line': b'-- Up-to-date symlink: /home/lee/workspace/ros2_ex_mav/install/px4_multi_uav/lib/px4_multi_uav/leader\n'}
[10.159064] (px4_multi_uav) StdoutLine: {'line': b'-- Up-to-date symlink: /home/lee/workspace/ros2_ex_mav/install/px4_multi_uav/lib/px4_multi_uav/mav1\n'}
[10.159156] (px4_multi_uav) StdoutLine: {'line': b'-- Up-to-date symlink: /home/lee/workspace/ros2_ex_mav/install/px4_multi_uav/lib/px4_multi_uav/mav2\n'}
[10.159245] (px4_multi_uav) StdoutLine: {'line': b'-- Up-to-date symlink: /home/lee/workspace/ros2_ex_mav/install/px4_multi_uav/lib/px4_multi_uav/mav3\n'}
[10.159333] (px4_multi_uav) StdoutLine: {'line': b'-- Up-to-date symlink: /home/lee/workspace/ros2_ex_mav/install/px4_multi_uav/lib/px4_multi_uav/mav4\n'}
[10.159534] (px4_multi_uav) StdoutLine: {'line': b'-- Up-to-date symlink: /home/lee/workspace/ros2_ex_mav/install/px4_multi_uav/share/px4_multi_uav/launch/formation_launch.xml\n'}
[10.159601] (px4_multi_uav) StdoutLine: {'line': b'-- Up-to-date symlink: /home/lee/workspace/ros2_ex_mav/install/px4_multi_uav/share/px4_multi_uav/launch/mav_launch.xml\n'}
[10.159723] (px4_multi_uav) StdoutLine: {'line': b'-- Up-to-date symlink: /home/lee/workspace/ros2_ex_mav/install/px4_multi_uav/share/ament_index/resource_index/package_run_dependencies/px4_multi_uav\n'}
[10.159829] (px4_multi_uav) StdoutLine: {'line': b'-- Up-to-date symlink: /home/lee/workspace/ros2_ex_mav/install/px4_multi_uav/share/ament_index/resource_index/parent_prefix_path/px4_multi_uav\n'}
[10.159930] (px4_multi_uav) StdoutLine: {'line': b'-- Up-to-date symlink: /home/lee/workspace/ros2_ex_mav/install/px4_multi_uav/share/px4_multi_uav/environment/ament_prefix_path.sh\n'}
[10.160022] (px4_multi_uav) StdoutLine: {'line': b'-- Up-to-date symlink: /home/lee/workspace/ros2_ex_mav/install/px4_multi_uav/share/px4_multi_uav/environment/ament_prefix_path.dsv\n'}
[10.160117] (px4_multi_uav) StdoutLine: {'line': b'-- Up-to-date symlink: /home/lee/workspace/ros2_ex_mav/install/px4_multi_uav/share/px4_multi_uav/environment/path.sh\n'}
[10.160208] (px4_multi_uav) StdoutLine: {'line': b'-- Up-to-date symlink: /home/lee/workspace/ros2_ex_mav/install/px4_multi_uav/share/px4_multi_uav/environment/path.dsv\n'}
[10.160299] (px4_multi_uav) StdoutLine: {'line': b'-- Up-to-date symlink: /home/lee/workspace/ros2_ex_mav/install/px4_multi_uav/share/px4_multi_uav/local_setup.bash\n'}
[10.160388] (px4_multi_uav) StdoutLine: {'line': b'-- Up-to-date symlink: /home/lee/workspace/ros2_ex_mav/install/px4_multi_uav/share/px4_multi_uav/local_setup.sh\n'}
[10.160476] (px4_multi_uav) StdoutLine: {'line': b'-- Up-to-date symlink: /home/lee/workspace/ros2_ex_mav/install/px4_multi_uav/share/px4_multi_uav/local_setup.zsh\n'}
[10.160563] (px4_multi_uav) StdoutLine: {'line': b'-- Up-to-date symlink: /home/lee/workspace/ros2_ex_mav/install/px4_multi_uav/share/px4_multi_uav/local_setup.dsv\n'}
[10.160630] (px4_multi_uav) StdoutLine: {'line': b'-- Symlinking: /home/lee/workspace/ros2_ex_mav/install/px4_multi_uav/share/px4_multi_uav/package.dsv\n'}
[10.165066] (px4_multi_uav) StdoutLine: {'line': b'-- Up-to-date symlink: /home/lee/workspace/ros2_ex_mav/install/px4_multi_uav/share/ament_index/resource_index/packages/px4_multi_uav\n'}
[10.165168] (px4_multi_uav) StdoutLine: {'line': b'-- Up-to-date symlink: /home/lee/workspace/ros2_ex_mav/install/px4_multi_uav/share/px4_multi_uav/cmake/px4_multi_uavConfig.cmake\n'}
[10.165236] (px4_multi_uav) StdoutLine: {'line': b'-- Up-to-date symlink: /home/lee/workspace/ros2_ex_mav/install/px4_multi_uav/share/px4_multi_uav/cmake/px4_multi_uavConfig-version.cmake\n'}
[10.165328] (px4_multi_uav) StdoutLine: {'line': b'-- Up-to-date symlink: /home/lee/workspace/ros2_ex_mav/install/px4_multi_uav/share/px4_multi_uav/package.xml\n'}
[10.166366] (px4_multi_uav) CommandEnded: {'returncode': 0}
[10.173356] (px4_multi_uav) JobEnded: {'identifier': 'px4_multi_uav', 'rc': 0}
[10.173738] (-) EventReactorShutdown: {}
