[0.000000] (-) TimerEvent: {}
[0.000118] (px4_msgs) JobQueued: {'identifier': 'px4_msgs', 'dependencies': OrderedDict()}
[0.000141] (mav) JobQueued: {'identifier': 'mav', 'dependencies': OrderedDict([('px4_msgs', '/home/lee/workspace/ros2_ex_mav/install/px4_msgs')])}
[0.000193] (px4_multi_uav) JobQueued: {'identifier': 'px4_multi_uav', 'dependencies': OrderedDict([('px4_msgs', '/home/lee/workspace/ros2_ex_mav/install/px4_msgs')])}
[0.000210] (px4_msgs) JobStarted: {'identifier': 'px4_msgs'}
[0.004535] (px4_msgs) JobProgress: {'identifier': 'px4_msgs', 'progress': 'cmake'}
[0.004997] (px4_msgs) JobProgress: {'identifier': 'px4_msgs', 'progress': 'build'}
[0.005559] (px4_msgs) Command: {'cmd': ['/usr/bin/cmake', '--build', '/home/lee/workspace/ros2_ex_mav/build/px4_msgs', '--', '-j32', '-l32'], 'cwd': '/home/lee/workspace/ros2_ex_mav/build/px4_msgs', 'env': OrderedDict([('GJS_DEBUG_TOPICS', 'JS ERROR;JS LOG'), ('GZ_SIM_SYSTEM_PLUGIN_PATH', ':/home/lee/gazebo_maritime_ws/install/lib:/home/lee/workspace/gz_sim_modle/gazebo_joint_plugin/build:/home/lee/PX4-Autopilot/Tools/sitl_gazebo/build/px4_sitl_default/build_gz:/home/lee/gazebo_maritime_ws/install/lib:/home/lee/workspace/gz_sim_modle/gazebo_joint_plugin/build:/home/lee/PX4-Autopilot/Tools/sitl_gazebo/build/px4_sitl_default/build_gz'), ('PYTHON_BASIC_REPL', '1'), ('LC_TIME', 'lzh_TW'), ('USER', 'lee'), ('GZ_SIM_RESOURCE_PATH', ':/home/lee/PX4-Autopilot/Tools/sitl_gazebo/models:/home/lee/workspace/gz_sim_modle:/usr/share/gz/gz-sim8/worlds:/home/lee/PX4-Autopilot/Tools/simulation/gz/worlds:/home/lee/PX4-Autopilot/Tools/sitl_gazebo/models:/home/lee/PX4-Autopilot/Tools/simulation/gz/models:/home/lee/PX4-Autopilot/Tools/sitl_gazebo/models:/home/lee/workspace/gz_sim_modle:/usr/share/gz/gz-sim8/worlds:/home/lee/PX4-Autopilot/Tools/simulation/gz/worlds:/home/lee/PX4-Autopilot/Tools/sitl_gazebo/models:/home/lee/PX4-Autopilot/Tools/simulation/gz/models'), ('XDG_SESSION_TYPE', 'x11'), ('GIT_ASKPASS', '/usr/share/code/resources/app/extensions/git/dist/askpass.sh'), ('SHLVL', '2'), ('LD_LIBRARY_PATH', '/home/lee/workspace/ros2_ex/install/px4_msgs/lib:/opt/ros/humble/opt/rviz_ogre_vendor/lib:/opt/ros/humble/lib/x86_64-linux-gnu:/opt/ros/humble/lib:/home/lee/gazebo_maritime_ws/install/lib:/home/lee/gazebo_maritime_ws/install/lib'), ('HOME', '/home/lee'), ('CHROME_DESKTOP', 'code.desktop'), ('OLDPWD', '/home/lee/workspace/ros2_ex_mav'), ('LESS', '-R'), ('DESKTOP_SESSION', 'ubuntu'), ('TERM_PROGRAM_VERSION', '1.100.2'), ('GIO_LAUNCHED_DESKTOP_FILE', '/usr/share/applications/code.desktop'), ('ZSH', '/home/lee/.oh-my-zsh'), ('LSCOLORS', 'Gxfxcxdxbxegedabagacad'), ('GTK_MODULES', 'gail:atk-bridge'), ('GNOME_SHELL_SESSION_MODE', 'ubuntu'), ('PAGER', 'less'), ('ROS_PYTHON_VERSION', '3'), ('VSCODE_GIT_ASKPASS_MAIN', '/usr/share/code/resources/app/extensions/git/dist/askpass-main.js'), ('LC_MONETARY', 'lzh_TW'), ('MANAGERPID', '1906'), ('VSCODE_GIT_ASKPASS_NODE', '/usr/share/code/code'), ('SYSTEMD_EXEC_PID', '2136'), ('DBUS_SESSION_BUS_ADDRESS', 'unix:path=/run/user/1000/bus,guid=6db25e565444af867a712119692cedd4'), ('DBUS_STARTER_BUS_TYPE', 'session'), ('P9K_TTY', 'old'), ('GIO_LAUNCHED_DESKTOP_FILE_PID', '7899'), ('COLORTERM', 'truecolor'), ('_colcon_cd_root', '/opt/ros/humble/'), ('ROS_DISTRO', 'humble'), ('COLCON_PREFIX_PATH', '/home/lee/workspace/ros2_ex/install'), ('LOGNAME', 'lee'), ('GTK_IM_MODULE', 'ibus'), ('JOURNAL_STREAM', '8:20924'), ('_P9K_SSH_TTY', '/dev/pts/4'), ('_', '/usr/bin/colcon'), ('XDG_SESSION_CLASS', 'user'), ('ROS_VERSION', '2'), ('USER_ZDOTDIR', '/home/lee'), ('USERNAME', 'lee'), ('TERM', 'xterm-256color'), ('GAZEBO_MODEL_PATH', '/home/lee/PX4-Autopilot/Tools/simulation/gz/models'), ('GNOME_DESKTOP_SESSION_ID', 'this-is-deprecated'), ('ROS_LOCALHOST_ONLY', '0'), ('WINDOWPATH', '2'), ('PATH', '/usr/local/MATLAB/R2024b/bin/:/opt/ros/humble/bin:/usr/local/MATLAB/R2024b/bin/:/home/lee/.local/bin:/usr/local/sbin:/usr/local/bin:/usr/sbin:/usr/bin:/sbin:/bin:/usr/games:/usr/local/games:/snap/bin:/snap/bin:/home/lee/.config/Code/User/globalStorage/github.copilot-chat/debugCommand'), ('SESSION_MANAGER', 'local/lee-System-Product-Name:@/tmp/.ICE-unix/2136,unix/lee-System-Product-Name:/tmp/.ICE-unix/2136'), ('INVOCATION_ID', '03cc1ef568774989b95153ffa35a0860'), ('LC_ADDRESS', 'lzh_TW'), ('XDG_RUNTIME_DIR', '/run/user/1000'), ('XDG_MENU_PREFIX', 'gnome-'), ('GDK_BACKEND', 'x11'), ('GNOME_TERMINAL_SCREEN', '/org/gnome/Terminal/screen/e1b82afc_0593_42d0_8c5c_00ca00df125d'), ('DISPLAY', ':1'), ('LANG', 'en_US.UTF-8'), ('LC_TELEPHONE', 'lzh_TW'), ('XDG_CURRENT_DESKTOP', 'Unity'), ('GZ_TRANSPORT_VERSION', '12'), ('PYTHONSTARTUP', '/home/lee/.config/Code/User/workspaceStorage/3f8bc68e0fe49b26892e366db8022b14/ms-python.python/pythonrc.py'), ('VSCODE_INJECTION', '1'), ('XAUTHORITY', '/run/user/1000/gdm/Xauthority'), ('XDG_SESSION_DESKTOP', 'ubuntu'), ('XMODIFIERS', '@im=ibus'), ('GNOME_TERMINAL_SERVICE', ':1.219'), ('LS_COLORS', 'rs=0:di=01;34:ln=01;36:mh=00:pi=40;33:so=01;35:do=01;35:bd=40;33;01:cd=40;33;01:or=40;31;01:mi=00:su=37;41:sg=30;43:ca=30;41:tw=30;42:ow=34;42:st=37;44:ex=01;32:*.tar=01;31:*.tgz=01;31:*.arc=01;31:*.arj=01;31:*.taz=01;31:*.lha=01;31:*.lz4=01;31:*.lzh=01;31:*.lzma=01;31:*.tlz=01;31:*.txz=01;31:*.tzo=01;31:*.t7z=01;31:*.zip=01;31:*.z=01;31:*.dz=01;31:*.gz=01;31:*.lrz=01;31:*.lz=01;31:*.lzo=01;31:*.xz=01;31:*.zst=01;31:*.tzst=01;31:*.bz2=01;31:*.bz=01;31:*.tbz=01;31:*.tbz2=01;31:*.tz=01;31:*.deb=01;31:*.rpm=01;31:*.jar=01;31:*.war=01;31:*.ear=01;31:*.sar=01;31:*.rar=01;31:*.alz=01;31:*.ace=01;31:*.zoo=01;31:*.cpio=01;31:*.7z=01;31:*.rz=01;31:*.cab=01;31:*.wim=01;31:*.swm=01;31:*.dwm=01;31:*.esd=01;31:*.jpg=01;35:*.jpeg=01;35:*.mjpg=01;35:*.mjpeg=01;35:*.gif=01;35:*.bmp=01;35:*.pbm=01;35:*.pgm=01;35:*.ppm=01;35:*.tga=01;35:*.xbm=01;35:*.xpm=01;35:*.tif=01;35:*.tiff=01;35:*.png=01;35:*.svg=01;35:*.svgz=01;35:*.mng=01;35:*.pcx=01;35:*.mov=01;35:*.mpg=01;35:*.mpeg=01;35:*.m2v=01;35:*.mkv=01;35:*.webm=01;35:*.webp=01;35:*.ogm=01;35:*.mp4=01;35:*.m4v=01;35:*.mp4v=01;35:*.vob=01;35:*.qt=01;35:*.nuv=01;35:*.wmv=01;35:*.asf=01;35:*.rm=01;35:*.rmvb=01;35:*.flc=01;35:*.avi=01;35:*.fli=01;35:*.flv=01;35:*.gl=01;35:*.dl=01;35:*.xcf=01;35:*.xwd=01;35:*.yuv=01;35:*.cgm=01;35:*.emf=01;35:*.ogv=01;35:*.ogx=01;35:*.aac=00;36:*.au=00;36:*.flac=00;36:*.m4a=00;36:*.mid=00;36:*.midi=00;36:*.mka=00;36:*.mp3=00;36:*.mpc=00;36:*.ogg=00;36:*.ra=00;36:*.wav=00;36:*.oga=00;36:*.opus=00;36:*.spx=00;36:*.xspf=00;36:'), ('TERM_PROGRAM', 'vscode'), ('VSCODE_GIT_IPC_HANDLE', '/run/user/1000/vscode-git-72588b87d1.sock'), ('SSH_AGENT_LAUNCHER', 'gnome-keyring'), ('SSH_AUTH_SOCK', '/run/user/1000/keyring/ssh'), ('ORIGINAL_XDG_CURRENT_DESKTOP', 'ubuntu:GNOME'), ('AMENT_PREFIX_PATH', '/home/lee/workspace/ros2_ex/install/mav:/home/lee/workspace/ros2_ex/install/ground:/home/lee/workspace/ros2_ex/install/MAV:/home/lee/workspace/ros2_ex/install/px4_msgs:/opt/ros/humble'), ('LC_NAME', 'lzh_TW'), ('SHELL', '/usr/bin/zsh'), ('QT_ACCESSIBILITY', '1'), ('GDMSESSION', 'ubuntu'), ('GZ_SIM_MODEL_PATH', '/home/lee/PX4-Autopilot/Tools/simulation/gz/models'), ('NO_AT_BRIDGE', '1'), ('LC_MEASUREMENT', 'lzh_TW'), ('LC_IDENTIFICATION', 'lzh_TW'), ('GPG_AGENT_INFO', '/run/user/1000/gnupg/S.gpg-agent:0:1'), ('GJS_DEBUG_OUTPUT', 'stderr'), ('P9K_SSH', '0'), ('QT_IM_MODULE', 'ibus'), ('VSCODE_GIT_ASKPASS_EXTRA_ARGS', ''), ('VSCODE_NONCE', 'c0884f25-54cf-4b86-86a4-58aa08a239b2'), ('LC_ALL', 'en_US.UTF-8'), ('PWD', '/home/lee/workspace/ros2_ex_mav/build/px4_msgs'), ('XDG_DATA_DIRS', '/usr/share/ubuntu:/usr/share/gnome:/usr/local/share/:/usr/share/:/var/lib/snapd/desktop'), ('XDG_CONFIG_DIRS', '/etc/xdg/xdg-ubuntu:/etc/xdg'), ('DBUS_STARTER_ADDRESS', 'unix:path=/run/user/1000/bus,guid=6db25e565444af867a712119692cedd4'), ('GAZEBO_PLUGIN_PATH', ':/home/lee/PX4-Autopilot/build/px4_sitl_default/src/lib:/home/lee/PX4-Autopilot/build/px4_sitl_default/src/lib'), ('_P9K_TTY', '/dev/pts/4'), ('ZDOTDIR', '/home/lee'), ('LC_NUMERIC', 'lzh_TW'), ('PYTHONPATH', '/home/lee/workspace/ros2_ex/install/px4_msgs/local/lib/python3.10/dist-packages:/opt/ros/humble/lib/python3.10/site-packages:/opt/ros/humble/local/lib/python3.10/dist-packages'), ('LC_PAPER', 'lzh_TW'), ('COLCON', '1'), ('VTE_VERSION', '6800'), ('CMAKE_PREFIX_PATH', '/home/lee/workspace/ros2_ex/install/mav:/home/lee/workspace/ros2_ex/install/ground:/home/lee/workspace/ros2_ex/install/MAV4:/home/lee/workspace/ros2_ex/install/MAV3:/home/lee/workspace/ros2_ex/install/MAV2:/home/lee/workspace/ros2_ex/install/MAV1:/home/lee/workspace/ros2_ex/install/MAV:/home/lee/workspace/ros2_ex/install/px4_msgs:/opt/ros/humble')]), 'shell': False}
[0.099718] (-) TimerEvent: {}
[0.184069] (px4_msgs) StdoutLine: {'line': b'[  0%] Built target ament_cmake_python_symlink_px4_msgs\n'}
[0.194545] (px4_msgs) StdoutLine: {'line': b'[  0%] Built target px4_msgs__cpp\n'}
[0.199778] (-) TimerEvent: {}
[0.212115] (px4_msgs) StdoutLine: {'line': b'[ 12%] Built target px4_msgs__rosidl_generator_c\n'}
[0.236879] (px4_msgs) StdoutLine: {'line': b'[ 24%] Built target px4_msgs__rosidl_typesupport_cpp\n'}
[0.244741] (px4_msgs) StdoutLine: {'line': b'[ 37%] Built target px4_msgs__rosidl_typesupport_c\n'}
[0.246447] (px4_msgs) StdoutLine: {'line': b'[ 50%] Built target px4_msgs__rosidl_typesupport_introspection_cpp\n'}
[0.248033] (px4_msgs) StdoutLine: {'line': b'[ 62%] Built target px4_msgs__rosidl_typesupport_fastrtps_cpp\n'}
[0.253811] (px4_msgs) StdoutLine: {'line': b'[ 75%] Built target px4_msgs__rosidl_typesupport_introspection_c\n'}
[0.277542] (px4_msgs) StdoutLine: {'line': b'[ 88%] Built target px4_msgs__rosidl_typesupport_fastrtps_c\n'}
[0.278603] (px4_msgs) StdoutLine: {'line': b'running egg_info\n'}
[0.284644] (px4_msgs) StdoutLine: {'line': b'writing px4_msgs.egg-info/PKG-INFO\n'}
[0.284904] (px4_msgs) StdoutLine: {'line': b'writing dependency_links to px4_msgs.egg-info/dependency_links.txt\n'}
[0.285104] (px4_msgs) StdoutLine: {'line': b'writing top-level names to px4_msgs.egg-info/top_level.txt\n'}
[0.288808] (px4_msgs) StdoutLine: {'line': b'[ 88%] Built target px4_msgs\n'}
[0.299849] (-) TimerEvent: {}
[0.304141] (px4_msgs) StdoutLine: {'line': b"reading manifest file 'px4_msgs.egg-info/SOURCES.txt'\n"}
[0.305504] (px4_msgs) StdoutLine: {'line': b"writing manifest file 'px4_msgs.egg-info/SOURCES.txt'\n"}
[0.306321] (px4_msgs) StdoutLine: {'line': b'[ 88%] Built target px4_msgs__py\n'}
[0.318981] (px4_msgs) StdoutLine: {'line': b'[ 88%] Built target ament_cmake_python_build_px4_msgs_egg\n'}
[0.356613] (px4_msgs) StdoutLine: {'line': b'[100%] Built target px4_msgs__rosidl_generator_py\n'}
[0.373014] (px4_msgs) StdoutLine: {'line': b'[100%] Built target px4_msgs__rosidl_typesupport_c__pyext\n'}
[0.373175] (px4_msgs) StdoutLine: {'line': b'[100%] Built target px4_msgs__rosidl_typesupport_introspection_c__pyext\n'}
[0.373227] (px4_msgs) StdoutLine: {'line': b'[100%] Built target px4_msgs__rosidl_typesupport_fastrtps_c__pyext\n'}
[0.379908] (px4_msgs) CommandEnded: {'returncode': 0}
[0.380364] (px4_msgs) JobProgress: {'identifier': 'px4_msgs', 'progress': 'install'}
[0.384602] (px4_msgs) Command: {'cmd': ['/usr/bin/cmake', '--install', '/home/lee/workspace/ros2_ex_mav/build/px4_msgs'], 'cwd': '/home/lee/workspace/ros2_ex_mav/build/px4_msgs', 'env': OrderedDict([('GJS_DEBUG_TOPICS', 'JS ERROR;JS LOG'), ('GZ_SIM_SYSTEM_PLUGIN_PATH', ':/home/lee/gazebo_maritime_ws/install/lib:/home/lee/workspace/gz_sim_modle/gazebo_joint_plugin/build:/home/lee/PX4-Autopilot/Tools/sitl_gazebo/build/px4_sitl_default/build_gz:/home/lee/gazebo_maritime_ws/install/lib:/home/lee/workspace/gz_sim_modle/gazebo_joint_plugin/build:/home/lee/PX4-Autopilot/Tools/sitl_gazebo/build/px4_sitl_default/build_gz'), ('PYTHON_BASIC_REPL', '1'), ('LC_TIME', 'lzh_TW'), ('USER', 'lee'), ('GZ_SIM_RESOURCE_PATH', ':/home/lee/PX4-Autopilot/Tools/sitl_gazebo/models:/home/lee/workspace/gz_sim_modle:/usr/share/gz/gz-sim8/worlds:/home/lee/PX4-Autopilot/Tools/simulation/gz/worlds:/home/lee/PX4-Autopilot/Tools/sitl_gazebo/models:/home/lee/PX4-Autopilot/Tools/simulation/gz/models:/home/lee/PX4-Autopilot/Tools/sitl_gazebo/models:/home/lee/workspace/gz_sim_modle:/usr/share/gz/gz-sim8/worlds:/home/lee/PX4-Autopilot/Tools/simulation/gz/worlds:/home/lee/PX4-Autopilot/Tools/sitl_gazebo/models:/home/lee/PX4-Autopilot/Tools/simulation/gz/models'), ('XDG_SESSION_TYPE', 'x11'), ('GIT_ASKPASS', '/usr/share/code/resources/app/extensions/git/dist/askpass.sh'), ('SHLVL', '2'), ('LD_LIBRARY_PATH', '/home/lee/workspace/ros2_ex/install/px4_msgs/lib:/opt/ros/humble/opt/rviz_ogre_vendor/lib:/opt/ros/humble/lib/x86_64-linux-gnu:/opt/ros/humble/lib:/home/lee/gazebo_maritime_ws/install/lib:/home/lee/gazebo_maritime_ws/install/lib'), ('HOME', '/home/lee'), ('CHROME_DESKTOP', 'code.desktop'), ('OLDPWD', '/home/lee/workspace/ros2_ex_mav'), ('LESS', '-R'), ('DESKTOP_SESSION', 'ubuntu'), ('TERM_PROGRAM_VERSION', '1.100.2'), ('GIO_LAUNCHED_DESKTOP_FILE', '/usr/share/applications/code.desktop'), ('ZSH', '/home/lee/.oh-my-zsh'), ('LSCOLORS', 'Gxfxcxdxbxegedabagacad'), ('GTK_MODULES', 'gail:atk-bridge'), ('GNOME_SHELL_SESSION_MODE', 'ubuntu'), ('PAGER', 'less'), ('ROS_PYTHON_VERSION', '3'), ('VSCODE_GIT_ASKPASS_MAIN', '/usr/share/code/resources/app/extensions/git/dist/askpass-main.js'), ('LC_MONETARY', 'lzh_TW'), ('MANAGERPID', '1906'), ('VSCODE_GIT_ASKPASS_NODE', '/usr/share/code/code'), ('SYSTEMD_EXEC_PID', '2136'), ('DBUS_SESSION_BUS_ADDRESS', 'unix:path=/run/user/1000/bus,guid=6db25e565444af867a712119692cedd4'), ('DBUS_STARTER_BUS_TYPE', 'session'), ('P9K_TTY', 'old'), ('GIO_LAUNCHED_DESKTOP_FILE_PID', '7899'), ('COLORTERM', 'truecolor'), ('_colcon_cd_root', '/opt/ros/humble/'), ('ROS_DISTRO', 'humble'), ('COLCON_PREFIX_PATH', '/home/lee/workspace/ros2_ex/install'), ('LOGNAME', 'lee'), ('GTK_IM_MODULE', 'ibus'), ('JOURNAL_STREAM', '8:20924'), ('_P9K_SSH_TTY', '/dev/pts/4'), ('_', '/usr/bin/colcon'), ('XDG_SESSION_CLASS', 'user'), ('ROS_VERSION', '2'), ('USER_ZDOTDIR', '/home/lee'), ('USERNAME', 'lee'), ('TERM', 'xterm-256color'), ('GAZEBO_MODEL_PATH', '/home/lee/PX4-Autopilot/Tools/simulation/gz/models'), ('GNOME_DESKTOP_SESSION_ID', 'this-is-deprecated'), ('ROS_LOCALHOST_ONLY', '0'), ('WINDOWPATH', '2'), ('PATH', '/usr/local/MATLAB/R2024b/bin/:/opt/ros/humble/bin:/usr/local/MATLAB/R2024b/bin/:/home/lee/.local/bin:/usr/local/sbin:/usr/local/bin:/usr/sbin:/usr/bin:/sbin:/bin:/usr/games:/usr/local/games:/snap/bin:/snap/bin:/home/lee/.config/Code/User/globalStorage/github.copilot-chat/debugCommand'), ('SESSION_MANAGER', 'local/lee-System-Product-Name:@/tmp/.ICE-unix/2136,unix/lee-System-Product-Name:/tmp/.ICE-unix/2136'), ('INVOCATION_ID', '03cc1ef568774989b95153ffa35a0860'), ('LC_ADDRESS', 'lzh_TW'), ('XDG_RUNTIME_DIR', '/run/user/1000'), ('XDG_MENU_PREFIX', 'gnome-'), ('GDK_BACKEND', 'x11'), ('GNOME_TERMINAL_SCREEN', '/org/gnome/Terminal/screen/e1b82afc_0593_42d0_8c5c_00ca00df125d'), ('DISPLAY', ':1'), ('LANG', 'en_US.UTF-8'), ('LC_TELEPHONE', 'lzh_TW'), ('XDG_CURRENT_DESKTOP', 'Unity'), ('GZ_TRANSPORT_VERSION', '12'), ('PYTHONSTARTUP', '/home/lee/.config/Code/User/workspaceStorage/3f8bc68e0fe49b26892e366db8022b14/ms-python.python/pythonrc.py'), ('VSCODE_INJECTION', '1'), ('XAUTHORITY', '/run/user/1000/gdm/Xauthority'), ('XDG_SESSION_DESKTOP', 'ubuntu'), ('XMODIFIERS', '@im=ibus'), ('GNOME_TERMINAL_SERVICE', ':1.219'), ('LS_COLORS', 'rs=0:di=01;34:ln=01;36:mh=00:pi=40;33:so=01;35:do=01;35:bd=40;33;01:cd=40;33;01:or=40;31;01:mi=00:su=37;41:sg=30;43:ca=30;41:tw=30;42:ow=34;42:st=37;44:ex=01;32:*.tar=01;31:*.tgz=01;31:*.arc=01;31:*.arj=01;31:*.taz=01;31:*.lha=01;31:*.lz4=01;31:*.lzh=01;31:*.lzma=01;31:*.tlz=01;31:*.txz=01;31:*.tzo=01;31:*.t7z=01;31:*.zip=01;31:*.z=01;31:*.dz=01;31:*.gz=01;31:*.lrz=01;31:*.lz=01;31:*.lzo=01;31:*.xz=01;31:*.zst=01;31:*.tzst=01;31:*.bz2=01;31:*.bz=01;31:*.tbz=01;31:*.tbz2=01;31:*.tz=01;31:*.deb=01;31:*.rpm=01;31:*.jar=01;31:*.war=01;31:*.ear=01;31:*.sar=01;31:*.rar=01;31:*.alz=01;31:*.ace=01;31:*.zoo=01;31:*.cpio=01;31:*.7z=01;31:*.rz=01;31:*.cab=01;31:*.wim=01;31:*.swm=01;31:*.dwm=01;31:*.esd=01;31:*.jpg=01;35:*.jpeg=01;35:*.mjpg=01;35:*.mjpeg=01;35:*.gif=01;35:*.bmp=01;35:*.pbm=01;35:*.pgm=01;35:*.ppm=01;35:*.tga=01;35:*.xbm=01;35:*.xpm=01;35:*.tif=01;35:*.tiff=01;35:*.png=01;35:*.svg=01;35:*.svgz=01;35:*.mng=01;35:*.pcx=01;35:*.mov=01;35:*.mpg=01;35:*.mpeg=01;35:*.m2v=01;35:*.mkv=01;35:*.webm=01;35:*.webp=01;35:*.ogm=01;35:*.mp4=01;35:*.m4v=01;35:*.mp4v=01;35:*.vob=01;35:*.qt=01;35:*.nuv=01;35:*.wmv=01;35:*.asf=01;35:*.rm=01;35:*.rmvb=01;35:*.flc=01;35:*.avi=01;35:*.fli=01;35:*.flv=01;35:*.gl=01;35:*.dl=01;35:*.xcf=01;35:*.xwd=01;35:*.yuv=01;35:*.cgm=01;35:*.emf=01;35:*.ogv=01;35:*.ogx=01;35:*.aac=00;36:*.au=00;36:*.flac=00;36:*.m4a=00;36:*.mid=00;36:*.midi=00;36:*.mka=00;36:*.mp3=00;36:*.mpc=00;36:*.ogg=00;36:*.ra=00;36:*.wav=00;36:*.oga=00;36:*.opus=00;36:*.spx=00;36:*.xspf=00;36:'), ('TERM_PROGRAM', 'vscode'), ('VSCODE_GIT_IPC_HANDLE', '/run/user/1000/vscode-git-72588b87d1.sock'), ('SSH_AGENT_LAUNCHER', 'gnome-keyring'), ('SSH_AUTH_SOCK', '/run/user/1000/keyring/ssh'), ('ORIGINAL_XDG_CURRENT_DESKTOP', 'ubuntu:GNOME'), ('AMENT_PREFIX_PATH', '/home/lee/workspace/ros2_ex/install/mav:/home/lee/workspace/ros2_ex/install/ground:/home/lee/workspace/ros2_ex/install/MAV:/home/lee/workspace/ros2_ex/install/px4_msgs:/opt/ros/humble'), ('LC_NAME', 'lzh_TW'), ('SHELL', '/usr/bin/zsh'), ('QT_ACCESSIBILITY', '1'), ('GDMSESSION', 'ubuntu'), ('GZ_SIM_MODEL_PATH', '/home/lee/PX4-Autopilot/Tools/simulation/gz/models'), ('NO_AT_BRIDGE', '1'), ('LC_MEASUREMENT', 'lzh_TW'), ('LC_IDENTIFICATION', 'lzh_TW'), ('GPG_AGENT_INFO', '/run/user/1000/gnupg/S.gpg-agent:0:1'), ('GJS_DEBUG_OUTPUT', 'stderr'), ('P9K_SSH', '0'), ('QT_IM_MODULE', 'ibus'), ('VSCODE_GIT_ASKPASS_EXTRA_ARGS', ''), ('VSCODE_NONCE', 'c0884f25-54cf-4b86-86a4-58aa08a239b2'), ('LC_ALL', 'en_US.UTF-8'), ('PWD', '/home/lee/workspace/ros2_ex_mav/build/px4_msgs'), ('XDG_DATA_DIRS', '/usr/share/ubuntu:/usr/share/gnome:/usr/local/share/:/usr/share/:/var/lib/snapd/desktop'), ('XDG_CONFIG_DIRS', '/etc/xdg/xdg-ubuntu:/etc/xdg'), ('DBUS_STARTER_ADDRESS', 'unix:path=/run/user/1000/bus,guid=6db25e565444af867a712119692cedd4'), ('GAZEBO_PLUGIN_PATH', ':/home/lee/PX4-Autopilot/build/px4_sitl_default/src/lib:/home/lee/PX4-Autopilot/build/px4_sitl_default/src/lib'), ('_P9K_TTY', '/dev/pts/4'), ('ZDOTDIR', '/home/lee'), ('LC_NUMERIC', 'lzh_TW'), ('PYTHONPATH', '/home/lee/workspace/ros2_ex/install/px4_msgs/local/lib/python3.10/dist-packages:/opt/ros/humble/lib/python3.10/site-packages:/opt/ros/humble/local/lib/python3.10/dist-packages'), ('LC_PAPER', 'lzh_TW'), ('COLCON', '1'), ('VTE_VERSION', '6800'), ('CMAKE_PREFIX_PATH', '/home/lee/workspace/ros2_ex/install/mav:/home/lee/workspace/ros2_ex/install/ground:/home/lee/workspace/ros2_ex/install/MAV4:/home/lee/workspace/ros2_ex/install/MAV3:/home/lee/workspace/ros2_ex/install/MAV2:/home/lee/workspace/ros2_ex/install/MAV1:/home/lee/workspace/ros2_ex/install/MAV:/home/lee/workspace/ros2_ex/install/px4_msgs:/opt/ros/humble')]), 'shell': False}
[0.389469] (px4_msgs) StdoutLine: {'line': b'-- Install configuration: "RelWithDebInfo"\n'}
[0.390598] (px4_msgs) StdoutLine: {'line': b'-- Execute custom install script\n'}
[0.390694] (px4_msgs) StdoutLine: {'line': b'-- Up-to-date symlink: /home/lee/workspace/ros2_ex_mav/install/px4_msgs/share/ament_index/resource_index/rosidl_interfaces/px4_msgs\n'}
[0.393366] (px4_msgs) StdoutLine: {'line': b'-- Up-to-date symlink: /home/lee/workspace/ros2_ex_mav/install/px4_msgs/include/px4_msgs/px4_msgs/msg/action_request.h\n'}
[0.393466] (px4_msgs) StdoutLine: {'line': b'-- Up-to-date symlink: /home/lee/workspace/ros2_ex_mav/install/px4_msgs/include/px4_msgs/px4_msgs/msg/actuator_armed.h\n'}
[0.393501] (px4_msgs) StdoutLine: {'line': b'-- Up-to-date symlink: /home/lee/workspace/ros2_ex_mav/install/px4_msgs/include/px4_msgs/px4_msgs/msg/actuator_controls_status.h\n'}
[0.393524] (px4_msgs) StdoutLine: {'line': b'-- Up-to-date symlink: /home/lee/workspace/ros2_ex_mav/install/px4_msgs/include/px4_msgs/px4_msgs/msg/actuator_motors.h\n'}
[0.393545] (px4_msgs) StdoutLine: {'line': b'-- Up-to-date symlink: /home/lee/workspace/ros2_ex_mav/install/px4_msgs/include/px4_msgs/px4_msgs/msg/actuator_outputs.h\n'}
[0.393595] (px4_msgs) StdoutLine: {'line': b'-- Up-to-date symlink: /home/lee/workspace/ros2_ex_mav/install/px4_msgs/include/px4_msgs/px4_msgs/msg/actuator_servos.h\n'}
[0.393616] (px4_msgs) StdoutLine: {'line': b'-- Up-to-date symlink: /home/lee/workspace/ros2_ex_mav/install/px4_msgs/include/px4_msgs/px4_msgs/msg/actuator_servos_trim.h\n'}
[0.393645] (px4_msgs) StdoutLine: {'line': b'-- Up-to-date symlink: /home/lee/workspace/ros2_ex_mav/install/px4_msgs/include/px4_msgs/px4_msgs/msg/actuator_test.h\n'}
[0.393673] (px4_msgs) StdoutLine: {'line': b'-- Up-to-date symlink: /home/lee/workspace/ros2_ex_mav/install/px4_msgs/include/px4_msgs/px4_msgs/msg/adc_report.h\n'}
[0.393704] (px4_msgs) StdoutLine: {'line': b'-- Up-to-date symlink: /home/lee/workspace/ros2_ex_mav/install/px4_msgs/include/px4_msgs/px4_msgs/msg/airspeed.h\n'}
[0.393723] (px4_msgs) StdoutLine: {'line': b'-- Up-to-date symlink: /home/lee/workspace/ros2_ex_mav/install/px4_msgs/include/px4_msgs/px4_msgs/msg/airspeed_validated.h\n'}
[0.393743] (px4_msgs) StdoutLine: {'line': b'-- Up-to-date symlink: /home/lee/workspace/ros2_ex_mav/install/px4_msgs/include/px4_msgs/px4_msgs/msg/airspeed_wind.h\n'}
[0.393763] (px4_msgs) StdoutLine: {'line': b'-- Up-to-date symlink: /home/lee/workspace/ros2_ex_mav/install/px4_msgs/include/px4_msgs/px4_msgs/msg/autotune_attitude_control_status.h\n'}
[0.393798] (px4_msgs) StdoutLine: {'line': b'-- Up-to-date symlink: /home/lee/workspace/ros2_ex_mav/install/px4_msgs/include/px4_msgs/px4_msgs/msg/battery_status.h\n'}
[0.393836] (px4_msgs) StdoutLine: {'line': b'-- Up-to-date symlink: /home/lee/workspace/ros2_ex_mav/install/px4_msgs/include/px4_msgs/px4_msgs/msg/button_event.h\n'}
[0.393878] (px4_msgs) StdoutLine: {'line': b'-- Up-to-date symlink: /home/lee/workspace/ros2_ex_mav/install/px4_msgs/include/px4_msgs/px4_msgs/msg/camera_capture.h\n'}
[0.393897] (px4_msgs) StdoutLine: {'line': b'-- Up-to-date symlink: /home/lee/workspace/ros2_ex_mav/install/px4_msgs/include/px4_msgs/px4_msgs/msg/camera_status.h\n'}
[0.393917] (px4_msgs) StdoutLine: {'line': b'-- Up-to-date symlink: /home/lee/workspace/ros2_ex_mav/install/px4_msgs/include/px4_msgs/px4_msgs/msg/camera_trigger.h\n'}
[0.393936] (px4_msgs) StdoutLine: {'line': b'-- Up-to-date symlink: /home/lee/workspace/ros2_ex_mav/install/px4_msgs/include/px4_msgs/px4_msgs/msg/cellular_status.h\n'}
[0.393977] (px4_msgs) StdoutLine: {'line': b'-- Up-to-date symlink: /home/lee/workspace/ros2_ex_mav/install/px4_msgs/include/px4_msgs/px4_msgs/msg/collision_constraints.h\n'}
[0.394005] (px4_msgs) StdoutLine: {'line': b'-- Up-to-date symlink: /home/lee/workspace/ros2_ex_mav/install/px4_msgs/include/px4_msgs/px4_msgs/msg/collision_report.h\n'}
[0.394023] (px4_msgs) StdoutLine: {'line': b'-- Up-to-date symlink: /home/lee/workspace/ros2_ex_mav/install/px4_msgs/include/px4_msgs/px4_msgs/msg/control_allocator_status.h\n'}
[0.394043] (px4_msgs) StdoutLine: {'line': b'-- Up-to-date symlink: /home/lee/workspace/ros2_ex_mav/install/px4_msgs/include/px4_msgs/px4_msgs/msg/cpuload.h\n'}
[0.394094] (px4_msgs) StdoutLine: {'line': b'-- Up-to-date symlink: /home/lee/workspace/ros2_ex_mav/install/px4_msgs/include/px4_msgs/px4_msgs/msg/debug_array.h\n'}
[0.394113] (px4_msgs) StdoutLine: {'line': b'-- Up-to-date symlink: /home/lee/workspace/ros2_ex_mav/install/px4_msgs/include/px4_msgs/px4_msgs/msg/debug_key_value.h\n'}
[0.394132] (px4_msgs) StdoutLine: {'line': b'-- Up-to-date symlink: /home/lee/workspace/ros2_ex_mav/install/px4_msgs/include/px4_msgs/px4_msgs/msg/debug_value.h\n'}
[0.394159] (px4_msgs) StdoutLine: {'line': b'-- Up-to-date symlink: /home/lee/workspace/ros2_ex_mav/install/px4_msgs/include/px4_msgs/px4_msgs/msg/debug_vect.h\n'}
[0.394198] (px4_msgs) StdoutLine: {'line': b'-- Up-to-date symlink: /home/lee/workspace/ros2_ex_mav/install/px4_msgs/include/px4_msgs/px4_msgs/msg/detail/action_request__functions.h\n'}
[0.394217] (px4_msgs) StdoutLine: {'line': b'-- Up-to-date symlink: /home/lee/workspace/ros2_ex_mav/install/px4_msgs/include/px4_msgs/px4_msgs/msg/detail/action_request__struct.h\n'}
[0.394255] (px4_msgs) StdoutLine: {'line': b'-- Up-to-date symlink: /home/lee/workspace/ros2_ex_mav/install/px4_msgs/include/px4_msgs/px4_msgs/msg/detail/action_request__type_support.h\n'}
[0.394274] (px4_msgs) StdoutLine: {'line': b'-- Up-to-date symlink: /home/lee/workspace/ros2_ex_mav/install/px4_msgs/include/px4_msgs/px4_msgs/msg/detail/actuator_armed__functions.h\n'}
[0.394310] (px4_msgs) StdoutLine: {'line': b'-- Up-to-date symlink: /home/lee/workspace/ros2_ex_mav/install/px4_msgs/include/px4_msgs/px4_msgs/msg/detail/actuator_armed__struct.h\n'}
[0.394347] (px4_msgs) StdoutLine: {'line': b'-- Up-to-date symlink: /home/lee/workspace/ros2_ex_mav/install/px4_msgs/include/px4_msgs/px4_msgs/msg/detail/actuator_armed__type_support.h\n'}
[0.394375] (px4_msgs) StdoutLine: {'line': b'-- Up-to-date symlink: /home/lee/workspace/ros2_ex_mav/install/px4_msgs/include/px4_msgs/px4_msgs/msg/detail/actuator_controls_status__functions.h\n'}
[0.394402] (px4_msgs) StdoutLine: {'line': b'-- Up-to-date symlink: /home/lee/workspace/ros2_ex_mav/install/px4_msgs/include/px4_msgs/px4_msgs/msg/detail/actuator_controls_status__struct.h\n'}
[0.394429] (px4_msgs) StdoutLine: {'line': b'-- Up-to-date symlink: /home/lee/workspace/ros2_ex_mav/install/px4_msgs/include/px4_msgs/px4_msgs/msg/detail/actuator_controls_status__type_support.h\n'}
[0.394462] (px4_msgs) StdoutLine: {'line': b'-- Up-to-date symlink: /home/lee/workspace/ros2_ex_mav/install/px4_msgs/include/px4_msgs/px4_msgs/msg/detail/actuator_motors__functions.h\n'}
[0.394493] (px4_msgs) StdoutLine: {'line': b'-- Up-to-date symlink: /home/lee/workspace/ros2_ex_mav/install/px4_msgs/include/px4_msgs/px4_msgs/msg/detail/actuator_motors__struct.h\n'}
[0.394529] (px4_msgs) StdoutLine: {'line': b'-- Up-to-date symlink: /home/lee/workspace/ros2_ex_mav/install/px4_msgs/include/px4_msgs/px4_msgs/msg/detail/actuator_motors__type_support.h\n'}
[0.394562] (px4_msgs) StdoutLine: {'line': b'-- Up-to-date symlink: /home/lee/workspace/ros2_ex_mav/install/px4_msgs/include/px4_msgs/px4_msgs/msg/detail/actuator_outputs__functions.h\n'}
[0.394595] (px4_msgs) StdoutLine: {'line': b'-- Up-to-date symlink: /home/lee/workspace/ros2_ex_mav/install/px4_msgs/include/px4_msgs/px4_msgs/msg/detail/actuator_outputs__struct.h\n'}
[0.394627] (px4_msgs) StdoutLine: {'line': b'-- Up-to-date symlink: /home/lee/workspace/ros2_ex_mav/install/px4_msgs/include/px4_msgs/px4_msgs/msg/detail/actuator_outputs__type_support.h\n'}
[0.394660] (px4_msgs) StdoutLine: {'line': b'-- Up-to-date symlink: /home/lee/workspace/ros2_ex_mav/install/px4_msgs/include/px4_msgs/px4_msgs/msg/detail/actuator_servos__functions.h\n'}
[0.394693] (px4_msgs) StdoutLine: {'line': b'-- Up-to-date symlink: /home/lee/workspace/ros2_ex_mav/install/px4_msgs/include/px4_msgs/px4_msgs/msg/detail/actuator_servos__struct.h\n'}
[0.394725] (px4_msgs) StdoutLine: {'line': b'-- Up-to-date symlink: /home/lee/workspace/ros2_ex_mav/install/px4_msgs/include/px4_msgs/px4_msgs/msg/detail/actuator_servos__type_support.h\n'}
[0.394757] (px4_msgs) StdoutLine: {'line': b'-- Up-to-date symlink: /home/lee/workspace/ros2_ex_mav/install/px4_msgs/include/px4_msgs/px4_msgs/msg/detail/actuator_servos_trim__functions.h\n'}
[0.394790] (px4_msgs) StdoutLine: {'line': b'-- Up-to-date symlink: /home/lee/workspace/ros2_ex_mav/install/px4_msgs/include/px4_msgs/px4_msgs/msg/detail/actuator_servos_trim__struct.h\n'}
[0.394822] (px4_msgs) StdoutLine: {'line': b'-- Up-to-date symlink: /home/lee/workspace/ros2_ex_mav/install/px4_msgs/include/px4_msgs/px4_msgs/msg/detail/actuator_servos_trim__type_support.h\n'}
[0.394857] (px4_msgs) StdoutLine: {'line': b'-- Up-to-date symlink: /home/lee/workspace/ros2_ex_mav/install/px4_msgs/include/px4_msgs/px4_msgs/msg/detail/actuator_test__functions.h\n'}
[0.394890] (px4_msgs) StdoutLine: {'line': b'-- Up-to-date symlink: /home/lee/workspace/ros2_ex_mav/install/px4_msgs/include/px4_msgs/px4_msgs/msg/detail/actuator_test__struct.h\n'}
[0.394923] (px4_msgs) StdoutLine: {'line': b'-- Up-to-date symlink: /home/lee/workspace/ros2_ex_mav/install/px4_msgs/include/px4_msgs/px4_msgs/msg/detail/actuator_test__type_support.h\n'}
[0.394956] (px4_msgs) StdoutLine: {'line': b'-- Up-to-date symlink: /home/lee/workspace/ros2_ex_mav/install/px4_msgs/include/px4_msgs/px4_msgs/msg/detail/adc_report__functions.h\n'}
[0.394988] (px4_msgs) StdoutLine: {'line': b'-- Up-to-date symlink: /home/lee/workspace/ros2_ex_mav/install/px4_msgs/include/px4_msgs/px4_msgs/msg/detail/adc_report__struct.h\n'}
[0.395021] (px4_msgs) StdoutLine: {'line': b'-- Up-to-date symlink: /home/lee/workspace/ros2_ex_mav/install/px4_msgs/include/px4_msgs/px4_msgs/msg/detail/adc_report__type_support.h\n'}
[0.395051] (px4_msgs) StdoutLine: {'line': b'-- Up-to-date symlink: /home/lee/workspace/ros2_ex_mav/install/px4_msgs/include/px4_msgs/px4_msgs/msg/detail/airspeed__functions.h\n'}
[0.395083] (px4_msgs) StdoutLine: {'line': b'-- Up-to-date symlink: /home/lee/workspace/ros2_ex_mav/install/px4_msgs/include/px4_msgs/px4_msgs/msg/detail/airspeed__struct.h\n'}
[0.395115] (px4_msgs) StdoutLine: {'line': b'-- Up-to-date symlink: /home/lee/workspace/ros2_ex_mav/install/px4_msgs/include/px4_msgs/px4_msgs/msg/detail/airspeed__type_support.h\n'}
[0.395147] (px4_msgs) StdoutLine: {'line': b'-- Up-to-date symlink: /home/lee/workspace/ros2_ex_mav/install/px4_msgs/include/px4_msgs/px4_msgs/msg/detail/airspeed_validated__functions.h\n'}
[0.395178] (px4_msgs) StdoutLine: {'line': b'-- Up-to-date symlink: /home/lee/workspace/ros2_ex_mav/install/px4_msgs/include/px4_msgs/px4_msgs/msg/detail/airspeed_validated__struct.h\n'}
[0.395212] (px4_msgs) StdoutLine: {'line': b'-- Up-to-date symlink: /home/lee/workspace/ros2_ex_mav/install/px4_msgs/include/px4_msgs/px4_msgs/msg/detail/airspeed_validated__type_support.h\n'}
[0.395245] (px4_msgs) StdoutLine: {'line': b'-- Up-to-date symlink: /home/lee/workspace/ros2_ex_mav/install/px4_msgs/include/px4_msgs/px4_msgs/msg/detail/airspeed_wind__functions.h\n'}
[0.395277] (px4_msgs) StdoutLine: {'line': b'-- Up-to-date symlink: /home/lee/workspace/ros2_ex_mav/install/px4_msgs/include/px4_msgs/px4_msgs/msg/detail/airspeed_wind__struct.h\n'}
[0.395311] (px4_msgs) StdoutLine: {'line': b'-- Up-to-date symlink: /home/lee/workspace/ros2_ex_mav/install/px4_msgs/include/px4_msgs/px4_msgs/msg/detail/airspeed_wind__type_support.h\n'}
[0.395345] (px4_msgs) StdoutLine: {'line': b'-- Up-to-date symlink: /home/lee/workspace/ros2_ex_mav/install/px4_msgs/include/px4_msgs/px4_msgs/msg/detail/autotune_attitude_control_status__functions.h\n'}
[0.395379] (px4_msgs) StdoutLine: {'line': b'-- Up-to-date symlink: /home/lee/workspace/ros2_ex_mav/install/px4_msgs/include/px4_msgs/px4_msgs/msg/detail/autotune_attitude_control_status__struct.h\n'}
[0.395414] (px4_msgs) StdoutLine: {'line': b'-- Up-to-date symlink: /home/lee/workspace/ros2_ex_mav/install/px4_msgs/include/px4_msgs/px4_msgs/msg/detail/autotune_attitude_control_status__type_support.h\n'}
[0.395449] (px4_msgs) StdoutLine: {'line': b'-- Up-to-date symlink: /home/lee/workspace/ros2_ex_mav/install/px4_msgs/include/px4_msgs/px4_msgs/msg/detail/battery_status__functions.h\n'}
[0.395483] (px4_msgs) StdoutLine: {'line': b'-- Up-to-date symlink: /home/lee/workspace/ros2_ex_mav/install/px4_msgs/include/px4_msgs/px4_msgs/msg/detail/battery_status__struct.h\n'}
[0.395517] (px4_msgs) StdoutLine: {'line': b'-- Up-to-date symlink: /home/lee/workspace/ros2_ex_mav/install/px4_msgs/include/px4_msgs/px4_msgs/msg/detail/battery_status__type_support.h\n'}
[0.395549] (px4_msgs) StdoutLine: {'line': b'-- Up-to-date symlink: /home/lee/workspace/ros2_ex_mav/install/px4_msgs/include/px4_msgs/px4_msgs/msg/detail/button_event__functions.h\n'}
[0.395581] (px4_msgs) StdoutLine: {'line': b'-- Up-to-date symlink: /home/lee/workspace/ros2_ex_mav/install/px4_msgs/include/px4_msgs/px4_msgs/msg/detail/button_event__struct.h\n'}
[0.395614] (px4_msgs) StdoutLine: {'line': b'-- Up-to-date symlink: /home/lee/workspace/ros2_ex_mav/install/px4_msgs/include/px4_msgs/px4_msgs/msg/detail/button_event__type_support.h\n'}
[0.395645] (px4_msgs) StdoutLine: {'line': b'-- Up-to-date symlink: /home/lee/workspace/ros2_ex_mav/install/px4_msgs/include/px4_msgs/px4_msgs/msg/detail/camera_capture__functions.h\n'}
[0.395676] (px4_msgs) StdoutLine: {'line': b'-- Up-to-date symlink: /home/lee/workspace/ros2_ex_mav/install/px4_msgs/include/px4_msgs/px4_msgs/msg/detail/camera_capture__struct.h\n'}
[0.395709] (px4_msgs) StdoutLine: {'line': b'-- Up-to-date symlink: /home/lee/workspace/ros2_ex_mav/install/px4_msgs/include/px4_msgs/px4_msgs/msg/detail/camera_capture__type_support.h\n'}
[0.395740] (px4_msgs) StdoutLine: {'line': b'-- Up-to-date symlink: /home/lee/workspace/ros2_ex_mav/install/px4_msgs/include/px4_msgs/px4_msgs/msg/detail/camera_status__functions.h\n'}
[0.395771] (px4_msgs) StdoutLine: {'line': b'-- Up-to-date symlink: /home/lee/workspace/ros2_ex_mav/install/px4_msgs/include/px4_msgs/px4_msgs/msg/detail/camera_status__struct.h\n'}
[0.395802] (px4_msgs) StdoutLine: {'line': b'-- Up-to-date symlink: /home/lee/workspace/ros2_ex_mav/install/px4_msgs/include/px4_msgs/px4_msgs/msg/detail/camera_status__type_support.h\n'}
[0.395833] (px4_msgs) StdoutLine: {'line': b'-- Up-to-date symlink: /home/lee/workspace/ros2_ex_mav/install/px4_msgs/include/px4_msgs/px4_msgs/msg/detail/camera_trigger__functions.h\n'}
[0.395865] (px4_msgs) StdoutLine: {'line': b'-- Up-to-date symlink: /home/lee/workspace/ros2_ex_mav/install/px4_msgs/include/px4_msgs/px4_msgs/msg/detail/camera_trigger__struct.h\n'}
[0.395897] (px4_msgs) StdoutLine: {'line': b'-- Up-to-date symlink: /home/lee/workspace/ros2_ex_mav/install/px4_msgs/include/px4_msgs/px4_msgs/msg/detail/camera_trigger__type_support.h\n'}
[0.395929] (px4_msgs) StdoutLine: {'line': b'-- Up-to-date symlink: /home/lee/workspace/ros2_ex_mav/install/px4_msgs/include/px4_msgs/px4_msgs/msg/detail/cellular_status__functions.h\n'}
[0.395959] (px4_msgs) StdoutLine: {'line': b'-- Up-to-date symlink: /home/lee/workspace/ros2_ex_mav/install/px4_msgs/include/px4_msgs/px4_msgs/msg/detail/cellular_status__struct.h\n'}
[0.395991] (px4_msgs) StdoutLine: {'line': b'-- Up-to-date symlink: /home/lee/workspace/ros2_ex_mav/install/px4_msgs/include/px4_msgs/px4_msgs/msg/detail/cellular_status__type_support.h\n'}
[0.396023] (px4_msgs) StdoutLine: {'line': b'-- Up-to-date symlink: /home/lee/workspace/ros2_ex_mav/install/px4_msgs/include/px4_msgs/px4_msgs/msg/detail/collision_constraints__functions.h\n'}
[0.396057] (px4_msgs) StdoutLine: {'line': b'-- Up-to-date symlink: /home/lee/workspace/ros2_ex_mav/install/px4_msgs/include/px4_msgs/px4_msgs/msg/detail/collision_constraints__struct.h\n'}
[0.396089] (px4_msgs) StdoutLine: {'line': b'-- Up-to-date symlink: /home/lee/workspace/ros2_ex_mav/install/px4_msgs/include/px4_msgs/px4_msgs/msg/detail/collision_constraints__type_support.h\n'}
[0.396122] (px4_msgs) StdoutLine: {'line': b'-- Up-to-date symlink: /home/lee/workspace/ros2_ex_mav/install/px4_msgs/include/px4_msgs/px4_msgs/msg/detail/collision_report__functions.h\n'}
[0.396153] (px4_msgs) StdoutLine: {'line': b'-- Up-to-date symlink: /home/lee/workspace/ros2_ex_mav/install/px4_msgs/include/px4_msgs/px4_msgs/msg/detail/collision_report__struct.h\n'}
[0.396187] (px4_msgs) StdoutLine: {'line': b'-- Up-to-date symlink: /home/lee/workspace/ros2_ex_mav/install/px4_msgs/include/px4_msgs/px4_msgs/msg/detail/collision_report__type_support.h\n'}
[0.396220] (px4_msgs) StdoutLine: {'line': b'-- Up-to-date symlink: /home/lee/workspace/ros2_ex_mav/install/px4_msgs/include/px4_msgs/px4_msgs/msg/detail/control_allocator_status__functions.h\n'}
[0.396252] (px4_msgs) StdoutLine: {'line': b'-- Up-to-date symlink: /home/lee/workspace/ros2_ex_mav/install/px4_msgs/include/px4_msgs/px4_msgs/msg/detail/control_allocator_status__struct.h\n'}
[0.396284] (px4_msgs) StdoutLine: {'line': b'-- Up-to-date symlink: /home/lee/workspace/ros2_ex_mav/install/px4_msgs/include/px4_msgs/px4_msgs/msg/detail/control_allocator_status__type_support.h\n'}
[0.396321] (px4_msgs) StdoutLine: {'line': b'-- Up-to-date symlink: /home/lee/workspace/ros2_ex_mav/install/px4_msgs/include/px4_msgs/px4_msgs/msg/detail/cpuload__functions.h\n'}
[0.396395] (px4_msgs) StdoutLine: {'line': b'-- Up-to-date symlink: /home/lee/workspace/ros2_ex_mav/install/px4_msgs/include/px4_msgs/px4_msgs/msg/detail/cpuload__struct.h\n'}
[0.396430] (px4_msgs) StdoutLine: {'line': b'-- Up-to-date symlink: /home/lee/workspace/ros2_ex_mav/install/px4_msgs/include/px4_msgs/px4_msgs/msg/detail/cpuload__type_support.h\n'}
[0.396461] (px4_msgs) StdoutLine: {'line': b'-- Up-to-date symlink: /home/lee/workspace/ros2_ex_mav/install/px4_msgs/include/px4_msgs/px4_msgs/msg/detail/debug_array__functions.h\n'}
[0.396481] (px4_msgs) StdoutLine: {'line': b'-- Up-to-date symlink: /home/lee/workspace/ros2_ex_mav/install/px4_msgs/include/px4_msgs/px4_msgs/msg/detail/debug_array__struct.h\n'}
[0.396509] (px4_msgs) StdoutLine: {'line': b'-- Up-to-date symlink: /home/lee/workspace/ros2_ex_mav/install/px4_msgs/include/px4_msgs/px4_msgs/msg/detail/debug_array__type_support.h\n'}
[0.396541] (px4_msgs) StdoutLine: {'line': b'-- Up-to-date symlink: /home/lee/workspace/ros2_ex_mav/install/px4_msgs/include/px4_msgs/px4_msgs/msg/detail/debug_key_value__functions.h\n'}
[0.396562] (px4_msgs) StdoutLine: {'line': b'-- Up-to-date symlink: /home/lee/workspace/ros2_ex_mav/install/px4_msgs/include/px4_msgs/px4_msgs/msg/detail/debug_key_value__struct.h\n'}
[0.396590] (px4_msgs) StdoutLine: {'line': b'-- Up-to-date symlink: /home/lee/workspace/ros2_ex_mav/install/px4_msgs/include/px4_msgs/px4_msgs/msg/detail/debug_key_value__type_support.h\n'}
[0.396618] (px4_msgs) StdoutLine: {'line': b'-- Up-to-date symlink: /home/lee/workspace/ros2_ex_mav/install/px4_msgs/include/px4_msgs/px4_msgs/msg/detail/debug_value__functions.h\n'}
[0.396647] (px4_msgs) StdoutLine: {'line': b'-- Up-to-date symlink: /home/lee/workspace/ros2_ex_mav/install/px4_msgs/include/px4_msgs/px4_msgs/msg/detail/debug_value__struct.h\n'}
[0.396675] (px4_msgs) StdoutLine: {'line': b'-- Up-to-date symlink: /home/lee/workspace/ros2_ex_mav/install/px4_msgs/include/px4_msgs/px4_msgs/msg/detail/debug_value__type_support.h\n'}
[0.396702] (px4_msgs) StdoutLine: {'line': b'-- Up-to-date symlink: /home/lee/workspace/ros2_ex_mav/install/px4_msgs/include/px4_msgs/px4_msgs/msg/detail/debug_vect__functions.h\n'}
[0.396729] (px4_msgs) StdoutLine: {'line': b'-- Up-to-date symlink: /home/lee/workspace/ros2_ex_mav/install/px4_msgs/include/px4_msgs/px4_msgs/msg/detail/debug_vect__struct.h\n'}
[0.396757] (px4_msgs) StdoutLine: {'line': b'-- Up-to-date symlink: /home/lee/workspace/ros2_ex_mav/install/px4_msgs/include/px4_msgs/px4_msgs/msg/detail/debug_vect__type_support.h\n'}
[0.396790] (px4_msgs) StdoutLine: {'line': b'-- Up-to-date symlink: /home/lee/workspace/ros2_ex_mav/install/px4_msgs/include/px4_msgs/px4_msgs/msg/detail/differential_pressure__functions.h\n'}
[0.396824] (px4_msgs) StdoutLine: {'line': b'-- Up-to-date symlink: /home/lee/workspace/ros2_ex_mav/install/px4_msgs/include/px4_msgs/px4_msgs/msg/detail/differential_pressure__struct.h\n'}
[0.396858] (px4_msgs) StdoutLine: {'line': b'-- Up-to-date symlink: /home/lee/workspace/ros2_ex_mav/install/px4_msgs/include/px4_msgs/px4_msgs/msg/detail/differential_pressure__type_support.h\n'}
[0.396891] (px4_msgs) StdoutLine: {'line': b'-- Up-to-date symlink: /home/lee/workspace/ros2_ex_mav/install/px4_msgs/include/px4_msgs/px4_msgs/msg/detail/distance_sensor__functions.h\n'}
[0.396922] (px4_msgs) StdoutLine: {'line': b'-- Up-to-date symlink: /home/lee/workspace/ros2_ex_mav/install/px4_msgs/include/px4_msgs/px4_msgs/msg/detail/distance_sensor__struct.h\n'}
[0.396954] (px4_msgs) StdoutLine: {'line': b'-- Up-to-date symlink: /home/lee/workspace/ros2_ex_mav/install/px4_msgs/include/px4_msgs/px4_msgs/msg/detail/distance_sensor__type_support.h\n'}
[0.396985] (px4_msgs) StdoutLine: {'line': b'-- Up-to-date symlink: /home/lee/workspace/ros2_ex_mav/install/px4_msgs/include/px4_msgs/px4_msgs/msg/detail/ekf2_timestamps__functions.h\n'}
[0.397017] (px4_msgs) StdoutLine: {'line': b'-- Up-to-date symlink: /home/lee/workspace/ros2_ex_mav/install/px4_msgs/include/px4_msgs/px4_msgs/msg/detail/ekf2_timestamps__struct.h\n'}
[0.397048] (px4_msgs) StdoutLine: {'line': b'-- Up-to-date symlink: /home/lee/workspace/ros2_ex_mav/install/px4_msgs/include/px4_msgs/px4_msgs/msg/detail/ekf2_timestamps__type_support.h\n'}
[0.397079] (px4_msgs) StdoutLine: {'line': b'-- Up-to-date symlink: /home/lee/workspace/ros2_ex_mav/install/px4_msgs/include/px4_msgs/px4_msgs/msg/detail/esc_report__functions.h\n'}
[0.397111] (px4_msgs) StdoutLine: {'line': b'-- Up-to-date symlink: /home/lee/workspace/ros2_ex_mav/install/px4_msgs/include/px4_msgs/px4_msgs/msg/detail/esc_report__struct.h\n'}
[0.397143] (px4_msgs) StdoutLine: {'line': b'-- Up-to-date symlink: /home/lee/workspace/ros2_ex_mav/install/px4_msgs/include/px4_msgs/px4_msgs/msg/detail/esc_report__type_support.h\n'}
[0.397173] (px4_msgs) StdoutLine: {'line': b'-- Up-to-date symlink: /home/lee/workspace/ros2_ex_mav/install/px4_msgs/include/px4_msgs/px4_msgs/msg/detail/esc_status__functions.h\n'}
[0.397205] (px4_msgs) StdoutLine: {'line': b'-- Up-to-date symlink: /home/lee/workspace/ros2_ex_mav/install/px4_msgs/include/px4_msgs/px4_msgs/msg/detail/esc_status__struct.h\n'}
[0.397236] (px4_msgs) StdoutLine: {'line': b'-- Up-to-date symlink: /home/lee/workspace/ros2_ex_mav/install/px4_msgs/include/px4_msgs/px4_msgs/msg/detail/esc_status__type_support.h\n'}
[0.397268] (px4_msgs) StdoutLine: {'line': b'-- Up-to-date symlink: /home/lee/workspace/ros2_ex_mav/install/px4_msgs/include/px4_msgs/px4_msgs/msg/detail/estimator_aid_source1d__functions.h\n'}
[0.397301] (px4_msgs) StdoutLine: {'line': b'-- Up-to-date symlink: /home/lee/workspace/ros2_ex_mav/install/px4_msgs/include/px4_msgs/px4_msgs/msg/detail/estimator_aid_source1d__struct.h\n'}
[0.397335] (px4_msgs) StdoutLine: {'line': b'-- Up-to-date symlink: /home/lee/workspace/ros2_ex_mav/install/px4_msgs/include/px4_msgs/px4_msgs/msg/detail/estimator_aid_source1d__type_support.h\n'}
[0.397367] (px4_msgs) StdoutLine: {'line': b'-- Up-to-date symlink: /home/lee/workspace/ros2_ex_mav/install/px4_msgs/include/px4_msgs/px4_msgs/msg/detail/estimator_aid_source2d__functions.h\n'}
[0.397401] (px4_msgs) StdoutLine: {'line': b'-- Up-to-date symlink: /home/lee/workspace/ros2_ex_mav/install/px4_msgs/include/px4_msgs/px4_msgs/msg/detail/estimator_aid_source2d__struct.h\n'}
[0.397434] (px4_msgs) StdoutLine: {'line': b'-- Up-to-date symlink: /home/lee/workspace/ros2_ex_mav/install/px4_msgs/include/px4_msgs/px4_msgs/msg/detail/estimator_aid_source2d__type_support.h\n'}
[0.397465] (px4_msgs) StdoutLine: {'line': b'-- Up-to-date symlink: /home/lee/workspace/ros2_ex_mav/install/px4_msgs/include/px4_msgs/px4_msgs/msg/detail/estimator_aid_source3d__functions.h\n'}
[0.397499] (px4_msgs) StdoutLine: {'line': b'-- Up-to-date symlink: /home/lee/workspace/ros2_ex_mav/install/px4_msgs/include/px4_msgs/px4_msgs/msg/detail/estimator_aid_source3d__struct.h\n'}
[0.397532] (px4_msgs) StdoutLine: {'line': b'-- Up-to-date symlink: /home/lee/workspace/ros2_ex_mav/install/px4_msgs/include/px4_msgs/px4_msgs/msg/detail/estimator_aid_source3d__type_support.h\n'}
[0.397565] (px4_msgs) StdoutLine: {'line': b'-- Up-to-date symlink: /home/lee/workspace/ros2_ex_mav/install/px4_msgs/include/px4_msgs/px4_msgs/msg/detail/estimator_bias3d__functions.h\n'}
[0.397599] (px4_msgs) StdoutLine: {'line': b'-- Up-to-date symlink: /home/lee/workspace/ros2_ex_mav/install/px4_msgs/include/px4_msgs/px4_msgs/msg/detail/estimator_bias3d__struct.h\n'}
[0.397630] (px4_msgs) StdoutLine: {'line': b'-- Up-to-date symlink: /home/lee/workspace/ros2_ex_mav/install/px4_msgs/include/px4_msgs/px4_msgs/msg/detail/estimator_bias3d__type_support.h\n'}
[0.397662] (px4_msgs) StdoutLine: {'line': b'-- Up-to-date symlink: /home/lee/workspace/ros2_ex_mav/install/px4_msgs/include/px4_msgs/px4_msgs/msg/detail/estimator_bias__functions.h\n'}
[0.397693] (px4_msgs) StdoutLine: {'line': b'-- Up-to-date symlink: /home/lee/workspace/ros2_ex_mav/install/px4_msgs/include/px4_msgs/px4_msgs/msg/detail/estimator_bias__struct.h\n'}
[0.397725] (px4_msgs) StdoutLine: {'line': b'-- Up-to-date symlink: /home/lee/workspace/ros2_ex_mav/install/px4_msgs/include/px4_msgs/px4_msgs/msg/detail/estimator_bias__type_support.h\n'}
[0.397757] (px4_msgs) StdoutLine: {'line': b'-- Up-to-date symlink: /home/lee/workspace/ros2_ex_mav/install/px4_msgs/include/px4_msgs/px4_msgs/msg/detail/estimator_event_flags__functions.h\n'}
[0.397790] (px4_msgs) StdoutLine: {'line': b'-- Up-to-date symlink: /home/lee/workspace/ros2_ex_mav/install/px4_msgs/include/px4_msgs/px4_msgs/msg/detail/estimator_event_flags__struct.h\n'}
[0.397822] (px4_msgs) StdoutLine: {'line': b'-- Up-to-date symlink: /home/lee/workspace/ros2_ex_mav/install/px4_msgs/include/px4_msgs/px4_msgs/msg/detail/estimator_event_flags__type_support.h\n'}
[0.397855] (px4_msgs) StdoutLine: {'line': b'-- Up-to-date symlink: /home/lee/workspace/ros2_ex_mav/install/px4_msgs/include/px4_msgs/px4_msgs/msg/detail/estimator_gps_status__functions.h\n'}
[0.397887] (px4_msgs) StdoutLine: {'line': b'-- Up-to-date symlink: /home/lee/workspace/ros2_ex_mav/install/px4_msgs/include/px4_msgs/px4_msgs/msg/detail/estimator_gps_status__struct.h\n'}
[0.397918] (px4_msgs) StdoutLine: {'line': b'-- Up-to-date symlink: /home/lee/workspace/ros2_ex_mav/install/px4_msgs/include/px4_msgs/px4_msgs/msg/detail/estimator_gps_status__type_support.h\n'}
[0.397952] (px4_msgs) StdoutLine: {'line': b'-- Up-to-date symlink: /home/lee/workspace/ros2_ex_mav/install/px4_msgs/include/px4_msgs/px4_msgs/msg/detail/estimator_innovations__functions.h\n'}
[0.397985] (px4_msgs) StdoutLine: {'line': b'-- Up-to-date symlink: /home/lee/workspace/ros2_ex_mav/install/px4_msgs/include/px4_msgs/px4_msgs/msg/detail/estimator_innovations__struct.h\n'}
[0.398017] (px4_msgs) StdoutLine: {'line': b'-- Up-to-date symlink: /home/lee/workspace/ros2_ex_mav/install/px4_msgs/include/px4_msgs/px4_msgs/msg/detail/estimator_innovations__type_support.h\n'}
[0.398049] (px4_msgs) StdoutLine: {'line': b'-- Up-to-date symlink: /home/lee/workspace/ros2_ex_mav/install/px4_msgs/include/px4_msgs/px4_msgs/msg/detail/estimator_selector_status__functions.h\n'}
[0.398082] (px4_msgs) StdoutLine: {'line': b'-- Up-to-date symlink: /home/lee/workspace/ros2_ex_mav/install/px4_msgs/include/px4_msgs/px4_msgs/msg/detail/estimator_selector_status__struct.h\n'}
[0.398114] (px4_msgs) StdoutLine: {'line': b'-- Up-to-date symlink: /home/lee/workspace/ros2_ex_mav/install/px4_msgs/include/px4_msgs/px4_msgs/msg/detail/estimator_selector_status__type_support.h\n'}
[0.398146] (px4_msgs) StdoutLine: {'line': b'-- Up-to-date symlink: /home/lee/workspace/ros2_ex_mav/install/px4_msgs/include/px4_msgs/px4_msgs/msg/detail/estimator_sensor_bias__functions.h\n'}
[0.398179] (px4_msgs) StdoutLine: {'line': b'-- Up-to-date symlink: /home/lee/workspace/ros2_ex_mav/install/px4_msgs/include/px4_msgs/px4_msgs/msg/detail/estimator_sensor_bias__struct.h\n'}
[0.398211] (px4_msgs) StdoutLine: {'line': b'-- Up-to-date symlink: /home/lee/workspace/ros2_ex_mav/install/px4_msgs/include/px4_msgs/px4_msgs/msg/detail/estimator_sensor_bias__type_support.h\n'}
[0.398243] (px4_msgs) StdoutLine: {'line': b'-- Up-to-date symlink: /home/lee/workspace/ros2_ex_mav/install/px4_msgs/include/px4_msgs/px4_msgs/msg/detail/estimator_states__functions.h\n'}
[0.398275] (px4_msgs) StdoutLine: {'line': b'-- Up-to-date symlink: /home/lee/workspace/ros2_ex_mav/install/px4_msgs/include/px4_msgs/px4_msgs/msg/detail/estimator_states__struct.h\n'}
[0.398306] (px4_msgs) StdoutLine: {'line': b'-- Up-to-date symlink: /home/lee/workspace/ros2_ex_mav/install/px4_msgs/include/px4_msgs/px4_msgs/msg/detail/estimator_states__type_support.h\n'}
[0.398341] (px4_msgs) StdoutLine: {'line': b'-- Up-to-date symlink: /home/lee/workspace/ros2_ex_mav/install/px4_msgs/include/px4_msgs/px4_msgs/msg/detail/estimator_status__functions.h\n'}
[0.398373] (px4_msgs) StdoutLine: {'line': b'-- Up-to-date symlink: /home/lee/workspace/ros2_ex_mav/install/px4_msgs/include/px4_msgs/px4_msgs/msg/detail/estimator_status__struct.h\n'}
[0.398404] (px4_msgs) StdoutLine: {'line': b'-- Up-to-date symlink: /home/lee/workspace/ros2_ex_mav/install/px4_msgs/include/px4_msgs/px4_msgs/msg/detail/estimator_status__type_support.h\n'}
[0.398436] (px4_msgs) StdoutLine: {'line': b'-- Up-to-date symlink: /home/lee/workspace/ros2_ex_mav/install/px4_msgs/include/px4_msgs/px4_msgs/msg/detail/estimator_status_flags__functions.h\n'}
[0.398469] (px4_msgs) StdoutLine: {'line': b'-- Up-to-date symlink: /home/lee/workspace/ros2_ex_mav/install/px4_msgs/include/px4_msgs/px4_msgs/msg/detail/estimator_status_flags__struct.h\n'}
[0.398502] (px4_msgs) StdoutLine: {'line': b'-- Up-to-date symlink: /home/lee/workspace/ros2_ex_mav/install/px4_msgs/include/px4_msgs/px4_msgs/msg/detail/estimator_status_flags__type_support.h\n'}
[0.398535] (px4_msgs) StdoutLine: {'line': b'-- Up-to-date symlink: /home/lee/workspace/ros2_ex_mav/install/px4_msgs/include/px4_msgs/px4_msgs/msg/detail/event__functions.h\n'}
[0.398568] (px4_msgs) StdoutLine: {'line': b'-- Up-to-date symlink: /home/lee/workspace/ros2_ex_mav/install/px4_msgs/include/px4_msgs/px4_msgs/msg/detail/event__struct.h\n'}
[0.398602] (px4_msgs) StdoutLine: {'line': b'-- Up-to-date symlink: /home/lee/workspace/ros2_ex_mav/install/px4_msgs/include/px4_msgs/px4_msgs/msg/detail/event__type_support.h\n'}
[0.398635] (px4_msgs) StdoutLine: {'line': b'-- Up-to-date symlink: /home/lee/workspace/ros2_ex_mav/install/px4_msgs/include/px4_msgs/px4_msgs/msg/detail/failsafe_flags__functions.h\n'}
[0.398666] (px4_msgs) StdoutLine: {'line': b'-- Up-to-date symlink: /home/lee/workspace/ros2_ex_mav/install/px4_msgs/include/px4_msgs/px4_msgs/msg/detail/failsafe_flags__struct.h\n'}
[0.398699] (px4_msgs) StdoutLine: {'line': b'-- Up-to-date symlink: /home/lee/workspace/ros2_ex_mav/install/px4_msgs/include/px4_msgs/px4_msgs/msg/detail/failsafe_flags__type_support.h\n'}
[0.398732] (px4_msgs) StdoutLine: {'line': b'-- Up-to-date symlink: /home/lee/workspace/ros2_ex_mav/install/px4_msgs/include/px4_msgs/px4_msgs/msg/detail/failure_detector_status__functions.h\n'}
[0.398766] (px4_msgs) StdoutLine: {'line': b'-- Up-to-date symlink: /home/lee/workspace/ros2_ex_mav/install/px4_msgs/include/px4_msgs/px4_msgs/msg/detail/failure_detector_status__struct.h\n'}
[0.398798] (px4_msgs) StdoutLine: {'line': b'-- Up-to-date symlink: /home/lee/workspace/ros2_ex_mav/install/px4_msgs/include/px4_msgs/px4_msgs/msg/detail/failure_detector_status__type_support.h\n'}
[0.398831] (px4_msgs) StdoutLine: {'line': b'-- Up-to-date symlink: /home/lee/workspace/ros2_ex_mav/install/px4_msgs/include/px4_msgs/px4_msgs/msg/detail/follow_target__functions.h\n'}
[0.398863] (px4_msgs) StdoutLine: {'line': b'-- Up-to-date symlink: /home/lee/workspace/ros2_ex_mav/install/px4_msgs/include/px4_msgs/px4_msgs/msg/detail/follow_target__struct.h\n'}
[0.398895] (px4_msgs) StdoutLine: {'line': b'-- Up-to-date symlink: /home/lee/workspace/ros2_ex_mav/install/px4_msgs/include/px4_msgs/px4_msgs/msg/detail/follow_target__type_support.h\n'}
[0.398928] (px4_msgs) StdoutLine: {'line': b'-- Up-to-date symlink: /home/lee/workspace/ros2_ex_mav/install/px4_msgs/include/px4_msgs/px4_msgs/msg/detail/follow_target_estimator__functions.h\n'}
[0.398960] (px4_msgs) StdoutLine: {'line': b'-- Up-to-date symlink: /home/lee/workspace/ros2_ex_mav/install/px4_msgs/include/px4_msgs/px4_msgs/msg/detail/follow_target_estimator__struct.h\n'}
[0.398992] (px4_msgs) StdoutLine: {'line': b'-- Up-to-date symlink: /home/lee/workspace/ros2_ex_mav/install/px4_msgs/include/px4_msgs/px4_msgs/msg/detail/follow_target_estimator__type_support.h\n'}
[0.399025] (px4_msgs) StdoutLine: {'line': b'-- Up-to-date symlink: /home/lee/workspace/ros2_ex_mav/install/px4_msgs/include/px4_msgs/px4_msgs/msg/detail/follow_target_status__functions.h\n'}
[0.399057] (px4_msgs) StdoutLine: {'line': b'-- Up-to-date symlink: /home/lee/workspace/ros2_ex_mav/install/px4_msgs/include/px4_msgs/px4_msgs/msg/detail/follow_target_status__struct.h\n'}
[0.399090] (px4_msgs) StdoutLine: {'line': b'-- Up-to-date symlink: /home/lee/workspace/ros2_ex_mav/install/px4_msgs/include/px4_msgs/px4_msgs/msg/detail/follow_target_status__type_support.h\n'}
[0.399123] (px4_msgs) StdoutLine: {'line': b'-- Up-to-date symlink: /home/lee/workspace/ros2_ex_mav/install/px4_msgs/include/px4_msgs/px4_msgs/msg/detail/generator_status__functions.h\n'}
[0.399155] (px4_msgs) StdoutLine: {'line': b'-- Up-to-date symlink: /home/lee/workspace/ros2_ex_mav/install/px4_msgs/include/px4_msgs/px4_msgs/msg/detail/generator_status__struct.h\n'}
[0.399188] (px4_msgs) StdoutLine: {'line': b'-- Up-to-date symlink: /home/lee/workspace/ros2_ex_mav/install/px4_msgs/include/px4_msgs/px4_msgs/msg/detail/generator_status__type_support.h\n'}
[0.399221] (px4_msgs) StdoutLine: {'line': b'-- Up-to-date symlink: /home/lee/workspace/ros2_ex_mav/install/px4_msgs/include/px4_msgs/px4_msgs/msg/detail/geofence_result__functions.h\n'}
[0.399253] (px4_msgs) StdoutLine: {'line': b'-- Up-to-date symlink: /home/lee/workspace/ros2_ex_mav/install/px4_msgs/include/px4_msgs/px4_msgs/msg/detail/geofence_result__struct.h\n'}
[0.399285] (px4_msgs) StdoutLine: {'line': b'-- Up-to-date symlink: /home/lee/workspace/ros2_ex_mav/install/px4_msgs/include/px4_msgs/px4_msgs/msg/detail/geofence_result__type_support.h\n'}
[0.399320] (px4_msgs) StdoutLine: {'line': b'-- Up-to-date symlink: /home/lee/workspace/ros2_ex_mav/install/px4_msgs/include/px4_msgs/px4_msgs/msg/detail/gimbal_controls__functions.h\n'}
[0.399351] (px4_msgs) StdoutLine: {'line': b'-- Up-to-date symlink: /home/lee/workspace/ros2_ex_mav/install/px4_msgs/include/px4_msgs/px4_msgs/msg/detail/gimbal_controls__struct.h\n'}
[0.399383] (px4_msgs) StdoutLine: {'line': b'-- Up-to-date symlink: /home/lee/workspace/ros2_ex_mav/install/px4_msgs/include/px4_msgs/px4_msgs/msg/detail/gimbal_controls__type_support.h\n'}
[0.399416] (px4_msgs) StdoutLine: {'line': b'-- Up-to-date symlink: /home/lee/workspace/ros2_ex_mav/install/px4_msgs/include/px4_msgs/px4_msgs/msg/detail/gimbal_device_attitude_status__functions.h\n'}
[0.399450] (px4_msgs) StdoutLine: {'line': b'-- Up-to-date symlink: /home/lee/workspace/ros2_ex_mav/install/px4_msgs/include/px4_msgs/px4_msgs/msg/detail/gimbal_device_attitude_status__struct.h\n'}
[0.399483] (px4_msgs) StdoutLine: {'line': b'-- Up-to-date symlink: /home/lee/workspace/ros2_ex_mav/install/px4_msgs/include/px4_msgs/px4_msgs/msg/detail/gimbal_device_attitude_status__type_support.h\n'}
[0.399516] (px4_msgs) StdoutLine: {'line': b'-- Up-to-date symlink: /home/lee/workspace/ros2_ex_mav/install/px4_msgs/include/px4_msgs/px4_msgs/msg/detail/gimbal_device_information__functions.h\n'}
[0.399547] (px4_msgs) StdoutLine: {'line': b'-- Up-to-date symlink: /home/lee/workspace/ros2_ex_mav/install/px4_msgs/include/px4_msgs/px4_msgs/msg/detail/gimbal_device_information__struct.h\n'}
[0.399580] (px4_msgs) StdoutLine: {'line': b'-- Up-to-date symlink: /home/lee/workspace/ros2_ex_mav/install/px4_msgs/include/px4_msgs/px4_msgs/msg/detail/gimbal_device_information__type_support.h\n'}
[0.399611] (px4_msgs) StdoutLine: {'line': b'-- Up-to-date symlink: /home/lee/workspace/ros2_ex_mav/install/px4_msgs/include/px4_msgs/px4_msgs/msg/detail/gimbal_device_set_attitude__functions.h\n'}
[0.399643] (px4_msgs) StdoutLine: {'line': b'-- Up-to-date symlink: /home/lee/workspace/ros2_ex_mav/install/px4_msgs/include/px4_msgs/px4_msgs/msg/detail/gimbal_device_set_attitude__struct.h\n'}
[0.399676] (px4_msgs) StdoutLine: {'line': b'-- Up-to-date symlink: /home/lee/workspace/ros2_ex_mav/install/px4_msgs/include/px4_msgs/px4_msgs/msg/detail/gimbal_device_set_attitude__type_support.h\n'}
[0.399707] (px4_msgs) StdoutLine: {'line': b'-- Up-to-date symlink: /home/lee/workspace/ros2_ex_mav/install/px4_msgs/include/px4_msgs/px4_msgs/msg/detail/gimbal_manager_information__functions.h\n'}
[0.399738] (px4_msgs) StdoutLine: {'line': b'-- Up-to-date symlink: /home/lee/workspace/ros2_ex_mav/install/px4_msgs/include/px4_msgs/px4_msgs/msg/detail/gimbal_manager_information__struct.h\n'}
[0.399770] (px4_msgs) StdoutLine: {'line': b'-- Up-to-date symlink: /home/lee/workspace/ros2_ex_mav/install/px4_msgs/include/px4_msgs/px4_msgs/msg/detail/gimbal_manager_information__type_support.h\n'}
[0.399802] (px4_msgs) StdoutLine: {'line': b'-- Up-to-date symlink: /home/lee/workspace/ros2_ex_mav/install/px4_msgs/include/px4_msgs/px4_msgs/msg/detail/gimbal_manager_set_attitude__functions.h\n'}
[0.399834] (px4_msgs) StdoutLine: {'line': b'-- Up-to-date symlink: /home/lee/workspace/ros2_ex_mav/install/px4_msgs/include/px4_msgs/px4_msgs/msg/detail/gimbal_manager_set_attitude__struct.h\n'}
[0.399853] (-) TimerEvent: {}
[0.399905] (px4_msgs) StdoutLine: {'line': b'-- Up-to-date symlink: /home/lee/workspace/ros2_ex_mav/install/px4_msgs/include/px4_msgs/px4_msgs/msg/detail/gimbal_manager_set_attitude__type_support.h\n'}
[0.399931] (px4_msgs) StdoutLine: {'line': b'-- Up-to-date symlink: /home/lee/workspace/ros2_ex_mav/install/px4_msgs/include/px4_msgs/px4_msgs/msg/detail/gimbal_manager_set_manual_control__functions.h\n'}
[0.399961] (px4_msgs) StdoutLine: {'line': b'-- Up-to-date symlink: /home/lee/workspace/ros2_ex_mav/install/px4_msgs/include/px4_msgs/px4_msgs/msg/detail/gimbal_manager_set_manual_control__struct.h\n'}
[0.399991] (px4_msgs) StdoutLine: {'line': b'-- Up-to-date symlink: /home/lee/workspace/ros2_ex_mav/install/px4_msgs/include/px4_msgs/px4_msgs/msg/detail/gimbal_manager_set_manual_control__type_support.h\n'}
[0.400021] (px4_msgs) StdoutLine: {'line': b'-- Up-to-date symlink: /home/lee/workspace/ros2_ex_mav/install/px4_msgs/include/px4_msgs/px4_msgs/msg/detail/gimbal_manager_status__functions.h\n'}
[0.400047] (px4_msgs) StdoutLine: {'line': b'-- Up-to-date symlink: /home/lee/workspace/ros2_ex_mav/install/px4_msgs/include/px4_msgs/px4_msgs/msg/detail/gimbal_manager_status__struct.h\n'}
[0.400075] (px4_msgs) StdoutLine: {'line': b'-- Up-to-date symlink: /home/lee/workspace/ros2_ex_mav/install/px4_msgs/include/px4_msgs/px4_msgs/msg/detail/gimbal_manager_status__type_support.h\n'}
[0.400103] (px4_msgs) StdoutLine: {'line': b'-- Up-to-date symlink: /home/lee/workspace/ros2_ex_mav/install/px4_msgs/include/px4_msgs/px4_msgs/msg/detail/gps_dump__functions.h\n'}
[0.400129] (px4_msgs) StdoutLine: {'line': b'-- Up-to-date symlink: /home/lee/workspace/ros2_ex_mav/install/px4_msgs/include/px4_msgs/px4_msgs/msg/detail/gps_dump__struct.h\n'}
[0.400160] (px4_msgs) StdoutLine: {'line': b'-- Up-to-date symlink: /home/lee/workspace/ros2_ex_mav/install/px4_msgs/include/px4_msgs/px4_msgs/msg/detail/gps_dump__type_support.h\n'}
[0.400194] (px4_msgs) StdoutLine: {'line': b'-- Up-to-date symlink: /home/lee/workspace/ros2_ex_mav/install/px4_msgs/include/px4_msgs/px4_msgs/msg/detail/gps_inject_data__functions.h\n'}
[0.400225] (px4_msgs) StdoutLine: {'line': b'-- Up-to-date symlink: /home/lee/workspace/ros2_ex_mav/install/px4_msgs/include/px4_msgs/px4_msgs/msg/detail/gps_inject_data__struct.h\n'}
[0.400256] (px4_msgs) StdoutLine: {'line': b'-- Up-to-date symlink: /home/lee/workspace/ros2_ex_mav/install/px4_msgs/include/px4_msgs/px4_msgs/msg/detail/gps_inject_data__type_support.h\n'}
[0.400288] (px4_msgs) StdoutLine: {'line': b'-- Up-to-date symlink: /home/lee/workspace/ros2_ex_mav/install/px4_msgs/include/px4_msgs/px4_msgs/msg/detail/gripper__functions.h\n'}
[0.400322] (px4_msgs) StdoutLine: {'line': b'-- Up-to-date symlink: /home/lee/workspace/ros2_ex_mav/install/px4_msgs/include/px4_msgs/px4_msgs/msg/detail/gripper__struct.h\n'}
[0.400355] (px4_msgs) StdoutLine: {'line': b'-- Up-to-date symlink: /home/lee/workspace/ros2_ex_mav/install/px4_msgs/include/px4_msgs/px4_msgs/msg/detail/gripper__type_support.h\n'}
[0.400386] (px4_msgs) StdoutLine: {'line': b'-- Up-to-date symlink: /home/lee/workspace/ros2_ex_mav/install/px4_msgs/include/px4_msgs/px4_msgs/msg/detail/health_report__functions.h\n'}
[0.400417] (px4_msgs) StdoutLine: {'line': b'-- Up-to-date symlink: /home/lee/workspace/ros2_ex_mav/install/px4_msgs/include/px4_msgs/px4_msgs/msg/detail/health_report__struct.h\n'}
[0.400449] (px4_msgs) StdoutLine: {'line': b'-- Up-to-date symlink: /home/lee/workspace/ros2_ex_mav/install/px4_msgs/include/px4_msgs/px4_msgs/msg/detail/health_report__type_support.h\n'}
[0.400481] (px4_msgs) StdoutLine: {'line': b'-- Up-to-date symlink: /home/lee/workspace/ros2_ex_mav/install/px4_msgs/include/px4_msgs/px4_msgs/msg/detail/heater_status__functions.h\n'}
[0.400513] (px4_msgs) StdoutLine: {'line': b'-- Up-to-date symlink: /home/lee/workspace/ros2_ex_mav/install/px4_msgs/include/px4_msgs/px4_msgs/msg/detail/heater_status__struct.h\n'}
[0.400545] (px4_msgs) StdoutLine: {'line': b'-- Up-to-date symlink: /home/lee/workspace/ros2_ex_mav/install/px4_msgs/include/px4_msgs/px4_msgs/msg/detail/heater_status__type_support.h\n'}
[0.400577] (px4_msgs) StdoutLine: {'line': b'-- Up-to-date symlink: /home/lee/workspace/ros2_ex_mav/install/px4_msgs/include/px4_msgs/px4_msgs/msg/detail/home_position__functions.h\n'}
[0.400609] (px4_msgs) StdoutLine: {'line': b'-- Up-to-date symlink: /home/lee/workspace/ros2_ex_mav/install/px4_msgs/include/px4_msgs/px4_msgs/msg/detail/home_position__struct.h\n'}
[0.400641] (px4_msgs) StdoutLine: {'line': b'-- Up-to-date symlink: /home/lee/workspace/ros2_ex_mav/install/px4_msgs/include/px4_msgs/px4_msgs/msg/detail/home_position__type_support.h\n'}
[0.400674] (px4_msgs) StdoutLine: {'line': b'-- Up-to-date symlink: /home/lee/workspace/ros2_ex_mav/install/px4_msgs/include/px4_msgs/px4_msgs/msg/detail/hover_thrust_estimate__functions.h\n'}
[0.400706] (px4_msgs) StdoutLine: {'line': b'-- Up-to-date symlink: /home/lee/workspace/ros2_ex_mav/install/px4_msgs/include/px4_msgs/px4_msgs/msg/detail/hover_thrust_estimate__struct.h\n'}
[0.400740] (px4_msgs) StdoutLine: {'line': b'-- Up-to-date symlink: /home/lee/workspace/ros2_ex_mav/install/px4_msgs/include/px4_msgs/px4_msgs/msg/detail/hover_thrust_estimate__type_support.h\n'}
[0.400773] (px4_msgs) StdoutLine: {'line': b'-- Up-to-date symlink: /home/lee/workspace/ros2_ex_mav/install/px4_msgs/include/px4_msgs/px4_msgs/msg/detail/input_rc__functions.h\n'}
[0.400806] (px4_msgs) StdoutLine: {'line': b'-- Up-to-date symlink: /home/lee/workspace/ros2_ex_mav/install/px4_msgs/include/px4_msgs/px4_msgs/msg/detail/input_rc__struct.h\n'}
[0.400838] (px4_msgs) StdoutLine: {'line': b'-- Up-to-date symlink: /home/lee/workspace/ros2_ex_mav/install/px4_msgs/include/px4_msgs/px4_msgs/msg/detail/input_rc__type_support.h\n'}
[0.400873] (px4_msgs) StdoutLine: {'line': b'-- Up-to-date symlink: /home/lee/workspace/ros2_ex_mav/install/px4_msgs/include/px4_msgs/px4_msgs/msg/detail/internal_combustion_engine_status__functions.h\n'}
[0.400906] (px4_msgs) StdoutLine: {'line': b'-- Up-to-date symlink: /home/lee/workspace/ros2_ex_mav/install/px4_msgs/include/px4_msgs/px4_msgs/msg/detail/internal_combustion_engine_status__struct.h\n'}
[0.400939] (px4_msgs) StdoutLine: {'line': b'-- Up-to-date symlink: /home/lee/workspace/ros2_ex_mav/install/px4_msgs/include/px4_msgs/px4_msgs/msg/detail/internal_combustion_engine_status__type_support.h\n'}
[0.400973] (px4_msgs) StdoutLine: {'line': b'-- Up-to-date symlink: /home/lee/workspace/ros2_ex_mav/install/px4_msgs/include/px4_msgs/px4_msgs/msg/detail/iridiumsbd_status__functions.h\n'}
[0.401006] (px4_msgs) StdoutLine: {'line': b'-- Up-to-date symlink: /home/lee/workspace/ros2_ex_mav/install/px4_msgs/include/px4_msgs/px4_msgs/msg/detail/iridiumsbd_status__struct.h\n'}
[0.401038] (px4_msgs) StdoutLine: {'line': b'-- Up-to-date symlink: /home/lee/workspace/ros2_ex_mav/install/px4_msgs/include/px4_msgs/px4_msgs/msg/detail/iridiumsbd_status__type_support.h\n'}
[0.401071] (px4_msgs) StdoutLine: {'line': b'-- Up-to-date symlink: /home/lee/workspace/ros2_ex_mav/install/px4_msgs/include/px4_msgs/px4_msgs/msg/detail/irlock_report__functions.h\n'}
[0.401102] (px4_msgs) StdoutLine: {'line': b'-- Up-to-date symlink: /home/lee/workspace/ros2_ex_mav/install/px4_msgs/include/px4_msgs/px4_msgs/msg/detail/irlock_report__struct.h\n'}
[0.401135] (px4_msgs) StdoutLine: {'line': b'-- Up-to-date symlink: /home/lee/workspace/ros2_ex_mav/install/px4_msgs/include/px4_msgs/px4_msgs/msg/detail/irlock_report__type_support.h\n'}
[0.401167] (px4_msgs) StdoutLine: {'line': b'-- Up-to-date symlink: /home/lee/workspace/ros2_ex_mav/install/px4_msgs/include/px4_msgs/px4_msgs/msg/detail/landing_gear__functions.h\n'}
[0.401198] (px4_msgs) StdoutLine: {'line': b'-- Up-to-date symlink: /home/lee/workspace/ros2_ex_mav/install/px4_msgs/include/px4_msgs/px4_msgs/msg/detail/landing_gear__struct.h\n'}
[0.401231] (px4_msgs) StdoutLine: {'line': b'-- Up-to-date symlink: /home/lee/workspace/ros2_ex_mav/install/px4_msgs/include/px4_msgs/px4_msgs/msg/detail/landing_gear__type_support.h\n'}
[0.401263] (px4_msgs) StdoutLine: {'line': b'-- Up-to-date symlink: /home/lee/workspace/ros2_ex_mav/install/px4_msgs/include/px4_msgs/px4_msgs/msg/detail/landing_gear_wheel__functions.h\n'}
[0.401295] (px4_msgs) StdoutLine: {'line': b'-- Up-to-date symlink: /home/lee/workspace/ros2_ex_mav/install/px4_msgs/include/px4_msgs/px4_msgs/msg/detail/landing_gear_wheel__struct.h\n'}
[0.401331] (px4_msgs) StdoutLine: {'line': b'-- Up-to-date symlink: /home/lee/workspace/ros2_ex_mav/install/px4_msgs/include/px4_msgs/px4_msgs/msg/detail/landing_gear_wheel__type_support.h\n'}
[0.401365] (px4_msgs) StdoutLine: {'line': b'-- Up-to-date symlink: /home/lee/workspace/ros2_ex_mav/install/px4_msgs/include/px4_msgs/px4_msgs/msg/detail/landing_target_innovations__functions.h\n'}
[0.401400] (px4_msgs) StdoutLine: {'line': b'-- Up-to-date symlink: /home/lee/workspace/ros2_ex_mav/install/px4_msgs/include/px4_msgs/px4_msgs/msg/detail/landing_target_innovations__struct.h\n'}
[0.401433] (px4_msgs) StdoutLine: {'line': b'-- Up-to-date symlink: /home/lee/workspace/ros2_ex_mav/install/px4_msgs/include/px4_msgs/px4_msgs/msg/detail/landing_target_innovations__type_support.h\n'}
[0.401467] (px4_msgs) StdoutLine: {'line': b'-- Up-to-date symlink: /home/lee/workspace/ros2_ex_mav/install/px4_msgs/include/px4_msgs/px4_msgs/msg/detail/landing_target_pose__functions.h\n'}
[0.401501] (px4_msgs) StdoutLine: {'line': b'-- Up-to-date symlink: /home/lee/workspace/ros2_ex_mav/install/px4_msgs/include/px4_msgs/px4_msgs/msg/detail/landing_target_pose__struct.h\n'}
[0.401533] (px4_msgs) StdoutLine: {'line': b'-- Up-to-date symlink: /home/lee/workspace/ros2_ex_mav/install/px4_msgs/include/px4_msgs/px4_msgs/msg/detail/landing_target_pose__type_support.h\n'}
[0.401565] (px4_msgs) StdoutLine: {'line': b'-- Up-to-date symlink: /home/lee/workspace/ros2_ex_mav/install/px4_msgs/include/px4_msgs/px4_msgs/msg/detail/launch_detection_status__functions.h\n'}
[0.401599] (px4_msgs) StdoutLine: {'line': b'-- Up-to-date symlink: /home/lee/workspace/ros2_ex_mav/install/px4_msgs/include/px4_msgs/px4_msgs/msg/detail/launch_detection_status__struct.h\n'}
[0.401634] (px4_msgs) StdoutLine: {'line': b'-- Up-to-date symlink: /home/lee/workspace/ros2_ex_mav/install/px4_msgs/include/px4_msgs/px4_msgs/msg/detail/launch_detection_status__type_support.h\n'}
[0.401666] (px4_msgs) StdoutLine: {'line': b'-- Up-to-date symlink: /home/lee/workspace/ros2_ex_mav/install/px4_msgs/include/px4_msgs/px4_msgs/msg/detail/led_control__functions.h\n'}
[0.401699] (px4_msgs) StdoutLine: {'line': b'-- Up-to-date symlink: /home/lee/workspace/ros2_ex_mav/install/px4_msgs/include/px4_msgs/px4_msgs/msg/detail/led_control__struct.h\n'}
[0.401731] (px4_msgs) StdoutLine: {'line': b'-- Up-to-date symlink: /home/lee/workspace/ros2_ex_mav/install/px4_msgs/include/px4_msgs/px4_msgs/msg/detail/led_control__type_support.h\n'}
[0.401762] (px4_msgs) StdoutLine: {'line': b'-- Up-to-date symlink: /home/lee/workspace/ros2_ex_mav/install/px4_msgs/include/px4_msgs/px4_msgs/msg/detail/log_message__functions.h\n'}
[0.401794] (px4_msgs) StdoutLine: {'line': b'-- Up-to-date symlink: /home/lee/workspace/ros2_ex_mav/install/px4_msgs/include/px4_msgs/px4_msgs/msg/detail/log_message__struct.h\n'}
[0.401825] (px4_msgs) StdoutLine: {'line': b'-- Up-to-date symlink: /home/lee/workspace/ros2_ex_mav/install/px4_msgs/include/px4_msgs/px4_msgs/msg/detail/log_message__type_support.h\n'}
[0.401857] (px4_msgs) StdoutLine: {'line': b'-- Up-to-date symlink: /home/lee/workspace/ros2_ex_mav/install/px4_msgs/include/px4_msgs/px4_msgs/msg/detail/logger_status__functions.h\n'}
[0.401888] (px4_msgs) StdoutLine: {'line': b'-- Up-to-date symlink: /home/lee/workspace/ros2_ex_mav/install/px4_msgs/include/px4_msgs/px4_msgs/msg/detail/logger_status__struct.h\n'}
[0.401919] (px4_msgs) StdoutLine: {'line': b'-- Up-to-date symlink: /home/lee/workspace/ros2_ex_mav/install/px4_msgs/include/px4_msgs/px4_msgs/msg/detail/logger_status__type_support.h\n'}
[0.401951] (px4_msgs) StdoutLine: {'line': b'-- Up-to-date symlink: /home/lee/workspace/ros2_ex_mav/install/px4_msgs/include/px4_msgs/px4_msgs/msg/detail/mag_worker_data__functions.h\n'}
[0.401983] (px4_msgs) StdoutLine: {'line': b'-- Up-to-date symlink: /home/lee/workspace/ros2_ex_mav/install/px4_msgs/include/px4_msgs/px4_msgs/msg/detail/mag_worker_data__struct.h\n'}
[0.402013] (px4_msgs) StdoutLine: {'line': b'-- Up-to-date symlink: /home/lee/workspace/ros2_ex_mav/install/px4_msgs/include/px4_msgs/px4_msgs/msg/detail/mag_worker_data__type_support.h\n'}
[0.402045] (px4_msgs) StdoutLine: {'line': b'-- Up-to-date symlink: /home/lee/workspace/ros2_ex_mav/install/px4_msgs/include/px4_msgs/px4_msgs/msg/detail/magnetometer_bias_estimate__functions.h\n'}
[0.402078] (px4_msgs) StdoutLine: {'line': b'-- Up-to-date symlink: /home/lee/workspace/ros2_ex_mav/install/px4_msgs/include/px4_msgs/px4_msgs/msg/detail/magnetometer_bias_estimate__struct.h\n'}
[0.402110] (px4_msgs) StdoutLine: {'line': b'-- Up-to-date symlink: /home/lee/workspace/ros2_ex_mav/install/px4_msgs/include/px4_msgs/px4_msgs/msg/detail/magnetometer_bias_estimate__type_support.h\n'}
[0.402142] (px4_msgs) StdoutLine: {'line': b'-- Up-to-date symlink: /home/lee/workspace/ros2_ex_mav/install/px4_msgs/include/px4_msgs/px4_msgs/msg/detail/manual_control_setpoint__functions.h\n'}
[0.402175] (px4_msgs) StdoutLine: {'line': b'-- Up-to-date symlink: /home/lee/workspace/ros2_ex_mav/install/px4_msgs/include/px4_msgs/px4_msgs/msg/detail/manual_control_setpoint__struct.h\n'}
[0.402207] (px4_msgs) StdoutLine: {'line': b'-- Up-to-date symlink: /home/lee/workspace/ros2_ex_mav/install/px4_msgs/include/px4_msgs/px4_msgs/msg/detail/manual_control_setpoint__type_support.h\n'}
[0.402239] (px4_msgs) StdoutLine: {'line': b'-- Up-to-date symlink: /home/lee/workspace/ros2_ex_mav/install/px4_msgs/include/px4_msgs/px4_msgs/msg/detail/manual_control_switches__functions.h\n'}
[0.402272] (px4_msgs) StdoutLine: {'line': b'-- Up-to-date symlink: /home/lee/workspace/ros2_ex_mav/install/px4_msgs/include/px4_msgs/px4_msgs/msg/detail/manual_control_switches__struct.h\n'}
[0.402303] (px4_msgs) StdoutLine: {'line': b'-- Up-to-date symlink: /home/lee/workspace/ros2_ex_mav/install/px4_msgs/include/px4_msgs/px4_msgs/msg/detail/manual_control_switches__type_support.h\n'}
[0.402338] (px4_msgs) StdoutLine: {'line': b'-- Up-to-date symlink: /home/lee/workspace/ros2_ex_mav/install/px4_msgs/include/px4_msgs/px4_msgs/msg/detail/mavlink_log__functions.h\n'}
[0.402371] (px4_msgs) StdoutLine: {'line': b'-- Up-to-date symlink: /home/lee/workspace/ros2_ex_mav/install/px4_msgs/include/px4_msgs/px4_msgs/msg/detail/mavlink_log__struct.h\n'}
[0.402403] (px4_msgs) StdoutLine: {'line': b'-- Up-to-date symlink: /home/lee/workspace/ros2_ex_mav/install/px4_msgs/include/px4_msgs/px4_msgs/msg/detail/mavlink_log__type_support.h\n'}
[0.402434] (px4_msgs) StdoutLine: {'line': b'-- Up-to-date symlink: /home/lee/workspace/ros2_ex_mav/install/px4_msgs/include/px4_msgs/px4_msgs/msg/detail/mavlink_tunnel__functions.h\n'}
[0.402467] (px4_msgs) StdoutLine: {'line': b'-- Up-to-date symlink: /home/lee/workspace/ros2_ex_mav/install/px4_msgs/include/px4_msgs/px4_msgs/msg/detail/mavlink_tunnel__struct.h\n'}
[0.402499] (px4_msgs) StdoutLine: {'line': b'-- Up-to-date symlink: /home/lee/workspace/ros2_ex_mav/install/px4_msgs/include/px4_msgs/px4_msgs/msg/detail/mavlink_tunnel__type_support.h\n'}
[0.402530] (px4_msgs) StdoutLine: {'line': b'-- Up-to-date symlink: /home/lee/workspace/ros2_ex_mav/install/px4_msgs/include/px4_msgs/px4_msgs/msg/detail/mission__functions.h\n'}
[0.402562] (px4_msgs) StdoutLine: {'line': b'-- Up-to-date symlink: /home/lee/workspace/ros2_ex_mav/install/px4_msgs/include/px4_msgs/px4_msgs/msg/detail/mission__struct.h\n'}
[0.402594] (px4_msgs) StdoutLine: {'line': b'-- Up-to-date symlink: /home/lee/workspace/ros2_ex_mav/install/px4_msgs/include/px4_msgs/px4_msgs/msg/detail/mission__type_support.h\n'}
[0.402626] (px4_msgs) StdoutLine: {'line': b'-- Up-to-date symlink: /home/lee/workspace/ros2_ex_mav/install/px4_msgs/include/px4_msgs/px4_msgs/msg/detail/mission_result__functions.h\n'}
[0.402657] (px4_msgs) StdoutLine: {'line': b'-- Up-to-date symlink: /home/lee/workspace/ros2_ex_mav/install/px4_msgs/include/px4_msgs/px4_msgs/msg/detail/mission_result__struct.h\n'}
[0.402689] (px4_msgs) StdoutLine: {'line': b'-- Up-to-date symlink: /home/lee/workspace/ros2_ex_mav/install/px4_msgs/include/px4_msgs/px4_msgs/msg/detail/mission_result__type_support.h\n'}
[0.402721] (px4_msgs) StdoutLine: {'line': b'-- Up-to-date symlink: /home/lee/workspace/ros2_ex_mav/install/px4_msgs/include/px4_msgs/px4_msgs/msg/detail/mode_completed__functions.h\n'}
[0.402752] (px4_msgs) StdoutLine: {'line': b'-- Up-to-date symlink: /home/lee/workspace/ros2_ex_mav/install/px4_msgs/include/px4_msgs/px4_msgs/msg/detail/mode_completed__struct.h\n'}
[0.402784] (px4_msgs) StdoutLine: {'line': b'-- Up-to-date symlink: /home/lee/workspace/ros2_ex_mav/install/px4_msgs/include/px4_msgs/px4_msgs/msg/detail/mode_completed__type_support.h\n'}
[0.402815] (px4_msgs) StdoutLine: {'line': b'-- Up-to-date symlink: /home/lee/workspace/ros2_ex_mav/install/px4_msgs/include/px4_msgs/px4_msgs/msg/detail/mount_orientation__functions.h\n'}
[0.402846] (px4_msgs) StdoutLine: {'line': b'-- Up-to-date symlink: /home/lee/workspace/ros2_ex_mav/install/px4_msgs/include/px4_msgs/px4_msgs/msg/detail/mount_orientation__struct.h\n'}
[0.402879] (px4_msgs) StdoutLine: {'line': b'-- Up-to-date symlink: /home/lee/workspace/ros2_ex_mav/install/px4_msgs/include/px4_msgs/px4_msgs/msg/detail/mount_orientation__type_support.h\n'}
[0.402910] (px4_msgs) StdoutLine: {'line': b'-- Up-to-date symlink: /home/lee/workspace/ros2_ex_mav/install/px4_msgs/include/px4_msgs/px4_msgs/msg/detail/navigator_mission_item__functions.h\n'}
[0.402943] (px4_msgs) StdoutLine: {'line': b'-- Up-to-date symlink: /home/lee/workspace/ros2_ex_mav/install/px4_msgs/include/px4_msgs/px4_msgs/msg/detail/navigator_mission_item__struct.h\n'}
[0.402976] (px4_msgs) StdoutLine: {'line': b'-- Up-to-date symlink: /home/lee/workspace/ros2_ex_mav/install/px4_msgs/include/px4_msgs/px4_msgs/msg/detail/navigator_mission_item__type_support.h\n'}
[0.403008] (px4_msgs) StdoutLine: {'line': b'-- Up-to-date symlink: /home/lee/workspace/ros2_ex_mav/install/px4_msgs/include/px4_msgs/px4_msgs/msg/detail/normalized_unsigned_setpoint__functions.h\n'}
[0.403040] (px4_msgs) StdoutLine: {'line': b'-- Up-to-date symlink: /home/lee/workspace/ros2_ex_mav/install/px4_msgs/include/px4_msgs/px4_msgs/msg/detail/normalized_unsigned_setpoint__struct.h\n'}
[0.403073] (px4_msgs) StdoutLine: {'line': b'-- Up-to-date symlink: /home/lee/workspace/ros2_ex_mav/install/px4_msgs/include/px4_msgs/px4_msgs/msg/detail/normalized_unsigned_setpoint__type_support.h\n'}
[0.403106] (px4_msgs) StdoutLine: {'line': b'-- Up-to-date symlink: /home/lee/workspace/ros2_ex_mav/install/px4_msgs/include/px4_msgs/px4_msgs/msg/detail/npfg_status__functions.h\n'}
[0.403138] (px4_msgs) StdoutLine: {'line': b'-- Up-to-date symlink: /home/lee/workspace/ros2_ex_mav/install/px4_msgs/include/px4_msgs/px4_msgs/msg/detail/npfg_status__struct.h\n'}
[0.403169] (px4_msgs) StdoutLine: {'line': b'-- Up-to-date symlink: /home/lee/workspace/ros2_ex_mav/install/px4_msgs/include/px4_msgs/px4_msgs/msg/detail/npfg_status__type_support.h\n'}
[0.403200] (px4_msgs) StdoutLine: {'line': b'-- Up-to-date symlink: /home/lee/workspace/ros2_ex_mav/install/px4_msgs/include/px4_msgs/px4_msgs/msg/detail/obstacle_distance__functions.h\n'}
[0.403233] (px4_msgs) StdoutLine: {'line': b'-- Up-to-date symlink: /home/lee/workspace/ros2_ex_mav/install/px4_msgs/include/px4_msgs/px4_msgs/msg/detail/obstacle_distance__struct.h\n'}
[0.403264] (px4_msgs) StdoutLine: {'line': b'-- Up-to-date symlink: /home/lee/workspace/ros2_ex_mav/install/px4_msgs/include/px4_msgs/px4_msgs/msg/detail/obstacle_distance__type_support.h\n'}
[0.403296] (px4_msgs) StdoutLine: {'line': b'-- Up-to-date symlink: /home/lee/workspace/ros2_ex_mav/install/px4_msgs/include/px4_msgs/px4_msgs/msg/detail/offboard_control_mode__functions.h\n'}
[0.403331] (px4_msgs) StdoutLine: {'line': b'-- Up-to-date symlink: /home/lee/workspace/ros2_ex_mav/install/px4_msgs/include/px4_msgs/px4_msgs/msg/detail/offboard_control_mode__struct.h\n'}
[0.403363] (px4_msgs) StdoutLine: {'line': b'-- Up-to-date symlink: /home/lee/workspace/ros2_ex_mav/install/px4_msgs/include/px4_msgs/px4_msgs/msg/detail/offboard_control_mode__type_support.h\n'}
[0.403395] (px4_msgs) StdoutLine: {'line': b'-- Up-to-date symlink: /home/lee/workspace/ros2_ex_mav/install/px4_msgs/include/px4_msgs/px4_msgs/msg/detail/onboard_computer_status__functions.h\n'}
[0.403428] (px4_msgs) StdoutLine: {'line': b'-- Up-to-date symlink: /home/lee/workspace/ros2_ex_mav/install/px4_msgs/include/px4_msgs/px4_msgs/msg/detail/onboard_computer_status__struct.h\n'}
[0.403460] (px4_msgs) StdoutLine: {'line': b'-- Up-to-date symlink: /home/lee/workspace/ros2_ex_mav/install/px4_msgs/include/px4_msgs/px4_msgs/msg/detail/onboard_computer_status__type_support.h\n'}
[0.403493] (px4_msgs) StdoutLine: {'line': b'-- Up-to-date symlink: /home/lee/workspace/ros2_ex_mav/install/px4_msgs/include/px4_msgs/px4_msgs/msg/detail/orb_test__functions.h\n'}
[0.403524] (px4_msgs) StdoutLine: {'line': b'-- Up-to-date symlink: /home/lee/workspace/ros2_ex_mav/install/px4_msgs/include/px4_msgs/px4_msgs/msg/detail/orb_test__struct.h\n'}
[0.403555] (px4_msgs) StdoutLine: {'line': b'-- Up-to-date symlink: /home/lee/workspace/ros2_ex_mav/install/px4_msgs/include/px4_msgs/px4_msgs/msg/detail/orb_test__type_support.h\n'}
[0.403587] (px4_msgs) StdoutLine: {'line': b'-- Up-to-date symlink: /home/lee/workspace/ros2_ex_mav/install/px4_msgs/include/px4_msgs/px4_msgs/msg/detail/orb_test_large__functions.h\n'}
[0.403618] (px4_msgs) StdoutLine: {'line': b'-- Up-to-date symlink: /home/lee/workspace/ros2_ex_mav/install/px4_msgs/include/px4_msgs/px4_msgs/msg/detail/orb_test_large__struct.h\n'}
[0.403650] (px4_msgs) StdoutLine: {'line': b'-- Up-to-date symlink: /home/lee/workspace/ros2_ex_mav/install/px4_msgs/include/px4_msgs/px4_msgs/msg/detail/orb_test_large__type_support.h\n'}
[0.403681] (px4_msgs) StdoutLine: {'line': b'-- Up-to-date symlink: /home/lee/workspace/ros2_ex_mav/install/px4_msgs/include/px4_msgs/px4_msgs/msg/detail/orb_test_medium__functions.h\n'}
[0.403712] (px4_msgs) StdoutLine: {'line': b'-- Up-to-date symlink: /home/lee/workspace/ros2_ex_mav/install/px4_msgs/include/px4_msgs/px4_msgs/msg/detail/orb_test_medium__struct.h\n'}
[0.403743] (px4_msgs) StdoutLine: {'line': b'-- Up-to-date symlink: /home/lee/workspace/ros2_ex_mav/install/px4_msgs/include/px4_msgs/px4_msgs/msg/detail/orb_test_medium__type_support.h\n'}
[0.403775] (px4_msgs) StdoutLine: {'line': b'-- Up-to-date symlink: /home/lee/workspace/ros2_ex_mav/install/px4_msgs/include/px4_msgs/px4_msgs/msg/detail/orbit_status__functions.h\n'}
[0.403805] (px4_msgs) StdoutLine: {'line': b'-- Up-to-date symlink: /home/lee/workspace/ros2_ex_mav/install/px4_msgs/include/px4_msgs/px4_msgs/msg/detail/orbit_status__struct.h\n'}
[0.403837] (px4_msgs) StdoutLine: {'line': b'-- Up-to-date symlink: /home/lee/workspace/ros2_ex_mav/install/px4_msgs/include/px4_msgs/px4_msgs/msg/detail/orbit_status__type_support.h\n'}
[0.403868] (px4_msgs) StdoutLine: {'line': b'-- Up-to-date symlink: /home/lee/workspace/ros2_ex_mav/install/px4_msgs/include/px4_msgs/px4_msgs/msg/detail/parameter_update__functions.h\n'}
[0.403899] (px4_msgs) StdoutLine: {'line': b'-- Up-to-date symlink: /home/lee/workspace/ros2_ex_mav/install/px4_msgs/include/px4_msgs/px4_msgs/msg/detail/parameter_update__struct.h\n'}
[0.403931] (px4_msgs) StdoutLine: {'line': b'-- Up-to-date symlink: /home/lee/workspace/ros2_ex_mav/install/px4_msgs/include/px4_msgs/px4_msgs/msg/detail/parameter_update__type_support.h\n'}
[0.403962] (px4_msgs) StdoutLine: {'line': b'-- Up-to-date symlink: /home/lee/workspace/ros2_ex_mav/install/px4_msgs/include/px4_msgs/px4_msgs/msg/detail/ping__functions.h\n'}
[0.403995] (px4_msgs) StdoutLine: {'line': b'-- Up-to-date symlink: /home/lee/workspace/ros2_ex_mav/install/px4_msgs/include/px4_msgs/px4_msgs/msg/detail/ping__struct.h\n'}
[0.404027] (px4_msgs) StdoutLine: {'line': b'-- Up-to-date symlink: /home/lee/workspace/ros2_ex_mav/install/px4_msgs/include/px4_msgs/px4_msgs/msg/detail/ping__type_support.h\n'}
[0.404060] (px4_msgs) StdoutLine: {'line': b'-- Up-to-date symlink: /home/lee/workspace/ros2_ex_mav/install/px4_msgs/include/px4_msgs/px4_msgs/msg/detail/position_controller_landing_status__functions.h\n'}
[0.404093] (px4_msgs) StdoutLine: {'line': b'-- Up-to-date symlink: /home/lee/workspace/ros2_ex_mav/install/px4_msgs/include/px4_msgs/px4_msgs/msg/detail/position_controller_landing_status__struct.h\n'}
[0.404126] (px4_msgs) StdoutLine: {'line': b'-- Up-to-date symlink: /home/lee/workspace/ros2_ex_mav/install/px4_msgs/include/px4_msgs/px4_msgs/msg/detail/position_controller_landing_status__type_support.h\n'}
[0.404159] (px4_msgs) StdoutLine: {'line': b'-- Up-to-date symlink: /home/lee/workspace/ros2_ex_mav/install/px4_msgs/include/px4_msgs/px4_msgs/msg/detail/position_controller_status__functions.h\n'}
[0.404192] (px4_msgs) StdoutLine: {'line': b'-- Up-to-date symlink: /home/lee/workspace/ros2_ex_mav/install/px4_msgs/include/px4_msgs/px4_msgs/msg/detail/position_controller_status__struct.h\n'}
[0.404225] (px4_msgs) StdoutLine: {'line': b'-- Up-to-date symlink: /home/lee/workspace/ros2_ex_mav/install/px4_msgs/include/px4_msgs/px4_msgs/msg/detail/position_controller_status__type_support.h\n'}
[0.404258] (px4_msgs) StdoutLine: {'line': b'-- Up-to-date symlink: /home/lee/workspace/ros2_ex_mav/install/px4_msgs/include/px4_msgs/px4_msgs/msg/detail/position_setpoint__functions.h\n'}
[0.404291] (px4_msgs) StdoutLine: {'line': b'-- Up-to-date symlink: /home/lee/workspace/ros2_ex_mav/install/px4_msgs/include/px4_msgs/px4_msgs/msg/detail/position_setpoint__struct.h\n'}
[0.404324] (px4_msgs) StdoutLine: {'line': b'-- Up-to-date symlink: /home/lee/workspace/ros2_ex_mav/install/px4_msgs/include/px4_msgs/px4_msgs/msg/detail/position_setpoint__type_support.h\n'}
[0.404357] (px4_msgs) StdoutLine: {'line': b'-- Up-to-date symlink: /home/lee/workspace/ros2_ex_mav/install/px4_msgs/include/px4_msgs/px4_msgs/msg/detail/position_setpoint_triplet__functions.h\n'}
[0.404389] (px4_msgs) StdoutLine: {'line': b'-- Up-to-date symlink: /home/lee/workspace/ros2_ex_mav/install/px4_msgs/include/px4_msgs/px4_msgs/msg/detail/position_setpoint_triplet__struct.h\n'}
[0.404422] (px4_msgs) StdoutLine: {'line': b'-- Up-to-date symlink: /home/lee/workspace/ros2_ex_mav/install/px4_msgs/include/px4_msgs/px4_msgs/msg/detail/position_setpoint_triplet__type_support.h\n'}
[0.404455] (px4_msgs) StdoutLine: {'line': b'-- Up-to-date symlink: /home/lee/workspace/ros2_ex_mav/install/px4_msgs/include/px4_msgs/px4_msgs/msg/detail/power_button_state__functions.h\n'}
[0.404488] (px4_msgs) StdoutLine: {'line': b'-- Up-to-date symlink: /home/lee/workspace/ros2_ex_mav/install/px4_msgs/include/px4_msgs/px4_msgs/msg/detail/power_button_state__struct.h\n'}
[0.404521] (px4_msgs) StdoutLine: {'line': b'-- Up-to-date symlink: /home/lee/workspace/ros2_ex_mav/install/px4_msgs/include/px4_msgs/px4_msgs/msg/detail/power_button_state__type_support.h\n'}
[0.404554] (px4_msgs) StdoutLine: {'line': b'-- Up-to-date symlink: /home/lee/workspace/ros2_ex_mav/install/px4_msgs/include/px4_msgs/px4_msgs/msg/detail/power_monitor__functions.h\n'}
[0.404586] (px4_msgs) StdoutLine: {'line': b'-- Up-to-date symlink: /home/lee/workspace/ros2_ex_mav/install/px4_msgs/include/px4_msgs/px4_msgs/msg/detail/power_monitor__struct.h\n'}
[0.404619] (px4_msgs) StdoutLine: {'line': b'-- Up-to-date symlink: /home/lee/workspace/ros2_ex_mav/install/px4_msgs/include/px4_msgs/px4_msgs/msg/detail/power_monitor__type_support.h\n'}
[0.404651] (px4_msgs) StdoutLine: {'line': b'-- Up-to-date symlink: /home/lee/workspace/ros2_ex_mav/install/px4_msgs/include/px4_msgs/px4_msgs/msg/detail/pps_capture__functions.h\n'}
[0.404683] (px4_msgs) StdoutLine: {'line': b'-- Up-to-date symlink: /home/lee/workspace/ros2_ex_mav/install/px4_msgs/include/px4_msgs/px4_msgs/msg/detail/pps_capture__struct.h\n'}
[0.404716] (px4_msgs) StdoutLine: {'line': b'-- Up-to-date symlink: /home/lee/workspace/ros2_ex_mav/install/px4_msgs/include/px4_msgs/px4_msgs/msg/detail/pps_capture__type_support.h\n'}
[0.404748] (px4_msgs) StdoutLine: {'line': b'-- Up-to-date symlink: /home/lee/workspace/ros2_ex_mav/install/px4_msgs/include/px4_msgs/px4_msgs/msg/detail/pwm_input__functions.h\n'}
[0.404780] (px4_msgs) StdoutLine: {'line': b'-- Up-to-date symlink: /home/lee/workspace/ros2_ex_mav/install/px4_msgs/include/px4_msgs/px4_msgs/msg/detail/pwm_input__struct.h\n'}
[0.404832] (px4_msgs) StdoutLine: {'line': b'-- Up-to-date symlink: /home/lee/workspace/ros2_ex_mav/install/px4_msgs/include/px4_msgs/px4_msgs/msg/detail/pwm_input__type_support.h\n'}
[0.404861] (px4_msgs) StdoutLine: {'line': b'-- Up-to-date symlink: /home/lee/workspace/ros2_ex_mav/install/px4_msgs/include/px4_msgs/px4_msgs/msg/detail/px4io_status__functions.h\n'}
[0.404889] (px4_msgs) StdoutLine: {'line': b'-- Up-to-date symlink: /home/lee/workspace/ros2_ex_mav/install/px4_msgs/include/px4_msgs/px4_msgs/msg/detail/px4io_status__struct.h\n'}
[0.404917] (px4_msgs) StdoutLine: {'line': b'-- Up-to-date symlink: /home/lee/workspace/ros2_ex_mav/install/px4_msgs/include/px4_msgs/px4_msgs/msg/detail/px4io_status__type_support.h\n'}
[0.404945] (px4_msgs) StdoutLine: {'line': b'-- Up-to-date symlink: /home/lee/workspace/ros2_ex_mav/install/px4_msgs/include/px4_msgs/px4_msgs/msg/detail/qshell_req__functions.h\n'}
[0.404971] (px4_msgs) StdoutLine: {'line': b'-- Up-to-date symlink: /home/lee/workspace/ros2_ex_mav/install/px4_msgs/include/px4_msgs/px4_msgs/msg/detail/qshell_req__struct.h\n'}
[0.405003] (px4_msgs) StdoutLine: {'line': b'-- Up-to-date symlink: /home/lee/workspace/ros2_ex_mav/install/px4_msgs/include/px4_msgs/px4_msgs/msg/detail/qshell_req__type_support.h\n'}
[0.405035] (px4_msgs) StdoutLine: {'line': b'-- Up-to-date symlink: /home/lee/workspace/ros2_ex_mav/install/px4_msgs/include/px4_msgs/px4_msgs/msg/detail/qshell_retval__functions.h\n'}
[0.405066] (px4_msgs) StdoutLine: {'line': b'-- Up-to-date symlink: /home/lee/workspace/ros2_ex_mav/install/px4_msgs/include/px4_msgs/px4_msgs/msg/detail/qshell_retval__struct.h\n'}
[0.405099] (px4_msgs) StdoutLine: {'line': b'-- Up-to-date symlink: /home/lee/workspace/ros2_ex_mav/install/px4_msgs/include/px4_msgs/px4_msgs/msg/detail/qshell_retval__type_support.h\n'}
[0.405131] (px4_msgs) StdoutLine: {'line': b'-- Up-to-date symlink: /home/lee/workspace/ros2_ex_mav/install/px4_msgs/include/px4_msgs/px4_msgs/msg/detail/radio_status__functions.h\n'}
[0.405162] (px4_msgs) StdoutLine: {'line': b'-- Up-to-date symlink: /home/lee/workspace/ros2_ex_mav/install/px4_msgs/include/px4_msgs/px4_msgs/msg/detail/radio_status__struct.h\n'}
[0.405194] (px4_msgs) StdoutLine: {'line': b'-- Up-to-date symlink: /home/lee/workspace/ros2_ex_mav/install/px4_msgs/include/px4_msgs/px4_msgs/msg/detail/radio_status__type_support.h\n'}
[0.405227] (px4_msgs) StdoutLine: {'line': b'-- Up-to-date symlink: /home/lee/workspace/ros2_ex_mav/install/px4_msgs/include/px4_msgs/px4_msgs/msg/detail/rate_ctrl_status__functions.h\n'}
[0.405259] (px4_msgs) StdoutLine: {'line': b'-- Up-to-date symlink: /home/lee/workspace/ros2_ex_mav/install/px4_msgs/include/px4_msgs/px4_msgs/msg/detail/rate_ctrl_status__struct.h\n'}
[0.405292] (px4_msgs) StdoutLine: {'line': b'-- Up-to-date symlink: /home/lee/workspace/ros2_ex_mav/install/px4_msgs/include/px4_msgs/px4_msgs/msg/detail/rate_ctrl_status__type_support.h\n'}
[0.405325] (px4_msgs) StdoutLine: {'line': b'-- Up-to-date symlink: /home/lee/workspace/ros2_ex_mav/install/px4_msgs/include/px4_msgs/px4_msgs/msg/detail/rc_channels__functions.h\n'}
[0.405454] (px4_msgs) StdoutLine: {'line': b'-- Up-to-date symlink: /home/lee/workspace/ros2_ex_mav/install/px4_msgs/include/px4_msgs/px4_msgs/msg/detail/rc_channels__struct.h\n'}
[0.405479] (px4_msgs) StdoutLine: {'line': b'-- Up-to-date symlink: /home/lee/workspace/ros2_ex_mav/install/px4_msgs/include/px4_msgs/px4_msgs/msg/detail/rc_channels__type_support.h\n'}
[0.405499] (px4_msgs) StdoutLine: {'line': b'-- Up-to-date symlink: /home/lee/workspace/ros2_ex_mav/install/px4_msgs/include/px4_msgs/px4_msgs/msg/detail/rc_parameter_map__functions.h\n'}
[0.405518] (px4_msgs) StdoutLine: {'line': b'-- Up-to-date symlink: /home/lee/workspace/ros2_ex_mav/install/px4_msgs/include/px4_msgs/px4_msgs/msg/detail/rc_parameter_map__struct.h\n'}
[0.405548] (px4_msgs) StdoutLine: {'line': b'-- Up-to-date symlink: /home/lee/workspace/ros2_ex_mav/install/px4_msgs/include/px4_msgs/px4_msgs/msg/detail/rc_parameter_map__type_support.h\n'}
[0.405568] (px4_msgs) StdoutLine: {'line': b'-- Up-to-date symlink: /home/lee/workspace/ros2_ex_mav/install/px4_msgs/include/px4_msgs/px4_msgs/msg/detail/rpm__functions.h\n'}
[0.405644] (px4_msgs) StdoutLine: {'line': b'-- Up-to-date symlink: /home/lee/workspace/ros2_ex_mav/install/px4_msgs/include/px4_msgs/px4_msgs/msg/detail/rpm__struct.h\n'}
[0.405662] (px4_msgs) StdoutLine: {'line': b'-- Up-to-date symlink: /home/lee/workspace/ros2_ex_mav/install/px4_msgs/include/px4_msgs/px4_msgs/msg/detail/rpm__type_support.h\n'}
[0.405681] (px4_msgs) StdoutLine: {'line': b'-- Up-to-date symlink: /home/lee/workspace/ros2_ex_mav/install/px4_msgs/include/px4_msgs/px4_msgs/msg/detail/rtl_time_estimate__functions.h\n'}
[0.405710] (px4_msgs) StdoutLine: {'line': b'-- Up-to-date symlink: /home/lee/workspace/ros2_ex_mav/install/px4_msgs/include/px4_msgs/px4_msgs/msg/detail/rtl_time_estimate__struct.h\n'}
[0.405729] (px4_msgs) StdoutLine: {'line': b'-- Up-to-date symlink: /home/lee/workspace/ros2_ex_mav/install/px4_msgs/include/px4_msgs/px4_msgs/msg/detail/rtl_time_estimate__type_support.h\n'}
[0.405748] (px4_msgs) StdoutLine: {'line': b'-- Up-to-date symlink: /home/lee/workspace/ros2_ex_mav/install/px4_msgs/include/px4_msgs/px4_msgs/msg/detail/satellite_info__functions.h\n'}
[0.405778] (px4_msgs) StdoutLine: {'line': b'-- Up-to-date symlink: /home/lee/workspace/ros2_ex_mav/install/px4_msgs/include/px4_msgs/px4_msgs/msg/detail/satellite_info__struct.h\n'}
[0.405797] (px4_msgs) StdoutLine: {'line': b'-- Up-to-date symlink: /home/lee/workspace/ros2_ex_mav/install/px4_msgs/include/px4_msgs/px4_msgs/msg/detail/satellite_info__type_support.h\n'}
[0.405825] (px4_msgs) StdoutLine: {'line': b'-- Up-to-date symlink: /home/lee/workspace/ros2_ex_mav/install/px4_msgs/include/px4_msgs/px4_msgs/msg/detail/sensor_accel__functions.h\n'}
[0.405850] (px4_msgs) StdoutLine: {'line': b'-- Up-to-date symlink: /home/lee/workspace/ros2_ex_mav/install/px4_msgs/include/px4_msgs/px4_msgs/msg/detail/sensor_accel__struct.h\n'}
[0.405877] (px4_msgs) StdoutLine: {'line': b'-- Up-to-date symlink: /home/lee/workspace/ros2_ex_mav/install/px4_msgs/include/px4_msgs/px4_msgs/msg/detail/sensor_accel__type_support.h\n'}
[0.405905] (px4_msgs) StdoutLine: {'line': b'-- Up-to-date symlink: /home/lee/workspace/ros2_ex_mav/install/px4_msgs/include/px4_msgs/px4_msgs/msg/detail/sensor_accel_fifo__functions.h\n'}
[0.405932] (px4_msgs) StdoutLine: {'line': b'-- Up-to-date symlink: /home/lee/workspace/ros2_ex_mav/install/px4_msgs/include/px4_msgs/px4_msgs/msg/detail/sensor_accel_fifo__struct.h\n'}
[0.405960] (px4_msgs) StdoutLine: {'line': b'-- Up-to-date symlink: /home/lee/workspace/ros2_ex_mav/install/px4_msgs/include/px4_msgs/px4_msgs/msg/detail/sensor_accel_fifo__type_support.h\n'}
[0.405992] (px4_msgs) StdoutLine: {'line': b'-- Up-to-date symlink: /home/lee/workspace/ros2_ex_mav/install/px4_msgs/include/px4_msgs/px4_msgs/msg/detail/sensor_baro__functions.h\n'}
[0.406023] (px4_msgs) StdoutLine: {'line': b'-- Up-to-date symlink: /home/lee/workspace/ros2_ex_mav/install/px4_msgs/include/px4_msgs/px4_msgs/msg/detail/sensor_baro__struct.h\n'}
[0.406057] (px4_msgs) StdoutLine: {'line': b'-- Up-to-date symlink: /home/lee/workspace/ros2_ex_mav/install/px4_msgs/include/px4_msgs/px4_msgs/msg/detail/sensor_baro__type_support.h\n'}
[0.406089] (px4_msgs) StdoutLine: {'line': b'-- Up-to-date symlink: /home/lee/workspace/ros2_ex_mav/install/px4_msgs/include/px4_msgs/px4_msgs/msg/detail/sensor_combined__functions.h\n'}
[0.406120] (px4_msgs) StdoutLine: {'line': b'-- Up-to-date symlink: /home/lee/workspace/ros2_ex_mav/install/px4_msgs/include/px4_msgs/px4_msgs/msg/detail/sensor_combined__struct.h\n'}
[0.406151] (px4_msgs) StdoutLine: {'line': b'-- Up-to-date symlink: /home/lee/workspace/ros2_ex_mav/install/px4_msgs/include/px4_msgs/px4_msgs/msg/detail/sensor_combined__type_support.h\n'}
[0.406183] (px4_msgs) StdoutLine: {'line': b'-- Up-to-date symlink: /home/lee/workspace/ros2_ex_mav/install/px4_msgs/include/px4_msgs/px4_msgs/msg/detail/sensor_correction__functions.h\n'}
[0.406214] (px4_msgs) StdoutLine: {'line': b'-- Up-to-date symlink: /home/lee/workspace/ros2_ex_mav/install/px4_msgs/include/px4_msgs/px4_msgs/msg/detail/sensor_correction__struct.h\n'}
[0.406245] (px4_msgs) StdoutLine: {'line': b'-- Up-to-date symlink: /home/lee/workspace/ros2_ex_mav/install/px4_msgs/include/px4_msgs/px4_msgs/msg/detail/sensor_correction__type_support.h\n'}
[0.406277] (px4_msgs) StdoutLine: {'line': b'-- Up-to-date symlink: /home/lee/workspace/ros2_ex_mav/install/px4_msgs/include/px4_msgs/px4_msgs/msg/detail/sensor_gnss_relative__functions.h\n'}
[0.406311] (px4_msgs) StdoutLine: {'line': b'-- Up-to-date symlink: /home/lee/workspace/ros2_ex_mav/install/px4_msgs/include/px4_msgs/px4_msgs/msg/detail/sensor_gnss_relative__struct.h\n'}
[0.406345] (px4_msgs) StdoutLine: {'line': b'-- Up-to-date symlink: /home/lee/workspace/ros2_ex_mav/install/px4_msgs/include/px4_msgs/px4_msgs/msg/detail/sensor_gnss_relative__type_support.h\n'}
[0.406378] (px4_msgs) StdoutLine: {'line': b'-- Up-to-date symlink: /home/lee/workspace/ros2_ex_mav/install/px4_msgs/include/px4_msgs/px4_msgs/msg/detail/sensor_gps__functions.h\n'}
[0.406411] (px4_msgs) StdoutLine: {'line': b'-- Up-to-date symlink: /home/lee/workspace/ros2_ex_mav/install/px4_msgs/include/px4_msgs/px4_msgs/msg/detail/sensor_gps__struct.h\n'}
[0.406443] (px4_msgs) StdoutLine: {'line': b'-- Up-to-date symlink: /home/lee/workspace/ros2_ex_mav/install/px4_msgs/include/px4_msgs/px4_msgs/msg/detail/sensor_gps__type_support.h\n'}
[0.406475] (px4_msgs) StdoutLine: {'line': b'-- Up-to-date symlink: /home/lee/workspace/ros2_ex_mav/install/px4_msgs/include/px4_msgs/px4_msgs/msg/detail/sensor_gyro__functions.h\n'}
[0.406507] (px4_msgs) StdoutLine: {'line': b'-- Up-to-date symlink: /home/lee/workspace/ros2_ex_mav/install/px4_msgs/include/px4_msgs/px4_msgs/msg/detail/sensor_gyro__struct.h\n'}
[0.406539] (px4_msgs) StdoutLine: {'line': b'-- Up-to-date symlink: /home/lee/workspace/ros2_ex_mav/install/px4_msgs/include/px4_msgs/px4_msgs/msg/detail/sensor_gyro__type_support.h\n'}
[0.406571] (px4_msgs) StdoutLine: {'line': b'-- Up-to-date symlink: /home/lee/workspace/ros2_ex_mav/install/px4_msgs/include/px4_msgs/px4_msgs/msg/detail/sensor_gyro_fft__functions.h\n'}
[0.406603] (px4_msgs) StdoutLine: {'line': b'-- Up-to-date symlink: /home/lee/workspace/ros2_ex_mav/install/px4_msgs/include/px4_msgs/px4_msgs/msg/detail/sensor_gyro_fft__struct.h\n'}
[0.406635] (px4_msgs) StdoutLine: {'line': b'-- Up-to-date symlink: /home/lee/workspace/ros2_ex_mav/install/px4_msgs/include/px4_msgs/px4_msgs/msg/detail/sensor_gyro_fft__type_support.h\n'}
[0.406668] (px4_msgs) StdoutLine: {'line': b'-- Up-to-date symlink: /home/lee/workspace/ros2_ex_mav/install/px4_msgs/include/px4_msgs/px4_msgs/msg/detail/sensor_gyro_fifo__functions.h\n'}
[0.406701] (px4_msgs) StdoutLine: {'line': b'-- Up-to-date symlink: /home/lee/workspace/ros2_ex_mav/install/px4_msgs/include/px4_msgs/px4_msgs/msg/detail/sensor_gyro_fifo__struct.h\n'}
[0.406733] (px4_msgs) StdoutLine: {'line': b'-- Up-to-date symlink: /home/lee/workspace/ros2_ex_mav/install/px4_msgs/include/px4_msgs/px4_msgs/msg/detail/sensor_gyro_fifo__type_support.h\n'}
[0.406766] (px4_msgs) StdoutLine: {'line': b'-- Up-to-date symlink: /home/lee/workspace/ros2_ex_mav/install/px4_msgs/include/px4_msgs/px4_msgs/msg/detail/sensor_hygrometer__functions.h\n'}
[0.406799] (px4_msgs) StdoutLine: {'line': b'-- Up-to-date symlink: /home/lee/workspace/ros2_ex_mav/install/px4_msgs/include/px4_msgs/px4_msgs/msg/detail/sensor_hygrometer__struct.h\n'}
[0.406832] (px4_msgs) StdoutLine: {'line': b'-- Up-to-date symlink: /home/lee/workspace/ros2_ex_mav/install/px4_msgs/include/px4_msgs/px4_msgs/msg/detail/sensor_hygrometer__type_support.h\n'}
[0.406865] (px4_msgs) StdoutLine: {'line': b'-- Up-to-date symlink: /home/lee/workspace/ros2_ex_mav/install/px4_msgs/include/px4_msgs/px4_msgs/msg/detail/sensor_mag__functions.h\n'}
[0.406897] (px4_msgs) StdoutLine: {'line': b'-- Up-to-date symlink: /home/lee/workspace/ros2_ex_mav/install/px4_msgs/include/px4_msgs/px4_msgs/msg/detail/sensor_mag__struct.h\n'}
[0.406929] (px4_msgs) StdoutLine: {'line': b'-- Up-to-date symlink: /home/lee/workspace/ros2_ex_mav/install/px4_msgs/include/px4_msgs/px4_msgs/msg/detail/sensor_mag__type_support.h\n'}
[0.407095] (px4_msgs) StdoutLine: {'line': b'-- Up-to-date symlink: /home/lee/workspace/ros2_ex_mav/install/px4_msgs/include/px4_msgs/px4_msgs/msg/detail/sensor_optical_flow__functions.h\n'}
[0.407115] (px4_msgs) StdoutLine: {'line': b'-- Up-to-date symlink: /home/lee/workspace/ros2_ex_mav/install/px4_msgs/include/px4_msgs/px4_msgs/msg/detail/sensor_optical_flow__struct.h\n'}
[0.407135] (px4_msgs) StdoutLine: {'line': b'-- Up-to-date symlink: /home/lee/workspace/ros2_ex_mav/install/px4_msgs/include/px4_msgs/px4_msgs/msg/detail/sensor_optical_flow__type_support.h\n'}
[0.407155] (px4_msgs) StdoutLine: {'line': b'-- Up-to-date symlink: /home/lee/workspace/ros2_ex_mav/install/px4_msgs/include/px4_msgs/px4_msgs/msg/detail/sensor_preflight_mag__functions.h\n'}
[0.407174] (px4_msgs) StdoutLine: {'line': b'-- Up-to-date symlink: /home/lee/workspace/ros2_ex_mav/install/px4_msgs/include/px4_msgs/px4_msgs/msg/detail/sensor_preflight_mag__struct.h\n'}
[0.407205] (px4_msgs) StdoutLine: {'line': b'-- Up-to-date symlink: /home/lee/workspace/ros2_ex_mav/install/px4_msgs/include/px4_msgs/px4_msgs/msg/detail/sensor_preflight_mag__type_support.h\n'}
[0.407225] (px4_msgs) StdoutLine: {'line': b'-- Up-to-date symlink: /home/lee/workspace/ros2_ex_mav/install/px4_msgs/include/px4_msgs/px4_msgs/msg/detail/sensor_selection__functions.h\n'}
[0.407253] (px4_msgs) StdoutLine: {'line': b'-- Up-to-date symlink: /home/lee/workspace/ros2_ex_mav/install/px4_msgs/include/px4_msgs/px4_msgs/msg/detail/sensor_selection__struct.h\n'}
[0.407273] (px4_msgs) StdoutLine: {'line': b'-- Up-to-date symlink: /home/lee/workspace/ros2_ex_mav/install/px4_msgs/include/px4_msgs/px4_msgs/msg/detail/sensor_selection__type_support.h\n'}
[0.407304] (px4_msgs) StdoutLine: {'line': b'-- Up-to-date symlink: /home/lee/workspace/ros2_ex_mav/install/px4_msgs/include/px4_msgs/px4_msgs/msg/detail/sensor_uwb__functions.h\n'}
[0.407327] (px4_msgs) StdoutLine: {'line': b'-- Up-to-date symlink: /home/lee/workspace/ros2_ex_mav/install/px4_msgs/include/px4_msgs/px4_msgs/msg/detail/sensor_uwb__struct.h\n'}
[0.407356] (px4_msgs) StdoutLine: {'line': b'-- Up-to-date symlink: /home/lee/workspace/ros2_ex_mav/install/px4_msgs/include/px4_msgs/px4_msgs/msg/detail/sensor_uwb__type_support.h\n'}
[0.407384] (px4_msgs) StdoutLine: {'line': b'-- Up-to-date symlink: /home/lee/workspace/ros2_ex_mav/install/px4_msgs/include/px4_msgs/px4_msgs/msg/detail/sensors_status__functions.h\n'}
[0.407413] (px4_msgs) StdoutLine: {'line': b'-- Up-to-date symlink: /home/lee/workspace/ros2_ex_mav/install/px4_msgs/include/px4_msgs/px4_msgs/msg/detail/sensors_status__struct.h\n'}
[0.407442] (px4_msgs) StdoutLine: {'line': b'-- Up-to-date symlink: /home/lee/workspace/ros2_ex_mav/install/px4_msgs/include/px4_msgs/px4_msgs/msg/detail/sensors_status__type_support.h\n'}
[0.407471] (px4_msgs) StdoutLine: {'line': b'-- Up-to-date symlink: /home/lee/workspace/ros2_ex_mav/install/px4_msgs/include/px4_msgs/px4_msgs/msg/detail/sensors_status_imu__functions.h\n'}
[0.407500] (px4_msgs) StdoutLine: {'line': b'-- Up-to-date symlink: /home/lee/workspace/ros2_ex_mav/install/px4_msgs/include/px4_msgs/px4_msgs/msg/detail/sensors_status_imu__struct.h\n'}
[0.407529] (px4_msgs) StdoutLine: {'line': b'-- Up-to-date symlink: /home/lee/workspace/ros2_ex_mav/install/px4_msgs/include/px4_msgs/px4_msgs/msg/detail/sensors_status_imu__type_support.h\n'}
[0.407557] (px4_msgs) StdoutLine: {'line': b'-- Up-to-date symlink: /home/lee/workspace/ros2_ex_mav/install/px4_msgs/include/px4_msgs/px4_msgs/msg/detail/system_power__functions.h\n'}
[0.407585] (px4_msgs) StdoutLine: {'line': b'-- Up-to-date symlink: /home/lee/workspace/ros2_ex_mav/install/px4_msgs/include/px4_msgs/px4_msgs/msg/detail/system_power__struct.h\n'}
[0.407615] (px4_msgs) StdoutLine: {'line': b'-- Up-to-date symlink: /home/lee/workspace/ros2_ex_mav/install/px4_msgs/include/px4_msgs/px4_msgs/msg/detail/system_power__type_support.h\n'}
[0.407647] (px4_msgs) StdoutLine: {'line': b'-- Up-to-date symlink: /home/lee/workspace/ros2_ex_mav/install/px4_msgs/include/px4_msgs/px4_msgs/msg/detail/takeoff_status__functions.h\n'}
[0.407680] (px4_msgs) StdoutLine: {'line': b'-- Up-to-date symlink: /home/lee/workspace/ros2_ex_mav/install/px4_msgs/include/px4_msgs/px4_msgs/msg/detail/takeoff_status__struct.h\n'}
[0.407712] (px4_msgs) StdoutLine: {'line': b'-- Up-to-date symlink: /home/lee/workspace/ros2_ex_mav/install/px4_msgs/include/px4_msgs/px4_msgs/msg/detail/takeoff_status__type_support.h\n'}
[0.407744] (px4_msgs) StdoutLine: {'line': b'-- Up-to-date symlink: /home/lee/workspace/ros2_ex_mav/install/px4_msgs/include/px4_msgs/px4_msgs/msg/detail/task_stack_info__functions.h\n'}
[0.407775] (px4_msgs) StdoutLine: {'line': b'-- Up-to-date symlink: /home/lee/workspace/ros2_ex_mav/install/px4_msgs/include/px4_msgs/px4_msgs/msg/detail/task_stack_info__struct.h\n'}
[0.407807] (px4_msgs) StdoutLine: {'line': b'-- Up-to-date symlink: /home/lee/workspace/ros2_ex_mav/install/px4_msgs/include/px4_msgs/px4_msgs/msg/detail/task_stack_info__type_support.h\n'}
[0.407839] (px4_msgs) StdoutLine: {'line': b'-- Up-to-date symlink: /home/lee/workspace/ros2_ex_mav/install/px4_msgs/include/px4_msgs/px4_msgs/msg/detail/tecs_status__functions.h\n'}
[0.407870] (px4_msgs) StdoutLine: {'line': b'-- Up-to-date symlink: /home/lee/workspace/ros2_ex_mav/install/px4_msgs/include/px4_msgs/px4_msgs/msg/detail/tecs_status__struct.h\n'}
[0.407902] (px4_msgs) StdoutLine: {'line': b'-- Up-to-date symlink: /home/lee/workspace/ros2_ex_mav/install/px4_msgs/include/px4_msgs/px4_msgs/msg/detail/tecs_status__type_support.h\n'}
[0.407934] (px4_msgs) StdoutLine: {'line': b'-- Up-to-date symlink: /home/lee/workspace/ros2_ex_mav/install/px4_msgs/include/px4_msgs/px4_msgs/msg/detail/telemetry_status__functions.h\n'}
[0.407966] (px4_msgs) StdoutLine: {'line': b'-- Up-to-date symlink: /home/lee/workspace/ros2_ex_mav/install/px4_msgs/include/px4_msgs/px4_msgs/msg/detail/telemetry_status__struct.h\n'}
[0.407998] (px4_msgs) StdoutLine: {'line': b'-- Up-to-date symlink: /home/lee/workspace/ros2_ex_mav/install/px4_msgs/include/px4_msgs/px4_msgs/msg/detail/telemetry_status__type_support.h\n'}
[0.408031] (px4_msgs) StdoutLine: {'line': b'-- Up-to-date symlink: /home/lee/workspace/ros2_ex_mav/install/px4_msgs/include/px4_msgs/px4_msgs/msg/detail/tiltrotor_extra_controls__functions.h\n'}
[0.408063] (px4_msgs) StdoutLine: {'line': b'-- Up-to-date symlink: /home/lee/workspace/ros2_ex_mav/install/px4_msgs/include/px4_msgs/px4_msgs/msg/detail/tiltrotor_extra_controls__struct.h\n'}
[0.408096] (px4_msgs) StdoutLine: {'line': b'-- Up-to-date symlink: /home/lee/workspace/ros2_ex_mav/install/px4_msgs/include/px4_msgs/px4_msgs/msg/detail/tiltrotor_extra_controls__type_support.h\n'}
[0.408129] (px4_msgs) StdoutLine: {'line': b'-- Up-to-date symlink: /home/lee/workspace/ros2_ex_mav/install/px4_msgs/include/px4_msgs/px4_msgs/msg/detail/timesync_status__functions.h\n'}
[0.408162] (px4_msgs) StdoutLine: {'line': b'-- Up-to-date symlink: /home/lee/workspace/ros2_ex_mav/install/px4_msgs/include/px4_msgs/px4_msgs/msg/detail/timesync_status__struct.h\n'}
[0.408194] (px4_msgs) StdoutLine: {'line': b'-- Up-to-date symlink: /home/lee/workspace/ros2_ex_mav/install/px4_msgs/include/px4_msgs/px4_msgs/msg/detail/timesync_status__type_support.h\n'}
[0.408225] (px4_msgs) StdoutLine: {'line': b'-- Up-to-date symlink: /home/lee/workspace/ros2_ex_mav/install/px4_msgs/include/px4_msgs/px4_msgs/msg/detail/trajectory_bezier__functions.h\n'}
[0.408258] (px4_msgs) StdoutLine: {'line': b'-- Up-to-date symlink: /home/lee/workspace/ros2_ex_mav/install/px4_msgs/include/px4_msgs/px4_msgs/msg/detail/trajectory_bezier__struct.h\n'}
[0.408289] (px4_msgs) StdoutLine: {'line': b'-- Up-to-date symlink: /home/lee/workspace/ros2_ex_mav/install/px4_msgs/include/px4_msgs/px4_msgs/msg/detail/trajectory_bezier__type_support.h\n'}
[0.408322] (px4_msgs) StdoutLine: {'line': b'-- Up-to-date symlink: /home/lee/workspace/ros2_ex_mav/install/px4_msgs/include/px4_msgs/px4_msgs/msg/detail/trajectory_setpoint__functions.h\n'}
[0.408353] (px4_msgs) StdoutLine: {'line': b'-- Up-to-date symlink: /home/lee/workspace/ros2_ex_mav/install/px4_msgs/include/px4_msgs/px4_msgs/msg/detail/trajectory_setpoint__struct.h\n'}
[0.408386] (px4_msgs) StdoutLine: {'line': b'-- Up-to-date symlink: /home/lee/workspace/ros2_ex_mav/install/px4_msgs/include/px4_msgs/px4_msgs/msg/detail/trajectory_setpoint__type_support.h\n'}
[0.408419] (px4_msgs) StdoutLine: {'line': b'-- Up-to-date symlink: /home/lee/workspace/ros2_ex_mav/install/px4_msgs/include/px4_msgs/px4_msgs/msg/detail/trajectory_waypoint__functions.h\n'}
[0.408452] (px4_msgs) StdoutLine: {'line': b'-- Up-to-date symlink: /home/lee/workspace/ros2_ex_mav/install/px4_msgs/include/px4_msgs/px4_msgs/msg/detail/trajectory_waypoint__struct.h\n'}
[0.408484] (px4_msgs) StdoutLine: {'line': b'-- Up-to-date symlink: /home/lee/workspace/ros2_ex_mav/install/px4_msgs/include/px4_msgs/px4_msgs/msg/detail/trajectory_waypoint__type_support.h\n'}
[0.408518] (px4_msgs) StdoutLine: {'line': b'-- Up-to-date symlink: /home/lee/workspace/ros2_ex_mav/install/px4_msgs/include/px4_msgs/px4_msgs/msg/detail/transponder_report__functions.h\n'}
[0.408551] (px4_msgs) StdoutLine: {'line': b'-- Up-to-date symlink: /home/lee/workspace/ros2_ex_mav/install/px4_msgs/include/px4_msgs/px4_msgs/msg/detail/transponder_report__struct.h\n'}
[0.408583] (px4_msgs) StdoutLine: {'line': b'-- Up-to-date symlink: /home/lee/workspace/ros2_ex_mav/install/px4_msgs/include/px4_msgs/px4_msgs/msg/detail/transponder_report__type_support.h\n'}
[0.408617] (px4_msgs) StdoutLine: {'line': b'-- Up-to-date symlink: /home/lee/workspace/ros2_ex_mav/install/px4_msgs/include/px4_msgs/px4_msgs/msg/detail/tune_control__functions.h\n'}
[0.408650] (px4_msgs) StdoutLine: {'line': b'-- Up-to-date symlink: /home/lee/workspace/ros2_ex_mav/install/px4_msgs/include/px4_msgs/px4_msgs/msg/detail/tune_control__struct.h\n'}
[0.408682] (px4_msgs) StdoutLine: {'line': b'-- Up-to-date symlink: /home/lee/workspace/ros2_ex_mav/install/px4_msgs/include/px4_msgs/px4_msgs/msg/detail/tune_control__type_support.h\n'}
[0.408715] (px4_msgs) StdoutLine: {'line': b'-- Up-to-date symlink: /home/lee/workspace/ros2_ex_mav/install/px4_msgs/include/px4_msgs/px4_msgs/msg/detail/uavcan_parameter_request__functions.h\n'}
[0.408748] (px4_msgs) StdoutLine: {'line': b'-- Up-to-date symlink: /home/lee/workspace/ros2_ex_mav/install/px4_msgs/include/px4_msgs/px4_msgs/msg/detail/uavcan_parameter_request__struct.h\n'}
[0.408780] (px4_msgs) StdoutLine: {'line': b'-- Up-to-date symlink: /home/lee/workspace/ros2_ex_mav/install/px4_msgs/include/px4_msgs/px4_msgs/msg/detail/uavcan_parameter_request__type_support.h\n'}
[0.408812] (px4_msgs) StdoutLine: {'line': b'-- Up-to-date symlink: /home/lee/workspace/ros2_ex_mav/install/px4_msgs/include/px4_msgs/px4_msgs/msg/detail/uavcan_parameter_value__functions.h\n'}
[0.408846] (px4_msgs) StdoutLine: {'line': b'-- Up-to-date symlink: /home/lee/workspace/ros2_ex_mav/install/px4_msgs/include/px4_msgs/px4_msgs/msg/detail/uavcan_parameter_value__struct.h\n'}
[0.408878] (px4_msgs) StdoutLine: {'line': b'-- Up-to-date symlink: /home/lee/workspace/ros2_ex_mav/install/px4_msgs/include/px4_msgs/px4_msgs/msg/detail/uavcan_parameter_value__type_support.h\n'}
[0.408911] (px4_msgs) StdoutLine: {'line': b'-- Up-to-date symlink: /home/lee/workspace/ros2_ex_mav/install/px4_msgs/include/px4_msgs/px4_msgs/msg/detail/ulog_stream__functions.h\n'}
[0.408946] (px4_msgs) StdoutLine: {'line': b'-- Up-to-date symlink: /home/lee/workspace/ros2_ex_mav/install/px4_msgs/include/px4_msgs/px4_msgs/msg/detail/ulog_stream__struct.h\n'}
[0.408977] (px4_msgs) StdoutLine: {'line': b'-- Up-to-date symlink: /home/lee/workspace/ros2_ex_mav/install/px4_msgs/include/px4_msgs/px4_msgs/msg/detail/ulog_stream__type_support.h\n'}
[0.409009] (px4_msgs) StdoutLine: {'line': b'-- Up-to-date symlink: /home/lee/workspace/ros2_ex_mav/install/px4_msgs/include/px4_msgs/px4_msgs/msg/detail/ulog_stream_ack__functions.h\n'}
[0.409042] (px4_msgs) StdoutLine: {'line': b'-- Up-to-date symlink: /home/lee/workspace/ros2_ex_mav/install/px4_msgs/include/px4_msgs/px4_msgs/msg/detail/ulog_stream_ack__struct.h\n'}
[0.409075] (px4_msgs) StdoutLine: {'line': b'-- Up-to-date symlink: /home/lee/workspace/ros2_ex_mav/install/px4_msgs/include/px4_msgs/px4_msgs/msg/detail/ulog_stream_ack__type_support.h\n'}
[0.409108] (px4_msgs) StdoutLine: {'line': b'-- Up-to-date symlink: /home/lee/workspace/ros2_ex_mav/install/px4_msgs/include/px4_msgs/px4_msgs/msg/detail/vehicle_acceleration__functions.h\n'}
[0.409140] (px4_msgs) StdoutLine: {'line': b'-- Up-to-date symlink: /home/lee/workspace/ros2_ex_mav/install/px4_msgs/include/px4_msgs/px4_msgs/msg/detail/vehicle_acceleration__struct.h\n'}
[0.409175] (px4_msgs) StdoutLine: {'line': b'-- Up-to-date symlink: /home/lee/workspace/ros2_ex_mav/install/px4_msgs/include/px4_msgs/px4_msgs/msg/detail/vehicle_acceleration__type_support.h\n'}
[0.409207] (px4_msgs) StdoutLine: {'line': b'-- Up-to-date symlink: /home/lee/workspace/ros2_ex_mav/install/px4_msgs/include/px4_msgs/px4_msgs/msg/detail/vehicle_air_data__functions.h\n'}
[0.409240] (px4_msgs) StdoutLine: {'line': b'-- Up-to-date symlink: /home/lee/workspace/ros2_ex_mav/install/px4_msgs/include/px4_msgs/px4_msgs/msg/detail/vehicle_air_data__struct.h\n'}
[0.409272] (px4_msgs) StdoutLine: {'line': b'-- Up-to-date symlink: /home/lee/workspace/ros2_ex_mav/install/px4_msgs/include/px4_msgs/px4_msgs/msg/detail/vehicle_air_data__type_support.h\n'}
[0.409310] (px4_msgs) StdoutLine: {'line': b'-- Up-to-date symlink: /home/lee/workspace/ros2_ex_mav/install/px4_msgs/include/px4_msgs/px4_msgs/msg/detail/vehicle_angular_acceleration_setpoint__functions.h\n'}
[0.409345] (px4_msgs) StdoutLine: {'line': b'-- Up-to-date symlink: /home/lee/workspace/ros2_ex_mav/install/px4_msgs/include/px4_msgs/px4_msgs/msg/detail/vehicle_angular_acceleration_setpoint__struct.h\n'}
[0.409380] (px4_msgs) StdoutLine: {'line': b'-- Up-to-date symlink: /home/lee/workspace/ros2_ex_mav/install/px4_msgs/include/px4_msgs/px4_msgs/msg/detail/vehicle_angular_acceleration_setpoint__type_support.h\n'}
[0.409416] (px4_msgs) StdoutLine: {'line': b'-- Up-to-date symlink: /home/lee/workspace/ros2_ex_mav/install/px4_msgs/include/px4_msgs/px4_msgs/msg/detail/vehicle_angular_velocity__functions.h\n'}
[0.409450] (px4_msgs) StdoutLine: {'line': b'-- Up-to-date symlink: /home/lee/workspace/ros2_ex_mav/install/px4_msgs/include/px4_msgs/px4_msgs/msg/detail/vehicle_angular_velocity__struct.h\n'}
[0.409483] (px4_msgs) StdoutLine: {'line': b'-- Up-to-date symlink: /home/lee/workspace/ros2_ex_mav/install/px4_msgs/include/px4_msgs/px4_msgs/msg/detail/vehicle_angular_velocity__type_support.h\n'}
[0.409517] (px4_msgs) StdoutLine: {'line': b'-- Up-to-date symlink: /home/lee/workspace/ros2_ex_mav/install/px4_msgs/include/px4_msgs/px4_msgs/msg/detail/vehicle_attitude__functions.h\n'}
[0.409553] (px4_msgs) StdoutLine: {'line': b'-- Up-to-date symlink: /home/lee/workspace/ros2_ex_mav/install/px4_msgs/include/px4_msgs/px4_msgs/msg/detail/vehicle_attitude__struct.h\n'}
[0.409586] (px4_msgs) StdoutLine: {'line': b'-- Up-to-date symlink: /home/lee/workspace/ros2_ex_mav/install/px4_msgs/include/px4_msgs/px4_msgs/msg/detail/vehicle_attitude__type_support.h\n'}
[0.409619] (px4_msgs) StdoutLine: {'line': b'-- Up-to-date symlink: /home/lee/workspace/ros2_ex_mav/install/px4_msgs/include/px4_msgs/px4_msgs/msg/detail/vehicle_attitude_setpoint__functions.h\n'}
[0.409651] (px4_msgs) StdoutLine: {'line': b'-- Up-to-date symlink: /home/lee/workspace/ros2_ex_mav/install/px4_msgs/include/px4_msgs/px4_msgs/msg/detail/vehicle_attitude_setpoint__struct.h\n'}
[0.409684] (px4_msgs) StdoutLine: {'line': b'-- Up-to-date symlink: /home/lee/workspace/ros2_ex_mav/install/px4_msgs/include/px4_msgs/px4_msgs/msg/detail/vehicle_attitude_setpoint__type_support.h\n'}
[0.409717] (px4_msgs) StdoutLine: {'line': b'-- Up-to-date symlink: /home/lee/workspace/ros2_ex_mav/install/px4_msgs/include/px4_msgs/px4_msgs/msg/detail/vehicle_command__functions.h\n'}
[0.409750] (px4_msgs) StdoutLine: {'line': b'-- Up-to-date symlink: /home/lee/workspace/ros2_ex_mav/install/px4_msgs/include/px4_msgs/px4_msgs/msg/detail/vehicle_command__struct.h\n'}
[0.409783] (px4_msgs) StdoutLine: {'line': b'-- Up-to-date symlink: /home/lee/workspace/ros2_ex_mav/install/px4_msgs/include/px4_msgs/px4_msgs/msg/detail/vehicle_command__type_support.h\n'}
[0.409816] (px4_msgs) StdoutLine: {'line': b'-- Up-to-date symlink: /home/lee/workspace/ros2_ex_mav/install/px4_msgs/include/px4_msgs/px4_msgs/msg/detail/vehicle_command_ack__functions.h\n'}
[0.409848] (px4_msgs) StdoutLine: {'line': b'-- Up-to-date symlink: /home/lee/workspace/ros2_ex_mav/install/px4_msgs/include/px4_msgs/px4_msgs/msg/detail/vehicle_command_ack__struct.h\n'}
[0.409882] (px4_msgs) StdoutLine: {'line': b'-- Up-to-date symlink: /home/lee/workspace/ros2_ex_mav/install/px4_msgs/include/px4_msgs/px4_msgs/msg/detail/vehicle_command_ack__type_support.h\n'}
[0.409914] (px4_msgs) StdoutLine: {'line': b'-- Up-to-date symlink: /home/lee/workspace/ros2_ex_mav/install/px4_msgs/include/px4_msgs/px4_msgs/msg/detail/vehicle_constraints__functions.h\n'}
[0.409946] (px4_msgs) StdoutLine: {'line': b'-- Up-to-date symlink: /home/lee/workspace/ros2_ex_mav/install/px4_msgs/include/px4_msgs/px4_msgs/msg/detail/vehicle_constraints__struct.h\n'}
[0.409978] (px4_msgs) StdoutLine: {'line': b'-- Up-to-date symlink: /home/lee/workspace/ros2_ex_mav/install/px4_msgs/include/px4_msgs/px4_msgs/msg/detail/vehicle_constraints__type_support.h\n'}
[0.410011] (px4_msgs) StdoutLine: {'line': b'-- Up-to-date symlink: /home/lee/workspace/ros2_ex_mav/install/px4_msgs/include/px4_msgs/px4_msgs/msg/detail/vehicle_control_mode__functions.h\n'}
[0.410043] (px4_msgs) StdoutLine: {'line': b'-- Up-to-date symlink: /home/lee/workspace/ros2_ex_mav/install/px4_msgs/include/px4_msgs/px4_msgs/msg/detail/vehicle_control_mode__struct.h\n'}
[0.410075] (px4_msgs) StdoutLine: {'line': b'-- Up-to-date symlink: /home/lee/workspace/ros2_ex_mav/install/px4_msgs/include/px4_msgs/px4_msgs/msg/detail/vehicle_control_mode__type_support.h\n'}
[0.410108] (px4_msgs) StdoutLine: {'line': b'-- Up-to-date symlink: /home/lee/workspace/ros2_ex_mav/install/px4_msgs/include/px4_msgs/px4_msgs/msg/detail/vehicle_global_position__functions.h\n'}
[0.410141] (px4_msgs) StdoutLine: {'line': b'-- Up-to-date symlink: /home/lee/workspace/ros2_ex_mav/install/px4_msgs/include/px4_msgs/px4_msgs/msg/detail/vehicle_global_position__struct.h\n'}
[0.410174] (px4_msgs) StdoutLine: {'line': b'-- Up-to-date symlink: /home/lee/workspace/ros2_ex_mav/install/px4_msgs/include/px4_msgs/px4_msgs/msg/detail/vehicle_global_position__type_support.h\n'}
[0.410206] (px4_msgs) StdoutLine: {'line': b'-- Up-to-date symlink: /home/lee/workspace/ros2_ex_mav/install/px4_msgs/include/px4_msgs/px4_msgs/msg/detail/vehicle_imu__functions.h\n'}
[0.410239] (px4_msgs) StdoutLine: {'line': b'-- Up-to-date symlink: /home/lee/workspace/ros2_ex_mav/install/px4_msgs/include/px4_msgs/px4_msgs/msg/detail/vehicle_imu__struct.h\n'}
[0.410271] (px4_msgs) StdoutLine: {'line': b'-- Up-to-date symlink: /home/lee/workspace/ros2_ex_mav/install/px4_msgs/include/px4_msgs/px4_msgs/msg/detail/vehicle_imu__type_support.h\n'}
[0.410303] (px4_msgs) StdoutLine: {'line': b'-- Up-to-date symlink: /home/lee/workspace/ros2_ex_mav/install/px4_msgs/include/px4_msgs/px4_msgs/msg/detail/vehicle_imu_status__functions.h\n'}
[0.410338] (px4_msgs) StdoutLine: {'line': b'-- Up-to-date symlink: /home/lee/workspace/ros2_ex_mav/install/px4_msgs/include/px4_msgs/px4_msgs/msg/detail/vehicle_imu_status__struct.h\n'}
[0.410371] (px4_msgs) StdoutLine: {'line': b'-- Up-to-date symlink: /home/lee/workspace/ros2_ex_mav/install/px4_msgs/include/px4_msgs/px4_msgs/msg/detail/vehicle_imu_status__type_support.h\n'}
[0.410403] (px4_msgs) StdoutLine: {'line': b'-- Up-to-date symlink: /home/lee/workspace/ros2_ex_mav/install/px4_msgs/include/px4_msgs/px4_msgs/msg/detail/vehicle_land_detected__functions.h\n'}
[0.410436] (px4_msgs) StdoutLine: {'line': b'-- Up-to-date symlink: /home/lee/workspace/ros2_ex_mav/install/px4_msgs/include/px4_msgs/px4_msgs/msg/detail/vehicle_land_detected__struct.h\n'}
[0.410468] (px4_msgs) StdoutLine: {'line': b'-- Up-to-date symlink: /home/lee/workspace/ros2_ex_mav/install/px4_msgs/include/px4_msgs/px4_msgs/msg/detail/vehicle_land_detected__type_support.h\n'}
[0.410501] (px4_msgs) StdoutLine: {'line': b'-- Up-to-date symlink: /home/lee/workspace/ros2_ex_mav/install/px4_msgs/include/px4_msgs/px4_msgs/msg/detail/vehicle_local_position__functions.h\n'}
[0.410535] (px4_msgs) StdoutLine: {'line': b'-- Up-to-date symlink: /home/lee/workspace/ros2_ex_mav/install/px4_msgs/include/px4_msgs/px4_msgs/msg/detail/vehicle_local_position__struct.h\n'}
[0.410567] (px4_msgs) StdoutLine: {'line': b'-- Up-to-date symlink: /home/lee/workspace/ros2_ex_mav/install/px4_msgs/include/px4_msgs/px4_msgs/msg/detail/vehicle_local_position__type_support.h\n'}
[0.410602] (px4_msgs) StdoutLine: {'line': b'-- Up-to-date symlink: /home/lee/workspace/ros2_ex_mav/install/px4_msgs/include/px4_msgs/px4_msgs/msg/detail/vehicle_local_position_setpoint__functions.h\n'}
[0.410634] (px4_msgs) StdoutLine: {'line': b'-- Up-to-date symlink: /home/lee/workspace/ros2_ex_mav/install/px4_msgs/include/px4_msgs/px4_msgs/msg/detail/vehicle_local_position_setpoint__struct.h\n'}
[0.410668] (px4_msgs) StdoutLine: {'line': b'-- Up-to-date symlink: /home/lee/workspace/ros2_ex_mav/install/px4_msgs/include/px4_msgs/px4_msgs/msg/detail/vehicle_local_position_setpoint__type_support.h\n'}
[0.410704] (px4_msgs) StdoutLine: {'line': b'-- Up-to-date symlink: /home/lee/workspace/ros2_ex_mav/install/px4_msgs/include/px4_msgs/px4_msgs/msg/detail/vehicle_magnetometer__functions.h\n'}
[0.410738] (px4_msgs) StdoutLine: {'line': b'-- Up-to-date symlink: /home/lee/workspace/ros2_ex_mav/install/px4_msgs/include/px4_msgs/px4_msgs/msg/detail/vehicle_magnetometer__struct.h\n'}
[0.410777] (px4_msgs) StdoutLine: {'line': b'-- Up-to-date symlink: /home/lee/workspace/ros2_ex_mav/install/px4_msgs/include/px4_msgs/px4_msgs/msg/detail/vehicle_magnetometer__type_support.h\n'}
[0.410817] (px4_msgs) StdoutLine: {'line': b'-- Up-to-date symlink: /home/lee/workspace/ros2_ex_mav/install/px4_msgs/include/px4_msgs/px4_msgs/msg/detail/vehicle_odometry__functions.h\n'}
[0.410859] (px4_msgs) StdoutLine: {'line': b'-- Up-to-date symlink: /home/lee/workspace/ros2_ex_mav/install/px4_msgs/include/px4_msgs/px4_msgs/msg/detail/vehicle_odometry__struct.h\n'}
[0.410895] (px4_msgs) StdoutLine: {'line': b'-- Up-to-date symlink: /home/lee/workspace/ros2_ex_mav/install/px4_msgs/include/px4_msgs/px4_msgs/msg/detail/vehicle_odometry__type_support.h\n'}
[0.410926] (px4_msgs) StdoutLine: {'line': b'-- Up-to-date symlink: /home/lee/workspace/ros2_ex_mav/install/px4_msgs/include/px4_msgs/px4_msgs/msg/detail/vehicle_optical_flow__functions.h\n'}
[0.410957] (px4_msgs) StdoutLine: {'line': b'-- Up-to-date symlink: /home/lee/workspace/ros2_ex_mav/install/px4_msgs/include/px4_msgs/px4_msgs/msg/detail/vehicle_optical_flow__struct.h\n'}
[0.410987] (px4_msgs) StdoutLine: {'line': b'-- Up-to-date symlink: /home/lee/workspace/ros2_ex_mav/install/px4_msgs/include/px4_msgs/px4_msgs/msg/detail/vehicle_optical_flow__type_support.h\n'}
[0.411017] (px4_msgs) StdoutLine: {'line': b'-- Up-to-date symlink: /home/lee/workspace/ros2_ex_mav/install/px4_msgs/include/px4_msgs/px4_msgs/msg/detail/vehicle_optical_flow_vel__functions.h\n'}
[0.411046] (px4_msgs) StdoutLine: {'line': b'-- Up-to-date symlink: /home/lee/workspace/ros2_ex_mav/install/px4_msgs/include/px4_msgs/px4_msgs/msg/detail/vehicle_optical_flow_vel__struct.h\n'}
[0.411075] (px4_msgs) StdoutLine: {'line': b'-- Up-to-date symlink: /home/lee/workspace/ros2_ex_mav/install/px4_msgs/include/px4_msgs/px4_msgs/msg/detail/vehicle_optical_flow_vel__type_support.h\n'}
[0.411102] (px4_msgs) StdoutLine: {'line': b'-- Up-to-date symlink: /home/lee/workspace/ros2_ex_mav/install/px4_msgs/include/px4_msgs/px4_msgs/msg/detail/vehicle_rates_setpoint__functions.h\n'}
[0.411132] (px4_msgs) StdoutLine: {'line': b'-- Up-to-date symlink: /home/lee/workspace/ros2_ex_mav/install/px4_msgs/include/px4_msgs/px4_msgs/msg/detail/vehicle_rates_setpoint__struct.h\n'}
[0.411165] (px4_msgs) StdoutLine: {'line': b'-- Up-to-date symlink: /home/lee/workspace/ros2_ex_mav/install/px4_msgs/include/px4_msgs/px4_msgs/msg/detail/vehicle_rates_setpoint__type_support.h\n'}
[0.411198] (px4_msgs) StdoutLine: {'line': b'-- Up-to-date symlink: /home/lee/workspace/ros2_ex_mav/install/px4_msgs/include/px4_msgs/px4_msgs/msg/detail/vehicle_roi__functions.h\n'}
[0.411231] (px4_msgs) StdoutLine: {'line': b'-- Up-to-date symlink: /home/lee/workspace/ros2_ex_mav/install/px4_msgs/include/px4_msgs/px4_msgs/msg/detail/vehicle_roi__struct.h\n'}
[0.411263] (px4_msgs) StdoutLine: {'line': b'-- Up-to-date symlink: /home/lee/workspace/ros2_ex_mav/install/px4_msgs/include/px4_msgs/px4_msgs/msg/detail/vehicle_roi__type_support.h\n'}
[0.411295] (px4_msgs) StdoutLine: {'line': b'-- Up-to-date symlink: /home/lee/workspace/ros2_ex_mav/install/px4_msgs/include/px4_msgs/px4_msgs/msg/detail/vehicle_status__functions.h\n'}
[0.411329] (px4_msgs) StdoutLine: {'line': b'-- Up-to-date symlink: /home/lee/workspace/ros2_ex_mav/install/px4_msgs/include/px4_msgs/px4_msgs/msg/detail/vehicle_status__struct.h\n'}
[0.411362] (px4_msgs) StdoutLine: {'line': b'-- Up-to-date symlink: /home/lee/workspace/ros2_ex_mav/install/px4_msgs/include/px4_msgs/px4_msgs/msg/detail/vehicle_status__type_support.h\n'}
[0.411394] (px4_msgs) StdoutLine: {'line': b'-- Up-to-date symlink: /home/lee/workspace/ros2_ex_mav/install/px4_msgs/include/px4_msgs/px4_msgs/msg/detail/vehicle_thrust_setpoint__functions.h\n'}
[0.411427] (px4_msgs) StdoutLine: {'line': b'-- Up-to-date symlink: /home/lee/workspace/ros2_ex_mav/install/px4_msgs/include/px4_msgs/px4_msgs/msg/detail/vehicle_thrust_setpoint__struct.h\n'}
[0.411460] (px4_msgs) StdoutLine: {'line': b'-- Up-to-date symlink: /home/lee/workspace/ros2_ex_mav/install/px4_msgs/include/px4_msgs/px4_msgs/msg/detail/vehicle_thrust_setpoint__type_support.h\n'}
[0.411492] (px4_msgs) StdoutLine: {'line': b'-- Up-to-date symlink: /home/lee/workspace/ros2_ex_mav/install/px4_msgs/include/px4_msgs/px4_msgs/msg/detail/vehicle_torque_setpoint__functions.h\n'}
[0.411527] (px4_msgs) StdoutLine: {'line': b'-- Up-to-date symlink: /home/lee/workspace/ros2_ex_mav/install/px4_msgs/include/px4_msgs/px4_msgs/msg/detail/vehicle_torque_setpoint__struct.h\n'}
[0.411561] (px4_msgs) StdoutLine: {'line': b'-- Up-to-date symlink: /home/lee/workspace/ros2_ex_mav/install/px4_msgs/include/px4_msgs/px4_msgs/msg/detail/vehicle_torque_setpoint__type_support.h\n'}
[0.411593] (px4_msgs) StdoutLine: {'line': b'-- Up-to-date symlink: /home/lee/workspace/ros2_ex_mav/install/px4_msgs/include/px4_msgs/px4_msgs/msg/detail/vehicle_trajectory_bezier__functions.h\n'}
[0.411625] (px4_msgs) StdoutLine: {'line': b'-- Up-to-date symlink: /home/lee/workspace/ros2_ex_mav/install/px4_msgs/include/px4_msgs/px4_msgs/msg/detail/vehicle_trajectory_bezier__struct.h\n'}
[0.411658] (px4_msgs) StdoutLine: {'line': b'-- Up-to-date symlink: /home/lee/workspace/ros2_ex_mav/install/px4_msgs/include/px4_msgs/px4_msgs/msg/detail/vehicle_trajectory_bezier__type_support.h\n'}
[0.411690] (px4_msgs) StdoutLine: {'line': b'-- Up-to-date symlink: /home/lee/workspace/ros2_ex_mav/install/px4_msgs/include/px4_msgs/px4_msgs/msg/detail/vehicle_trajectory_waypoint__functions.h\n'}
[0.411722] (px4_msgs) StdoutLine: {'line': b'-- Up-to-date symlink: /home/lee/workspace/ros2_ex_mav/install/px4_msgs/include/px4_msgs/px4_msgs/msg/detail/vehicle_trajectory_waypoint__struct.h\n'}
[0.411755] (px4_msgs) StdoutLine: {'line': b'-- Up-to-date symlink: /home/lee/workspace/ros2_ex_mav/install/px4_msgs/include/px4_msgs/px4_msgs/msg/detail/vehicle_trajectory_waypoint__type_support.h\n'}
[0.411790] (px4_msgs) StdoutLine: {'line': b'-- Up-to-date symlink: /home/lee/workspace/ros2_ex_mav/install/px4_msgs/include/px4_msgs/px4_msgs/msg/detail/vtol_vehicle_status__functions.h\n'}
[0.411822] (px4_msgs) StdoutLine: {'line': b'-- Up-to-date symlink: /home/lee/workspace/ros2_ex_mav/install/px4_msgs/include/px4_msgs/px4_msgs/msg/detail/vtol_vehicle_status__struct.h\n'}
[0.411854] (px4_msgs) StdoutLine: {'line': b'-- Up-to-date symlink: /home/lee/workspace/ros2_ex_mav/install/px4_msgs/include/px4_msgs/px4_msgs/msg/detail/vtol_vehicle_status__type_support.h\n'}
[0.411888] (px4_msgs) StdoutLine: {'line': b'-- Up-to-date symlink: /home/lee/workspace/ros2_ex_mav/install/px4_msgs/include/px4_msgs/px4_msgs/msg/detail/wind__functions.h\n'}
[0.411919] (px4_msgs) StdoutLine: {'line': b'-- Up-to-date symlink: /home/lee/workspace/ros2_ex_mav/install/px4_msgs/include/px4_msgs/px4_msgs/msg/detail/wind__struct.h\n'}
[0.411952] (px4_msgs) StdoutLine: {'line': b'-- Up-to-date symlink: /home/lee/workspace/ros2_ex_mav/install/px4_msgs/include/px4_msgs/px4_msgs/msg/detail/wind__type_support.h\n'}
[0.411984] (px4_msgs) StdoutLine: {'line': b'-- Up-to-date symlink: /home/lee/workspace/ros2_ex_mav/install/px4_msgs/include/px4_msgs/px4_msgs/msg/detail/yaw_estimator_status__functions.h\n'}
[0.412016] (px4_msgs) StdoutLine: {'line': b'-- Up-to-date symlink: /home/lee/workspace/ros2_ex_mav/install/px4_msgs/include/px4_msgs/px4_msgs/msg/detail/yaw_estimator_status__struct.h\n'}
[0.412049] (px4_msgs) StdoutLine: {'line': b'-- Up-to-date symlink: /home/lee/workspace/ros2_ex_mav/install/px4_msgs/include/px4_msgs/px4_msgs/msg/detail/yaw_estimator_status__type_support.h\n'}
[0.412080] (px4_msgs) StdoutLine: {'line': b'-- Up-to-date symlink: /home/lee/workspace/ros2_ex_mav/install/px4_msgs/include/px4_msgs/px4_msgs/msg/differential_pressure.h\n'}
[0.412111] (px4_msgs) StdoutLine: {'line': b'-- Up-to-date symlink: /home/lee/workspace/ros2_ex_mav/install/px4_msgs/include/px4_msgs/px4_msgs/msg/distance_sensor.h\n'}
[0.412144] (px4_msgs) StdoutLine: {'line': b'-- Up-to-date symlink: /home/lee/workspace/ros2_ex_mav/install/px4_msgs/include/px4_msgs/px4_msgs/msg/ekf2_timestamps.h\n'}
[0.412173] (px4_msgs) StdoutLine: {'line': b'-- Up-to-date symlink: /home/lee/workspace/ros2_ex_mav/install/px4_msgs/include/px4_msgs/px4_msgs/msg/esc_report.h\n'}
[0.412204] (px4_msgs) StdoutLine: {'line': b'-- Up-to-date symlink: /home/lee/workspace/ros2_ex_mav/install/px4_msgs/include/px4_msgs/px4_msgs/msg/esc_status.h\n'}
[0.412235] (px4_msgs) StdoutLine: {'line': b'-- Up-to-date symlink: /home/lee/workspace/ros2_ex_mav/install/px4_msgs/include/px4_msgs/px4_msgs/msg/estimator_aid_source1d.h\n'}
[0.412265] (px4_msgs) StdoutLine: {'line': b'-- Up-to-date symlink: /home/lee/workspace/ros2_ex_mav/install/px4_msgs/include/px4_msgs/px4_msgs/msg/estimator_aid_source2d.h\n'}
[0.412297] (px4_msgs) StdoutLine: {'line': b'-- Up-to-date symlink: /home/lee/workspace/ros2_ex_mav/install/px4_msgs/include/px4_msgs/px4_msgs/msg/estimator_aid_source3d.h\n'}
[0.412328] (px4_msgs) StdoutLine: {'line': b'-- Up-to-date symlink: /home/lee/workspace/ros2_ex_mav/install/px4_msgs/include/px4_msgs/px4_msgs/msg/estimator_bias.h\n'}
[0.412359] (px4_msgs) StdoutLine: {'line': b'-- Up-to-date symlink: /home/lee/workspace/ros2_ex_mav/install/px4_msgs/include/px4_msgs/px4_msgs/msg/estimator_bias3d.h\n'}
[0.412389] (px4_msgs) StdoutLine: {'line': b'-- Up-to-date symlink: /home/lee/workspace/ros2_ex_mav/install/px4_msgs/include/px4_msgs/px4_msgs/msg/estimator_event_flags.h\n'}
[0.412419] (px4_msgs) StdoutLine: {'line': b'-- Up-to-date symlink: /home/lee/workspace/ros2_ex_mav/install/px4_msgs/include/px4_msgs/px4_msgs/msg/estimator_gps_status.h\n'}
[0.412451] (px4_msgs) StdoutLine: {'line': b'-- Up-to-date symlink: /home/lee/workspace/ros2_ex_mav/install/px4_msgs/include/px4_msgs/px4_msgs/msg/estimator_innovations.h\n'}
[0.412481] (px4_msgs) StdoutLine: {'line': b'-- Up-to-date symlink: /home/lee/workspace/ros2_ex_mav/install/px4_msgs/include/px4_msgs/px4_msgs/msg/estimator_selector_status.h\n'}
[0.412512] (px4_msgs) StdoutLine: {'line': b'-- Up-to-date symlink: /home/lee/workspace/ros2_ex_mav/install/px4_msgs/include/px4_msgs/px4_msgs/msg/estimator_sensor_bias.h\n'}
[0.412542] (px4_msgs) StdoutLine: {'line': b'-- Up-to-date symlink: /home/lee/workspace/ros2_ex_mav/install/px4_msgs/include/px4_msgs/px4_msgs/msg/estimator_states.h\n'}
[0.412573] (px4_msgs) StdoutLine: {'line': b'-- Up-to-date symlink: /home/lee/workspace/ros2_ex_mav/install/px4_msgs/include/px4_msgs/px4_msgs/msg/estimator_status.h\n'}
[0.412605] (px4_msgs) StdoutLine: {'line': b'-- Up-to-date symlink: /home/lee/workspace/ros2_ex_mav/install/px4_msgs/include/px4_msgs/px4_msgs/msg/estimator_status_flags.h\n'}
[0.412636] (px4_msgs) StdoutLine: {'line': b'-- Up-to-date symlink: /home/lee/workspace/ros2_ex_mav/install/px4_msgs/include/px4_msgs/px4_msgs/msg/event.h\n'}
[0.412667] (px4_msgs) StdoutLine: {'line': b'-- Up-to-date symlink: /home/lee/workspace/ros2_ex_mav/install/px4_msgs/include/px4_msgs/px4_msgs/msg/failsafe_flags.h\n'}
[0.412699] (px4_msgs) StdoutLine: {'line': b'-- Up-to-date symlink: /home/lee/workspace/ros2_ex_mav/install/px4_msgs/include/px4_msgs/px4_msgs/msg/failure_detector_status.h\n'}
[0.412731] (px4_msgs) StdoutLine: {'line': b'-- Up-to-date symlink: /home/lee/workspace/ros2_ex_mav/install/px4_msgs/include/px4_msgs/px4_msgs/msg/follow_target.h\n'}
[0.412762] (px4_msgs) StdoutLine: {'line': b'-- Up-to-date symlink: /home/lee/workspace/ros2_ex_mav/install/px4_msgs/include/px4_msgs/px4_msgs/msg/follow_target_estimator.h\n'}
[0.412794] (px4_msgs) StdoutLine: {'line': b'-- Up-to-date symlink: /home/lee/workspace/ros2_ex_mav/install/px4_msgs/include/px4_msgs/px4_msgs/msg/follow_target_status.h\n'}
[0.412825] (px4_msgs) StdoutLine: {'line': b'-- Up-to-date symlink: /home/lee/workspace/ros2_ex_mav/install/px4_msgs/include/px4_msgs/px4_msgs/msg/generator_status.h\n'}
[0.412855] (px4_msgs) StdoutLine: {'line': b'-- Up-to-date symlink: /home/lee/workspace/ros2_ex_mav/install/px4_msgs/include/px4_msgs/px4_msgs/msg/geofence_result.h\n'}
[0.412886] (px4_msgs) StdoutLine: {'line': b'-- Up-to-date symlink: /home/lee/workspace/ros2_ex_mav/install/px4_msgs/include/px4_msgs/px4_msgs/msg/gimbal_controls.h\n'}
[0.412918] (px4_msgs) StdoutLine: {'line': b'-- Up-to-date symlink: /home/lee/workspace/ros2_ex_mav/install/px4_msgs/include/px4_msgs/px4_msgs/msg/gimbal_device_attitude_status.h\n'}
[0.412950] (px4_msgs) StdoutLine: {'line': b'-- Up-to-date symlink: /home/lee/workspace/ros2_ex_mav/install/px4_msgs/include/px4_msgs/px4_msgs/msg/gimbal_device_information.h\n'}
[0.412980] (px4_msgs) StdoutLine: {'line': b'-- Up-to-date symlink: /home/lee/workspace/ros2_ex_mav/install/px4_msgs/include/px4_msgs/px4_msgs/msg/gimbal_device_set_attitude.h\n'}
[0.413011] (px4_msgs) StdoutLine: {'line': b'-- Up-to-date symlink: /home/lee/workspace/ros2_ex_mav/install/px4_msgs/include/px4_msgs/px4_msgs/msg/gimbal_manager_information.h\n'}
[0.413041] (px4_msgs) StdoutLine: {'line': b'-- Up-to-date symlink: /home/lee/workspace/ros2_ex_mav/install/px4_msgs/include/px4_msgs/px4_msgs/msg/gimbal_manager_set_attitude.h\n'}
[0.413072] (px4_msgs) StdoutLine: {'line': b'-- Up-to-date symlink: /home/lee/workspace/ros2_ex_mav/install/px4_msgs/include/px4_msgs/px4_msgs/msg/gimbal_manager_set_manual_control.h\n'}
[0.413103] (px4_msgs) StdoutLine: {'line': b'-- Up-to-date symlink: /home/lee/workspace/ros2_ex_mav/install/px4_msgs/include/px4_msgs/px4_msgs/msg/gimbal_manager_status.h\n'}
[0.413134] (px4_msgs) StdoutLine: {'line': b'-- Up-to-date symlink: /home/lee/workspace/ros2_ex_mav/install/px4_msgs/include/px4_msgs/px4_msgs/msg/gps_dump.h\n'}
[0.413165] (px4_msgs) StdoutLine: {'line': b'-- Up-to-date symlink: /home/lee/workspace/ros2_ex_mav/install/px4_msgs/include/px4_msgs/px4_msgs/msg/gps_inject_data.h\n'}
[0.413198] (px4_msgs) StdoutLine: {'line': b'-- Up-to-date symlink: /home/lee/workspace/ros2_ex_mav/install/px4_msgs/include/px4_msgs/px4_msgs/msg/gripper.h\n'}
[0.413228] (px4_msgs) StdoutLine: {'line': b'-- Up-to-date symlink: /home/lee/workspace/ros2_ex_mav/install/px4_msgs/include/px4_msgs/px4_msgs/msg/health_report.h\n'}
[0.413258] (px4_msgs) StdoutLine: {'line': b'-- Up-to-date symlink: /home/lee/workspace/ros2_ex_mav/install/px4_msgs/include/px4_msgs/px4_msgs/msg/heater_status.h\n'}
[0.413288] (px4_msgs) StdoutLine: {'line': b'-- Up-to-date symlink: /home/lee/workspace/ros2_ex_mav/install/px4_msgs/include/px4_msgs/px4_msgs/msg/home_position.h\n'}
[0.413322] (px4_msgs) StdoutLine: {'line': b'-- Up-to-date symlink: /home/lee/workspace/ros2_ex_mav/install/px4_msgs/include/px4_msgs/px4_msgs/msg/hover_thrust_estimate.h\n'}
[0.413351] (px4_msgs) StdoutLine: {'line': b'-- Up-to-date symlink: /home/lee/workspace/ros2_ex_mav/install/px4_msgs/include/px4_msgs/px4_msgs/msg/input_rc.h\n'}
[0.413382] (px4_msgs) StdoutLine: {'line': b'-- Up-to-date symlink: /home/lee/workspace/ros2_ex_mav/install/px4_msgs/include/px4_msgs/px4_msgs/msg/internal_combustion_engine_status.h\n'}
[0.413413] (px4_msgs) StdoutLine: {'line': b'-- Up-to-date symlink: /home/lee/workspace/ros2_ex_mav/install/px4_msgs/include/px4_msgs/px4_msgs/msg/iridiumsbd_status.h\n'}
[0.413444] (px4_msgs) StdoutLine: {'line': b'-- Up-to-date symlink: /home/lee/workspace/ros2_ex_mav/install/px4_msgs/include/px4_msgs/px4_msgs/msg/irlock_report.h\n'}
[0.413475] (px4_msgs) StdoutLine: {'line': b'-- Up-to-date symlink: /home/lee/workspace/ros2_ex_mav/install/px4_msgs/include/px4_msgs/px4_msgs/msg/landing_gear.h\n'}
[0.413505] (px4_msgs) StdoutLine: {'line': b'-- Up-to-date symlink: /home/lee/workspace/ros2_ex_mav/install/px4_msgs/include/px4_msgs/px4_msgs/msg/landing_gear_wheel.h\n'}
[0.413537] (px4_msgs) StdoutLine: {'line': b'-- Up-to-date symlink: /home/lee/workspace/ros2_ex_mav/install/px4_msgs/include/px4_msgs/px4_msgs/msg/landing_target_innovations.h\n'}
[0.413568] (px4_msgs) StdoutLine: {'line': b'-- Up-to-date symlink: /home/lee/workspace/ros2_ex_mav/install/px4_msgs/include/px4_msgs/px4_msgs/msg/landing_target_pose.h\n'}
[0.413599] (px4_msgs) StdoutLine: {'line': b'-- Up-to-date symlink: /home/lee/workspace/ros2_ex_mav/install/px4_msgs/include/px4_msgs/px4_msgs/msg/launch_detection_status.h\n'}
[0.413631] (px4_msgs) StdoutLine: {'line': b'-- Up-to-date symlink: /home/lee/workspace/ros2_ex_mav/install/px4_msgs/include/px4_msgs/px4_msgs/msg/led_control.h\n'}
[0.413661] (px4_msgs) StdoutLine: {'line': b'-- Up-to-date symlink: /home/lee/workspace/ros2_ex_mav/install/px4_msgs/include/px4_msgs/px4_msgs/msg/log_message.h\n'}
[0.413691] (px4_msgs) StdoutLine: {'line': b'-- Up-to-date symlink: /home/lee/workspace/ros2_ex_mav/install/px4_msgs/include/px4_msgs/px4_msgs/msg/logger_status.h\n'}
[0.413721] (px4_msgs) StdoutLine: {'line': b'-- Up-to-date symlink: /home/lee/workspace/ros2_ex_mav/install/px4_msgs/include/px4_msgs/px4_msgs/msg/mag_worker_data.h\n'}
[0.413753] (px4_msgs) StdoutLine: {'line': b'-- Up-to-date symlink: /home/lee/workspace/ros2_ex_mav/install/px4_msgs/include/px4_msgs/px4_msgs/msg/magnetometer_bias_estimate.h\n'}
[0.413783] (px4_msgs) StdoutLine: {'line': b'-- Up-to-date symlink: /home/lee/workspace/ros2_ex_mav/install/px4_msgs/include/px4_msgs/px4_msgs/msg/manual_control_setpoint.h\n'}
[0.413813] (px4_msgs) StdoutLine: {'line': b'-- Up-to-date symlink: /home/lee/workspace/ros2_ex_mav/install/px4_msgs/include/px4_msgs/px4_msgs/msg/manual_control_switches.h\n'}
[0.413845] (px4_msgs) StdoutLine: {'line': b'-- Up-to-date symlink: /home/lee/workspace/ros2_ex_mav/install/px4_msgs/include/px4_msgs/px4_msgs/msg/mavlink_log.h\n'}
[0.413876] (px4_msgs) StdoutLine: {'line': b'-- Up-to-date symlink: /home/lee/workspace/ros2_ex_mav/install/px4_msgs/include/px4_msgs/px4_msgs/msg/mavlink_tunnel.h\n'}
[0.413906] (px4_msgs) StdoutLine: {'line': b'-- Up-to-date symlink: /home/lee/workspace/ros2_ex_mav/install/px4_msgs/include/px4_msgs/px4_msgs/msg/mission.h\n'}
[0.413937] (px4_msgs) StdoutLine: {'line': b'-- Up-to-date symlink: /home/lee/workspace/ros2_ex_mav/install/px4_msgs/include/px4_msgs/px4_msgs/msg/mission_result.h\n'}
[0.413967] (px4_msgs) StdoutLine: {'line': b'-- Up-to-date symlink: /home/lee/workspace/ros2_ex_mav/install/px4_msgs/include/px4_msgs/px4_msgs/msg/mode_completed.h\n'}
[0.413998] (px4_msgs) StdoutLine: {'line': b'-- Up-to-date symlink: /home/lee/workspace/ros2_ex_mav/install/px4_msgs/include/px4_msgs/px4_msgs/msg/mount_orientation.h\n'}
[0.414028] (px4_msgs) StdoutLine: {'line': b'-- Up-to-date symlink: /home/lee/workspace/ros2_ex_mav/install/px4_msgs/include/px4_msgs/px4_msgs/msg/navigator_mission_item.h\n'}
[0.414061] (px4_msgs) StdoutLine: {'line': b'-- Up-to-date symlink: /home/lee/workspace/ros2_ex_mav/install/px4_msgs/include/px4_msgs/px4_msgs/msg/normalized_unsigned_setpoint.h\n'}
[0.414092] (px4_msgs) StdoutLine: {'line': b'-- Up-to-date symlink: /home/lee/workspace/ros2_ex_mav/install/px4_msgs/include/px4_msgs/px4_msgs/msg/npfg_status.h\n'}
[0.414122] (px4_msgs) StdoutLine: {'line': b'-- Up-to-date symlink: /home/lee/workspace/ros2_ex_mav/install/px4_msgs/include/px4_msgs/px4_msgs/msg/obstacle_distance.h\n'}
[0.414153] (px4_msgs) StdoutLine: {'line': b'-- Up-to-date symlink: /home/lee/workspace/ros2_ex_mav/install/px4_msgs/include/px4_msgs/px4_msgs/msg/offboard_control_mode.h\n'}
[0.414185] (px4_msgs) StdoutLine: {'line': b'-- Up-to-date symlink: /home/lee/workspace/ros2_ex_mav/install/px4_msgs/include/px4_msgs/px4_msgs/msg/onboard_computer_status.h\n'}
[0.414216] (px4_msgs) StdoutLine: {'line': b'-- Up-to-date symlink: /home/lee/workspace/ros2_ex_mav/install/px4_msgs/include/px4_msgs/px4_msgs/msg/orb_test.h\n'}
[0.414246] (px4_msgs) StdoutLine: {'line': b'-- Up-to-date symlink: /home/lee/workspace/ros2_ex_mav/install/px4_msgs/include/px4_msgs/px4_msgs/msg/orb_test_large.h\n'}
[0.414276] (px4_msgs) StdoutLine: {'line': b'-- Up-to-date symlink: /home/lee/workspace/ros2_ex_mav/install/px4_msgs/include/px4_msgs/px4_msgs/msg/orb_test_medium.h\n'}
[0.414307] (px4_msgs) StdoutLine: {'line': b'-- Up-to-date symlink: /home/lee/workspace/ros2_ex_mav/install/px4_msgs/include/px4_msgs/px4_msgs/msg/orbit_status.h\n'}
[0.414341] (px4_msgs) StdoutLine: {'line': b'-- Up-to-date symlink: /home/lee/workspace/ros2_ex_mav/install/px4_msgs/include/px4_msgs/px4_msgs/msg/parameter_update.h\n'}
[0.414372] (px4_msgs) StdoutLine: {'line': b'-- Up-to-date symlink: /home/lee/workspace/ros2_ex_mav/install/px4_msgs/include/px4_msgs/px4_msgs/msg/ping.h\n'}
[0.414404] (px4_msgs) StdoutLine: {'line': b'-- Up-to-date symlink: /home/lee/workspace/ros2_ex_mav/install/px4_msgs/include/px4_msgs/px4_msgs/msg/position_controller_landing_status.h\n'}
[0.414434] (px4_msgs) StdoutLine: {'line': b'-- Up-to-date symlink: /home/lee/workspace/ros2_ex_mav/install/px4_msgs/include/px4_msgs/px4_msgs/msg/position_controller_status.h\n'}
[0.414465] (px4_msgs) StdoutLine: {'line': b'-- Up-to-date symlink: /home/lee/workspace/ros2_ex_mav/install/px4_msgs/include/px4_msgs/px4_msgs/msg/position_setpoint.h\n'}
[0.414496] (px4_msgs) StdoutLine: {'line': b'-- Up-to-date symlink: /home/lee/workspace/ros2_ex_mav/install/px4_msgs/include/px4_msgs/px4_msgs/msg/position_setpoint_triplet.h\n'}
[0.414528] (px4_msgs) StdoutLine: {'line': b'-- Up-to-date symlink: /home/lee/workspace/ros2_ex_mav/install/px4_msgs/include/px4_msgs/px4_msgs/msg/power_button_state.h\n'}
[0.414558] (px4_msgs) StdoutLine: {'line': b'-- Up-to-date symlink: /home/lee/workspace/ros2_ex_mav/install/px4_msgs/include/px4_msgs/px4_msgs/msg/power_monitor.h\n'}
[0.414589] (px4_msgs) StdoutLine: {'line': b'-- Up-to-date symlink: /home/lee/workspace/ros2_ex_mav/install/px4_msgs/include/px4_msgs/px4_msgs/msg/pps_capture.h\n'}
[0.414620] (px4_msgs) StdoutLine: {'line': b'-- Up-to-date symlink: /home/lee/workspace/ros2_ex_mav/install/px4_msgs/include/px4_msgs/px4_msgs/msg/pwm_input.h\n'}
[0.414650] (px4_msgs) StdoutLine: {'line': b'-- Up-to-date symlink: /home/lee/workspace/ros2_ex_mav/install/px4_msgs/include/px4_msgs/px4_msgs/msg/px4io_status.h\n'}
[0.414681] (px4_msgs) StdoutLine: {'line': b'-- Up-to-date symlink: /home/lee/workspace/ros2_ex_mav/install/px4_msgs/include/px4_msgs/px4_msgs/msg/qshell_req.h\n'}
[0.414711] (px4_msgs) StdoutLine: {'line': b'-- Up-to-date symlink: /home/lee/workspace/ros2_ex_mav/install/px4_msgs/include/px4_msgs/px4_msgs/msg/qshell_retval.h\n'}
[0.414741] (px4_msgs) StdoutLine: {'line': b'-- Up-to-date symlink: /home/lee/workspace/ros2_ex_mav/install/px4_msgs/include/px4_msgs/px4_msgs/msg/radio_status.h\n'}
[0.414772] (px4_msgs) StdoutLine: {'line': b'-- Up-to-date symlink: /home/lee/workspace/ros2_ex_mav/install/px4_msgs/include/px4_msgs/px4_msgs/msg/rate_ctrl_status.h\n'}
[0.414802] (px4_msgs) StdoutLine: {'line': b'-- Up-to-date symlink: /home/lee/workspace/ros2_ex_mav/install/px4_msgs/include/px4_msgs/px4_msgs/msg/rc_channels.h\n'}
[0.414832] (px4_msgs) StdoutLine: {'line': b'-- Up-to-date symlink: /home/lee/workspace/ros2_ex_mav/install/px4_msgs/include/px4_msgs/px4_msgs/msg/rc_parameter_map.h\n'}
[0.414865] (px4_msgs) StdoutLine: {'line': b'-- Up-to-date symlink: /home/lee/workspace/ros2_ex_mav/install/px4_msgs/include/px4_msgs/px4_msgs/msg/rosidl_generator_c__visibility_control.h\n'}
[0.414897] (px4_msgs) StdoutLine: {'line': b'-- Up-to-date symlink: /home/lee/workspace/ros2_ex_mav/install/px4_msgs/include/px4_msgs/px4_msgs/msg/rpm.h\n'}
[0.414928] (px4_msgs) StdoutLine: {'line': b'-- Up-to-date symlink: /home/lee/workspace/ros2_ex_mav/install/px4_msgs/include/px4_msgs/px4_msgs/msg/rtl_time_estimate.h\n'}
[0.414959] (px4_msgs) StdoutLine: {'line': b'-- Up-to-date symlink: /home/lee/workspace/ros2_ex_mav/install/px4_msgs/include/px4_msgs/px4_msgs/msg/satellite_info.h\n'}
[0.414989] (px4_msgs) StdoutLine: {'line': b'-- Up-to-date symlink: /home/lee/workspace/ros2_ex_mav/install/px4_msgs/include/px4_msgs/px4_msgs/msg/sensor_accel.h\n'}
[0.415020] (px4_msgs) StdoutLine: {'line': b'-- Up-to-date symlink: /home/lee/workspace/ros2_ex_mav/install/px4_msgs/include/px4_msgs/px4_msgs/msg/sensor_accel_fifo.h\n'}
[0.415050] (px4_msgs) StdoutLine: {'line': b'-- Up-to-date symlink: /home/lee/workspace/ros2_ex_mav/install/px4_msgs/include/px4_msgs/px4_msgs/msg/sensor_baro.h\n'}
[0.415081] (px4_msgs) StdoutLine: {'line': b'-- Up-to-date symlink: /home/lee/workspace/ros2_ex_mav/install/px4_msgs/include/px4_msgs/px4_msgs/msg/sensor_combined.h\n'}
[0.415111] (px4_msgs) StdoutLine: {'line': b'-- Up-to-date symlink: /home/lee/workspace/ros2_ex_mav/install/px4_msgs/include/px4_msgs/px4_msgs/msg/sensor_correction.h\n'}
[0.415141] (px4_msgs) StdoutLine: {'line': b'-- Up-to-date symlink: /home/lee/workspace/ros2_ex_mav/install/px4_msgs/include/px4_msgs/px4_msgs/msg/sensor_gnss_relative.h\n'}
[0.415172] (px4_msgs) StdoutLine: {'line': b'-- Up-to-date symlink: /home/lee/workspace/ros2_ex_mav/install/px4_msgs/include/px4_msgs/px4_msgs/msg/sensor_gps.h\n'}
[0.415202] (px4_msgs) StdoutLine: {'line': b'-- Up-to-date symlink: /home/lee/workspace/ros2_ex_mav/install/px4_msgs/include/px4_msgs/px4_msgs/msg/sensor_gyro.h\n'}
[0.415232] (px4_msgs) StdoutLine: {'line': b'-- Up-to-date symlink: /home/lee/workspace/ros2_ex_mav/install/px4_msgs/include/px4_msgs/px4_msgs/msg/sensor_gyro_fft.h\n'}
[0.415263] (px4_msgs) StdoutLine: {'line': b'-- Up-to-date symlink: /home/lee/workspace/ros2_ex_mav/install/px4_msgs/include/px4_msgs/px4_msgs/msg/sensor_gyro_fifo.h\n'}
[0.415293] (px4_msgs) StdoutLine: {'line': b'-- Up-to-date symlink: /home/lee/workspace/ros2_ex_mav/install/px4_msgs/include/px4_msgs/px4_msgs/msg/sensor_hygrometer.h\n'}
[0.415324] (px4_msgs) StdoutLine: {'line': b'-- Up-to-date symlink: /home/lee/workspace/ros2_ex_mav/install/px4_msgs/include/px4_msgs/px4_msgs/msg/sensor_mag.h\n'}
[0.415357] (px4_msgs) StdoutLine: {'line': b'-- Up-to-date symlink: /home/lee/workspace/ros2_ex_mav/install/px4_msgs/include/px4_msgs/px4_msgs/msg/sensor_optical_flow.h\n'}
[0.415387] (px4_msgs) StdoutLine: {'line': b'-- Up-to-date symlink: /home/lee/workspace/ros2_ex_mav/install/px4_msgs/include/px4_msgs/px4_msgs/msg/sensor_preflight_mag.h\n'}
[0.415418] (px4_msgs) StdoutLine: {'line': b'-- Up-to-date symlink: /home/lee/workspace/ros2_ex_mav/install/px4_msgs/include/px4_msgs/px4_msgs/msg/sensor_selection.h\n'}
[0.415449] (px4_msgs) StdoutLine: {'line': b'-- Up-to-date symlink: /home/lee/workspace/ros2_ex_mav/install/px4_msgs/include/px4_msgs/px4_msgs/msg/sensor_uwb.h\n'}
[0.415479] (px4_msgs) StdoutLine: {'line': b'-- Up-to-date symlink: /home/lee/workspace/ros2_ex_mav/install/px4_msgs/include/px4_msgs/px4_msgs/msg/sensors_status.h\n'}
[0.415511] (px4_msgs) StdoutLine: {'line': b'-- Up-to-date symlink: /home/lee/workspace/ros2_ex_mav/install/px4_msgs/include/px4_msgs/px4_msgs/msg/sensors_status_imu.h\n'}
[0.415542] (px4_msgs) StdoutLine: {'line': b'-- Up-to-date symlink: /home/lee/workspace/ros2_ex_mav/install/px4_msgs/include/px4_msgs/px4_msgs/msg/system_power.h\n'}
[0.415574] (px4_msgs) StdoutLine: {'line': b'-- Up-to-date symlink: /home/lee/workspace/ros2_ex_mav/install/px4_msgs/include/px4_msgs/px4_msgs/msg/takeoff_status.h\n'}
[0.415605] (px4_msgs) StdoutLine: {'line': b'-- Up-to-date symlink: /home/lee/workspace/ros2_ex_mav/install/px4_msgs/include/px4_msgs/px4_msgs/msg/task_stack_info.h\n'}
[0.415636] (px4_msgs) StdoutLine: {'line': b'-- Up-to-date symlink: /home/lee/workspace/ros2_ex_mav/install/px4_msgs/include/px4_msgs/px4_msgs/msg/tecs_status.h\n'}
[0.415666] (px4_msgs) StdoutLine: {'line': b'-- Up-to-date symlink: /home/lee/workspace/ros2_ex_mav/install/px4_msgs/include/px4_msgs/px4_msgs/msg/telemetry_status.h\n'}
[0.415697] (px4_msgs) StdoutLine: {'line': b'-- Up-to-date symlink: /home/lee/workspace/ros2_ex_mav/install/px4_msgs/include/px4_msgs/px4_msgs/msg/tiltrotor_extra_controls.h\n'}
[0.415730] (px4_msgs) StdoutLine: {'line': b'-- Up-to-date symlink: /home/lee/workspace/ros2_ex_mav/install/px4_msgs/include/px4_msgs/px4_msgs/msg/timesync_status.h\n'}
[0.415770] (px4_msgs) StdoutLine: {'line': b'-- Up-to-date symlink: /home/lee/workspace/ros2_ex_mav/install/px4_msgs/include/px4_msgs/px4_msgs/msg/trajectory_bezier.h\n'}
[0.415803] (px4_msgs) StdoutLine: {'line': b'-- Up-to-date symlink: /home/lee/workspace/ros2_ex_mav/install/px4_msgs/include/px4_msgs/px4_msgs/msg/trajectory_setpoint.h\n'}
[0.415834] (px4_msgs) StdoutLine: {'line': b'-- Up-to-date symlink: /home/lee/workspace/ros2_ex_mav/install/px4_msgs/include/px4_msgs/px4_msgs/msg/trajectory_waypoint.h\n'}
[0.415864] (px4_msgs) StdoutLine: {'line': b'-- Up-to-date symlink: /home/lee/workspace/ros2_ex_mav/install/px4_msgs/include/px4_msgs/px4_msgs/msg/transponder_report.h\n'}
[0.415894] (px4_msgs) StdoutLine: {'line': b'-- Up-to-date symlink: /home/lee/workspace/ros2_ex_mav/install/px4_msgs/include/px4_msgs/px4_msgs/msg/tune_control.h\n'}
[0.415927] (px4_msgs) StdoutLine: {'line': b'-- Up-to-date symlink: /home/lee/workspace/ros2_ex_mav/install/px4_msgs/include/px4_msgs/px4_msgs/msg/uavcan_parameter_request.h\n'}
[0.415960] (px4_msgs) StdoutLine: {'line': b'-- Up-to-date symlink: /home/lee/workspace/ros2_ex_mav/install/px4_msgs/include/px4_msgs/px4_msgs/msg/uavcan_parameter_value.h\n'}
[0.415993] (px4_msgs) StdoutLine: {'line': b'-- Up-to-date symlink: /home/lee/workspace/ros2_ex_mav/install/px4_msgs/include/px4_msgs/px4_msgs/msg/ulog_stream.h\n'}
[0.416025] (px4_msgs) StdoutLine: {'line': b'-- Up-to-date symlink: /home/lee/workspace/ros2_ex_mav/install/px4_msgs/include/px4_msgs/px4_msgs/msg/ulog_stream_ack.h\n'}
[0.416058] (px4_msgs) StdoutLine: {'line': b'-- Up-to-date symlink: /home/lee/workspace/ros2_ex_mav/install/px4_msgs/include/px4_msgs/px4_msgs/msg/vehicle_acceleration.h\n'}
[0.416090] (px4_msgs) StdoutLine: {'line': b'-- Up-to-date symlink: /home/lee/workspace/ros2_ex_mav/install/px4_msgs/include/px4_msgs/px4_msgs/msg/vehicle_air_data.h\n'}
[0.416126] (px4_msgs) StdoutLine: {'line': b'-- Up-to-date symlink: /home/lee/workspace/ros2_ex_mav/install/px4_msgs/include/px4_msgs/px4_msgs/msg/vehicle_angular_acceleration_setpoint.h\n'}
[0.416158] (px4_msgs) StdoutLine: {'line': b'-- Up-to-date symlink: /home/lee/workspace/ros2_ex_mav/install/px4_msgs/include/px4_msgs/px4_msgs/msg/vehicle_angular_velocity.h\n'}
[0.416190] (px4_msgs) StdoutLine: {'line': b'-- Up-to-date symlink: /home/lee/workspace/ros2_ex_mav/install/px4_msgs/include/px4_msgs/px4_msgs/msg/vehicle_attitude.h\n'}
[0.416223] (px4_msgs) StdoutLine: {'line': b'-- Up-to-date symlink: /home/lee/workspace/ros2_ex_mav/install/px4_msgs/include/px4_msgs/px4_msgs/msg/vehicle_attitude_setpoint.h\n'}
[0.416257] (px4_msgs) StdoutLine: {'line': b'-- Up-to-date symlink: /home/lee/workspace/ros2_ex_mav/install/px4_msgs/include/px4_msgs/px4_msgs/msg/vehicle_command.h\n'}
[0.416289] (px4_msgs) StdoutLine: {'line': b'-- Up-to-date symlink: /home/lee/workspace/ros2_ex_mav/install/px4_msgs/include/px4_msgs/px4_msgs/msg/vehicle_command_ack.h\n'}
[0.416324] (px4_msgs) StdoutLine: {'line': b'-- Up-to-date symlink: /home/lee/workspace/ros2_ex_mav/install/px4_msgs/include/px4_msgs/px4_msgs/msg/vehicle_constraints.h\n'}
[0.416356] (px4_msgs) StdoutLine: {'line': b'-- Up-to-date symlink: /home/lee/workspace/ros2_ex_mav/install/px4_msgs/include/px4_msgs/px4_msgs/msg/vehicle_control_mode.h\n'}
[0.416390] (px4_msgs) StdoutLine: {'line': b'-- Up-to-date symlink: /home/lee/workspace/ros2_ex_mav/install/px4_msgs/include/px4_msgs/px4_msgs/msg/vehicle_global_position.h\n'}
[0.416422] (px4_msgs) StdoutLine: {'line': b'-- Up-to-date symlink: /home/lee/workspace/ros2_ex_mav/install/px4_msgs/include/px4_msgs/px4_msgs/msg/vehicle_imu.h\n'}
[0.416455] (px4_msgs) StdoutLine: {'line': b'-- Up-to-date symlink: /home/lee/workspace/ros2_ex_mav/install/px4_msgs/include/px4_msgs/px4_msgs/msg/vehicle_imu_status.h\n'}
[0.416486] (px4_msgs) StdoutLine: {'line': b'-- Up-to-date symlink: /home/lee/workspace/ros2_ex_mav/install/px4_msgs/include/px4_msgs/px4_msgs/msg/vehicle_land_detected.h\n'}
[0.416518] (px4_msgs) StdoutLine: {'line': b'-- Up-to-date symlink: /home/lee/workspace/ros2_ex_mav/install/px4_msgs/include/px4_msgs/px4_msgs/msg/vehicle_local_position.h\n'}
[0.416552] (px4_msgs) StdoutLine: {'line': b'-- Up-to-date symlink: /home/lee/workspace/ros2_ex_mav/install/px4_msgs/include/px4_msgs/px4_msgs/msg/vehicle_local_position_setpoint.h\n'}
[0.416583] (px4_msgs) StdoutLine: {'line': b'-- Up-to-date symlink: /home/lee/workspace/ros2_ex_mav/install/px4_msgs/include/px4_msgs/px4_msgs/msg/vehicle_magnetometer.h\n'}
[0.416615] (px4_msgs) StdoutLine: {'line': b'-- Up-to-date symlink: /home/lee/workspace/ros2_ex_mav/install/px4_msgs/include/px4_msgs/px4_msgs/msg/vehicle_odometry.h\n'}
[0.416647] (px4_msgs) StdoutLine: {'line': b'-- Up-to-date symlink: /home/lee/workspace/ros2_ex_mav/install/px4_msgs/include/px4_msgs/px4_msgs/msg/vehicle_optical_flow.h\n'}
[0.416679] (px4_msgs) StdoutLine: {'line': b'-- Up-to-date symlink: /home/lee/workspace/ros2_ex_mav/install/px4_msgs/include/px4_msgs/px4_msgs/msg/vehicle_optical_flow_vel.h\n'}
[0.416710] (px4_msgs) StdoutLine: {'line': b'-- Up-to-date symlink: /home/lee/workspace/ros2_ex_mav/install/px4_msgs/include/px4_msgs/px4_msgs/msg/vehicle_rates_setpoint.h\n'}
[0.416742] (px4_msgs) StdoutLine: {'line': b'-- Up-to-date symlink: /home/lee/workspace/ros2_ex_mav/install/px4_msgs/include/px4_msgs/px4_msgs/msg/vehicle_roi.h\n'}
[0.416773] (px4_msgs) StdoutLine: {'line': b'-- Up-to-date symlink: /home/lee/workspace/ros2_ex_mav/install/px4_msgs/include/px4_msgs/px4_msgs/msg/vehicle_status.h\n'}
[0.416805] (px4_msgs) StdoutLine: {'line': b'-- Up-to-date symlink: /home/lee/workspace/ros2_ex_mav/install/px4_msgs/include/px4_msgs/px4_msgs/msg/vehicle_thrust_setpoint.h\n'}
[0.416835] (px4_msgs) StdoutLine: {'line': b'-- Up-to-date symlink: /home/lee/workspace/ros2_ex_mav/install/px4_msgs/include/px4_msgs/px4_msgs/msg/vehicle_torque_setpoint.h\n'}
[0.416866] (px4_msgs) StdoutLine: {'line': b'-- Up-to-date symlink: /home/lee/workspace/ros2_ex_mav/install/px4_msgs/include/px4_msgs/px4_msgs/msg/vehicle_trajectory_bezier.h\n'}
[0.416898] (px4_msgs) StdoutLine: {'line': b'-- Up-to-date symlink: /home/lee/workspace/ros2_ex_mav/install/px4_msgs/include/px4_msgs/px4_msgs/msg/vehicle_trajectory_waypoint.h\n'}
[0.416930] (px4_msgs) StdoutLine: {'line': b'-- Up-to-date symlink: /home/lee/workspace/ros2_ex_mav/install/px4_msgs/include/px4_msgs/px4_msgs/msg/vtol_vehicle_status.h\n'}
[0.416964] (px4_msgs) StdoutLine: {'line': b'-- Up-to-date symlink: /home/lee/workspace/ros2_ex_mav/install/px4_msgs/include/px4_msgs/px4_msgs/msg/wind.h\n'}
[0.416995] (px4_msgs) StdoutLine: {'line': b'-- Up-to-date symlink: /home/lee/workspace/ros2_ex_mav/install/px4_msgs/include/px4_msgs/px4_msgs/msg/yaw_estimator_status.h\n'}
[0.417096] (px4_msgs) StdoutLine: {'line': b'-- Up-to-date symlink: /home/lee/workspace/ros2_ex_mav/install/px4_msgs/share/px4_msgs/environment/library_path.sh\n'}
[0.417151] (px4_msgs) StdoutLine: {'line': b'-- Up-to-date symlink: /home/lee/workspace/ros2_ex_mav/install/px4_msgs/share/px4_msgs/environment/library_path.dsv\n'}
[0.419212] (px4_msgs) StdoutLine: {'line': b'-- Up-to-date symlink: /home/lee/workspace/ros2_ex_mav/install/px4_msgs/include/px4_msgs/px4_msgs/msg/detail/action_request__rosidl_typesupport_fastrtps_c.h\n'}
[0.419264] (px4_msgs) StdoutLine: {'line': b'-- Up-to-date symlink: /home/lee/workspace/ros2_ex_mav/install/px4_msgs/include/px4_msgs/px4_msgs/msg/detail/actuator_armed__rosidl_typesupport_fastrtps_c.h\n'}
[0.419436] (px4_msgs) StdoutLine: {'line': b'-- Up-to-date symlink: /home/lee/workspace/ros2_ex_mav/install/px4_msgs/include/px4_msgs/px4_msgs/msg/detail/actuator_controls_status__rosidl_typesupport_fastrtps_c.h\n'}
[0.419694] (px4_msgs) StdoutLine: {'line': b'-- Up-to-date symlink: /home/lee/workspace/ros2_ex_mav/install/px4_msgs/include/px4_msgs/px4_msgs/msg/detail/actuator_motors__rosidl_typesupport_fastrtps_c.h\n'}
[0.419761] (px4_msgs) StdoutLine: {'line': b'-- Up-to-date symlink: /home/lee/workspace/ros2_ex_mav/install/px4_msgs/include/px4_msgs/px4_msgs/msg/detail/actuator_outputs__rosidl_typesupport_fastrtps_c.h\n'}
[0.419810] (px4_msgs) StdoutLine: {'line': b'-- Up-to-date symlink: /home/lee/workspace/ros2_ex_mav/install/px4_msgs/include/px4_msgs/px4_msgs/msg/detail/actuator_servos__rosidl_typesupport_fastrtps_c.h\n'}
[0.419867] (px4_msgs) StdoutLine: {'line': b'-- Up-to-date symlink: /home/lee/workspace/ros2_ex_mav/install/px4_msgs/include/px4_msgs/px4_msgs/msg/detail/actuator_servos_trim__rosidl_typesupport_fastrtps_c.h\n'}
[0.419915] (px4_msgs) StdoutLine: {'line': b'-- Up-to-date symlink: /home/lee/workspace/ros2_ex_mav/install/px4_msgs/include/px4_msgs/px4_msgs/msg/detail/actuator_test__rosidl_typesupport_fastrtps_c.h\n'}
[0.419960] (px4_msgs) StdoutLine: {'line': b'-- Up-to-date symlink: /home/lee/workspace/ros2_ex_mav/install/px4_msgs/include/px4_msgs/px4_msgs/msg/detail/adc_report__rosidl_typesupport_fastrtps_c.h\n'}
[0.420004] (px4_msgs) StdoutLine: {'line': b'-- Up-to-date symlink: /home/lee/workspace/ros2_ex_mav/install/px4_msgs/include/px4_msgs/px4_msgs/msg/detail/airspeed__rosidl_typesupport_fastrtps_c.h\n'}
[0.420052] (px4_msgs) StdoutLine: {'line': b'-- Up-to-date symlink: /home/lee/workspace/ros2_ex_mav/install/px4_msgs/include/px4_msgs/px4_msgs/msg/detail/airspeed_validated__rosidl_typesupport_fastrtps_c.h\n'}
[0.420099] (px4_msgs) StdoutLine: {'line': b'-- Up-to-date symlink: /home/lee/workspace/ros2_ex_mav/install/px4_msgs/include/px4_msgs/px4_msgs/msg/detail/airspeed_wind__rosidl_typesupport_fastrtps_c.h\n'}
[0.420416] (px4_msgs) StdoutLine: {'line': b'-- Up-to-date symlink: /home/lee/workspace/ros2_ex_mav/install/px4_msgs/include/px4_msgs/px4_msgs/msg/detail/autotune_attitude_control_status__rosidl_typesupport_fastrtps_c.h\n'}
[0.420471] (px4_msgs) StdoutLine: {'line': b'-- Up-to-date symlink: /home/lee/workspace/ros2_ex_mav/install/px4_msgs/include/px4_msgs/px4_msgs/msg/detail/battery_status__rosidl_typesupport_fastrtps_c.h\n'}
[0.420518] (px4_msgs) StdoutLine: {'line': b'-- Up-to-date symlink: /home/lee/workspace/ros2_ex_mav/install/px4_msgs/include/px4_msgs/px4_msgs/msg/detail/button_event__rosidl_typesupport_fastrtps_c.h\n'}
[0.420563] (px4_msgs) StdoutLine: {'line': b'-- Up-to-date symlink: /home/lee/workspace/ros2_ex_mav/install/px4_msgs/include/px4_msgs/px4_msgs/msg/detail/camera_capture__rosidl_typesupport_fastrtps_c.h\n'}
[0.420607] (px4_msgs) StdoutLine: {'line': b'-- Up-to-date symlink: /home/lee/workspace/ros2_ex_mav/install/px4_msgs/include/px4_msgs/px4_msgs/msg/detail/camera_status__rosidl_typesupport_fastrtps_c.h\n'}
[0.420654] (px4_msgs) StdoutLine: {'line': b'-- Up-to-date symlink: /home/lee/workspace/ros2_ex_mav/install/px4_msgs/include/px4_msgs/px4_msgs/msg/detail/camera_trigger__rosidl_typesupport_fastrtps_c.h\n'}
[0.420699] (px4_msgs) StdoutLine: {'line': b'-- Up-to-date symlink: /home/lee/workspace/ros2_ex_mav/install/px4_msgs/include/px4_msgs/px4_msgs/msg/detail/cellular_status__rosidl_typesupport_fastrtps_c.h\n'}
[0.420742] (px4_msgs) StdoutLine: {'line': b'-- Up-to-date symlink: /home/lee/workspace/ros2_ex_mav/install/px4_msgs/include/px4_msgs/px4_msgs/msg/detail/collision_constraints__rosidl_typesupport_fastrtps_c.h\n'}
[0.420790] (px4_msgs) StdoutLine: {'line': b'-- Up-to-date symlink: /home/lee/workspace/ros2_ex_mav/install/px4_msgs/include/px4_msgs/px4_msgs/msg/detail/collision_report__rosidl_typesupport_fastrtps_c.h\n'}
[0.420833] (px4_msgs) StdoutLine: {'line': b'-- Up-to-date symlink: /home/lee/workspace/ros2_ex_mav/install/px4_msgs/include/px4_msgs/px4_msgs/msg/detail/control_allocator_status__rosidl_typesupport_fastrtps_c.h\n'}
[0.420876] (px4_msgs) StdoutLine: {'line': b'-- Up-to-date symlink: /home/lee/workspace/ros2_ex_mav/install/px4_msgs/include/px4_msgs/px4_msgs/msg/detail/cpuload__rosidl_typesupport_fastrtps_c.h\n'}
[0.420920] (px4_msgs) StdoutLine: {'line': b'-- Up-to-date symlink: /home/lee/workspace/ros2_ex_mav/install/px4_msgs/include/px4_msgs/px4_msgs/msg/detail/debug_array__rosidl_typesupport_fastrtps_c.h\n'}
[0.420964] (px4_msgs) StdoutLine: {'line': b'-- Up-to-date symlink: /home/lee/workspace/ros2_ex_mav/install/px4_msgs/include/px4_msgs/px4_msgs/msg/detail/debug_key_value__rosidl_typesupport_fastrtps_c.h\n'}
[0.421008] (px4_msgs) StdoutLine: {'line': b'-- Up-to-date symlink: /home/lee/workspace/ros2_ex_mav/install/px4_msgs/include/px4_msgs/px4_msgs/msg/detail/debug_value__rosidl_typesupport_fastrtps_c.h\n'}
[0.421051] (px4_msgs) StdoutLine: {'line': b'-- Up-to-date symlink: /home/lee/workspace/ros2_ex_mav/install/px4_msgs/include/px4_msgs/px4_msgs/msg/detail/debug_vect__rosidl_typesupport_fastrtps_c.h\n'}
[0.421095] (px4_msgs) StdoutLine: {'line': b'-- Up-to-date symlink: /home/lee/workspace/ros2_ex_mav/install/px4_msgs/include/px4_msgs/px4_msgs/msg/detail/differential_pressure__rosidl_typesupport_fastrtps_c.h\n'}
[0.421206] (px4_msgs) StdoutLine: {'line': b'-- Up-to-date symlink: /home/lee/workspace/ros2_ex_mav/install/px4_msgs/include/px4_msgs/px4_msgs/msg/detail/distance_sensor__rosidl_typesupport_fastrtps_c.h\n'}
[0.421251] (px4_msgs) StdoutLine: {'line': b'-- Up-to-date symlink: /home/lee/workspace/ros2_ex_mav/install/px4_msgs/include/px4_msgs/px4_msgs/msg/detail/ekf2_timestamps__rosidl_typesupport_fastrtps_c.h\n'}
[0.421296] (px4_msgs) StdoutLine: {'line': b'-- Up-to-date symlink: /home/lee/workspace/ros2_ex_mav/install/px4_msgs/include/px4_msgs/px4_msgs/msg/detail/esc_report__rosidl_typesupport_fastrtps_c.h\n'}
[0.421348] (px4_msgs) StdoutLine: {'line': b'-- Up-to-date symlink: /home/lee/workspace/ros2_ex_mav/install/px4_msgs/include/px4_msgs/px4_msgs/msg/detail/esc_status__rosidl_typesupport_fastrtps_c.h\n'}
[0.421614] (px4_msgs) StdoutLine: {'line': b'-- Up-to-date symlink: /home/lee/workspace/ros2_ex_mav/install/px4_msgs/include/px4_msgs/px4_msgs/msg/detail/estimator_aid_source1d__rosidl_typesupport_fastrtps_c.h\n'}
[0.421691] (px4_msgs) StdoutLine: {'line': b'-- Up-to-date symlink: /home/lee/workspace/ros2_ex_mav/install/px4_msgs/include/px4_msgs/px4_msgs/msg/detail/estimator_aid_source2d__rosidl_typesupport_fastrtps_c.h\n'}
[0.421756] (px4_msgs) StdoutLine: {'line': b'-- Up-to-date symlink: /home/lee/workspace/ros2_ex_mav/install/px4_msgs/include/px4_msgs/px4_msgs/msg/detail/estimator_aid_source3d__rosidl_typesupport_fastrtps_c.h\n'}
[0.421826] (px4_msgs) StdoutLine: {'line': b'-- Up-to-date symlink: /home/lee/workspace/ros2_ex_mav/install/px4_msgs/include/px4_msgs/px4_msgs/msg/detail/estimator_bias3d__rosidl_typesupport_fastrtps_c.h\n'}
[0.421893] (px4_msgs) StdoutLine: {'line': b'-- Up-to-date symlink: /home/lee/workspace/ros2_ex_mav/install/px4_msgs/include/px4_msgs/px4_msgs/msg/detail/estimator_bias__rosidl_typesupport_fastrtps_c.h\n'}
[0.421958] (px4_msgs) StdoutLine: {'line': b'-- Up-to-date symlink: /home/lee/workspace/ros2_ex_mav/install/px4_msgs/include/px4_msgs/px4_msgs/msg/detail/estimator_event_flags__rosidl_typesupport_fastrtps_c.h\n'}
[0.422020] (px4_msgs) StdoutLine: {'line': b'-- Up-to-date symlink: /home/lee/workspace/ros2_ex_mav/install/px4_msgs/include/px4_msgs/px4_msgs/msg/detail/estimator_gps_status__rosidl_typesupport_fastrtps_c.h\n'}
[0.422080] (px4_msgs) StdoutLine: {'line': b'-- Up-to-date symlink: /home/lee/workspace/ros2_ex_mav/install/px4_msgs/include/px4_msgs/px4_msgs/msg/detail/estimator_innovations__rosidl_typesupport_fastrtps_c.h\n'}
[0.422142] (px4_msgs) StdoutLine: {'line': b'-- Up-to-date symlink: /home/lee/workspace/ros2_ex_mav/install/px4_msgs/include/px4_msgs/px4_msgs/msg/detail/estimator_selector_status__rosidl_typesupport_fastrtps_c.h\n'}
[0.422205] (px4_msgs) StdoutLine: {'line': b'-- Up-to-date symlink: /home/lee/workspace/ros2_ex_mav/install/px4_msgs/include/px4_msgs/px4_msgs/msg/detail/estimator_sensor_bias__rosidl_typesupport_fastrtps_c.h\n'}
[0.422270] (px4_msgs) StdoutLine: {'line': b'-- Up-to-date symlink: /home/lee/workspace/ros2_ex_mav/install/px4_msgs/include/px4_msgs/px4_msgs/msg/detail/estimator_states__rosidl_typesupport_fastrtps_c.h\n'}
[0.422337] (px4_msgs) StdoutLine: {'line': b'-- Up-to-date symlink: /home/lee/workspace/ros2_ex_mav/install/px4_msgs/include/px4_msgs/px4_msgs/msg/detail/estimator_status__rosidl_typesupport_fastrtps_c.h\n'}
[0.422404] (px4_msgs) StdoutLine: {'line': b'-- Up-to-date symlink: /home/lee/workspace/ros2_ex_mav/install/px4_msgs/include/px4_msgs/px4_msgs/msg/detail/estimator_status_flags__rosidl_typesupport_fastrtps_c.h\n'}
[0.422468] (px4_msgs) StdoutLine: {'line': b'-- Up-to-date symlink: /home/lee/workspace/ros2_ex_mav/install/px4_msgs/include/px4_msgs/px4_msgs/msg/detail/event__rosidl_typesupport_fastrtps_c.h\n'}
[0.422531] (px4_msgs) StdoutLine: {'line': b'-- Up-to-date symlink: /home/lee/workspace/ros2_ex_mav/install/px4_msgs/include/px4_msgs/px4_msgs/msg/detail/failsafe_flags__rosidl_typesupport_fastrtps_c.h\n'}
[0.422595] (px4_msgs) StdoutLine: {'line': b'-- Up-to-date symlink: /home/lee/workspace/ros2_ex_mav/install/px4_msgs/include/px4_msgs/px4_msgs/msg/detail/failure_detector_status__rosidl_typesupport_fastrtps_c.h\n'}
[0.422654] (px4_msgs) StdoutLine: {'line': b'-- Up-to-date symlink: /home/lee/workspace/ros2_ex_mav/install/px4_msgs/include/px4_msgs/px4_msgs/msg/detail/follow_target__rosidl_typesupport_fastrtps_c.h\n'}
[0.422719] (px4_msgs) StdoutLine: {'line': b'-- Up-to-date symlink: /home/lee/workspace/ros2_ex_mav/install/px4_msgs/include/px4_msgs/px4_msgs/msg/detail/follow_target_estimator__rosidl_typesupport_fastrtps_c.h\n'}
[0.422783] (px4_msgs) StdoutLine: {'line': b'-- Up-to-date symlink: /home/lee/workspace/ros2_ex_mav/install/px4_msgs/include/px4_msgs/px4_msgs/msg/detail/follow_target_status__rosidl_typesupport_fastrtps_c.h\n'}
[0.422846] (px4_msgs) StdoutLine: {'line': b'-- Up-to-date symlink: /home/lee/workspace/ros2_ex_mav/install/px4_msgs/include/px4_msgs/px4_msgs/msg/detail/generator_status__rosidl_typesupport_fastrtps_c.h\n'}
[0.422912] (px4_msgs) StdoutLine: {'line': b'-- Up-to-date symlink: /home/lee/workspace/ros2_ex_mav/install/px4_msgs/include/px4_msgs/px4_msgs/msg/detail/geofence_result__rosidl_typesupport_fastrtps_c.h\n'}
[0.422974] (px4_msgs) StdoutLine: {'line': b'-- Up-to-date symlink: /home/lee/workspace/ros2_ex_mav/install/px4_msgs/include/px4_msgs/px4_msgs/msg/detail/gimbal_controls__rosidl_typesupport_fastrtps_c.h\n'}
[0.423031] (px4_msgs) StdoutLine: {'line': b'-- Up-to-date symlink: /home/lee/workspace/ros2_ex_mav/install/px4_msgs/include/px4_msgs/px4_msgs/msg/detail/gimbal_device_attitude_status__rosidl_typesupport_fastrtps_c.h\n'}
[0.423095] (px4_msgs) StdoutLine: {'line': b'-- Up-to-date symlink: /home/lee/workspace/ros2_ex_mav/install/px4_msgs/include/px4_msgs/px4_msgs/msg/detail/gimbal_device_information__rosidl_typesupport_fastrtps_c.h\n'}
[0.423159] (px4_msgs) StdoutLine: {'line': b'-- Up-to-date symlink: /home/lee/workspace/ros2_ex_mav/install/px4_msgs/include/px4_msgs/px4_msgs/msg/detail/gimbal_device_set_attitude__rosidl_typesupport_fastrtps_c.h\n'}
[0.423225] (px4_msgs) StdoutLine: {'line': b'-- Up-to-date symlink: /home/lee/workspace/ros2_ex_mav/install/px4_msgs/include/px4_msgs/px4_msgs/msg/detail/gimbal_manager_information__rosidl_typesupport_fastrtps_c.h\n'}
[0.423299] (px4_msgs) StdoutLine: {'line': b'-- Up-to-date symlink: /home/lee/workspace/ros2_ex_mav/install/px4_msgs/include/px4_msgs/px4_msgs/msg/detail/gimbal_manager_set_attitude__rosidl_typesupport_fastrtps_c.h\n'}
[0.423389] (px4_msgs) StdoutLine: {'line': b'-- Up-to-date symlink: /home/lee/workspace/ros2_ex_mav/install/px4_msgs/include/px4_msgs/px4_msgs/msg/detail/gimbal_manager_set_manual_control__rosidl_typesupport_fastrtps_c.h\n'}
[0.423419] (px4_msgs) StdoutLine: {'line': b'-- Up-to-date symlink: /home/lee/workspace/ros2_ex_mav/install/px4_msgs/include/px4_msgs/px4_msgs/msg/detail/gimbal_manager_status__rosidl_typesupport_fastrtps_c.h\n'}
[0.423441] (px4_msgs) StdoutLine: {'line': b'-- Up-to-date symlink: /home/lee/workspace/ros2_ex_mav/install/px4_msgs/include/px4_msgs/px4_msgs/msg/detail/gps_dump__rosidl_typesupport_fastrtps_c.h\n'}
[0.423463] (px4_msgs) StdoutLine: {'line': b'-- Up-to-date symlink: /home/lee/workspace/ros2_ex_mav/install/px4_msgs/include/px4_msgs/px4_msgs/msg/detail/gps_inject_data__rosidl_typesupport_fastrtps_c.h\n'}
[0.423483] (px4_msgs) StdoutLine: {'line': b'-- Up-to-date symlink: /home/lee/workspace/ros2_ex_mav/install/px4_msgs/include/px4_msgs/px4_msgs/msg/detail/gripper__rosidl_typesupport_fastrtps_c.h\n'}
[0.423502] (px4_msgs) StdoutLine: {'line': b'-- Up-to-date symlink: /home/lee/workspace/ros2_ex_mav/install/px4_msgs/include/px4_msgs/px4_msgs/msg/detail/health_report__rosidl_typesupport_fastrtps_c.h\n'}
[0.423521] (px4_msgs) StdoutLine: {'line': b'-- Up-to-date symlink: /home/lee/workspace/ros2_ex_mav/install/px4_msgs/include/px4_msgs/px4_msgs/msg/detail/heater_status__rosidl_typesupport_fastrtps_c.h\n'}
[0.423538] (px4_msgs) StdoutLine: {'line': b'-- Up-to-date symlink: /home/lee/workspace/ros2_ex_mav/install/px4_msgs/include/px4_msgs/px4_msgs/msg/detail/home_position__rosidl_typesupport_fastrtps_c.h\n'}
[0.423557] (px4_msgs) StdoutLine: {'line': b'-- Up-to-date symlink: /home/lee/workspace/ros2_ex_mav/install/px4_msgs/include/px4_msgs/px4_msgs/msg/detail/hover_thrust_estimate__rosidl_typesupport_fastrtps_c.h\n'}
[0.423574] (px4_msgs) StdoutLine: {'line': b'-- Up-to-date symlink: /home/lee/workspace/ros2_ex_mav/install/px4_msgs/include/px4_msgs/px4_msgs/msg/detail/input_rc__rosidl_typesupport_fastrtps_c.h\n'}
[0.423591] (px4_msgs) StdoutLine: {'line': b'-- Up-to-date symlink: /home/lee/workspace/ros2_ex_mav/install/px4_msgs/include/px4_msgs/px4_msgs/msg/detail/internal_combustion_engine_status__rosidl_typesupport_fastrtps_c.h\n'}
[0.423609] (px4_msgs) StdoutLine: {'line': b'-- Up-to-date symlink: /home/lee/workspace/ros2_ex_mav/install/px4_msgs/include/px4_msgs/px4_msgs/msg/detail/iridiumsbd_status__rosidl_typesupport_fastrtps_c.h\n'}
[0.423626] (px4_msgs) StdoutLine: {'line': b'-- Up-to-date symlink: /home/lee/workspace/ros2_ex_mav/install/px4_msgs/include/px4_msgs/px4_msgs/msg/detail/irlock_report__rosidl_typesupport_fastrtps_c.h\n'}
[0.423650] (px4_msgs) StdoutLine: {'line': b'-- Up-to-date symlink: /home/lee/workspace/ros2_ex_mav/install/px4_msgs/include/px4_msgs/px4_msgs/msg/detail/landing_gear__rosidl_typesupport_fastrtps_c.h\n'}
[0.423699] (px4_msgs) StdoutLine: {'line': b'-- Up-to-date symlink: /home/lee/workspace/ros2_ex_mav/install/px4_msgs/include/px4_msgs/px4_msgs/msg/detail/landing_gear_wheel__rosidl_typesupport_fastrtps_c.h\n'}
[0.423719] (px4_msgs) StdoutLine: {'line': b'-- Up-to-date symlink: /home/lee/workspace/ros2_ex_mav/install/px4_msgs/include/px4_msgs/px4_msgs/msg/detail/landing_target_innovations__rosidl_typesupport_fastrtps_c.h\n'}
[0.423738] (px4_msgs) StdoutLine: {'line': b'-- Up-to-date symlink: /home/lee/workspace/ros2_ex_mav/install/px4_msgs/include/px4_msgs/px4_msgs/msg/detail/landing_target_pose__rosidl_typesupport_fastrtps_c.h\n'}
[0.423755] (px4_msgs) StdoutLine: {'line': b'-- Up-to-date symlink: /home/lee/workspace/ros2_ex_mav/install/px4_msgs/include/px4_msgs/px4_msgs/msg/detail/launch_detection_status__rosidl_typesupport_fastrtps_c.h\n'}
[0.423773] (px4_msgs) StdoutLine: {'line': b'-- Up-to-date symlink: /home/lee/workspace/ros2_ex_mav/install/px4_msgs/include/px4_msgs/px4_msgs/msg/detail/led_control__rosidl_typesupport_fastrtps_c.h\n'}
[0.423794] (px4_msgs) StdoutLine: {'line': b'-- Up-to-date symlink: /home/lee/workspace/ros2_ex_mav/install/px4_msgs/include/px4_msgs/px4_msgs/msg/detail/log_message__rosidl_typesupport_fastrtps_c.h\n'}
[0.423812] (px4_msgs) StdoutLine: {'line': b'-- Up-to-date symlink: /home/lee/workspace/ros2_ex_mav/install/px4_msgs/include/px4_msgs/px4_msgs/msg/detail/logger_status__rosidl_typesupport_fastrtps_c.h\n'}
[0.423829] (px4_msgs) StdoutLine: {'line': b'-- Up-to-date symlink: /home/lee/workspace/ros2_ex_mav/install/px4_msgs/include/px4_msgs/px4_msgs/msg/detail/mag_worker_data__rosidl_typesupport_fastrtps_c.h\n'}
[0.423847] (px4_msgs) StdoutLine: {'line': b'-- Up-to-date symlink: /home/lee/workspace/ros2_ex_mav/install/px4_msgs/include/px4_msgs/px4_msgs/msg/detail/magnetometer_bias_estimate__rosidl_typesupport_fastrtps_c.h\n'}
[0.423864] (px4_msgs) StdoutLine: {'line': b'-- Up-to-date symlink: /home/lee/workspace/ros2_ex_mav/install/px4_msgs/include/px4_msgs/px4_msgs/msg/detail/manual_control_setpoint__rosidl_typesupport_fastrtps_c.h\n'}
[0.423885] (px4_msgs) StdoutLine: {'line': b'-- Up-to-date symlink: /home/lee/workspace/ros2_ex_mav/install/px4_msgs/include/px4_msgs/px4_msgs/msg/detail/manual_control_switches__rosidl_typesupport_fastrtps_c.h\n'}
[0.423905] (px4_msgs) StdoutLine: {'line': b'-- Up-to-date symlink: /home/lee/workspace/ros2_ex_mav/install/px4_msgs/include/px4_msgs/px4_msgs/msg/detail/mavlink_log__rosidl_typesupport_fastrtps_c.h\n'}
[0.423924] (px4_msgs) StdoutLine: {'line': b'-- Up-to-date symlink: /home/lee/workspace/ros2_ex_mav/install/px4_msgs/include/px4_msgs/px4_msgs/msg/detail/mavlink_tunnel__rosidl_typesupport_fastrtps_c.h\n'}
[0.423943] (px4_msgs) StdoutLine: {'line': b'-- Up-to-date symlink: /home/lee/workspace/ros2_ex_mav/install/px4_msgs/include/px4_msgs/px4_msgs/msg/detail/mission__rosidl_typesupport_fastrtps_c.h\n'}
[0.423962] (px4_msgs) StdoutLine: {'line': b'-- Up-to-date symlink: /home/lee/workspace/ros2_ex_mav/install/px4_msgs/include/px4_msgs/px4_msgs/msg/detail/mission_result__rosidl_typesupport_fastrtps_c.h\n'}
[0.423981] (px4_msgs) StdoutLine: {'line': b'-- Up-to-date symlink: /home/lee/workspace/ros2_ex_mav/install/px4_msgs/include/px4_msgs/px4_msgs/msg/detail/mode_completed__rosidl_typesupport_fastrtps_c.h\n'}
[0.424000] (px4_msgs) StdoutLine: {'line': b'-- Up-to-date symlink: /home/lee/workspace/ros2_ex_mav/install/px4_msgs/include/px4_msgs/px4_msgs/msg/detail/mount_orientation__rosidl_typesupport_fastrtps_c.h\n'}
[0.424019] (px4_msgs) StdoutLine: {'line': b'-- Up-to-date symlink: /home/lee/workspace/ros2_ex_mav/install/px4_msgs/include/px4_msgs/px4_msgs/msg/detail/navigator_mission_item__rosidl_typesupport_fastrtps_c.h\n'}
[0.424038] (px4_msgs) StdoutLine: {'line': b'-- Up-to-date symlink: /home/lee/workspace/ros2_ex_mav/install/px4_msgs/include/px4_msgs/px4_msgs/msg/detail/normalized_unsigned_setpoint__rosidl_typesupport_fastrtps_c.h\n'}
[0.424082] (px4_msgs) StdoutLine: {'line': b'-- Up-to-date symlink: /home/lee/workspace/ros2_ex_mav/install/px4_msgs/include/px4_msgs/px4_msgs/msg/detail/npfg_status__rosidl_typesupport_fastrtps_c.h\n'}
[0.424102] (px4_msgs) StdoutLine: {'line': b'-- Up-to-date symlink: /home/lee/workspace/ros2_ex_mav/install/px4_msgs/include/px4_msgs/px4_msgs/msg/detail/obstacle_distance__rosidl_typesupport_fastrtps_c.h\n'}
[0.424121] (px4_msgs) StdoutLine: {'line': b'-- Up-to-date symlink: /home/lee/workspace/ros2_ex_mav/install/px4_msgs/include/px4_msgs/px4_msgs/msg/detail/offboard_control_mode__rosidl_typesupport_fastrtps_c.h\n'}
[0.424140] (px4_msgs) StdoutLine: {'line': b'-- Up-to-date symlink: /home/lee/workspace/ros2_ex_mav/install/px4_msgs/include/px4_msgs/px4_msgs/msg/detail/onboard_computer_status__rosidl_typesupport_fastrtps_c.h\n'}
[0.424159] (px4_msgs) StdoutLine: {'line': b'-- Up-to-date symlink: /home/lee/workspace/ros2_ex_mav/install/px4_msgs/include/px4_msgs/px4_msgs/msg/detail/orb_test__rosidl_typesupport_fastrtps_c.h\n'}
[0.424177] (px4_msgs) StdoutLine: {'line': b'-- Up-to-date symlink: /home/lee/workspace/ros2_ex_mav/install/px4_msgs/include/px4_msgs/px4_msgs/msg/detail/orb_test_large__rosidl_typesupport_fastrtps_c.h\n'}
[0.424197] (px4_msgs) StdoutLine: {'line': b'-- Up-to-date symlink: /home/lee/workspace/ros2_ex_mav/install/px4_msgs/include/px4_msgs/px4_msgs/msg/detail/orb_test_medium__rosidl_typesupport_fastrtps_c.h\n'}
[0.424216] (px4_msgs) StdoutLine: {'line': b'-- Up-to-date symlink: /home/lee/workspace/ros2_ex_mav/install/px4_msgs/include/px4_msgs/px4_msgs/msg/detail/orbit_status__rosidl_typesupport_fastrtps_c.h\n'}
[0.424235] (px4_msgs) StdoutLine: {'line': b'-- Up-to-date symlink: /home/lee/workspace/ros2_ex_mav/install/px4_msgs/include/px4_msgs/px4_msgs/msg/detail/parameter_update__rosidl_typesupport_fastrtps_c.h\n'}
[0.424254] (px4_msgs) StdoutLine: {'line': b'-- Up-to-date symlink: /home/lee/workspace/ros2_ex_mav/install/px4_msgs/include/px4_msgs/px4_msgs/msg/detail/ping__rosidl_typesupport_fastrtps_c.h\n'}
[0.424270] (px4_msgs) StdoutLine: {'line': b'-- Up-to-date symlink: /home/lee/workspace/ros2_ex_mav/install/px4_msgs/include/px4_msgs/px4_msgs/msg/detail/position_controller_landing_status__rosidl_typesupport_fastrtps_c.h\n'}
[0.424287] (px4_msgs) StdoutLine: {'line': b'-- Up-to-date symlink: /home/lee/workspace/ros2_ex_mav/install/px4_msgs/include/px4_msgs/px4_msgs/msg/detail/position_controller_status__rosidl_typesupport_fastrtps_c.h\n'}
[0.424304] (px4_msgs) StdoutLine: {'line': b'-- Up-to-date symlink: /home/lee/workspace/ros2_ex_mav/install/px4_msgs/include/px4_msgs/px4_msgs/msg/detail/position_setpoint__rosidl_typesupport_fastrtps_c.h\n'}
[0.424327] (px4_msgs) StdoutLine: {'line': b'-- Up-to-date symlink: /home/lee/workspace/ros2_ex_mav/install/px4_msgs/include/px4_msgs/px4_msgs/msg/detail/position_setpoint_triplet__rosidl_typesupport_fastrtps_c.h\n'}
[0.424383] (px4_msgs) StdoutLine: {'line': b'-- Up-to-date symlink: /home/lee/workspace/ros2_ex_mav/install/px4_msgs/include/px4_msgs/px4_msgs/msg/detail/power_button_state__rosidl_typesupport_fastrtps_c.h\n'}
[0.424422] (px4_msgs) StdoutLine: {'line': b'-- Up-to-date symlink: /home/lee/workspace/ros2_ex_mav/install/px4_msgs/include/px4_msgs/px4_msgs/msg/detail/power_monitor__rosidl_typesupport_fastrtps_c.h\n'}
[0.424440] (px4_msgs) StdoutLine: {'line': b'-- Up-to-date symlink: /home/lee/workspace/ros2_ex_mav/install/px4_msgs/include/px4_msgs/px4_msgs/msg/detail/pps_capture__rosidl_typesupport_fastrtps_c.h\n'}
[0.424467] (px4_msgs) StdoutLine: {'line': b'-- Up-to-date symlink: /home/lee/workspace/ros2_ex_mav/install/px4_msgs/include/px4_msgs/px4_msgs/msg/detail/pwm_input__rosidl_typesupport_fastrtps_c.h\n'}
[0.424487] (px4_msgs) StdoutLine: {'line': b'-- Up-to-date symlink: /home/lee/workspace/ros2_ex_mav/install/px4_msgs/include/px4_msgs/px4_msgs/msg/detail/px4io_status__rosidl_typesupport_fastrtps_c.h\n'}
[0.424506] (px4_msgs) StdoutLine: {'line': b'-- Up-to-date symlink: /home/lee/workspace/ros2_ex_mav/install/px4_msgs/include/px4_msgs/px4_msgs/msg/detail/qshell_req__rosidl_typesupport_fastrtps_c.h\n'}
[0.424525] (px4_msgs) StdoutLine: {'line': b'-- Up-to-date symlink: /home/lee/workspace/ros2_ex_mav/install/px4_msgs/include/px4_msgs/px4_msgs/msg/detail/qshell_retval__rosidl_typesupport_fastrtps_c.h\n'}
[0.424544] (px4_msgs) StdoutLine: {'line': b'-- Up-to-date symlink: /home/lee/workspace/ros2_ex_mav/install/px4_msgs/include/px4_msgs/px4_msgs/msg/detail/radio_status__rosidl_typesupport_fastrtps_c.h\n'}
[0.424563] (px4_msgs) StdoutLine: {'line': b'-- Up-to-date symlink: /home/lee/workspace/ros2_ex_mav/install/px4_msgs/include/px4_msgs/px4_msgs/msg/detail/rate_ctrl_status__rosidl_typesupport_fastrtps_c.h\n'}
[0.424582] (px4_msgs) StdoutLine: {'line': b'-- Up-to-date symlink: /home/lee/workspace/ros2_ex_mav/install/px4_msgs/include/px4_msgs/px4_msgs/msg/detail/rc_channels__rosidl_typesupport_fastrtps_c.h\n'}
[0.424601] (px4_msgs) StdoutLine: {'line': b'-- Up-to-date symlink: /home/lee/workspace/ros2_ex_mav/install/px4_msgs/include/px4_msgs/px4_msgs/msg/detail/rc_parameter_map__rosidl_typesupport_fastrtps_c.h\n'}
[0.424620] (px4_msgs) StdoutLine: {'line': b'-- Up-to-date symlink: /home/lee/workspace/ros2_ex_mav/install/px4_msgs/include/px4_msgs/px4_msgs/msg/detail/rpm__rosidl_typesupport_fastrtps_c.h\n'}
[0.424661] (px4_msgs) StdoutLine: {'line': b'-- Up-to-date symlink: /home/lee/workspace/ros2_ex_mav/install/px4_msgs/include/px4_msgs/px4_msgs/msg/detail/rtl_time_estimate__rosidl_typesupport_fastrtps_c.h\n'}
[0.424679] (px4_msgs) StdoutLine: {'line': b'-- Up-to-date symlink: /home/lee/workspace/ros2_ex_mav/install/px4_msgs/include/px4_msgs/px4_msgs/msg/detail/satellite_info__rosidl_typesupport_fastrtps_c.h\n'}
[0.424697] (px4_msgs) StdoutLine: {'line': b'-- Up-to-date symlink: /home/lee/workspace/ros2_ex_mav/install/px4_msgs/include/px4_msgs/px4_msgs/msg/detail/sensor_accel__rosidl_typesupport_fastrtps_c.h\n'}
[0.424715] (px4_msgs) StdoutLine: {'line': b'-- Up-to-date symlink: /home/lee/workspace/ros2_ex_mav/install/px4_msgs/include/px4_msgs/px4_msgs/msg/detail/sensor_accel_fifo__rosidl_typesupport_fastrtps_c.h\n'}
[0.424733] (px4_msgs) StdoutLine: {'line': b'-- Up-to-date symlink: /home/lee/workspace/ros2_ex_mav/install/px4_msgs/include/px4_msgs/px4_msgs/msg/detail/sensor_baro__rosidl_typesupport_fastrtps_c.h\n'}
[0.424751] (px4_msgs) StdoutLine: {'line': b'-- Up-to-date symlink: /home/lee/workspace/ros2_ex_mav/install/px4_msgs/include/px4_msgs/px4_msgs/msg/detail/sensor_combined__rosidl_typesupport_fastrtps_c.h\n'}
[0.424770] (px4_msgs) StdoutLine: {'line': b'-- Up-to-date symlink: /home/lee/workspace/ros2_ex_mav/install/px4_msgs/include/px4_msgs/px4_msgs/msg/detail/sensor_correction__rosidl_typesupport_fastrtps_c.h\n'}
[0.424790] (px4_msgs) StdoutLine: {'line': b'-- Up-to-date symlink: /home/lee/workspace/ros2_ex_mav/install/px4_msgs/include/px4_msgs/px4_msgs/msg/detail/sensor_gnss_relative__rosidl_typesupport_fastrtps_c.h\n'}
[0.424808] (px4_msgs) StdoutLine: {'line': b'-- Up-to-date symlink: /home/lee/workspace/ros2_ex_mav/install/px4_msgs/include/px4_msgs/px4_msgs/msg/detail/sensor_gps__rosidl_typesupport_fastrtps_c.h\n'}
[0.424827] (px4_msgs) StdoutLine: {'line': b'-- Up-to-date symlink: /home/lee/workspace/ros2_ex_mav/install/px4_msgs/include/px4_msgs/px4_msgs/msg/detail/sensor_gyro__rosidl_typesupport_fastrtps_c.h\n'}
[0.424845] (px4_msgs) StdoutLine: {'line': b'-- Up-to-date symlink: /home/lee/workspace/ros2_ex_mav/install/px4_msgs/include/px4_msgs/px4_msgs/msg/detail/sensor_gyro_fft__rosidl_typesupport_fastrtps_c.h\n'}
[0.424863] (px4_msgs) StdoutLine: {'line': b'-- Up-to-date symlink: /home/lee/workspace/ros2_ex_mav/install/px4_msgs/include/px4_msgs/px4_msgs/msg/detail/sensor_gyro_fifo__rosidl_typesupport_fastrtps_c.h\n'}
[0.424881] (px4_msgs) StdoutLine: {'line': b'-- Up-to-date symlink: /home/lee/workspace/ros2_ex_mav/install/px4_msgs/include/px4_msgs/px4_msgs/msg/detail/sensor_hygrometer__rosidl_typesupport_fastrtps_c.h\n'}
[0.424900] (px4_msgs) StdoutLine: {'line': b'-- Up-to-date symlink: /home/lee/workspace/ros2_ex_mav/install/px4_msgs/include/px4_msgs/px4_msgs/msg/detail/sensor_mag__rosidl_typesupport_fastrtps_c.h\n'}
[0.424937] (px4_msgs) StdoutLine: {'line': b'-- Up-to-date symlink: /home/lee/workspace/ros2_ex_mav/install/px4_msgs/include/px4_msgs/px4_msgs/msg/detail/sensor_optical_flow__rosidl_typesupport_fastrtps_c.h\n'}
[0.424955] (px4_msgs) StdoutLine: {'line': b'-- Up-to-date symlink: /home/lee/workspace/ros2_ex_mav/install/px4_msgs/include/px4_msgs/px4_msgs/msg/detail/sensor_preflight_mag__rosidl_typesupport_fastrtps_c.h\n'}
[0.424975] (px4_msgs) StdoutLine: {'line': b'-- Up-to-date symlink: /home/lee/workspace/ros2_ex_mav/install/px4_msgs/include/px4_msgs/px4_msgs/msg/detail/sensor_selection__rosidl_typesupport_fastrtps_c.h\n'}
[0.425012] (px4_msgs) StdoutLine: {'line': b'-- Up-to-date symlink: /home/lee/workspace/ros2_ex_mav/install/px4_msgs/include/px4_msgs/px4_msgs/msg/detail/sensor_uwb__rosidl_typesupport_fastrtps_c.h\n'}
[0.425029] (px4_msgs) StdoutLine: {'line': b'-- Up-to-date symlink: /home/lee/workspace/ros2_ex_mav/install/px4_msgs/include/px4_msgs/px4_msgs/msg/detail/sensors_status__rosidl_typesupport_fastrtps_c.h\n'}
[0.425055] (px4_msgs) StdoutLine: {'line': b'-- Up-to-date symlink: /home/lee/workspace/ros2_ex_mav/install/px4_msgs/include/px4_msgs/px4_msgs/msg/detail/sensors_status_imu__rosidl_typesupport_fastrtps_c.h\n'}
[0.425080] (px4_msgs) StdoutLine: {'line': b'-- Up-to-date symlink: /home/lee/workspace/ros2_ex_mav/install/px4_msgs/include/px4_msgs/px4_msgs/msg/detail/system_power__rosidl_typesupport_fastrtps_c.h\n'}
[0.425098] (px4_msgs) StdoutLine: {'line': b'-- Up-to-date symlink: /home/lee/workspace/ros2_ex_mav/install/px4_msgs/include/px4_msgs/px4_msgs/msg/detail/takeoff_status__rosidl_typesupport_fastrtps_c.h\n'}
[0.425117] (px4_msgs) StdoutLine: {'line': b'-- Up-to-date symlink: /home/lee/workspace/ros2_ex_mav/install/px4_msgs/include/px4_msgs/px4_msgs/msg/detail/task_stack_info__rosidl_typesupport_fastrtps_c.h\n'}
[0.425136] (px4_msgs) StdoutLine: {'line': b'-- Up-to-date symlink: /home/lee/workspace/ros2_ex_mav/install/px4_msgs/include/px4_msgs/px4_msgs/msg/detail/tecs_status__rosidl_typesupport_fastrtps_c.h\n'}
[0.425154] (px4_msgs) StdoutLine: {'line': b'-- Up-to-date symlink: /home/lee/workspace/ros2_ex_mav/install/px4_msgs/include/px4_msgs/px4_msgs/msg/detail/telemetry_status__rosidl_typesupport_fastrtps_c.h\n'}
[0.425172] (px4_msgs) StdoutLine: {'line': b'-- Up-to-date symlink: /home/lee/workspace/ros2_ex_mav/install/px4_msgs/include/px4_msgs/px4_msgs/msg/detail/tiltrotor_extra_controls__rosidl_typesupport_fastrtps_c.h\n'}
[0.425190] (px4_msgs) StdoutLine: {'line': b'-- Up-to-date symlink: /home/lee/workspace/ros2_ex_mav/install/px4_msgs/include/px4_msgs/px4_msgs/msg/detail/timesync_status__rosidl_typesupport_fastrtps_c.h\n'}
[0.425209] (px4_msgs) StdoutLine: {'line': b'-- Up-to-date symlink: /home/lee/workspace/ros2_ex_mav/install/px4_msgs/include/px4_msgs/px4_msgs/msg/detail/trajectory_bezier__rosidl_typesupport_fastrtps_c.h\n'}
[0.425227] (px4_msgs) StdoutLine: {'line': b'-- Up-to-date symlink: /home/lee/workspace/ros2_ex_mav/install/px4_msgs/include/px4_msgs/px4_msgs/msg/detail/trajectory_setpoint__rosidl_typesupport_fastrtps_c.h\n'}
[0.425245] (px4_msgs) StdoutLine: {'line': b'-- Up-to-date symlink: /home/lee/workspace/ros2_ex_mav/install/px4_msgs/include/px4_msgs/px4_msgs/msg/detail/trajectory_waypoint__rosidl_typesupport_fastrtps_c.h\n'}
[0.425265] (px4_msgs) StdoutLine: {'line': b'-- Up-to-date symlink: /home/lee/workspace/ros2_ex_mav/install/px4_msgs/include/px4_msgs/px4_msgs/msg/detail/transponder_report__rosidl_typesupport_fastrtps_c.h\n'}
[0.425283] (px4_msgs) StdoutLine: {'line': b'-- Up-to-date symlink: /home/lee/workspace/ros2_ex_mav/install/px4_msgs/include/px4_msgs/px4_msgs/msg/detail/tune_control__rosidl_typesupport_fastrtps_c.h\n'}
[0.425302] (px4_msgs) StdoutLine: {'line': b'-- Up-to-date symlink: /home/lee/workspace/ros2_ex_mav/install/px4_msgs/include/px4_msgs/px4_msgs/msg/detail/uavcan_parameter_request__rosidl_typesupport_fastrtps_c.h\n'}
[0.425323] (px4_msgs) StdoutLine: {'line': b'-- Up-to-date symlink: /home/lee/workspace/ros2_ex_mav/install/px4_msgs/include/px4_msgs/px4_msgs/msg/detail/uavcan_parameter_value__rosidl_typesupport_fastrtps_c.h\n'}
[0.425341] (px4_msgs) StdoutLine: {'line': b'-- Up-to-date symlink: /home/lee/workspace/ros2_ex_mav/install/px4_msgs/include/px4_msgs/px4_msgs/msg/detail/ulog_stream__rosidl_typesupport_fastrtps_c.h\n'}
[0.425360] (px4_msgs) StdoutLine: {'line': b'-- Up-to-date symlink: /home/lee/workspace/ros2_ex_mav/install/px4_msgs/include/px4_msgs/px4_msgs/msg/detail/ulog_stream_ack__rosidl_typesupport_fastrtps_c.h\n'}
[0.425378] (px4_msgs) StdoutLine: {'line': b'-- Up-to-date symlink: /home/lee/workspace/ros2_ex_mav/install/px4_msgs/include/px4_msgs/px4_msgs/msg/detail/vehicle_acceleration__rosidl_typesupport_fastrtps_c.h\n'}
[0.425396] (px4_msgs) StdoutLine: {'line': b'-- Up-to-date symlink: /home/lee/workspace/ros2_ex_mav/install/px4_msgs/include/px4_msgs/px4_msgs/msg/detail/vehicle_air_data__rosidl_typesupport_fastrtps_c.h\n'}
[0.425421] (px4_msgs) StdoutLine: {'line': b'-- Up-to-date symlink: /home/lee/workspace/ros2_ex_mav/install/px4_msgs/include/px4_msgs/px4_msgs/msg/detail/vehicle_angular_acceleration_setpoint__rosidl_typesupport_fastrtps_c.h\n'}
[0.425452] (px4_msgs) StdoutLine: {'line': b'-- Up-to-date symlink: /home/lee/workspace/ros2_ex_mav/install/px4_msgs/include/px4_msgs/px4_msgs/msg/detail/vehicle_angular_velocity__rosidl_typesupport_fastrtps_c.h\n'}
[0.425469] (px4_msgs) StdoutLine: {'line': b'-- Up-to-date symlink: /home/lee/workspace/ros2_ex_mav/install/px4_msgs/include/px4_msgs/px4_msgs/msg/detail/vehicle_attitude__rosidl_typesupport_fastrtps_c.h\n'}
[0.425487] (px4_msgs) StdoutLine: {'line': b'-- Up-to-date symlink: /home/lee/workspace/ros2_ex_mav/install/px4_msgs/include/px4_msgs/px4_msgs/msg/detail/vehicle_attitude_setpoint__rosidl_typesupport_fastrtps_c.h\n'}
[0.425506] (px4_msgs) StdoutLine: {'line': b'-- Up-to-date symlink: /home/lee/workspace/ros2_ex_mav/install/px4_msgs/include/px4_msgs/px4_msgs/msg/detail/vehicle_command__rosidl_typesupport_fastrtps_c.h\n'}
[0.425524] (px4_msgs) StdoutLine: {'line': b'-- Up-to-date symlink: /home/lee/workspace/ros2_ex_mav/install/px4_msgs/include/px4_msgs/px4_msgs/msg/detail/vehicle_command_ack__rosidl_typesupport_fastrtps_c.h\n'}
[0.425542] (px4_msgs) StdoutLine: {'line': b'-- Up-to-date symlink: /home/lee/workspace/ros2_ex_mav/install/px4_msgs/include/px4_msgs/px4_msgs/msg/detail/vehicle_constraints__rosidl_typesupport_fastrtps_c.h\n'}
[0.425558] (px4_msgs) StdoutLine: {'line': b'-- Up-to-date symlink: /home/lee/workspace/ros2_ex_mav/install/px4_msgs/include/px4_msgs/px4_msgs/msg/detail/vehicle_control_mode__rosidl_typesupport_fastrtps_c.h\n'}
[0.425575] (px4_msgs) StdoutLine: {'line': b'-- Up-to-date symlink: /home/lee/workspace/ros2_ex_mav/install/px4_msgs/include/px4_msgs/px4_msgs/msg/detail/vehicle_global_position__rosidl_typesupport_fastrtps_c.h\n'}
[0.425592] (px4_msgs) StdoutLine: {'line': b'-- Up-to-date symlink: /home/lee/workspace/ros2_ex_mav/install/px4_msgs/include/px4_msgs/px4_msgs/msg/detail/vehicle_imu__rosidl_typesupport_fastrtps_c.h\n'}
[0.425610] (px4_msgs) StdoutLine: {'line': b'-- Up-to-date symlink: /home/lee/workspace/ros2_ex_mav/install/px4_msgs/include/px4_msgs/px4_msgs/msg/detail/vehicle_imu_status__rosidl_typesupport_fastrtps_c.h\n'}
[0.425627] (px4_msgs) StdoutLine: {'line': b'-- Up-to-date symlink: /home/lee/workspace/ros2_ex_mav/install/px4_msgs/include/px4_msgs/px4_msgs/msg/detail/vehicle_land_detected__rosidl_typesupport_fastrtps_c.h\n'}
[0.425644] (px4_msgs) StdoutLine: {'line': b'-- Up-to-date symlink: /home/lee/workspace/ros2_ex_mav/install/px4_msgs/include/px4_msgs/px4_msgs/msg/detail/vehicle_local_position__rosidl_typesupport_fastrtps_c.h\n'}
[0.425662] (px4_msgs) StdoutLine: {'line': b'-- Up-to-date symlink: /home/lee/workspace/ros2_ex_mav/install/px4_msgs/include/px4_msgs/px4_msgs/msg/detail/vehicle_local_position_setpoint__rosidl_typesupport_fastrtps_c.h\n'}
[0.425679] (px4_msgs) StdoutLine: {'line': b'-- Up-to-date symlink: /home/lee/workspace/ros2_ex_mav/install/px4_msgs/include/px4_msgs/px4_msgs/msg/detail/vehicle_magnetometer__rosidl_typesupport_fastrtps_c.h\n'}
[0.425696] (px4_msgs) StdoutLine: {'line': b'-- Up-to-date symlink: /home/lee/workspace/ros2_ex_mav/install/px4_msgs/include/px4_msgs/px4_msgs/msg/detail/vehicle_odometry__rosidl_typesupport_fastrtps_c.h\n'}
[0.425713] (px4_msgs) StdoutLine: {'line': b'-- Up-to-date symlink: /home/lee/workspace/ros2_ex_mav/install/px4_msgs/include/px4_msgs/px4_msgs/msg/detail/vehicle_optical_flow__rosidl_typesupport_fastrtps_c.h\n'}
[0.425729] (px4_msgs) StdoutLine: {'line': b'-- Up-to-date symlink: /home/lee/workspace/ros2_ex_mav/install/px4_msgs/include/px4_msgs/px4_msgs/msg/detail/vehicle_optical_flow_vel__rosidl_typesupport_fastrtps_c.h\n'}
[0.425747] (px4_msgs) StdoutLine: {'line': b'-- Up-to-date symlink: /home/lee/workspace/ros2_ex_mav/install/px4_msgs/include/px4_msgs/px4_msgs/msg/detail/vehicle_rates_setpoint__rosidl_typesupport_fastrtps_c.h\n'}
[0.425764] (px4_msgs) StdoutLine: {'line': b'-- Up-to-date symlink: /home/lee/workspace/ros2_ex_mav/install/px4_msgs/include/px4_msgs/px4_msgs/msg/detail/vehicle_roi__rosidl_typesupport_fastrtps_c.h\n'}
[0.425783] (px4_msgs) StdoutLine: {'line': b'-- Up-to-date symlink: /home/lee/workspace/ros2_ex_mav/install/px4_msgs/include/px4_msgs/px4_msgs/msg/detail/vehicle_status__rosidl_typesupport_fastrtps_c.h\n'}
[0.425800] (px4_msgs) StdoutLine: {'line': b'-- Up-to-date symlink: /home/lee/workspace/ros2_ex_mav/install/px4_msgs/include/px4_msgs/px4_msgs/msg/detail/vehicle_thrust_setpoint__rosidl_typesupport_fastrtps_c.h\n'}
[0.425817] (px4_msgs) StdoutLine: {'line': b'-- Up-to-date symlink: /home/lee/workspace/ros2_ex_mav/install/px4_msgs/include/px4_msgs/px4_msgs/msg/detail/vehicle_torque_setpoint__rosidl_typesupport_fastrtps_c.h\n'}
[0.425834] (px4_msgs) StdoutLine: {'line': b'-- Up-to-date symlink: /home/lee/workspace/ros2_ex_mav/install/px4_msgs/include/px4_msgs/px4_msgs/msg/detail/vehicle_trajectory_bezier__rosidl_typesupport_fastrtps_c.h\n'}
[0.425852] (px4_msgs) StdoutLine: {'line': b'-- Up-to-date symlink: /home/lee/workspace/ros2_ex_mav/install/px4_msgs/include/px4_msgs/px4_msgs/msg/detail/vehicle_trajectory_waypoint__rosidl_typesupport_fastrtps_c.h\n'}
[0.425869] (px4_msgs) StdoutLine: {'line': b'-- Up-to-date symlink: /home/lee/workspace/ros2_ex_mav/install/px4_msgs/include/px4_msgs/px4_msgs/msg/detail/vtol_vehicle_status__rosidl_typesupport_fastrtps_c.h\n'}
[0.425886] (px4_msgs) StdoutLine: {'line': b'-- Up-to-date symlink: /home/lee/workspace/ros2_ex_mav/install/px4_msgs/include/px4_msgs/px4_msgs/msg/detail/wind__rosidl_typesupport_fastrtps_c.h\n'}
[0.425903] (px4_msgs) StdoutLine: {'line': b'-- Up-to-date symlink: /home/lee/workspace/ros2_ex_mav/install/px4_msgs/include/px4_msgs/px4_msgs/msg/detail/yaw_estimator_status__rosidl_typesupport_fastrtps_c.h\n'}
[0.425919] (px4_msgs) StdoutLine: {'line': b'-- Up-to-date symlink: /home/lee/workspace/ros2_ex_mav/install/px4_msgs/include/px4_msgs/px4_msgs/msg/rosidl_typesupport_fastrtps_c__visibility_control.h\n'}
[0.428330] (px4_msgs) StdoutLine: {'line': b'-- Up-to-date symlink: /home/lee/workspace/ros2_ex_mav/install/px4_msgs/include/px4_msgs/px4_msgs/msg/action_request.hpp\n'}
[0.428394] (px4_msgs) StdoutLine: {'line': b'-- Up-to-date symlink: /home/lee/workspace/ros2_ex_mav/install/px4_msgs/include/px4_msgs/px4_msgs/msg/actuator_armed.hpp\n'}
[0.428427] (px4_msgs) StdoutLine: {'line': b'-- Up-to-date symlink: /home/lee/workspace/ros2_ex_mav/install/px4_msgs/include/px4_msgs/px4_msgs/msg/actuator_controls_status.hpp\n'}
[0.428450] (px4_msgs) StdoutLine: {'line': b'-- Up-to-date symlink: /home/lee/workspace/ros2_ex_mav/install/px4_msgs/include/px4_msgs/px4_msgs/msg/actuator_motors.hpp\n'}
[0.428482] (px4_msgs) StdoutLine: {'line': b'-- Up-to-date symlink: /home/lee/workspace/ros2_ex_mav/install/px4_msgs/include/px4_msgs/px4_msgs/msg/actuator_outputs.hpp\n'}
[0.428503] (px4_msgs) StdoutLine: {'line': b'-- Up-to-date symlink: /home/lee/workspace/ros2_ex_mav/install/px4_msgs/include/px4_msgs/px4_msgs/msg/actuator_servos.hpp\n'}
[0.428534] (px4_msgs) StdoutLine: {'line': b'-- Up-to-date symlink: /home/lee/workspace/ros2_ex_mav/install/px4_msgs/include/px4_msgs/px4_msgs/msg/actuator_servos_trim.hpp\n'}
[0.428554] (px4_msgs) StdoutLine: {'line': b'-- Up-to-date symlink: /home/lee/workspace/ros2_ex_mav/install/px4_msgs/include/px4_msgs/px4_msgs/msg/actuator_test.hpp\n'}
[0.428583] (px4_msgs) StdoutLine: {'line': b'-- Up-to-date symlink: /home/lee/workspace/ros2_ex_mav/install/px4_msgs/include/px4_msgs/px4_msgs/msg/adc_report.hpp\n'}
[0.428612] (px4_msgs) StdoutLine: {'line': b'-- Up-to-date symlink: /home/lee/workspace/ros2_ex_mav/install/px4_msgs/include/px4_msgs/px4_msgs/msg/airspeed.hpp\n'}
[0.428641] (px4_msgs) StdoutLine: {'line': b'-- Up-to-date symlink: /home/lee/workspace/ros2_ex_mav/install/px4_msgs/include/px4_msgs/px4_msgs/msg/airspeed_validated.hpp\n'}
[0.428670] (px4_msgs) StdoutLine: {'line': b'-- Up-to-date symlink: /home/lee/workspace/ros2_ex_mav/install/px4_msgs/include/px4_msgs/px4_msgs/msg/airspeed_wind.hpp\n'}
[0.428695] (px4_msgs) StdoutLine: {'line': b'-- Up-to-date symlink: /home/lee/workspace/ros2_ex_mav/install/px4_msgs/include/px4_msgs/px4_msgs/msg/autotune_attitude_control_status.hpp\n'}
[0.428721] (px4_msgs) StdoutLine: {'line': b'-- Up-to-date symlink: /home/lee/workspace/ros2_ex_mav/install/px4_msgs/include/px4_msgs/px4_msgs/msg/battery_status.hpp\n'}
[0.428748] (px4_msgs) StdoutLine: {'line': b'-- Up-to-date symlink: /home/lee/workspace/ros2_ex_mav/install/px4_msgs/include/px4_msgs/px4_msgs/msg/button_event.hpp\n'}
[0.428778] (px4_msgs) StdoutLine: {'line': b'-- Up-to-date symlink: /home/lee/workspace/ros2_ex_mav/install/px4_msgs/include/px4_msgs/px4_msgs/msg/camera_capture.hpp\n'}
[0.428809] (px4_msgs) StdoutLine: {'line': b'-- Up-to-date symlink: /home/lee/workspace/ros2_ex_mav/install/px4_msgs/include/px4_msgs/px4_msgs/msg/camera_status.hpp\n'}
[0.428839] (px4_msgs) StdoutLine: {'line': b'-- Up-to-date symlink: /home/lee/workspace/ros2_ex_mav/install/px4_msgs/include/px4_msgs/px4_msgs/msg/camera_trigger.hpp\n'}
[0.428869] (px4_msgs) StdoutLine: {'line': b'-- Up-to-date symlink: /home/lee/workspace/ros2_ex_mav/install/px4_msgs/include/px4_msgs/px4_msgs/msg/cellular_status.hpp\n'}
[0.428900] (px4_msgs) StdoutLine: {'line': b'-- Up-to-date symlink: /home/lee/workspace/ros2_ex_mav/install/px4_msgs/include/px4_msgs/px4_msgs/msg/collision_constraints.hpp\n'}
[0.428935] (px4_msgs) StdoutLine: {'line': b'-- Up-to-date symlink: /home/lee/workspace/ros2_ex_mav/install/px4_msgs/include/px4_msgs/px4_msgs/msg/collision_report.hpp\n'}
[0.428966] (px4_msgs) StdoutLine: {'line': b'-- Up-to-date symlink: /home/lee/workspace/ros2_ex_mav/install/px4_msgs/include/px4_msgs/px4_msgs/msg/control_allocator_status.hpp\n'}
[0.429049] (px4_msgs) StdoutLine: {'line': b'-- Up-to-date symlink: /home/lee/workspace/ros2_ex_mav/install/px4_msgs/include/px4_msgs/px4_msgs/msg/cpuload.hpp\n'}
[0.429072] (px4_msgs) StdoutLine: {'line': b'-- Up-to-date symlink: /home/lee/workspace/ros2_ex_mav/install/px4_msgs/include/px4_msgs/px4_msgs/msg/debug_array.hpp\n'}
[0.429125] (px4_msgs) StdoutLine: {'line': b'-- Up-to-date symlink: /home/lee/workspace/ros2_ex_mav/install/px4_msgs/include/px4_msgs/px4_msgs/msg/debug_key_value.hpp\n'}
[0.429147] (px4_msgs) StdoutLine: {'line': b'-- Up-to-date symlink: /home/lee/workspace/ros2_ex_mav/install/px4_msgs/include/px4_msgs/px4_msgs/msg/debug_value.hpp\n'}
[0.429166] (px4_msgs) StdoutLine: {'line': b'-- Up-to-date symlink: /home/lee/workspace/ros2_ex_mav/install/px4_msgs/include/px4_msgs/px4_msgs/msg/debug_vect.hpp\n'}
[0.429203] (px4_msgs) StdoutLine: {'line': b'-- Up-to-date symlink: /home/lee/workspace/ros2_ex_mav/install/px4_msgs/include/px4_msgs/px4_msgs/msg/detail/action_request__builder.hpp\n'}
[0.429223] (px4_msgs) StdoutLine: {'line': b'-- Up-to-date symlink: /home/lee/workspace/ros2_ex_mav/install/px4_msgs/include/px4_msgs/px4_msgs/msg/detail/action_request__struct.hpp\n'}
[0.429287] (px4_msgs) StdoutLine: {'line': b'-- Up-to-date symlink: /home/lee/workspace/ros2_ex_mav/install/px4_msgs/include/px4_msgs/px4_msgs/msg/detail/action_request__traits.hpp\n'}
[0.429308] (px4_msgs) StdoutLine: {'line': b'-- Up-to-date symlink: /home/lee/workspace/ros2_ex_mav/install/px4_msgs/include/px4_msgs/px4_msgs/msg/detail/action_request__type_support.hpp\n'}
[0.429331] (px4_msgs) StdoutLine: {'line': b'-- Up-to-date symlink: /home/lee/workspace/ros2_ex_mav/install/px4_msgs/include/px4_msgs/px4_msgs/msg/detail/actuator_armed__builder.hpp\n'}
[0.429360] (px4_msgs) StdoutLine: {'line': b'-- Up-to-date symlink: /home/lee/workspace/ros2_ex_mav/install/px4_msgs/include/px4_msgs/px4_msgs/msg/detail/actuator_armed__struct.hpp\n'}
[0.429393] (px4_msgs) StdoutLine: {'line': b'-- Up-to-date symlink: /home/lee/workspace/ros2_ex_mav/install/px4_msgs/include/px4_msgs/px4_msgs/msg/detail/actuator_armed__traits.hpp\n'}
[0.429411] (px4_msgs) StdoutLine: {'line': b'-- Up-to-date symlink: /home/lee/workspace/ros2_ex_mav/install/px4_msgs/include/px4_msgs/px4_msgs/msg/detail/actuator_armed__type_support.hpp\n'}
[0.429439] (px4_msgs) StdoutLine: {'line': b'-- Up-to-date symlink: /home/lee/workspace/ros2_ex_mav/install/px4_msgs/include/px4_msgs/px4_msgs/msg/detail/actuator_controls_status__builder.hpp\n'}
[0.429470] (px4_msgs) StdoutLine: {'line': b'-- Up-to-date symlink: /home/lee/workspace/ros2_ex_mav/install/px4_msgs/include/px4_msgs/px4_msgs/msg/detail/actuator_controls_status__struct.hpp\n'}
[0.429498] (px4_msgs) StdoutLine: {'line': b'-- Up-to-date symlink: /home/lee/workspace/ros2_ex_mav/install/px4_msgs/include/px4_msgs/px4_msgs/msg/detail/actuator_controls_status__traits.hpp\n'}
[0.429526] (px4_msgs) StdoutLine: {'line': b'-- Up-to-date symlink: /home/lee/workspace/ros2_ex_mav/install/px4_msgs/include/px4_msgs/px4_msgs/msg/detail/actuator_controls_status__type_support.hpp\n'}
[0.429554] (px4_msgs) StdoutLine: {'line': b'-- Up-to-date symlink: /home/lee/workspace/ros2_ex_mav/install/px4_msgs/include/px4_msgs/px4_msgs/msg/detail/actuator_motors__builder.hpp\n'}
[0.429587] (px4_msgs) StdoutLine: {'line': b'-- Up-to-date symlink: /home/lee/workspace/ros2_ex_mav/install/px4_msgs/include/px4_msgs/px4_msgs/msg/detail/actuator_motors__struct.hpp\n'}
[0.429619] (px4_msgs) StdoutLine: {'line': b'-- Up-to-date symlink: /home/lee/workspace/ros2_ex_mav/install/px4_msgs/include/px4_msgs/px4_msgs/msg/detail/actuator_motors__traits.hpp\n'}
[0.429652] (px4_msgs) StdoutLine: {'line': b'-- Up-to-date symlink: /home/lee/workspace/ros2_ex_mav/install/px4_msgs/include/px4_msgs/px4_msgs/msg/detail/actuator_motors__type_support.hpp\n'}
[0.429685] (px4_msgs) StdoutLine: {'line': b'-- Up-to-date symlink: /home/lee/workspace/ros2_ex_mav/install/px4_msgs/include/px4_msgs/px4_msgs/msg/detail/actuator_outputs__builder.hpp\n'}
[0.429717] (px4_msgs) StdoutLine: {'line': b'-- Up-to-date symlink: /home/lee/workspace/ros2_ex_mav/install/px4_msgs/include/px4_msgs/px4_msgs/msg/detail/actuator_outputs__struct.hpp\n'}
[0.429749] (px4_msgs) StdoutLine: {'line': b'-- Up-to-date symlink: /home/lee/workspace/ros2_ex_mav/install/px4_msgs/include/px4_msgs/px4_msgs/msg/detail/actuator_outputs__traits.hpp\n'}
[0.429782] (px4_msgs) StdoutLine: {'line': b'-- Up-to-date symlink: /home/lee/workspace/ros2_ex_mav/install/px4_msgs/include/px4_msgs/px4_msgs/msg/detail/actuator_outputs__type_support.hpp\n'}
[0.429816] (px4_msgs) StdoutLine: {'line': b'-- Up-to-date symlink: /home/lee/workspace/ros2_ex_mav/install/px4_msgs/include/px4_msgs/px4_msgs/msg/detail/actuator_servos__builder.hpp\n'}
[0.429848] (px4_msgs) StdoutLine: {'line': b'-- Up-to-date symlink: /home/lee/workspace/ros2_ex_mav/install/px4_msgs/include/px4_msgs/px4_msgs/msg/detail/actuator_servos__struct.hpp\n'}
[0.429882] (px4_msgs) StdoutLine: {'line': b'-- Up-to-date symlink: /home/lee/workspace/ros2_ex_mav/install/px4_msgs/include/px4_msgs/px4_msgs/msg/detail/actuator_servos__traits.hpp\n'}
[0.429915] (px4_msgs) StdoutLine: {'line': b'-- Up-to-date symlink: /home/lee/workspace/ros2_ex_mav/install/px4_msgs/include/px4_msgs/px4_msgs/msg/detail/actuator_servos__type_support.hpp\n'}
[0.429947] (px4_msgs) StdoutLine: {'line': b'-- Up-to-date symlink: /home/lee/workspace/ros2_ex_mav/install/px4_msgs/include/px4_msgs/px4_msgs/msg/detail/actuator_servos_trim__builder.hpp\n'}
[0.429980] (px4_msgs) StdoutLine: {'line': b'-- Up-to-date symlink: /home/lee/workspace/ros2_ex_mav/install/px4_msgs/include/px4_msgs/px4_msgs/msg/detail/actuator_servos_trim__struct.hpp\n'}
[0.430013] (px4_msgs) StdoutLine: {'line': b'-- Up-to-date symlink: /home/lee/workspace/ros2_ex_mav/install/px4_msgs/include/px4_msgs/px4_msgs/msg/detail/actuator_servos_trim__traits.hpp\n'}
[0.430046] (px4_msgs) StdoutLine: {'line': b'-- Up-to-date symlink: /home/lee/workspace/ros2_ex_mav/install/px4_msgs/include/px4_msgs/px4_msgs/msg/detail/actuator_servos_trim__type_support.hpp\n'}
[0.430080] (px4_msgs) StdoutLine: {'line': b'-- Up-to-date symlink: /home/lee/workspace/ros2_ex_mav/install/px4_msgs/include/px4_msgs/px4_msgs/msg/detail/actuator_test__builder.hpp\n'}
[0.430114] (px4_msgs) StdoutLine: {'line': b'-- Up-to-date symlink: /home/lee/workspace/ros2_ex_mav/install/px4_msgs/include/px4_msgs/px4_msgs/msg/detail/actuator_test__struct.hpp\n'}
[0.430146] (px4_msgs) StdoutLine: {'line': b'-- Up-to-date symlink: /home/lee/workspace/ros2_ex_mav/install/px4_msgs/include/px4_msgs/px4_msgs/msg/detail/actuator_test__traits.hpp\n'}
[0.430179] (px4_msgs) StdoutLine: {'line': b'-- Up-to-date symlink: /home/lee/workspace/ros2_ex_mav/install/px4_msgs/include/px4_msgs/px4_msgs/msg/detail/actuator_test__type_support.hpp\n'}
[0.430215] (px4_msgs) StdoutLine: {'line': b'-- Up-to-date symlink: /home/lee/workspace/ros2_ex_mav/install/px4_msgs/include/px4_msgs/px4_msgs/msg/detail/adc_report__builder.hpp\n'}
[0.430253] (px4_msgs) StdoutLine: {'line': b'-- Up-to-date symlink: /home/lee/workspace/ros2_ex_mav/install/px4_msgs/include/px4_msgs/px4_msgs/msg/detail/adc_report__struct.hpp\n'}
[0.430285] (px4_msgs) StdoutLine: {'line': b'-- Up-to-date symlink: /home/lee/workspace/ros2_ex_mav/install/px4_msgs/include/px4_msgs/px4_msgs/msg/detail/adc_report__traits.hpp\n'}
[0.430317] (px4_msgs) StdoutLine: {'line': b'-- Up-to-date symlink: /home/lee/workspace/ros2_ex_mav/install/px4_msgs/include/px4_msgs/px4_msgs/msg/detail/adc_report__type_support.hpp\n'}
[0.430349] (px4_msgs) StdoutLine: {'line': b'-- Up-to-date symlink: /home/lee/workspace/ros2_ex_mav/install/px4_msgs/include/px4_msgs/px4_msgs/msg/detail/airspeed__builder.hpp\n'}
[0.430378] (px4_msgs) StdoutLine: {'line': b'-- Up-to-date symlink: /home/lee/workspace/ros2_ex_mav/install/px4_msgs/include/px4_msgs/px4_msgs/msg/detail/airspeed__struct.hpp\n'}
[0.430409] (px4_msgs) StdoutLine: {'line': b'-- Up-to-date symlink: /home/lee/workspace/ros2_ex_mav/install/px4_msgs/include/px4_msgs/px4_msgs/msg/detail/airspeed__traits.hpp\n'}
[0.430441] (px4_msgs) StdoutLine: {'line': b'-- Up-to-date symlink: /home/lee/workspace/ros2_ex_mav/install/px4_msgs/include/px4_msgs/px4_msgs/msg/detail/airspeed__type_support.hpp\n'}
[0.430474] (px4_msgs) StdoutLine: {'line': b'-- Up-to-date symlink: /home/lee/workspace/ros2_ex_mav/install/px4_msgs/include/px4_msgs/px4_msgs/msg/detail/airspeed_validated__builder.hpp\n'}
[0.430506] (px4_msgs) StdoutLine: {'line': b'-- Up-to-date symlink: /home/lee/workspace/ros2_ex_mav/install/px4_msgs/include/px4_msgs/px4_msgs/msg/detail/airspeed_validated__struct.hpp\n'}
[0.430538] (px4_msgs) StdoutLine: {'line': b'-- Up-to-date symlink: /home/lee/workspace/ros2_ex_mav/install/px4_msgs/include/px4_msgs/px4_msgs/msg/detail/airspeed_validated__traits.hpp\n'}
[0.430573] (px4_msgs) StdoutLine: {'line': b'-- Up-to-date symlink: /home/lee/workspace/ros2_ex_mav/install/px4_msgs/include/px4_msgs/px4_msgs/msg/detail/airspeed_validated__type_support.hpp\n'}
[0.430605] (px4_msgs) StdoutLine: {'line': b'-- Up-to-date symlink: /home/lee/workspace/ros2_ex_mav/install/px4_msgs/include/px4_msgs/px4_msgs/msg/detail/airspeed_wind__builder.hpp\n'}
[0.430637] (px4_msgs) StdoutLine: {'line': b'-- Up-to-date symlink: /home/lee/workspace/ros2_ex_mav/install/px4_msgs/include/px4_msgs/px4_msgs/msg/detail/airspeed_wind__struct.hpp\n'}
[0.430669] (px4_msgs) StdoutLine: {'line': b'-- Up-to-date symlink: /home/lee/workspace/ros2_ex_mav/install/px4_msgs/include/px4_msgs/px4_msgs/msg/detail/airspeed_wind__traits.hpp\n'}
[0.430702] (px4_msgs) StdoutLine: {'line': b'-- Up-to-date symlink: /home/lee/workspace/ros2_ex_mav/install/px4_msgs/include/px4_msgs/px4_msgs/msg/detail/airspeed_wind__type_support.hpp\n'}
[0.430736] (px4_msgs) StdoutLine: {'line': b'-- Up-to-date symlink: /home/lee/workspace/ros2_ex_mav/install/px4_msgs/include/px4_msgs/px4_msgs/msg/detail/autotune_attitude_control_status__builder.hpp\n'}
[0.430771] (px4_msgs) StdoutLine: {'line': b'-- Up-to-date symlink: /home/lee/workspace/ros2_ex_mav/install/px4_msgs/include/px4_msgs/px4_msgs/msg/detail/autotune_attitude_control_status__struct.hpp\n'}
[0.430804] (px4_msgs) StdoutLine: {'line': b'-- Up-to-date symlink: /home/lee/workspace/ros2_ex_mav/install/px4_msgs/include/px4_msgs/px4_msgs/msg/detail/autotune_attitude_control_status__traits.hpp\n'}
[0.430837] (px4_msgs) StdoutLine: {'line': b'-- Up-to-date symlink: /home/lee/workspace/ros2_ex_mav/install/px4_msgs/include/px4_msgs/px4_msgs/msg/detail/autotune_attitude_control_status__type_support.hpp\n'}
[0.430872] (px4_msgs) StdoutLine: {'line': b'-- Up-to-date symlink: /home/lee/workspace/ros2_ex_mav/install/px4_msgs/include/px4_msgs/px4_msgs/msg/detail/battery_status__builder.hpp\n'}
[0.430907] (px4_msgs) StdoutLine: {'line': b'-- Up-to-date symlink: /home/lee/workspace/ros2_ex_mav/install/px4_msgs/include/px4_msgs/px4_msgs/msg/detail/battery_status__struct.hpp\n'}
[0.430937] (px4_msgs) StdoutLine: {'line': b'-- Up-to-date symlink: /home/lee/workspace/ros2_ex_mav/install/px4_msgs/include/px4_msgs/px4_msgs/msg/detail/battery_status__traits.hpp\n'}
[0.430970] (px4_msgs) StdoutLine: {'line': b'-- Up-to-date symlink: /home/lee/workspace/ros2_ex_mav/install/px4_msgs/include/px4_msgs/px4_msgs/msg/detail/battery_status__type_support.hpp\n'}
[0.431003] (px4_msgs) StdoutLine: {'line': b'-- Up-to-date symlink: /home/lee/workspace/ros2_ex_mav/install/px4_msgs/include/px4_msgs/px4_msgs/msg/detail/button_event__builder.hpp\n'}
[0.431035] (px4_msgs) StdoutLine: {'line': b'-- Up-to-date symlink: /home/lee/workspace/ros2_ex_mav/install/px4_msgs/include/px4_msgs/px4_msgs/msg/detail/button_event__struct.hpp\n'}
[0.431067] (px4_msgs) StdoutLine: {'line': b'-- Up-to-date symlink: /home/lee/workspace/ros2_ex_mav/install/px4_msgs/include/px4_msgs/px4_msgs/msg/detail/button_event__traits.hpp\n'}
[0.431100] (px4_msgs) StdoutLine: {'line': b'-- Up-to-date symlink: /home/lee/workspace/ros2_ex_mav/install/px4_msgs/include/px4_msgs/px4_msgs/msg/detail/button_event__type_support.hpp\n'}
[0.431132] (px4_msgs) StdoutLine: {'line': b'-- Up-to-date symlink: /home/lee/workspace/ros2_ex_mav/install/px4_msgs/include/px4_msgs/px4_msgs/msg/detail/camera_capture__builder.hpp\n'}
[0.431164] (px4_msgs) StdoutLine: {'line': b'-- Up-to-date symlink: /home/lee/workspace/ros2_ex_mav/install/px4_msgs/include/px4_msgs/px4_msgs/msg/detail/camera_capture__struct.hpp\n'}
[0.431198] (px4_msgs) StdoutLine: {'line': b'-- Up-to-date symlink: /home/lee/workspace/ros2_ex_mav/install/px4_msgs/include/px4_msgs/px4_msgs/msg/detail/camera_capture__traits.hpp\n'}
[0.431230] (px4_msgs) StdoutLine: {'line': b'-- Up-to-date symlink: /home/lee/workspace/ros2_ex_mav/install/px4_msgs/include/px4_msgs/px4_msgs/msg/detail/camera_capture__type_support.hpp\n'}
[0.431264] (px4_msgs) StdoutLine: {'line': b'-- Up-to-date symlink: /home/lee/workspace/ros2_ex_mav/install/px4_msgs/include/px4_msgs/px4_msgs/msg/detail/camera_status__builder.hpp\n'}
[0.431295] (px4_msgs) StdoutLine: {'line': b'-- Up-to-date symlink: /home/lee/workspace/ros2_ex_mav/install/px4_msgs/include/px4_msgs/px4_msgs/msg/detail/camera_status__struct.hpp\n'}
[0.431356] (px4_msgs) StdoutLine: {'line': b'-- Up-to-date symlink: /home/lee/workspace/ros2_ex_mav/install/px4_msgs/include/px4_msgs/px4_msgs/msg/detail/camera_status__traits.hpp\n'}
[0.431389] (px4_msgs) StdoutLine: {'line': b'-- Up-to-date symlink: /home/lee/workspace/ros2_ex_mav/install/px4_msgs/include/px4_msgs/px4_msgs/msg/detail/camera_status__type_support.hpp\n'}
[0.431433] (px4_msgs) StdoutLine: {'line': b'-- Up-to-date symlink: /home/lee/workspace/ros2_ex_mav/install/px4_msgs/include/px4_msgs/px4_msgs/msg/detail/camera_trigger__builder.hpp\n'}
[0.431454] (px4_msgs) StdoutLine: {'line': b'-- Up-to-date symlink: /home/lee/workspace/ros2_ex_mav/install/px4_msgs/include/px4_msgs/px4_msgs/msg/detail/camera_trigger__struct.hpp\n'}
[0.431494] (px4_msgs) StdoutLine: {'line': b'-- Up-to-date symlink: /home/lee/workspace/ros2_ex_mav/install/px4_msgs/include/px4_msgs/px4_msgs/msg/detail/camera_trigger__traits.hpp\n'}
[0.431513] (px4_msgs) StdoutLine: {'line': b'-- Up-to-date symlink: /home/lee/workspace/ros2_ex_mav/install/px4_msgs/include/px4_msgs/px4_msgs/msg/detail/camera_trigger__type_support.hpp\n'}
[0.431546] (px4_msgs) StdoutLine: {'line': b'-- Up-to-date symlink: /home/lee/workspace/ros2_ex_mav/install/px4_msgs/include/px4_msgs/px4_msgs/msg/detail/cellular_status__builder.hpp\n'}
[0.431579] (px4_msgs) StdoutLine: {'line': b'-- Up-to-date symlink: /home/lee/workspace/ros2_ex_mav/install/px4_msgs/include/px4_msgs/px4_msgs/msg/detail/cellular_status__struct.hpp\n'}
[0.431607] (px4_msgs) StdoutLine: {'line': b'-- Up-to-date symlink: /home/lee/workspace/ros2_ex_mav/install/px4_msgs/include/px4_msgs/px4_msgs/msg/detail/cellular_status__traits.hpp\n'}
[0.431637] (px4_msgs) StdoutLine: {'line': b'-- Up-to-date symlink: /home/lee/workspace/ros2_ex_mav/install/px4_msgs/include/px4_msgs/px4_msgs/msg/detail/cellular_status__type_support.hpp\n'}
[0.431670] (px4_msgs) StdoutLine: {'line': b'-- Up-to-date symlink: /home/lee/workspace/ros2_ex_mav/install/px4_msgs/include/px4_msgs/px4_msgs/msg/detail/collision_constraints__builder.hpp\n'}
[0.431704] (px4_msgs) StdoutLine: {'line': b'-- Up-to-date symlink: /home/lee/workspace/ros2_ex_mav/install/px4_msgs/include/px4_msgs/px4_msgs/msg/detail/collision_constraints__struct.hpp\n'}
[0.431738] (px4_msgs) StdoutLine: {'line': b'-- Up-to-date symlink: /home/lee/workspace/ros2_ex_mav/install/px4_msgs/include/px4_msgs/px4_msgs/msg/detail/collision_constraints__traits.hpp\n'}
[0.431771] (px4_msgs) StdoutLine: {'line': b'-- Up-to-date symlink: /home/lee/workspace/ros2_ex_mav/install/px4_msgs/include/px4_msgs/px4_msgs/msg/detail/collision_constraints__type_support.hpp\n'}
[0.431800] (px4_msgs) StdoutLine: {'line': b'-- Up-to-date symlink: /home/lee/workspace/ros2_ex_mav/install/px4_msgs/include/px4_msgs/px4_msgs/msg/detail/collision_report__builder.hpp\n'}
[0.431828] (px4_msgs) StdoutLine: {'line': b'-- Up-to-date symlink: /home/lee/workspace/ros2_ex_mav/install/px4_msgs/include/px4_msgs/px4_msgs/msg/detail/collision_report__struct.hpp\n'}
[0.431858] (px4_msgs) StdoutLine: {'line': b'-- Up-to-date symlink: /home/lee/workspace/ros2_ex_mav/install/px4_msgs/include/px4_msgs/px4_msgs/msg/detail/collision_report__traits.hpp\n'}
[0.431891] (px4_msgs) StdoutLine: {'line': b'-- Up-to-date symlink: /home/lee/workspace/ros2_ex_mav/install/px4_msgs/include/px4_msgs/px4_msgs/msg/detail/collision_report__type_support.hpp\n'}
[0.431925] (px4_msgs) StdoutLine: {'line': b'-- Up-to-date symlink: /home/lee/workspace/ros2_ex_mav/install/px4_msgs/include/px4_msgs/px4_msgs/msg/detail/control_allocator_status__builder.hpp\n'}
[0.431959] (px4_msgs) StdoutLine: {'line': b'-- Up-to-date symlink: /home/lee/workspace/ros2_ex_mav/install/px4_msgs/include/px4_msgs/px4_msgs/msg/detail/control_allocator_status__struct.hpp\n'}
[0.431990] (px4_msgs) StdoutLine: {'line': b'-- Up-to-date symlink: /home/lee/workspace/ros2_ex_mav/install/px4_msgs/include/px4_msgs/px4_msgs/msg/detail/control_allocator_status__traits.hpp\n'}
[0.432025] (px4_msgs) StdoutLine: {'line': b'-- Up-to-date symlink: /home/lee/workspace/ros2_ex_mav/install/px4_msgs/include/px4_msgs/px4_msgs/msg/detail/control_allocator_status__type_support.hpp\n'}
[0.432059] (px4_msgs) StdoutLine: {'line': b'-- Up-to-date symlink: /home/lee/workspace/ros2_ex_mav/install/px4_msgs/include/px4_msgs/px4_msgs/msg/detail/cpuload__builder.hpp\n'}
[0.432092] (px4_msgs) StdoutLine: {'line': b'-- Up-to-date symlink: /home/lee/workspace/ros2_ex_mav/install/px4_msgs/include/px4_msgs/px4_msgs/msg/detail/cpuload__struct.hpp\n'}
[0.432125] (px4_msgs) StdoutLine: {'line': b'-- Up-to-date symlink: /home/lee/workspace/ros2_ex_mav/install/px4_msgs/include/px4_msgs/px4_msgs/msg/detail/cpuload__traits.hpp\n'}
[0.432157] (px4_msgs) StdoutLine: {'line': b'-- Up-to-date symlink: /home/lee/workspace/ros2_ex_mav/install/px4_msgs/include/px4_msgs/px4_msgs/msg/detail/cpuload__type_support.hpp\n'}
[0.432191] (px4_msgs) StdoutLine: {'line': b'-- Up-to-date symlink: /home/lee/workspace/ros2_ex_mav/install/px4_msgs/include/px4_msgs/px4_msgs/msg/detail/debug_array__builder.hpp\n'}
[0.432223] (px4_msgs) StdoutLine: {'line': b'-- Up-to-date symlink: /home/lee/workspace/ros2_ex_mav/install/px4_msgs/include/px4_msgs/px4_msgs/msg/detail/debug_array__struct.hpp\n'}
[0.432255] (px4_msgs) StdoutLine: {'line': b'-- Up-to-date symlink: /home/lee/workspace/ros2_ex_mav/install/px4_msgs/include/px4_msgs/px4_msgs/msg/detail/debug_array__traits.hpp\n'}
[0.432287] (px4_msgs) StdoutLine: {'line': b'-- Up-to-date symlink: /home/lee/workspace/ros2_ex_mav/install/px4_msgs/include/px4_msgs/px4_msgs/msg/detail/debug_array__type_support.hpp\n'}
[0.432322] (px4_msgs) StdoutLine: {'line': b'-- Up-to-date symlink: /home/lee/workspace/ros2_ex_mav/install/px4_msgs/include/px4_msgs/px4_msgs/msg/detail/debug_key_value__builder.hpp\n'}
[0.432353] (px4_msgs) StdoutLine: {'line': b'-- Up-to-date symlink: /home/lee/workspace/ros2_ex_mav/install/px4_msgs/include/px4_msgs/px4_msgs/msg/detail/debug_key_value__struct.hpp\n'}
[0.432384] (px4_msgs) StdoutLine: {'line': b'-- Up-to-date symlink: /home/lee/workspace/ros2_ex_mav/install/px4_msgs/include/px4_msgs/px4_msgs/msg/detail/debug_key_value__traits.hpp\n'}
[0.432417] (px4_msgs) StdoutLine: {'line': b'-- Up-to-date symlink: /home/lee/workspace/ros2_ex_mav/install/px4_msgs/include/px4_msgs/px4_msgs/msg/detail/debug_key_value__type_support.hpp\n'}
[0.432450] (px4_msgs) StdoutLine: {'line': b'-- Up-to-date symlink: /home/lee/workspace/ros2_ex_mav/install/px4_msgs/include/px4_msgs/px4_msgs/msg/detail/debug_value__builder.hpp\n'}
[0.432483] (px4_msgs) StdoutLine: {'line': b'-- Up-to-date symlink: /home/lee/workspace/ros2_ex_mav/install/px4_msgs/include/px4_msgs/px4_msgs/msg/detail/debug_value__struct.hpp\n'}
[0.432515] (px4_msgs) StdoutLine: {'line': b'-- Up-to-date symlink: /home/lee/workspace/ros2_ex_mav/install/px4_msgs/include/px4_msgs/px4_msgs/msg/detail/debug_value__traits.hpp\n'}
[0.432546] (px4_msgs) StdoutLine: {'line': b'-- Up-to-date symlink: /home/lee/workspace/ros2_ex_mav/install/px4_msgs/include/px4_msgs/px4_msgs/msg/detail/debug_value__type_support.hpp\n'}
[0.432578] (px4_msgs) StdoutLine: {'line': b'-- Up-to-date symlink: /home/lee/workspace/ros2_ex_mav/install/px4_msgs/include/px4_msgs/px4_msgs/msg/detail/debug_vect__builder.hpp\n'}
[0.432608] (px4_msgs) StdoutLine: {'line': b'-- Up-to-date symlink: /home/lee/workspace/ros2_ex_mav/install/px4_msgs/include/px4_msgs/px4_msgs/msg/detail/debug_vect__struct.hpp\n'}
[0.432642] (px4_msgs) StdoutLine: {'line': b'-- Up-to-date symlink: /home/lee/workspace/ros2_ex_mav/install/px4_msgs/include/px4_msgs/px4_msgs/msg/detail/debug_vect__traits.hpp\n'}
[0.432673] (px4_msgs) StdoutLine: {'line': b'-- Up-to-date symlink: /home/lee/workspace/ros2_ex_mav/install/px4_msgs/include/px4_msgs/px4_msgs/msg/detail/debug_vect__type_support.hpp\n'}
[0.432704] (px4_msgs) StdoutLine: {'line': b'-- Up-to-date symlink: /home/lee/workspace/ros2_ex_mav/install/px4_msgs/include/px4_msgs/px4_msgs/msg/detail/differential_pressure__builder.hpp\n'}
[0.432737] (px4_msgs) StdoutLine: {'line': b'-- Up-to-date symlink: /home/lee/workspace/ros2_ex_mav/install/px4_msgs/include/px4_msgs/px4_msgs/msg/detail/differential_pressure__struct.hpp\n'}
[0.432767] (px4_msgs) StdoutLine: {'line': b'-- Up-to-date symlink: /home/lee/workspace/ros2_ex_mav/install/px4_msgs/include/px4_msgs/px4_msgs/msg/detail/differential_pressure__traits.hpp\n'}
[0.432799] (px4_msgs) StdoutLine: {'line': b'-- Up-to-date symlink: /home/lee/workspace/ros2_ex_mav/install/px4_msgs/include/px4_msgs/px4_msgs/msg/detail/differential_pressure__type_support.hpp\n'}
[0.432834] (px4_msgs) StdoutLine: {'line': b'-- Up-to-date symlink: /home/lee/workspace/ros2_ex_mav/install/px4_msgs/include/px4_msgs/px4_msgs/msg/detail/distance_sensor__builder.hpp\n'}
[0.432868] (px4_msgs) StdoutLine: {'line': b'-- Up-to-date symlink: /home/lee/workspace/ros2_ex_mav/install/px4_msgs/include/px4_msgs/px4_msgs/msg/detail/distance_sensor__struct.hpp\n'}
[0.432900] (px4_msgs) StdoutLine: {'line': b'-- Up-to-date symlink: /home/lee/workspace/ros2_ex_mav/install/px4_msgs/include/px4_msgs/px4_msgs/msg/detail/distance_sensor__traits.hpp\n'}
[0.432933] (px4_msgs) StdoutLine: {'line': b'-- Up-to-date symlink: /home/lee/workspace/ros2_ex_mav/install/px4_msgs/include/px4_msgs/px4_msgs/msg/detail/distance_sensor__type_support.hpp\n'}
[0.432964] (px4_msgs) StdoutLine: {'line': b'-- Up-to-date symlink: /home/lee/workspace/ros2_ex_mav/install/px4_msgs/include/px4_msgs/px4_msgs/msg/detail/ekf2_timestamps__builder.hpp\n'}
[0.432996] (px4_msgs) StdoutLine: {'line': b'-- Up-to-date symlink: /home/lee/workspace/ros2_ex_mav/install/px4_msgs/include/px4_msgs/px4_msgs/msg/detail/ekf2_timestamps__struct.hpp\n'}
[0.433028] (px4_msgs) StdoutLine: {'line': b'-- Up-to-date symlink: /home/lee/workspace/ros2_ex_mav/install/px4_msgs/include/px4_msgs/px4_msgs/msg/detail/ekf2_timestamps__traits.hpp\n'}
[0.433059] (px4_msgs) StdoutLine: {'line': b'-- Up-to-date symlink: /home/lee/workspace/ros2_ex_mav/install/px4_msgs/include/px4_msgs/px4_msgs/msg/detail/ekf2_timestamps__type_support.hpp\n'}
[0.433091] (px4_msgs) StdoutLine: {'line': b'-- Up-to-date symlink: /home/lee/workspace/ros2_ex_mav/install/px4_msgs/include/px4_msgs/px4_msgs/msg/detail/esc_report__builder.hpp\n'}
[0.433122] (px4_msgs) StdoutLine: {'line': b'-- Up-to-date symlink: /home/lee/workspace/ros2_ex_mav/install/px4_msgs/include/px4_msgs/px4_msgs/msg/detail/esc_report__struct.hpp\n'}
[0.433154] (px4_msgs) StdoutLine: {'line': b'-- Up-to-date symlink: /home/lee/workspace/ros2_ex_mav/install/px4_msgs/include/px4_msgs/px4_msgs/msg/detail/esc_report__traits.hpp\n'}
[0.433186] (px4_msgs) StdoutLine: {'line': b'-- Up-to-date symlink: /home/lee/workspace/ros2_ex_mav/install/px4_msgs/include/px4_msgs/px4_msgs/msg/detail/esc_report__type_support.hpp\n'}
[0.433217] (px4_msgs) StdoutLine: {'line': b'-- Up-to-date symlink: /home/lee/workspace/ros2_ex_mav/install/px4_msgs/include/px4_msgs/px4_msgs/msg/detail/esc_status__builder.hpp\n'}
[0.433248] (px4_msgs) StdoutLine: {'line': b'-- Up-to-date symlink: /home/lee/workspace/ros2_ex_mav/install/px4_msgs/include/px4_msgs/px4_msgs/msg/detail/esc_status__struct.hpp\n'}
[0.433279] (px4_msgs) StdoutLine: {'line': b'-- Up-to-date symlink: /home/lee/workspace/ros2_ex_mav/install/px4_msgs/include/px4_msgs/px4_msgs/msg/detail/esc_status__traits.hpp\n'}
[0.433312] (px4_msgs) StdoutLine: {'line': b'-- Up-to-date symlink: /home/lee/workspace/ros2_ex_mav/install/px4_msgs/include/px4_msgs/px4_msgs/msg/detail/esc_status__type_support.hpp\n'}
[0.433346] (px4_msgs) StdoutLine: {'line': b'-- Up-to-date symlink: /home/lee/workspace/ros2_ex_mav/install/px4_msgs/include/px4_msgs/px4_msgs/msg/detail/estimator_aid_source1d__builder.hpp\n'}
[0.433378] (px4_msgs) StdoutLine: {'line': b'-- Up-to-date symlink: /home/lee/workspace/ros2_ex_mav/install/px4_msgs/include/px4_msgs/px4_msgs/msg/detail/estimator_aid_source1d__struct.hpp\n'}
[0.433407] (px4_msgs) StdoutLine: {'line': b'-- Up-to-date symlink: /home/lee/workspace/ros2_ex_mav/install/px4_msgs/include/px4_msgs/px4_msgs/msg/detail/estimator_aid_source1d__traits.hpp\n'}
[0.433441] (px4_msgs) StdoutLine: {'line': b'-- Up-to-date symlink: /home/lee/workspace/ros2_ex_mav/install/px4_msgs/include/px4_msgs/px4_msgs/msg/detail/estimator_aid_source1d__type_support.hpp\n'}
[0.433474] (px4_msgs) StdoutLine: {'line': b'-- Up-to-date symlink: /home/lee/workspace/ros2_ex_mav/install/px4_msgs/include/px4_msgs/px4_msgs/msg/detail/estimator_aid_source2d__builder.hpp\n'}
[0.433505] (px4_msgs) StdoutLine: {'line': b'-- Up-to-date symlink: /home/lee/workspace/ros2_ex_mav/install/px4_msgs/include/px4_msgs/px4_msgs/msg/detail/estimator_aid_source2d__struct.hpp\n'}
[0.433536] (px4_msgs) StdoutLine: {'line': b'-- Up-to-date symlink: /home/lee/workspace/ros2_ex_mav/install/px4_msgs/include/px4_msgs/px4_msgs/msg/detail/estimator_aid_source2d__traits.hpp\n'}
[0.433586] (px4_msgs) StdoutLine: {'line': b'-- Up-to-date symlink: /home/lee/workspace/ros2_ex_mav/install/px4_msgs/include/px4_msgs/px4_msgs/msg/detail/estimator_aid_source2d__type_support.hpp\n'}
[0.433618] (px4_msgs) StdoutLine: {'line': b'-- Up-to-date symlink: /home/lee/workspace/ros2_ex_mav/install/px4_msgs/include/px4_msgs/px4_msgs/msg/detail/estimator_aid_source3d__builder.hpp\n'}
[0.433650] (px4_msgs) StdoutLine: {'line': b'-- Up-to-date symlink: /home/lee/workspace/ros2_ex_mav/install/px4_msgs/include/px4_msgs/px4_msgs/msg/detail/estimator_aid_source3d__struct.hpp\n'}
[0.433681] (px4_msgs) StdoutLine: {'line': b'-- Up-to-date symlink: /home/lee/workspace/ros2_ex_mav/install/px4_msgs/include/px4_msgs/px4_msgs/msg/detail/estimator_aid_source3d__traits.hpp\n'}
[0.433712] (px4_msgs) StdoutLine: {'line': b'-- Up-to-date symlink: /home/lee/workspace/ros2_ex_mav/install/px4_msgs/include/px4_msgs/px4_msgs/msg/detail/estimator_aid_source3d__type_support.hpp\n'}
[0.433745] (px4_msgs) StdoutLine: {'line': b'-- Up-to-date symlink: /home/lee/workspace/ros2_ex_mav/install/px4_msgs/include/px4_msgs/px4_msgs/msg/detail/estimator_bias3d__builder.hpp\n'}
[0.433776] (px4_msgs) StdoutLine: {'line': b'-- Up-to-date symlink: /home/lee/workspace/ros2_ex_mav/install/px4_msgs/include/px4_msgs/px4_msgs/msg/detail/estimator_bias3d__struct.hpp\n'}
[0.433809] (px4_msgs) StdoutLine: {'line': b'-- Up-to-date symlink: /home/lee/workspace/ros2_ex_mav/install/px4_msgs/include/px4_msgs/px4_msgs/msg/detail/estimator_bias3d__traits.hpp\n'}
[0.433840] (px4_msgs) StdoutLine: {'line': b'-- Up-to-date symlink: /home/lee/workspace/ros2_ex_mav/install/px4_msgs/include/px4_msgs/px4_msgs/msg/detail/estimator_bias3d__type_support.hpp\n'}
[0.433872] (px4_msgs) StdoutLine: {'line': b'-- Up-to-date symlink: /home/lee/workspace/ros2_ex_mav/install/px4_msgs/include/px4_msgs/px4_msgs/msg/detail/estimator_bias__builder.hpp\n'}
[0.433905] (px4_msgs) StdoutLine: {'line': b'-- Up-to-date symlink: /home/lee/workspace/ros2_ex_mav/install/px4_msgs/include/px4_msgs/px4_msgs/msg/detail/estimator_bias__struct.hpp\n'}
[0.433935] (px4_msgs) StdoutLine: {'line': b'-- Up-to-date symlink: /home/lee/workspace/ros2_ex_mav/install/px4_msgs/include/px4_msgs/px4_msgs/msg/detail/estimator_bias__traits.hpp\n'}
[0.433967] (px4_msgs) StdoutLine: {'line': b'-- Up-to-date symlink: /home/lee/workspace/ros2_ex_mav/install/px4_msgs/include/px4_msgs/px4_msgs/msg/detail/estimator_bias__type_support.hpp\n'}
[0.433998] (px4_msgs) StdoutLine: {'line': b'-- Up-to-date symlink: /home/lee/workspace/ros2_ex_mav/install/px4_msgs/include/px4_msgs/px4_msgs/msg/detail/estimator_event_flags__builder.hpp\n'}
[0.434033] (px4_msgs) StdoutLine: {'line': b'-- Up-to-date symlink: /home/lee/workspace/ros2_ex_mav/install/px4_msgs/include/px4_msgs/px4_msgs/msg/detail/estimator_event_flags__struct.hpp\n'}
[0.434062] (px4_msgs) StdoutLine: {'line': b'-- Up-to-date symlink: /home/lee/workspace/ros2_ex_mav/install/px4_msgs/include/px4_msgs/px4_msgs/msg/detail/estimator_event_flags__traits.hpp\n'}
[0.434094] (px4_msgs) StdoutLine: {'line': b'-- Up-to-date symlink: /home/lee/workspace/ros2_ex_mav/install/px4_msgs/include/px4_msgs/px4_msgs/msg/detail/estimator_event_flags__type_support.hpp\n'}
[0.434126] (px4_msgs) StdoutLine: {'line': b'-- Up-to-date symlink: /home/lee/workspace/ros2_ex_mav/install/px4_msgs/include/px4_msgs/px4_msgs/msg/detail/estimator_gps_status__builder.hpp\n'}
[0.434158] (px4_msgs) StdoutLine: {'line': b'-- Up-to-date symlink: /home/lee/workspace/ros2_ex_mav/install/px4_msgs/include/px4_msgs/px4_msgs/msg/detail/estimator_gps_status__struct.hpp\n'}
[0.434189] (px4_msgs) StdoutLine: {'line': b'-- Up-to-date symlink: /home/lee/workspace/ros2_ex_mav/install/px4_msgs/include/px4_msgs/px4_msgs/msg/detail/estimator_gps_status__traits.hpp\n'}
[0.434221] (px4_msgs) StdoutLine: {'line': b'-- Up-to-date symlink: /home/lee/workspace/ros2_ex_mav/install/px4_msgs/include/px4_msgs/px4_msgs/msg/detail/estimator_gps_status__type_support.hpp\n'}
[0.434254] (px4_msgs) StdoutLine: {'line': b'-- Up-to-date symlink: /home/lee/workspace/ros2_ex_mav/install/px4_msgs/include/px4_msgs/px4_msgs/msg/detail/estimator_innovations__builder.hpp\n'}
[0.434285] (px4_msgs) StdoutLine: {'line': b'-- Up-to-date symlink: /home/lee/workspace/ros2_ex_mav/install/px4_msgs/include/px4_msgs/px4_msgs/msg/detail/estimator_innovations__struct.hpp\n'}
[0.434319] (px4_msgs) StdoutLine: {'line': b'-- Up-to-date symlink: /home/lee/workspace/ros2_ex_mav/install/px4_msgs/include/px4_msgs/px4_msgs/msg/detail/estimator_innovations__traits.hpp\n'}
[0.434351] (px4_msgs) StdoutLine: {'line': b'-- Up-to-date symlink: /home/lee/workspace/ros2_ex_mav/install/px4_msgs/include/px4_msgs/px4_msgs/msg/detail/estimator_innovations__type_support.hpp\n'}
[0.434384] (px4_msgs) StdoutLine: {'line': b'-- Up-to-date symlink: /home/lee/workspace/ros2_ex_mav/install/px4_msgs/include/px4_msgs/px4_msgs/msg/detail/estimator_selector_status__builder.hpp\n'}
[0.434416] (px4_msgs) StdoutLine: {'line': b'-- Up-to-date symlink: /home/lee/workspace/ros2_ex_mav/install/px4_msgs/include/px4_msgs/px4_msgs/msg/detail/estimator_selector_status__struct.hpp\n'}
[0.434447] (px4_msgs) StdoutLine: {'line': b'-- Up-to-date symlink: /home/lee/workspace/ros2_ex_mav/install/px4_msgs/include/px4_msgs/px4_msgs/msg/detail/estimator_selector_status__traits.hpp\n'}
[0.434481] (px4_msgs) StdoutLine: {'line': b'-- Up-to-date symlink: /home/lee/workspace/ros2_ex_mav/install/px4_msgs/include/px4_msgs/px4_msgs/msg/detail/estimator_selector_status__type_support.hpp\n'}
[0.434513] (px4_msgs) StdoutLine: {'line': b'-- Up-to-date symlink: /home/lee/workspace/ros2_ex_mav/install/px4_msgs/include/px4_msgs/px4_msgs/msg/detail/estimator_sensor_bias__builder.hpp\n'}
[0.434546] (px4_msgs) StdoutLine: {'line': b'-- Up-to-date symlink: /home/lee/workspace/ros2_ex_mav/install/px4_msgs/include/px4_msgs/px4_msgs/msg/detail/estimator_sensor_bias__struct.hpp\n'}
[0.434576] (px4_msgs) StdoutLine: {'line': b'-- Up-to-date symlink: /home/lee/workspace/ros2_ex_mav/install/px4_msgs/include/px4_msgs/px4_msgs/msg/detail/estimator_sensor_bias__traits.hpp\n'}
[0.434608] (px4_msgs) StdoutLine: {'line': b'-- Up-to-date symlink: /home/lee/workspace/ros2_ex_mav/install/px4_msgs/include/px4_msgs/px4_msgs/msg/detail/estimator_sensor_bias__type_support.hpp\n'}
[0.434642] (px4_msgs) StdoutLine: {'line': b'-- Up-to-date symlink: /home/lee/workspace/ros2_ex_mav/install/px4_msgs/include/px4_msgs/px4_msgs/msg/detail/estimator_states__builder.hpp\n'}
[0.434673] (px4_msgs) StdoutLine: {'line': b'-- Up-to-date symlink: /home/lee/workspace/ros2_ex_mav/install/px4_msgs/include/px4_msgs/px4_msgs/msg/detail/estimator_states__struct.hpp\n'}
[0.434707] (px4_msgs) StdoutLine: {'line': b'-- Up-to-date symlink: /home/lee/workspace/ros2_ex_mav/install/px4_msgs/include/px4_msgs/px4_msgs/msg/detail/estimator_states__traits.hpp\n'}
[0.434740] (px4_msgs) StdoutLine: {'line': b'-- Up-to-date symlink: /home/lee/workspace/ros2_ex_mav/install/px4_msgs/include/px4_msgs/px4_msgs/msg/detail/estimator_states__type_support.hpp\n'}
[0.434772] (px4_msgs) StdoutLine: {'line': b'-- Up-to-date symlink: /home/lee/workspace/ros2_ex_mav/install/px4_msgs/include/px4_msgs/px4_msgs/msg/detail/estimator_status__builder.hpp\n'}
[0.434804] (px4_msgs) StdoutLine: {'line': b'-- Up-to-date symlink: /home/lee/workspace/ros2_ex_mav/install/px4_msgs/include/px4_msgs/px4_msgs/msg/detail/estimator_status__struct.hpp\n'}
[0.434836] (px4_msgs) StdoutLine: {'line': b'-- Up-to-date symlink: /home/lee/workspace/ros2_ex_mav/install/px4_msgs/include/px4_msgs/px4_msgs/msg/detail/estimator_status__traits.hpp\n'}
[0.434868] (px4_msgs) StdoutLine: {'line': b'-- Up-to-date symlink: /home/lee/workspace/ros2_ex_mav/install/px4_msgs/include/px4_msgs/px4_msgs/msg/detail/estimator_status__type_support.hpp\n'}
[0.434900] (px4_msgs) StdoutLine: {'line': b'-- Up-to-date symlink: /home/lee/workspace/ros2_ex_mav/install/px4_msgs/include/px4_msgs/px4_msgs/msg/detail/estimator_status_flags__builder.hpp\n'}
[0.434931] (px4_msgs) StdoutLine: {'line': b'-- Up-to-date symlink: /home/lee/workspace/ros2_ex_mav/install/px4_msgs/include/px4_msgs/px4_msgs/msg/detail/estimator_status_flags__struct.hpp\n'}
[0.434964] (px4_msgs) StdoutLine: {'line': b'-- Up-to-date symlink: /home/lee/workspace/ros2_ex_mav/install/px4_msgs/include/px4_msgs/px4_msgs/msg/detail/estimator_status_flags__traits.hpp\n'}
[0.434997] (px4_msgs) StdoutLine: {'line': b'-- Up-to-date symlink: /home/lee/workspace/ros2_ex_mav/install/px4_msgs/include/px4_msgs/px4_msgs/msg/detail/estimator_status_flags__type_support.hpp\n'}
[0.435031] (px4_msgs) StdoutLine: {'line': b'-- Up-to-date symlink: /home/lee/workspace/ros2_ex_mav/install/px4_msgs/include/px4_msgs/px4_msgs/msg/detail/event__builder.hpp\n'}
[0.435062] (px4_msgs) StdoutLine: {'line': b'-- Up-to-date symlink: /home/lee/workspace/ros2_ex_mav/install/px4_msgs/include/px4_msgs/px4_msgs/msg/detail/event__struct.hpp\n'}
[0.435095] (px4_msgs) StdoutLine: {'line': b'-- Up-to-date symlink: /home/lee/workspace/ros2_ex_mav/install/px4_msgs/include/px4_msgs/px4_msgs/msg/detail/event__traits.hpp\n'}
[0.435127] (px4_msgs) StdoutLine: {'line': b'-- Up-to-date symlink: /home/lee/workspace/ros2_ex_mav/install/px4_msgs/include/px4_msgs/px4_msgs/msg/detail/event__type_support.hpp\n'}
[0.435160] (px4_msgs) StdoutLine: {'line': b'-- Up-to-date symlink: /home/lee/workspace/ros2_ex_mav/install/px4_msgs/include/px4_msgs/px4_msgs/msg/detail/failsafe_flags__builder.hpp\n'}
[0.435190] (px4_msgs) StdoutLine: {'line': b'-- Up-to-date symlink: /home/lee/workspace/ros2_ex_mav/install/px4_msgs/include/px4_msgs/px4_msgs/msg/detail/failsafe_flags__struct.hpp\n'}
[0.435222] (px4_msgs) StdoutLine: {'line': b'-- Up-to-date symlink: /home/lee/workspace/ros2_ex_mav/install/px4_msgs/include/px4_msgs/px4_msgs/msg/detail/failsafe_flags__traits.hpp\n'}
[0.435255] (px4_msgs) StdoutLine: {'line': b'-- Up-to-date symlink: /home/lee/workspace/ros2_ex_mav/install/px4_msgs/include/px4_msgs/px4_msgs/msg/detail/failsafe_flags__type_support.hpp\n'}
[0.435287] (px4_msgs) StdoutLine: {'line': b'-- Up-to-date symlink: /home/lee/workspace/ros2_ex_mav/install/px4_msgs/include/px4_msgs/px4_msgs/msg/detail/failure_detector_status__builder.hpp\n'}
[0.435321] (px4_msgs) StdoutLine: {'line': b'-- Up-to-date symlink: /home/lee/workspace/ros2_ex_mav/install/px4_msgs/include/px4_msgs/px4_msgs/msg/detail/failure_detector_status__struct.hpp\n'}
[0.435354] (px4_msgs) StdoutLine: {'line': b'-- Up-to-date symlink: /home/lee/workspace/ros2_ex_mav/install/px4_msgs/include/px4_msgs/px4_msgs/msg/detail/failure_detector_status__traits.hpp\n'}
[0.435386] (px4_msgs) StdoutLine: {'line': b'-- Up-to-date symlink: /home/lee/workspace/ros2_ex_mav/install/px4_msgs/include/px4_msgs/px4_msgs/msg/detail/failure_detector_status__type_support.hpp\n'}
[0.435420] (px4_msgs) StdoutLine: {'line': b'-- Up-to-date symlink: /home/lee/workspace/ros2_ex_mav/install/px4_msgs/include/px4_msgs/px4_msgs/msg/detail/follow_target__builder.hpp\n'}
[0.435453] (px4_msgs) StdoutLine: {'line': b'-- Up-to-date symlink: /home/lee/workspace/ros2_ex_mav/install/px4_msgs/include/px4_msgs/px4_msgs/msg/detail/follow_target__struct.hpp\n'}
[0.435485] (px4_msgs) StdoutLine: {'line': b'-- Up-to-date symlink: /home/lee/workspace/ros2_ex_mav/install/px4_msgs/include/px4_msgs/px4_msgs/msg/detail/follow_target__traits.hpp\n'}
[0.435519] (px4_msgs) StdoutLine: {'line': b'-- Up-to-date symlink: /home/lee/workspace/ros2_ex_mav/install/px4_msgs/include/px4_msgs/px4_msgs/msg/detail/follow_target__type_support.hpp\n'}
[0.435551] (px4_msgs) StdoutLine: {'line': b'-- Up-to-date symlink: /home/lee/workspace/ros2_ex_mav/install/px4_msgs/include/px4_msgs/px4_msgs/msg/detail/follow_target_estimator__builder.hpp\n'}
[0.435583] (px4_msgs) StdoutLine: {'line': b'-- Up-to-date symlink: /home/lee/workspace/ros2_ex_mav/install/px4_msgs/include/px4_msgs/px4_msgs/msg/detail/follow_target_estimator__struct.hpp\n'}
[0.435615] (px4_msgs) StdoutLine: {'line': b'-- Up-to-date symlink: /home/lee/workspace/ros2_ex_mav/install/px4_msgs/include/px4_msgs/px4_msgs/msg/detail/follow_target_estimator__traits.hpp\n'}
[0.435648] (px4_msgs) StdoutLine: {'line': b'-- Up-to-date symlink: /home/lee/workspace/ros2_ex_mav/install/px4_msgs/include/px4_msgs/px4_msgs/msg/detail/follow_target_estimator__type_support.hpp\n'}
[0.435681] (px4_msgs) StdoutLine: {'line': b'-- Up-to-date symlink: /home/lee/workspace/ros2_ex_mav/install/px4_msgs/include/px4_msgs/px4_msgs/msg/detail/follow_target_status__builder.hpp\n'}
[0.435713] (px4_msgs) StdoutLine: {'line': b'-- Up-to-date symlink: /home/lee/workspace/ros2_ex_mav/install/px4_msgs/include/px4_msgs/px4_msgs/msg/detail/follow_target_status__struct.hpp\n'}
[0.435745] (px4_msgs) StdoutLine: {'line': b'-- Up-to-date symlink: /home/lee/workspace/ros2_ex_mav/install/px4_msgs/include/px4_msgs/px4_msgs/msg/detail/follow_target_status__traits.hpp\n'}
[0.435776] (px4_msgs) StdoutLine: {'line': b'-- Up-to-date symlink: /home/lee/workspace/ros2_ex_mav/install/px4_msgs/include/px4_msgs/px4_msgs/msg/detail/follow_target_status__type_support.hpp\n'}
[0.435812] (px4_msgs) StdoutLine: {'line': b'-- Up-to-date symlink: /home/lee/workspace/ros2_ex_mav/install/px4_msgs/include/px4_msgs/px4_msgs/msg/detail/generator_status__builder.hpp\n'}
[0.435846] (px4_msgs) StdoutLine: {'line': b'-- Up-to-date symlink: /home/lee/workspace/ros2_ex_mav/install/px4_msgs/include/px4_msgs/px4_msgs/msg/detail/generator_status__struct.hpp\n'}
[0.435877] (px4_msgs) StdoutLine: {'line': b'-- Up-to-date symlink: /home/lee/workspace/ros2_ex_mav/install/px4_msgs/include/px4_msgs/px4_msgs/msg/detail/generator_status__traits.hpp\n'}
[0.435910] (px4_msgs) StdoutLine: {'line': b'-- Up-to-date symlink: /home/lee/workspace/ros2_ex_mav/install/px4_msgs/include/px4_msgs/px4_msgs/msg/detail/generator_status__type_support.hpp\n'}
[0.435943] (px4_msgs) StdoutLine: {'line': b'-- Up-to-date symlink: /home/lee/workspace/ros2_ex_mav/install/px4_msgs/include/px4_msgs/px4_msgs/msg/detail/geofence_result__builder.hpp\n'}
[0.435978] (px4_msgs) StdoutLine: {'line': b'-- Up-to-date symlink: /home/lee/workspace/ros2_ex_mav/install/px4_msgs/include/px4_msgs/px4_msgs/msg/detail/geofence_result__struct.hpp\n'}
[0.436010] (px4_msgs) StdoutLine: {'line': b'-- Up-to-date symlink: /home/lee/workspace/ros2_ex_mav/install/px4_msgs/include/px4_msgs/px4_msgs/msg/detail/geofence_result__traits.hpp\n'}
[0.436046] (px4_msgs) StdoutLine: {'line': b'-- Up-to-date symlink: /home/lee/workspace/ros2_ex_mav/install/px4_msgs/include/px4_msgs/px4_msgs/msg/detail/geofence_result__type_support.hpp\n'}
[0.436079] (px4_msgs) StdoutLine: {'line': b'-- Up-to-date symlink: /home/lee/workspace/ros2_ex_mav/install/px4_msgs/include/px4_msgs/px4_msgs/msg/detail/gimbal_controls__builder.hpp\n'}
[0.436111] (px4_msgs) StdoutLine: {'line': b'-- Up-to-date symlink: /home/lee/workspace/ros2_ex_mav/install/px4_msgs/include/px4_msgs/px4_msgs/msg/detail/gimbal_controls__struct.hpp\n'}
[0.436143] (px4_msgs) StdoutLine: {'line': b'-- Up-to-date symlink: /home/lee/workspace/ros2_ex_mav/install/px4_msgs/include/px4_msgs/px4_msgs/msg/detail/gimbal_controls__traits.hpp\n'}
[0.436175] (px4_msgs) StdoutLine: {'line': b'-- Up-to-date symlink: /home/lee/workspace/ros2_ex_mav/install/px4_msgs/include/px4_msgs/px4_msgs/msg/detail/gimbal_controls__type_support.hpp\n'}
[0.436204] (px4_msgs) StdoutLine: {'line': b'-- Up-to-date symlink: /home/lee/workspace/ros2_ex_mav/install/px4_msgs/include/px4_msgs/px4_msgs/msg/detail/gimbal_device_attitude_status__builder.hpp\n'}
[0.436237] (px4_msgs) StdoutLine: {'line': b'-- Up-to-date symlink: /home/lee/workspace/ros2_ex_mav/install/px4_msgs/include/px4_msgs/px4_msgs/msg/detail/gimbal_device_attitude_status__struct.hpp\n'}
[0.436270] (px4_msgs) StdoutLine: {'line': b'-- Up-to-date symlink: /home/lee/workspace/ros2_ex_mav/install/px4_msgs/include/px4_msgs/px4_msgs/msg/detail/gimbal_device_attitude_status__traits.hpp\n'}
[0.436302] (px4_msgs) StdoutLine: {'line': b'-- Up-to-date symlink: /home/lee/workspace/ros2_ex_mav/install/px4_msgs/include/px4_msgs/px4_msgs/msg/detail/gimbal_device_attitude_status__type_support.hpp\n'}
[0.436338] (px4_msgs) StdoutLine: {'line': b'-- Up-to-date symlink: /home/lee/workspace/ros2_ex_mav/install/px4_msgs/include/px4_msgs/px4_msgs/msg/detail/gimbal_device_information__builder.hpp\n'}
[0.436370] (px4_msgs) StdoutLine: {'line': b'-- Up-to-date symlink: /home/lee/workspace/ros2_ex_mav/install/px4_msgs/include/px4_msgs/px4_msgs/msg/detail/gimbal_device_information__struct.hpp\n'}
[0.436401] (px4_msgs) StdoutLine: {'line': b'-- Up-to-date symlink: /home/lee/workspace/ros2_ex_mav/install/px4_msgs/include/px4_msgs/px4_msgs/msg/detail/gimbal_device_information__traits.hpp\n'}
[0.436435] (px4_msgs) StdoutLine: {'line': b'-- Up-to-date symlink: /home/lee/workspace/ros2_ex_mav/install/px4_msgs/include/px4_msgs/px4_msgs/msg/detail/gimbal_device_information__type_support.hpp\n'}
[0.436467] (px4_msgs) StdoutLine: {'line': b'-- Up-to-date symlink: /home/lee/workspace/ros2_ex_mav/install/px4_msgs/include/px4_msgs/px4_msgs/msg/detail/gimbal_device_set_attitude__builder.hpp\n'}
[0.436498] (px4_msgs) StdoutLine: {'line': b'-- Up-to-date symlink: /home/lee/workspace/ros2_ex_mav/install/px4_msgs/include/px4_msgs/px4_msgs/msg/detail/gimbal_device_set_attitude__struct.hpp\n'}
[0.436530] (px4_msgs) StdoutLine: {'line': b'-- Up-to-date symlink: /home/lee/workspace/ros2_ex_mav/install/px4_msgs/include/px4_msgs/px4_msgs/msg/detail/gimbal_device_set_attitude__traits.hpp\n'}
[0.436563] (px4_msgs) StdoutLine: {'line': b'-- Up-to-date symlink: /home/lee/workspace/ros2_ex_mav/install/px4_msgs/include/px4_msgs/px4_msgs/msg/detail/gimbal_device_set_attitude__type_support.hpp\n'}
[0.436595] (px4_msgs) StdoutLine: {'line': b'-- Up-to-date symlink: /home/lee/workspace/ros2_ex_mav/install/px4_msgs/include/px4_msgs/px4_msgs/msg/detail/gimbal_manager_information__builder.hpp\n'}
[0.436626] (px4_msgs) StdoutLine: {'line': b'-- Up-to-date symlink: /home/lee/workspace/ros2_ex_mav/install/px4_msgs/include/px4_msgs/px4_msgs/msg/detail/gimbal_manager_information__struct.hpp\n'}
[0.436659] (px4_msgs) StdoutLine: {'line': b'-- Up-to-date symlink: /home/lee/workspace/ros2_ex_mav/install/px4_msgs/include/px4_msgs/px4_msgs/msg/detail/gimbal_manager_information__traits.hpp\n'}
[0.436692] (px4_msgs) StdoutLine: {'line': b'-- Up-to-date symlink: /home/lee/workspace/ros2_ex_mav/install/px4_msgs/include/px4_msgs/px4_msgs/msg/detail/gimbal_manager_information__type_support.hpp\n'}
[0.436724] (px4_msgs) StdoutLine: {'line': b'-- Up-to-date symlink: /home/lee/workspace/ros2_ex_mav/install/px4_msgs/include/px4_msgs/px4_msgs/msg/detail/gimbal_manager_set_attitude__builder.hpp\n'}
[0.436756] (px4_msgs) StdoutLine: {'line': b'-- Up-to-date symlink: /home/lee/workspace/ros2_ex_mav/install/px4_msgs/include/px4_msgs/px4_msgs/msg/detail/gimbal_manager_set_attitude__struct.hpp\n'}
[0.436788] (px4_msgs) StdoutLine: {'line': b'-- Up-to-date symlink: /home/lee/workspace/ros2_ex_mav/install/px4_msgs/include/px4_msgs/px4_msgs/msg/detail/gimbal_manager_set_attitude__traits.hpp\n'}
[0.436823] (px4_msgs) StdoutLine: {'line': b'-- Up-to-date symlink: /home/lee/workspace/ros2_ex_mav/install/px4_msgs/include/px4_msgs/px4_msgs/msg/detail/gimbal_manager_set_attitude__type_support.hpp\n'}
[0.436854] (px4_msgs) StdoutLine: {'line': b'-- Up-to-date symlink: /home/lee/workspace/ros2_ex_mav/install/px4_msgs/include/px4_msgs/px4_msgs/msg/detail/gimbal_manager_set_manual_control__builder.hpp\n'}
[0.436888] (px4_msgs) StdoutLine: {'line': b'-- Up-to-date symlink: /home/lee/workspace/ros2_ex_mav/install/px4_msgs/include/px4_msgs/px4_msgs/msg/detail/gimbal_manager_set_manual_control__struct.hpp\n'}
[0.436921] (px4_msgs) StdoutLine: {'line': b'-- Up-to-date symlink: /home/lee/workspace/ros2_ex_mav/install/px4_msgs/include/px4_msgs/px4_msgs/msg/detail/gimbal_manager_set_manual_control__traits.hpp\n'}
[0.436954] (px4_msgs) StdoutLine: {'line': b'-- Up-to-date symlink: /home/lee/workspace/ros2_ex_mav/install/px4_msgs/include/px4_msgs/px4_msgs/msg/detail/gimbal_manager_set_manual_control__type_support.hpp\n'}
[0.436988] (px4_msgs) StdoutLine: {'line': b'-- Up-to-date symlink: /home/lee/workspace/ros2_ex_mav/install/px4_msgs/include/px4_msgs/px4_msgs/msg/detail/gimbal_manager_status__builder.hpp\n'}
[0.437021] (px4_msgs) StdoutLine: {'line': b'-- Up-to-date symlink: /home/lee/workspace/ros2_ex_mav/install/px4_msgs/include/px4_msgs/px4_msgs/msg/detail/gimbal_manager_status__struct.hpp\n'}
[0.437055] (px4_msgs) StdoutLine: {'line': b'-- Up-to-date symlink: /home/lee/workspace/ros2_ex_mav/install/px4_msgs/include/px4_msgs/px4_msgs/msg/detail/gimbal_manager_status__traits.hpp\n'}
[0.437088] (px4_msgs) StdoutLine: {'line': b'-- Up-to-date symlink: /home/lee/workspace/ros2_ex_mav/install/px4_msgs/include/px4_msgs/px4_msgs/msg/detail/gimbal_manager_status__type_support.hpp\n'}
[0.437123] (px4_msgs) StdoutLine: {'line': b'-- Up-to-date symlink: /home/lee/workspace/ros2_ex_mav/install/px4_msgs/include/px4_msgs/px4_msgs/msg/detail/gps_dump__builder.hpp\n'}
[0.437155] (px4_msgs) StdoutLine: {'line': b'-- Up-to-date symlink: /home/lee/workspace/ros2_ex_mav/install/px4_msgs/include/px4_msgs/px4_msgs/msg/detail/gps_dump__struct.hpp\n'}
[0.437187] (px4_msgs) StdoutLine: {'line': b'-- Up-to-date symlink: /home/lee/workspace/ros2_ex_mav/install/px4_msgs/include/px4_msgs/px4_msgs/msg/detail/gps_dump__traits.hpp\n'}
[0.437223] (px4_msgs) StdoutLine: {'line': b'-- Up-to-date symlink: /home/lee/workspace/ros2_ex_mav/install/px4_msgs/include/px4_msgs/px4_msgs/msg/detail/gps_dump__type_support.hpp\n'}
[0.437257] (px4_msgs) StdoutLine: {'line': b'-- Up-to-date symlink: /home/lee/workspace/ros2_ex_mav/install/px4_msgs/include/px4_msgs/px4_msgs/msg/detail/gps_inject_data__builder.hpp\n'}
[0.437288] (px4_msgs) StdoutLine: {'line': b'-- Up-to-date symlink: /home/lee/workspace/ros2_ex_mav/install/px4_msgs/include/px4_msgs/px4_msgs/msg/detail/gps_inject_data__struct.hpp\n'}
[0.437322] (px4_msgs) StdoutLine: {'line': b'-- Up-to-date symlink: /home/lee/workspace/ros2_ex_mav/install/px4_msgs/include/px4_msgs/px4_msgs/msg/detail/gps_inject_data__traits.hpp\n'}
[0.437356] (px4_msgs) StdoutLine: {'line': b'-- Up-to-date symlink: /home/lee/workspace/ros2_ex_mav/install/px4_msgs/include/px4_msgs/px4_msgs/msg/detail/gps_inject_data__type_support.hpp\n'}
[0.437387] (px4_msgs) StdoutLine: {'line': b'-- Up-to-date symlink: /home/lee/workspace/ros2_ex_mav/install/px4_msgs/include/px4_msgs/px4_msgs/msg/detail/gripper__builder.hpp\n'}
[0.437422] (px4_msgs) StdoutLine: {'line': b'-- Up-to-date symlink: /home/lee/workspace/ros2_ex_mav/install/px4_msgs/include/px4_msgs/px4_msgs/msg/detail/gripper__struct.hpp\n'}
[0.437454] (px4_msgs) StdoutLine: {'line': b'-- Up-to-date symlink: /home/lee/workspace/ros2_ex_mav/install/px4_msgs/include/px4_msgs/px4_msgs/msg/detail/gripper__traits.hpp\n'}
[0.437487] (px4_msgs) StdoutLine: {'line': b'-- Up-to-date symlink: /home/lee/workspace/ros2_ex_mav/install/px4_msgs/include/px4_msgs/px4_msgs/msg/detail/gripper__type_support.hpp\n'}
[0.437519] (px4_msgs) StdoutLine: {'line': b'-- Up-to-date symlink: /home/lee/workspace/ros2_ex_mav/install/px4_msgs/include/px4_msgs/px4_msgs/msg/detail/health_report__builder.hpp\n'}
[0.437549] (px4_msgs) StdoutLine: {'line': b'-- Up-to-date symlink: /home/lee/workspace/ros2_ex_mav/install/px4_msgs/include/px4_msgs/px4_msgs/msg/detail/health_report__struct.hpp\n'}
[0.437583] (px4_msgs) StdoutLine: {'line': b'-- Up-to-date symlink: /home/lee/workspace/ros2_ex_mav/install/px4_msgs/include/px4_msgs/px4_msgs/msg/detail/health_report__traits.hpp\n'}
[0.437616] (px4_msgs) StdoutLine: {'line': b'-- Up-to-date symlink: /home/lee/workspace/ros2_ex_mav/install/px4_msgs/include/px4_msgs/px4_msgs/msg/detail/health_report__type_support.hpp\n'}
[0.437648] (px4_msgs) StdoutLine: {'line': b'-- Up-to-date symlink: /home/lee/workspace/ros2_ex_mav/install/px4_msgs/include/px4_msgs/px4_msgs/msg/detail/heater_status__builder.hpp\n'}
[0.437680] (px4_msgs) StdoutLine: {'line': b'-- Up-to-date symlink: /home/lee/workspace/ros2_ex_mav/install/px4_msgs/include/px4_msgs/px4_msgs/msg/detail/heater_status__struct.hpp\n'}
[0.437711] (px4_msgs) StdoutLine: {'line': b'-- Up-to-date symlink: /home/lee/workspace/ros2_ex_mav/install/px4_msgs/include/px4_msgs/px4_msgs/msg/detail/heater_status__traits.hpp\n'}
[0.437744] (px4_msgs) StdoutLine: {'line': b'-- Up-to-date symlink: /home/lee/workspace/ros2_ex_mav/install/px4_msgs/include/px4_msgs/px4_msgs/msg/detail/heater_status__type_support.hpp\n'}
[0.437776] (px4_msgs) StdoutLine: {'line': b'-- Up-to-date symlink: /home/lee/workspace/ros2_ex_mav/install/px4_msgs/include/px4_msgs/px4_msgs/msg/detail/home_position__builder.hpp\n'}
[0.437808] (px4_msgs) StdoutLine: {'line': b'-- Up-to-date symlink: /home/lee/workspace/ros2_ex_mav/install/px4_msgs/include/px4_msgs/px4_msgs/msg/detail/home_position__struct.hpp\n'}
[0.437840] (px4_msgs) StdoutLine: {'line': b'-- Up-to-date symlink: /home/lee/workspace/ros2_ex_mav/install/px4_msgs/include/px4_msgs/px4_msgs/msg/detail/home_position__traits.hpp\n'}
[0.437874] (px4_msgs) StdoutLine: {'line': b'-- Up-to-date symlink: /home/lee/workspace/ros2_ex_mav/install/px4_msgs/include/px4_msgs/px4_msgs/msg/detail/home_position__type_support.hpp\n'}
[0.437910] (px4_msgs) StdoutLine: {'line': b'-- Up-to-date symlink: /home/lee/workspace/ros2_ex_mav/install/px4_msgs/include/px4_msgs/px4_msgs/msg/detail/hover_thrust_estimate__builder.hpp\n'}
[0.437939] (px4_msgs) StdoutLine: {'line': b'-- Up-to-date symlink: /home/lee/workspace/ros2_ex_mav/install/px4_msgs/include/px4_msgs/px4_msgs/msg/detail/hover_thrust_estimate__struct.hpp\n'}
[0.437972] (px4_msgs) StdoutLine: {'line': b'-- Up-to-date symlink: /home/lee/workspace/ros2_ex_mav/install/px4_msgs/include/px4_msgs/px4_msgs/msg/detail/hover_thrust_estimate__traits.hpp\n'}
[0.438009] (px4_msgs) StdoutLine: {'line': b'-- Up-to-date symlink: /home/lee/workspace/ros2_ex_mav/install/px4_msgs/include/px4_msgs/px4_msgs/msg/detail/hover_thrust_estimate__type_support.hpp\n'}
[0.438039] (px4_msgs) StdoutLine: {'line': b'-- Up-to-date symlink: /home/lee/workspace/ros2_ex_mav/install/px4_msgs/include/px4_msgs/px4_msgs/msg/detail/input_rc__builder.hpp\n'}
[0.438073] (px4_msgs) StdoutLine: {'line': b'-- Up-to-date symlink: /home/lee/workspace/ros2_ex_mav/install/px4_msgs/include/px4_msgs/px4_msgs/msg/detail/input_rc__struct.hpp\n'}
[0.438106] (px4_msgs) StdoutLine: {'line': b'-- Up-to-date symlink: /home/lee/workspace/ros2_ex_mav/install/px4_msgs/include/px4_msgs/px4_msgs/msg/detail/input_rc__traits.hpp\n'}
[0.438138] (px4_msgs) StdoutLine: {'line': b'-- Up-to-date symlink: /home/lee/workspace/ros2_ex_mav/install/px4_msgs/include/px4_msgs/px4_msgs/msg/detail/input_rc__type_support.hpp\n'}
[0.438172] (px4_msgs) StdoutLine: {'line': b'-- Up-to-date symlink: /home/lee/workspace/ros2_ex_mav/install/px4_msgs/include/px4_msgs/px4_msgs/msg/detail/internal_combustion_engine_status__builder.hpp\n'}
[0.438208] (px4_msgs) StdoutLine: {'line': b'-- Up-to-date symlink: /home/lee/workspace/ros2_ex_mav/install/px4_msgs/include/px4_msgs/px4_msgs/msg/detail/internal_combustion_engine_status__struct.hpp\n'}
[0.438240] (px4_msgs) StdoutLine: {'line': b'-- Up-to-date symlink: /home/lee/workspace/ros2_ex_mav/install/px4_msgs/include/px4_msgs/px4_msgs/msg/detail/internal_combustion_engine_status__traits.hpp\n'}
[0.438272] (px4_msgs) StdoutLine: {'line': b'-- Up-to-date symlink: /home/lee/workspace/ros2_ex_mav/install/px4_msgs/include/px4_msgs/px4_msgs/msg/detail/internal_combustion_engine_status__type_support.hpp\n'}
[0.438310] (px4_msgs) StdoutLine: {'line': b'-- Up-to-date symlink: /home/lee/workspace/ros2_ex_mav/install/px4_msgs/include/px4_msgs/px4_msgs/msg/detail/iridiumsbd_status__builder.hpp\n'}
[0.438343] (px4_msgs) StdoutLine: {'line': b'-- Up-to-date symlink: /home/lee/workspace/ros2_ex_mav/install/px4_msgs/include/px4_msgs/px4_msgs/msg/detail/iridiumsbd_status__struct.hpp\n'}
[0.438375] (px4_msgs) StdoutLine: {'line': b'-- Up-to-date symlink: /home/lee/workspace/ros2_ex_mav/install/px4_msgs/include/px4_msgs/px4_msgs/msg/detail/iridiumsbd_status__traits.hpp\n'}
[0.438410] (px4_msgs) StdoutLine: {'line': b'-- Up-to-date symlink: /home/lee/workspace/ros2_ex_mav/install/px4_msgs/include/px4_msgs/px4_msgs/msg/detail/iridiumsbd_status__type_support.hpp\n'}
[0.438441] (px4_msgs) StdoutLine: {'line': b'-- Up-to-date symlink: /home/lee/workspace/ros2_ex_mav/install/px4_msgs/include/px4_msgs/px4_msgs/msg/detail/irlock_report__builder.hpp\n'}
[0.438474] (px4_msgs) StdoutLine: {'line': b'-- Up-to-date symlink: /home/lee/workspace/ros2_ex_mav/install/px4_msgs/include/px4_msgs/px4_msgs/msg/detail/irlock_report__struct.hpp\n'}
[0.438505] (px4_msgs) StdoutLine: {'line': b'-- Up-to-date symlink: /home/lee/workspace/ros2_ex_mav/install/px4_msgs/include/px4_msgs/px4_msgs/msg/detail/irlock_report__traits.hpp\n'}
[0.438537] (px4_msgs) StdoutLine: {'line': b'-- Up-to-date symlink: /home/lee/workspace/ros2_ex_mav/install/px4_msgs/include/px4_msgs/px4_msgs/msg/detail/irlock_report__type_support.hpp\n'}
[0.438569] (px4_msgs) StdoutLine: {'line': b'-- Up-to-date symlink: /home/lee/workspace/ros2_ex_mav/install/px4_msgs/include/px4_msgs/px4_msgs/msg/detail/landing_gear__builder.hpp\n'}
[0.438601] (px4_msgs) StdoutLine: {'line': b'-- Up-to-date symlink: /home/lee/workspace/ros2_ex_mav/install/px4_msgs/include/px4_msgs/px4_msgs/msg/detail/landing_gear__struct.hpp\n'}
[0.438632] (px4_msgs) StdoutLine: {'line': b'-- Up-to-date symlink: /home/lee/workspace/ros2_ex_mav/install/px4_msgs/include/px4_msgs/px4_msgs/msg/detail/landing_gear__traits.hpp\n'}
[0.438665] (px4_msgs) StdoutLine: {'line': b'-- Up-to-date symlink: /home/lee/workspace/ros2_ex_mav/install/px4_msgs/include/px4_msgs/px4_msgs/msg/detail/landing_gear__type_support.hpp\n'}
[0.438694] (px4_msgs) StdoutLine: {'line': b'-- Up-to-date symlink: /home/lee/workspace/ros2_ex_mav/install/px4_msgs/include/px4_msgs/px4_msgs/msg/detail/landing_gear_wheel__builder.hpp\n'}
[0.438728] (px4_msgs) StdoutLine: {'line': b'-- Up-to-date symlink: /home/lee/workspace/ros2_ex_mav/install/px4_msgs/include/px4_msgs/px4_msgs/msg/detail/landing_gear_wheel__struct.hpp\n'}
[0.438759] (px4_msgs) StdoutLine: {'line': b'-- Up-to-date symlink: /home/lee/workspace/ros2_ex_mav/install/px4_msgs/include/px4_msgs/px4_msgs/msg/detail/landing_gear_wheel__traits.hpp\n'}
[0.438792] (px4_msgs) StdoutLine: {'line': b'-- Up-to-date symlink: /home/lee/workspace/ros2_ex_mav/install/px4_msgs/include/px4_msgs/px4_msgs/msg/detail/landing_gear_wheel__type_support.hpp\n'}
[0.438825] (px4_msgs) StdoutLine: {'line': b'-- Up-to-date symlink: /home/lee/workspace/ros2_ex_mav/install/px4_msgs/include/px4_msgs/px4_msgs/msg/detail/landing_target_innovations__builder.hpp\n'}
[0.438857] (px4_msgs) StdoutLine: {'line': b'-- Up-to-date symlink: /home/lee/workspace/ros2_ex_mav/install/px4_msgs/include/px4_msgs/px4_msgs/msg/detail/landing_target_innovations__struct.hpp\n'}
[0.438889] (px4_msgs) StdoutLine: {'line': b'-- Up-to-date symlink: /home/lee/workspace/ros2_ex_mav/install/px4_msgs/include/px4_msgs/px4_msgs/msg/detail/landing_target_innovations__traits.hpp\n'}
[0.438925] (px4_msgs) StdoutLine: {'line': b'-- Up-to-date symlink: /home/lee/workspace/ros2_ex_mav/install/px4_msgs/include/px4_msgs/px4_msgs/msg/detail/landing_target_innovations__type_support.hpp\n'}
[0.438954] (px4_msgs) StdoutLine: {'line': b'-- Up-to-date symlink: /home/lee/workspace/ros2_ex_mav/install/px4_msgs/include/px4_msgs/px4_msgs/msg/detail/landing_target_pose__builder.hpp\n'}
[0.438990] (px4_msgs) StdoutLine: {'line': b'-- Up-to-date symlink: /home/lee/workspace/ros2_ex_mav/install/px4_msgs/include/px4_msgs/px4_msgs/msg/detail/landing_target_pose__struct.hpp\n'}
[0.439024] (px4_msgs) StdoutLine: {'line': b'-- Up-to-date symlink: /home/lee/workspace/ros2_ex_mav/install/px4_msgs/include/px4_msgs/px4_msgs/msg/detail/landing_target_pose__traits.hpp\n'}
[0.439056] (px4_msgs) StdoutLine: {'line': b'-- Up-to-date symlink: /home/lee/workspace/ros2_ex_mav/install/px4_msgs/include/px4_msgs/px4_msgs/msg/detail/landing_target_pose__type_support.hpp\n'}
[0.439088] (px4_msgs) StdoutLine: {'line': b'-- Up-to-date symlink: /home/lee/workspace/ros2_ex_mav/install/px4_msgs/include/px4_msgs/px4_msgs/msg/detail/launch_detection_status__builder.hpp\n'}
[0.439120] (px4_msgs) StdoutLine: {'line': b'-- Up-to-date symlink: /home/lee/workspace/ros2_ex_mav/install/px4_msgs/include/px4_msgs/px4_msgs/msg/detail/launch_detection_status__struct.hpp\n'}
[0.439154] (px4_msgs) StdoutLine: {'line': b'-- Up-to-date symlink: /home/lee/workspace/ros2_ex_mav/install/px4_msgs/include/px4_msgs/px4_msgs/msg/detail/launch_detection_status__traits.hpp\n'}
[0.439184] (px4_msgs) StdoutLine: {'line': b'-- Up-to-date symlink: /home/lee/workspace/ros2_ex_mav/install/px4_msgs/include/px4_msgs/px4_msgs/msg/detail/launch_detection_status__type_support.hpp\n'}
[0.439218] (px4_msgs) StdoutLine: {'line': b'-- Up-to-date symlink: /home/lee/workspace/ros2_ex_mav/install/px4_msgs/include/px4_msgs/px4_msgs/msg/detail/led_control__builder.hpp\n'}
[0.439250] (px4_msgs) StdoutLine: {'line': b'-- Up-to-date symlink: /home/lee/workspace/ros2_ex_mav/install/px4_msgs/include/px4_msgs/px4_msgs/msg/detail/led_control__struct.hpp\n'}
[0.439283] (px4_msgs) StdoutLine: {'line': b'-- Up-to-date symlink: /home/lee/workspace/ros2_ex_mav/install/px4_msgs/include/px4_msgs/px4_msgs/msg/detail/led_control__traits.hpp\n'}
[0.439319] (px4_msgs) StdoutLine: {'line': b'-- Up-to-date symlink: /home/lee/workspace/ros2_ex_mav/install/px4_msgs/include/px4_msgs/px4_msgs/msg/detail/led_control__type_support.hpp\n'}
[0.439356] (px4_msgs) StdoutLine: {'line': b'-- Up-to-date symlink: /home/lee/workspace/ros2_ex_mav/install/px4_msgs/include/px4_msgs/px4_msgs/msg/detail/log_message__builder.hpp\n'}
[0.439391] (px4_msgs) StdoutLine: {'line': b'-- Up-to-date symlink: /home/lee/workspace/ros2_ex_mav/install/px4_msgs/include/px4_msgs/px4_msgs/msg/detail/log_message__struct.hpp\n'}
[0.439422] (px4_msgs) StdoutLine: {'line': b'-- Up-to-date symlink: /home/lee/workspace/ros2_ex_mav/install/px4_msgs/include/px4_msgs/px4_msgs/msg/detail/log_message__traits.hpp\n'}
[0.439454] (px4_msgs) StdoutLine: {'line': b'-- Up-to-date symlink: /home/lee/workspace/ros2_ex_mav/install/px4_msgs/include/px4_msgs/px4_msgs/msg/detail/log_message__type_support.hpp\n'}
[0.439485] (px4_msgs) StdoutLine: {'line': b'-- Up-to-date symlink: /home/lee/workspace/ros2_ex_mav/install/px4_msgs/include/px4_msgs/px4_msgs/msg/detail/logger_status__builder.hpp\n'}
[0.439518] (px4_msgs) StdoutLine: {'line': b'-- Up-to-date symlink: /home/lee/workspace/ros2_ex_mav/install/px4_msgs/include/px4_msgs/px4_msgs/msg/detail/logger_status__struct.hpp\n'}
[0.439549] (px4_msgs) StdoutLine: {'line': b'-- Up-to-date symlink: /home/lee/workspace/ros2_ex_mav/install/px4_msgs/include/px4_msgs/px4_msgs/msg/detail/logger_status__traits.hpp\n'}
[0.439579] (px4_msgs) StdoutLine: {'line': b'-- Up-to-date symlink: /home/lee/workspace/ros2_ex_mav/install/px4_msgs/include/px4_msgs/px4_msgs/msg/detail/logger_status__type_support.hpp\n'}
[0.439610] (px4_msgs) StdoutLine: {'line': b'-- Up-to-date symlink: /home/lee/workspace/ros2_ex_mav/install/px4_msgs/include/px4_msgs/px4_msgs/msg/detail/mag_worker_data__builder.hpp\n'}
[0.439643] (px4_msgs) StdoutLine: {'line': b'-- Up-to-date symlink: /home/lee/workspace/ros2_ex_mav/install/px4_msgs/include/px4_msgs/px4_msgs/msg/detail/mag_worker_data__struct.hpp\n'}
[0.439676] (px4_msgs) StdoutLine: {'line': b'-- Up-to-date symlink: /home/lee/workspace/ros2_ex_mav/install/px4_msgs/include/px4_msgs/px4_msgs/msg/detail/mag_worker_data__traits.hpp\n'}
[0.439710] (px4_msgs) StdoutLine: {'line': b'-- Up-to-date symlink: /home/lee/workspace/ros2_ex_mav/install/px4_msgs/include/px4_msgs/px4_msgs/msg/detail/mag_worker_data__type_support.hpp\n'}
[0.439761] (px4_msgs) StdoutLine: {'line': b'-- Up-to-date symlink: /home/lee/workspace/ros2_ex_mav/install/px4_msgs/include/px4_msgs/px4_msgs/msg/detail/magnetometer_bias_estimate__builder.hpp\n'}
[0.439791] (px4_msgs) StdoutLine: {'line': b'-- Up-to-date symlink: /home/lee/workspace/ros2_ex_mav/install/px4_msgs/include/px4_msgs/px4_msgs/msg/detail/magnetometer_bias_estimate__struct.hpp\n'}
[0.439830] (px4_msgs) StdoutLine: {'line': b'-- Up-to-date symlink: /home/lee/workspace/ros2_ex_mav/install/px4_msgs/include/px4_msgs/px4_msgs/msg/detail/magnetometer_bias_estimate__traits.hpp\n'}
[0.439870] (px4_msgs) StdoutLine: {'line': b'-- Up-to-date symlink: /home/lee/workspace/ros2_ex_mav/install/px4_msgs/include/px4_msgs/px4_msgs/msg/detail/magnetometer_bias_estimate__type_support.hpp\n'}
[0.439889] (px4_msgs) StdoutLine: {'line': b'-- Up-to-date symlink: /home/lee/workspace/ros2_ex_mav/install/px4_msgs/include/px4_msgs/px4_msgs/msg/detail/manual_control_setpoint__builder.hpp\n'}
[0.439923] (px4_msgs) StdoutLine: {'line': b'-- Up-to-date symlink: /home/lee/workspace/ros2_ex_mav/install/px4_msgs/include/px4_msgs/px4_msgs/msg/detail/manual_control_setpoint__struct.hpp\n'}
[0.439958] (px4_msgs) StdoutLine: {'line': b'-- Up-to-date symlink: /home/lee/workspace/ros2_ex_mav/install/px4_msgs/include/px4_msgs/px4_msgs/msg/detail/manual_control_setpoint__traits.hpp\n'}
[0.439992] (px4_msgs) StdoutLine: {'line': b'-- Up-to-date symlink: /home/lee/workspace/ros2_ex_mav/install/px4_msgs/include/px4_msgs/px4_msgs/msg/detail/manual_control_setpoint__type_support.hpp\n'}
[0.440026] (px4_msgs) StdoutLine: {'line': b'-- Up-to-date symlink: /home/lee/workspace/ros2_ex_mav/install/px4_msgs/include/px4_msgs/px4_msgs/msg/detail/manual_control_switches__builder.hpp\n'}
[0.440055] (px4_msgs) StdoutLine: {'line': b'-- Up-to-date symlink: /home/lee/workspace/ros2_ex_mav/install/px4_msgs/include/px4_msgs/px4_msgs/msg/detail/manual_control_switches__struct.hpp\n'}
[0.440089] (px4_msgs) StdoutLine: {'line': b'-- Up-to-date symlink: /home/lee/workspace/ros2_ex_mav/install/px4_msgs/include/px4_msgs/px4_msgs/msg/detail/manual_control_switches__traits.hpp\n'}
[0.440124] (px4_msgs) StdoutLine: {'line': b'-- Up-to-date symlink: /home/lee/workspace/ros2_ex_mav/install/px4_msgs/include/px4_msgs/px4_msgs/msg/detail/manual_control_switches__type_support.hpp\n'}
[0.440157] (px4_msgs) StdoutLine: {'line': b'-- Up-to-date symlink: /home/lee/workspace/ros2_ex_mav/install/px4_msgs/include/px4_msgs/px4_msgs/msg/detail/mavlink_log__builder.hpp\n'}
[0.440191] (px4_msgs) StdoutLine: {'line': b'-- Up-to-date symlink: /home/lee/workspace/ros2_ex_mav/install/px4_msgs/include/px4_msgs/px4_msgs/msg/detail/mavlink_log__struct.hpp\n'}
[0.440224] (px4_msgs) StdoutLine: {'line': b'-- Up-to-date symlink: /home/lee/workspace/ros2_ex_mav/install/px4_msgs/include/px4_msgs/px4_msgs/msg/detail/mavlink_log__traits.hpp\n'}
[0.440257] (px4_msgs) StdoutLine: {'line': b'-- Up-to-date symlink: /home/lee/workspace/ros2_ex_mav/install/px4_msgs/include/px4_msgs/px4_msgs/msg/detail/mavlink_log__type_support.hpp\n'}
[0.440290] (px4_msgs) StdoutLine: {'line': b'-- Up-to-date symlink: /home/lee/workspace/ros2_ex_mav/install/px4_msgs/include/px4_msgs/px4_msgs/msg/detail/mavlink_tunnel__builder.hpp\n'}
[0.440325] (px4_msgs) StdoutLine: {'line': b'-- Up-to-date symlink: /home/lee/workspace/ros2_ex_mav/install/px4_msgs/include/px4_msgs/px4_msgs/msg/detail/mavlink_tunnel__struct.hpp\n'}
[0.440360] (px4_msgs) StdoutLine: {'line': b'-- Up-to-date symlink: /home/lee/workspace/ros2_ex_mav/install/px4_msgs/include/px4_msgs/px4_msgs/msg/detail/mavlink_tunnel__traits.hpp\n'}
[0.440393] (px4_msgs) StdoutLine: {'line': b'-- Up-to-date symlink: /home/lee/workspace/ros2_ex_mav/install/px4_msgs/include/px4_msgs/px4_msgs/msg/detail/mavlink_tunnel__type_support.hpp\n'}
[0.440426] (px4_msgs) StdoutLine: {'line': b'-- Up-to-date symlink: /home/lee/workspace/ros2_ex_mav/install/px4_msgs/include/px4_msgs/px4_msgs/msg/detail/mission__builder.hpp\n'}
[0.440472] (px4_msgs) StdoutLine: {'line': b'-- Up-to-date symlink: /home/lee/workspace/ros2_ex_mav/install/px4_msgs/include/px4_msgs/px4_msgs/msg/detail/mission__struct.hpp\n'}
[0.440492] (px4_msgs) StdoutLine: {'line': b'-- Up-to-date symlink: /home/lee/workspace/ros2_ex_mav/install/px4_msgs/include/px4_msgs/px4_msgs/msg/detail/mission__traits.hpp\n'}
[0.440525] (px4_msgs) StdoutLine: {'line': b'-- Up-to-date symlink: /home/lee/workspace/ros2_ex_mav/install/px4_msgs/include/px4_msgs/px4_msgs/msg/detail/mission__type_support.hpp\n'}
[0.440560] (px4_msgs) StdoutLine: {'line': b'-- Up-to-date symlink: /home/lee/workspace/ros2_ex_mav/install/px4_msgs/include/px4_msgs/px4_msgs/msg/detail/mission_result__builder.hpp\n'}
[0.440592] (px4_msgs) StdoutLine: {'line': b'-- Up-to-date symlink: /home/lee/workspace/ros2_ex_mav/install/px4_msgs/include/px4_msgs/px4_msgs/msg/detail/mission_result__struct.hpp\n'}
[0.440625] (px4_msgs) StdoutLine: {'line': b'-- Up-to-date symlink: /home/lee/workspace/ros2_ex_mav/install/px4_msgs/include/px4_msgs/px4_msgs/msg/detail/mission_result__traits.hpp\n'}
[0.440658] (px4_msgs) StdoutLine: {'line': b'-- Up-to-date symlink: /home/lee/workspace/ros2_ex_mav/install/px4_msgs/include/px4_msgs/px4_msgs/msg/detail/mission_result__type_support.hpp\n'}
[0.440692] (px4_msgs) StdoutLine: {'line': b'-- Up-to-date symlink: /home/lee/workspace/ros2_ex_mav/install/px4_msgs/include/px4_msgs/px4_msgs/msg/detail/mode_completed__builder.hpp\n'}
[0.440728] (px4_msgs) StdoutLine: {'line': b'-- Up-to-date symlink: /home/lee/workspace/ros2_ex_mav/install/px4_msgs/include/px4_msgs/px4_msgs/msg/detail/mode_completed__struct.hpp\n'}
[0.440756] (px4_msgs) StdoutLine: {'line': b'-- Up-to-date symlink: /home/lee/workspace/ros2_ex_mav/install/px4_msgs/include/px4_msgs/px4_msgs/msg/detail/mode_completed__traits.hpp\n'}
[0.440793] (px4_msgs) StdoutLine: {'line': b'-- Up-to-date symlink: /home/lee/workspace/ros2_ex_mav/install/px4_msgs/include/px4_msgs/px4_msgs/msg/detail/mode_completed__type_support.hpp\n'}
[0.440822] (px4_msgs) StdoutLine: {'line': b'-- Up-to-date symlink: /home/lee/workspace/ros2_ex_mav/install/px4_msgs/include/px4_msgs/px4_msgs/msg/detail/mount_orientation__builder.hpp\n'}
[0.440857] (px4_msgs) StdoutLine: {'line': b'-- Up-to-date symlink: /home/lee/workspace/ros2_ex_mav/install/px4_msgs/include/px4_msgs/px4_msgs/msg/detail/mount_orientation__struct.hpp\n'}
[0.440892] (px4_msgs) StdoutLine: {'line': b'-- Up-to-date symlink: /home/lee/workspace/ros2_ex_mav/install/px4_msgs/include/px4_msgs/px4_msgs/msg/detail/mount_orientation__traits.hpp\n'}
[0.440920] (px4_msgs) StdoutLine: {'line': b'-- Up-to-date symlink: /home/lee/workspace/ros2_ex_mav/install/px4_msgs/include/px4_msgs/px4_msgs/msg/detail/mount_orientation__type_support.hpp\n'}
[0.440949] (px4_msgs) StdoutLine: {'line': b'-- Up-to-date symlink: /home/lee/workspace/ros2_ex_mav/install/px4_msgs/include/px4_msgs/px4_msgs/msg/detail/navigator_mission_item__builder.hpp\n'}
[0.440983] (px4_msgs) StdoutLine: {'line': b'-- Up-to-date symlink: /home/lee/workspace/ros2_ex_mav/install/px4_msgs/include/px4_msgs/px4_msgs/msg/detail/navigator_mission_item__struct.hpp\n'}
[0.441018] (px4_msgs) StdoutLine: {'line': b'-- Up-to-date symlink: /home/lee/workspace/ros2_ex_mav/install/px4_msgs/include/px4_msgs/px4_msgs/msg/detail/navigator_mission_item__traits.hpp\n'}
[0.441053] (px4_msgs) StdoutLine: {'line': b'-- Up-to-date symlink: /home/lee/workspace/ros2_ex_mav/install/px4_msgs/include/px4_msgs/px4_msgs/msg/detail/navigator_mission_item__type_support.hpp\n'}
[0.441088] (px4_msgs) StdoutLine: {'line': b'-- Up-to-date symlink: /home/lee/workspace/ros2_ex_mav/install/px4_msgs/include/px4_msgs/px4_msgs/msg/detail/normalized_unsigned_setpoint__builder.hpp\n'}
[0.441118] (px4_msgs) StdoutLine: {'line': b'-- Up-to-date symlink: /home/lee/workspace/ros2_ex_mav/install/px4_msgs/include/px4_msgs/px4_msgs/msg/detail/normalized_unsigned_setpoint__struct.hpp\n'}
[0.441147] (px4_msgs) StdoutLine: {'line': b'-- Up-to-date symlink: /home/lee/workspace/ros2_ex_mav/install/px4_msgs/include/px4_msgs/px4_msgs/msg/detail/normalized_unsigned_setpoint__traits.hpp\n'}
[0.441181] (px4_msgs) StdoutLine: {'line': b'-- Up-to-date symlink: /home/lee/workspace/ros2_ex_mav/install/px4_msgs/include/px4_msgs/px4_msgs/msg/detail/normalized_unsigned_setpoint__type_support.hpp\n'}
[0.441214] (px4_msgs) StdoutLine: {'line': b'-- Up-to-date symlink: /home/lee/workspace/ros2_ex_mav/install/px4_msgs/include/px4_msgs/px4_msgs/msg/detail/npfg_status__builder.hpp\n'}
[0.441247] (px4_msgs) StdoutLine: {'line': b'-- Up-to-date symlink: /home/lee/workspace/ros2_ex_mav/install/px4_msgs/include/px4_msgs/px4_msgs/msg/detail/npfg_status__struct.hpp\n'}
[0.441281] (px4_msgs) StdoutLine: {'line': b'-- Up-to-date symlink: /home/lee/workspace/ros2_ex_mav/install/px4_msgs/include/px4_msgs/px4_msgs/msg/detail/npfg_status__traits.hpp\n'}
[0.441322] (px4_msgs) StdoutLine: {'line': b'-- Up-to-date symlink: /home/lee/workspace/ros2_ex_mav/install/px4_msgs/include/px4_msgs/px4_msgs/msg/detail/npfg_status__type_support.hpp\n'}
[0.441359] (px4_msgs) StdoutLine: {'line': b'-- Up-to-date symlink: /home/lee/workspace/ros2_ex_mav/install/px4_msgs/include/px4_msgs/px4_msgs/msg/detail/obstacle_distance__builder.hpp\n'}
[0.441391] (px4_msgs) StdoutLine: {'line': b'-- Up-to-date symlink: /home/lee/workspace/ros2_ex_mav/install/px4_msgs/include/px4_msgs/px4_msgs/msg/detail/obstacle_distance__struct.hpp\n'}
[0.441425] (px4_msgs) StdoutLine: {'line': b'-- Up-to-date symlink: /home/lee/workspace/ros2_ex_mav/install/px4_msgs/include/px4_msgs/px4_msgs/msg/detail/obstacle_distance__traits.hpp\n'}
[0.441458] (px4_msgs) StdoutLine: {'line': b'-- Up-to-date symlink: /home/lee/workspace/ros2_ex_mav/install/px4_msgs/include/px4_msgs/px4_msgs/msg/detail/obstacle_distance__type_support.hpp\n'}
[0.441494] (px4_msgs) StdoutLine: {'line': b'-- Up-to-date symlink: /home/lee/workspace/ros2_ex_mav/install/px4_msgs/include/px4_msgs/px4_msgs/msg/detail/offboard_control_mode__builder.hpp\n'}
[0.441529] (px4_msgs) StdoutLine: {'line': b'-- Up-to-date symlink: /home/lee/workspace/ros2_ex_mav/install/px4_msgs/include/px4_msgs/px4_msgs/msg/detail/offboard_control_mode__struct.hpp\n'}
[0.441557] (px4_msgs) StdoutLine: {'line': b'-- Up-to-date symlink: /home/lee/workspace/ros2_ex_mav/install/px4_msgs/include/px4_msgs/px4_msgs/msg/detail/offboard_control_mode__traits.hpp\n'}
[0.441592] (px4_msgs) StdoutLine: {'line': b'-- Up-to-date symlink: /home/lee/workspace/ros2_ex_mav/install/px4_msgs/include/px4_msgs/px4_msgs/msg/detail/offboard_control_mode__type_support.hpp\n'}
[0.441628] (px4_msgs) StdoutLine: {'line': b'-- Up-to-date symlink: /home/lee/workspace/ros2_ex_mav/install/px4_msgs/include/px4_msgs/px4_msgs/msg/detail/onboard_computer_status__builder.hpp\n'}
[0.441656] (px4_msgs) StdoutLine: {'line': b'-- Up-to-date symlink: /home/lee/workspace/ros2_ex_mav/install/px4_msgs/include/px4_msgs/px4_msgs/msg/detail/onboard_computer_status__struct.hpp\n'}
[0.441689] (px4_msgs) StdoutLine: {'line': b'-- Up-to-date symlink: /home/lee/workspace/ros2_ex_mav/install/px4_msgs/include/px4_msgs/px4_msgs/msg/detail/onboard_computer_status__traits.hpp\n'}
[0.441722] (px4_msgs) StdoutLine: {'line': b'-- Up-to-date symlink: /home/lee/workspace/ros2_ex_mav/install/px4_msgs/include/px4_msgs/px4_msgs/msg/detail/onboard_computer_status__type_support.hpp\n'}
[0.441757] (px4_msgs) StdoutLine: {'line': b'-- Up-to-date symlink: /home/lee/workspace/ros2_ex_mav/install/px4_msgs/include/px4_msgs/px4_msgs/msg/detail/orb_test__builder.hpp\n'}
[0.441785] (px4_msgs) StdoutLine: {'line': b'-- Up-to-date symlink: /home/lee/workspace/ros2_ex_mav/install/px4_msgs/include/px4_msgs/px4_msgs/msg/detail/orb_test__struct.hpp\n'}
[0.441817] (px4_msgs) StdoutLine: {'line': b'-- Up-to-date symlink: /home/lee/workspace/ros2_ex_mav/install/px4_msgs/include/px4_msgs/px4_msgs/msg/detail/orb_test__traits.hpp\n'}
[0.441845] (px4_msgs) StdoutLine: {'line': b'-- Up-to-date symlink: /home/lee/workspace/ros2_ex_mav/install/px4_msgs/include/px4_msgs/px4_msgs/msg/detail/orb_test__type_support.hpp\n'}
[0.441877] (px4_msgs) StdoutLine: {'line': b'-- Up-to-date symlink: /home/lee/workspace/ros2_ex_mav/install/px4_msgs/include/px4_msgs/px4_msgs/msg/detail/orb_test_large__builder.hpp\n'}
[0.441909] (px4_msgs) StdoutLine: {'line': b'-- Up-to-date symlink: /home/lee/workspace/ros2_ex_mav/install/px4_msgs/include/px4_msgs/px4_msgs/msg/detail/orb_test_large__struct.hpp\n'}
[0.441944] (px4_msgs) StdoutLine: {'line': b'-- Up-to-date symlink: /home/lee/workspace/ros2_ex_mav/install/px4_msgs/include/px4_msgs/px4_msgs/msg/detail/orb_test_large__traits.hpp\n'}
[0.441976] (px4_msgs) StdoutLine: {'line': b'-- Up-to-date symlink: /home/lee/workspace/ros2_ex_mav/install/px4_msgs/include/px4_msgs/px4_msgs/msg/detail/orb_test_large__type_support.hpp\n'}
[0.442010] (px4_msgs) StdoutLine: {'line': b'-- Up-to-date symlink: /home/lee/workspace/ros2_ex_mav/install/px4_msgs/include/px4_msgs/px4_msgs/msg/detail/orb_test_medium__builder.hpp\n'}
[0.442044] (px4_msgs) StdoutLine: {'line': b'-- Up-to-date symlink: /home/lee/workspace/ros2_ex_mav/install/px4_msgs/include/px4_msgs/px4_msgs/msg/detail/orb_test_medium__struct.hpp\n'}
[0.442076] (px4_msgs) StdoutLine: {'line': b'-- Up-to-date symlink: /home/lee/workspace/ros2_ex_mav/install/px4_msgs/include/px4_msgs/px4_msgs/msg/detail/orb_test_medium__traits.hpp\n'}
[0.442109] (px4_msgs) StdoutLine: {'line': b'-- Up-to-date symlink: /home/lee/workspace/ros2_ex_mav/install/px4_msgs/include/px4_msgs/px4_msgs/msg/detail/orb_test_medium__type_support.hpp\n'}
[0.442142] (px4_msgs) StdoutLine: {'line': b'-- Up-to-date symlink: /home/lee/workspace/ros2_ex_mav/install/px4_msgs/include/px4_msgs/px4_msgs/msg/detail/orbit_status__builder.hpp\n'}
[0.442175] (px4_msgs) StdoutLine: {'line': b'-- Up-to-date symlink: /home/lee/workspace/ros2_ex_mav/install/px4_msgs/include/px4_msgs/px4_msgs/msg/detail/orbit_status__struct.hpp\n'}
[0.442208] (px4_msgs) StdoutLine: {'line': b'-- Up-to-date symlink: /home/lee/workspace/ros2_ex_mav/install/px4_msgs/include/px4_msgs/px4_msgs/msg/detail/orbit_status__traits.hpp\n'}
[0.442241] (px4_msgs) StdoutLine: {'line': b'-- Up-to-date symlink: /home/lee/workspace/ros2_ex_mav/install/px4_msgs/include/px4_msgs/px4_msgs/msg/detail/orbit_status__type_support.hpp\n'}
[0.442274] (px4_msgs) StdoutLine: {'line': b'-- Up-to-date symlink: /home/lee/workspace/ros2_ex_mav/install/px4_msgs/include/px4_msgs/px4_msgs/msg/detail/parameter_update__builder.hpp\n'}
[0.442308] (px4_msgs) StdoutLine: {'line': b'-- Up-to-date symlink: /home/lee/workspace/ros2_ex_mav/install/px4_msgs/include/px4_msgs/px4_msgs/msg/detail/parameter_update__struct.hpp\n'}
[0.442343] (px4_msgs) StdoutLine: {'line': b'-- Up-to-date symlink: /home/lee/workspace/ros2_ex_mav/install/px4_msgs/include/px4_msgs/px4_msgs/msg/detail/parameter_update__traits.hpp\n'}
[0.442377] (px4_msgs) StdoutLine: {'line': b'-- Up-to-date symlink: /home/lee/workspace/ros2_ex_mav/install/px4_msgs/include/px4_msgs/px4_msgs/msg/detail/parameter_update__type_support.hpp\n'}
[0.442410] (px4_msgs) StdoutLine: {'line': b'-- Up-to-date symlink: /home/lee/workspace/ros2_ex_mav/install/px4_msgs/include/px4_msgs/px4_msgs/msg/detail/ping__builder.hpp\n'}
[0.442443] (px4_msgs) StdoutLine: {'line': b'-- Up-to-date symlink: /home/lee/workspace/ros2_ex_mav/install/px4_msgs/include/px4_msgs/px4_msgs/msg/detail/ping__struct.hpp\n'}
[0.442475] (px4_msgs) StdoutLine: {'line': b'-- Up-to-date symlink: /home/lee/workspace/ros2_ex_mav/install/px4_msgs/include/px4_msgs/px4_msgs/msg/detail/ping__traits.hpp\n'}
[0.442509] (px4_msgs) StdoutLine: {'line': b'-- Up-to-date symlink: /home/lee/workspace/ros2_ex_mav/install/px4_msgs/include/px4_msgs/px4_msgs/msg/detail/ping__type_support.hpp\n'}
[0.442544] (px4_msgs) StdoutLine: {'line': b'-- Up-to-date symlink: /home/lee/workspace/ros2_ex_mav/install/px4_msgs/include/px4_msgs/px4_msgs/msg/detail/position_controller_landing_status__builder.hpp\n'}
[0.442578] (px4_msgs) StdoutLine: {'line': b'-- Up-to-date symlink: /home/lee/workspace/ros2_ex_mav/install/px4_msgs/include/px4_msgs/px4_msgs/msg/detail/position_controller_landing_status__struct.hpp\n'}
[0.442611] (px4_msgs) StdoutLine: {'line': b'-- Up-to-date symlink: /home/lee/workspace/ros2_ex_mav/install/px4_msgs/include/px4_msgs/px4_msgs/msg/detail/position_controller_landing_status__traits.hpp\n'}
[0.442648] (px4_msgs) StdoutLine: {'line': b'-- Up-to-date symlink: /home/lee/workspace/ros2_ex_mav/install/px4_msgs/include/px4_msgs/px4_msgs/msg/detail/position_controller_landing_status__type_support.hpp\n'}
[0.442682] (px4_msgs) StdoutLine: {'line': b'-- Up-to-date symlink: /home/lee/workspace/ros2_ex_mav/install/px4_msgs/include/px4_msgs/px4_msgs/msg/detail/position_controller_status__builder.hpp\n'}
[0.442716] (px4_msgs) StdoutLine: {'line': b'-- Up-to-date symlink: /home/lee/workspace/ros2_ex_mav/install/px4_msgs/include/px4_msgs/px4_msgs/msg/detail/position_controller_status__struct.hpp\n'}
[0.442751] (px4_msgs) StdoutLine: {'line': b'-- Up-to-date symlink: /home/lee/workspace/ros2_ex_mav/install/px4_msgs/include/px4_msgs/px4_msgs/msg/detail/position_controller_status__traits.hpp\n'}
[0.442784] (px4_msgs) StdoutLine: {'line': b'-- Up-to-date symlink: /home/lee/workspace/ros2_ex_mav/install/px4_msgs/include/px4_msgs/px4_msgs/msg/detail/position_controller_status__type_support.hpp\n'}
[0.442818] (px4_msgs) StdoutLine: {'line': b'-- Up-to-date symlink: /home/lee/workspace/ros2_ex_mav/install/px4_msgs/include/px4_msgs/px4_msgs/msg/detail/position_setpoint__builder.hpp\n'}
[0.442851] (px4_msgs) StdoutLine: {'line': b'-- Up-to-date symlink: /home/lee/workspace/ros2_ex_mav/install/px4_msgs/include/px4_msgs/px4_msgs/msg/detail/position_setpoint__struct.hpp\n'}
[0.442885] (px4_msgs) StdoutLine: {'line': b'-- Up-to-date symlink: /home/lee/workspace/ros2_ex_mav/install/px4_msgs/include/px4_msgs/px4_msgs/msg/detail/position_setpoint__traits.hpp\n'}
[0.442918] (px4_msgs) StdoutLine: {'line': b'-- Up-to-date symlink: /home/lee/workspace/ros2_ex_mav/install/px4_msgs/include/px4_msgs/px4_msgs/msg/detail/position_setpoint__type_support.hpp\n'}
[0.442951] (px4_msgs) StdoutLine: {'line': b'-- Up-to-date symlink: /home/lee/workspace/ros2_ex_mav/install/px4_msgs/include/px4_msgs/px4_msgs/msg/detail/position_setpoint_triplet__builder.hpp\n'}
[0.442984] (px4_msgs) StdoutLine: {'line': b'-- Up-to-date symlink: /home/lee/workspace/ros2_ex_mav/install/px4_msgs/include/px4_msgs/px4_msgs/msg/detail/position_setpoint_triplet__struct.hpp\n'}
[0.443017] (px4_msgs) StdoutLine: {'line': b'-- Up-to-date symlink: /home/lee/workspace/ros2_ex_mav/install/px4_msgs/include/px4_msgs/px4_msgs/msg/detail/position_setpoint_triplet__traits.hpp\n'}
[0.443050] (px4_msgs) StdoutLine: {'line': b'-- Up-to-date symlink: /home/lee/workspace/ros2_ex_mav/install/px4_msgs/include/px4_msgs/px4_msgs/msg/detail/position_setpoint_triplet__type_support.hpp\n'}
[0.443084] (px4_msgs) StdoutLine: {'line': b'-- Up-to-date symlink: /home/lee/workspace/ros2_ex_mav/install/px4_msgs/include/px4_msgs/px4_msgs/msg/detail/power_button_state__builder.hpp\n'}
[0.443118] (px4_msgs) StdoutLine: {'line': b'-- Up-to-date symlink: /home/lee/workspace/ros2_ex_mav/install/px4_msgs/include/px4_msgs/px4_msgs/msg/detail/power_button_state__struct.hpp\n'}
[0.443150] (px4_msgs) StdoutLine: {'line': b'-- Up-to-date symlink: /home/lee/workspace/ros2_ex_mav/install/px4_msgs/include/px4_msgs/px4_msgs/msg/detail/power_button_state__traits.hpp\n'}
[0.443183] (px4_msgs) StdoutLine: {'line': b'-- Up-to-date symlink: /home/lee/workspace/ros2_ex_mav/install/px4_msgs/include/px4_msgs/px4_msgs/msg/detail/power_button_state__type_support.hpp\n'}
[0.443217] (px4_msgs) StdoutLine: {'line': b'-- Up-to-date symlink: /home/lee/workspace/ros2_ex_mav/install/px4_msgs/include/px4_msgs/px4_msgs/msg/detail/power_monitor__builder.hpp\n'}
[0.443250] (px4_msgs) StdoutLine: {'line': b'-- Up-to-date symlink: /home/lee/workspace/ros2_ex_mav/install/px4_msgs/include/px4_msgs/px4_msgs/msg/detail/power_monitor__struct.hpp\n'}
[0.443284] (px4_msgs) StdoutLine: {'line': b'-- Up-to-date symlink: /home/lee/workspace/ros2_ex_mav/install/px4_msgs/include/px4_msgs/px4_msgs/msg/detail/power_monitor__traits.hpp\n'}
[0.443320] (px4_msgs) StdoutLine: {'line': b'-- Up-to-date symlink: /home/lee/workspace/ros2_ex_mav/install/px4_msgs/include/px4_msgs/px4_msgs/msg/detail/power_monitor__type_support.hpp\n'}
[0.443368] (px4_msgs) StdoutLine: {'line': b'-- Up-to-date symlink: /home/lee/workspace/ros2_ex_mav/install/px4_msgs/include/px4_msgs/px4_msgs/msg/detail/pps_capture__builder.hpp\n'}
[0.443407] (px4_msgs) StdoutLine: {'line': b'-- Up-to-date symlink: /home/lee/workspace/ros2_ex_mav/install/px4_msgs/include/px4_msgs/px4_msgs/msg/detail/pps_capture__struct.hpp\n'}
[0.443631] (px4_msgs) StdoutLine: {'line': b'-- Up-to-date symlink: /home/lee/workspace/ros2_ex_mav/install/px4_msgs/include/px4_msgs/px4_msgs/msg/detail/pps_capture__traits.hpp\n'}
[0.443663] (px4_msgs) StdoutLine: {'line': b'-- Up-to-date symlink: /home/lee/workspace/ros2_ex_mav/install/px4_msgs/include/px4_msgs/px4_msgs/msg/detail/pps_capture__type_support.hpp\n'}
[0.443684] (px4_msgs) StdoutLine: {'line': b'-- Up-to-date symlink: /home/lee/workspace/ros2_ex_mav/install/px4_msgs/include/px4_msgs/px4_msgs/msg/detail/pwm_input__builder.hpp\n'}
[0.443703] (px4_msgs) StdoutLine: {'line': b'-- Up-to-date symlink: /home/lee/workspace/ros2_ex_mav/install/px4_msgs/include/px4_msgs/px4_msgs/msg/detail/pwm_input__struct.hpp\n'}
[0.443721] (px4_msgs) StdoutLine: {'line': b'-- Up-to-date symlink: /home/lee/workspace/ros2_ex_mav/install/px4_msgs/include/px4_msgs/px4_msgs/msg/detail/pwm_input__traits.hpp\n'}
[0.443740] (px4_msgs) StdoutLine: {'line': b'-- Up-to-date symlink: /home/lee/workspace/ros2_ex_mav/install/px4_msgs/include/px4_msgs/px4_msgs/msg/detail/pwm_input__type_support.hpp\n'}
[0.443758] (px4_msgs) StdoutLine: {'line': b'-- Up-to-date symlink: /home/lee/workspace/ros2_ex_mav/install/px4_msgs/include/px4_msgs/px4_msgs/msg/detail/px4io_status__builder.hpp\n'}
[0.443797] (px4_msgs) StdoutLine: {'line': b'-- Up-to-date symlink: /home/lee/workspace/ros2_ex_mav/install/px4_msgs/include/px4_msgs/px4_msgs/msg/detail/px4io_status__struct.hpp\n'}
[0.443815] (px4_msgs) StdoutLine: {'line': b'-- Up-to-date symlink: /home/lee/workspace/ros2_ex_mav/install/px4_msgs/include/px4_msgs/px4_msgs/msg/detail/px4io_status__traits.hpp\n'}
[0.443835] (px4_msgs) StdoutLine: {'line': b'-- Up-to-date symlink: /home/lee/workspace/ros2_ex_mav/install/px4_msgs/include/px4_msgs/px4_msgs/msg/detail/px4io_status__type_support.hpp\n'}
[0.443854] (px4_msgs) StdoutLine: {'line': b'-- Up-to-date symlink: /home/lee/workspace/ros2_ex_mav/install/px4_msgs/include/px4_msgs/px4_msgs/msg/detail/qshell_req__builder.hpp\n'}
[0.444033] (px4_msgs) StdoutLine: {'line': b'-- Up-to-date symlink: /home/lee/workspace/ros2_ex_mav/install/px4_msgs/include/px4_msgs/px4_msgs/msg/detail/qshell_req__struct.hpp\n'}
[0.444053] (px4_msgs) StdoutLine: {'line': b'-- Up-to-date symlink: /home/lee/workspace/ros2_ex_mav/install/px4_msgs/include/px4_msgs/px4_msgs/msg/detail/qshell_req__traits.hpp\n'}
[0.444072] (px4_msgs) StdoutLine: {'line': b'-- Up-to-date symlink: /home/lee/workspace/ros2_ex_mav/install/px4_msgs/include/px4_msgs/px4_msgs/msg/detail/qshell_req__type_support.hpp\n'}
[0.444090] (px4_msgs) StdoutLine: {'line': b'-- Up-to-date symlink: /home/lee/workspace/ros2_ex_mav/install/px4_msgs/include/px4_msgs/px4_msgs/msg/detail/qshell_retval__builder.hpp\n'}
[0.444109] (px4_msgs) StdoutLine: {'line': b'-- Up-to-date symlink: /home/lee/workspace/ros2_ex_mav/install/px4_msgs/include/px4_msgs/px4_msgs/msg/detail/qshell_retval__struct.hpp\n'}
[0.444127] (px4_msgs) StdoutLine: {'line': b'-- Up-to-date symlink: /home/lee/workspace/ros2_ex_mav/install/px4_msgs/include/px4_msgs/px4_msgs/msg/detail/qshell_retval__traits.hpp\n'}
[0.444255] (px4_msgs) StdoutLine: {'line': b'-- Up-to-date symlink: /home/lee/workspace/ros2_ex_mav/install/px4_msgs/include/px4_msgs/px4_msgs/msg/detail/qshell_retval__type_support.hpp\n'}
[0.444275] (px4_msgs) StdoutLine: {'line': b'-- Up-to-date symlink: /home/lee/workspace/ros2_ex_mav/install/px4_msgs/include/px4_msgs/px4_msgs/msg/detail/radio_status__builder.hpp\n'}
[0.444293] (px4_msgs) StdoutLine: {'line': b'-- Up-to-date symlink: /home/lee/workspace/ros2_ex_mav/install/px4_msgs/include/px4_msgs/px4_msgs/msg/detail/radio_status__struct.hpp\n'}
[0.444314] (px4_msgs) StdoutLine: {'line': b'-- Up-to-date symlink: /home/lee/workspace/ros2_ex_mav/install/px4_msgs/include/px4_msgs/px4_msgs/msg/detail/radio_status__traits.hpp\n'}
[0.444334] (px4_msgs) StdoutLine: {'line': b'-- Up-to-date symlink: /home/lee/workspace/ros2_ex_mav/install/px4_msgs/include/px4_msgs/px4_msgs/msg/detail/radio_status__type_support.hpp\n'}
[0.444351] (px4_msgs) StdoutLine: {'line': b'-- Up-to-date symlink: /home/lee/workspace/ros2_ex_mav/install/px4_msgs/include/px4_msgs/px4_msgs/msg/detail/rate_ctrl_status__builder.hpp\n'}
[0.444369] (px4_msgs) StdoutLine: {'line': b'-- Up-to-date symlink: /home/lee/workspace/ros2_ex_mav/install/px4_msgs/include/px4_msgs/px4_msgs/msg/detail/rate_ctrl_status__struct.hpp\n'}
[0.444523] (px4_msgs) StdoutLine: {'line': b'-- Up-to-date symlink: /home/lee/workspace/ros2_ex_mav/install/px4_msgs/include/px4_msgs/px4_msgs/msg/detail/rate_ctrl_status__traits.hpp\n'}
[0.444543] (px4_msgs) StdoutLine: {'line': b'-- Up-to-date symlink: /home/lee/workspace/ros2_ex_mav/install/px4_msgs/include/px4_msgs/px4_msgs/msg/detail/rate_ctrl_status__type_support.hpp\n'}
[0.444561] (px4_msgs) StdoutLine: {'line': b'-- Up-to-date symlink: /home/lee/workspace/ros2_ex_mav/install/px4_msgs/include/px4_msgs/px4_msgs/msg/detail/rc_channels__builder.hpp\n'}
[0.444578] (px4_msgs) StdoutLine: {'line': b'-- Up-to-date symlink: /home/lee/workspace/ros2_ex_mav/install/px4_msgs/include/px4_msgs/px4_msgs/msg/detail/rc_channels__struct.hpp\n'}
[0.444596] (px4_msgs) StdoutLine: {'line': b'-- Up-to-date symlink: /home/lee/workspace/ros2_ex_mav/install/px4_msgs/include/px4_msgs/px4_msgs/msg/detail/rc_channels__traits.hpp\n'}
[0.444614] (px4_msgs) StdoutLine: {'line': b'-- Up-to-date symlink: /home/lee/workspace/ros2_ex_mav/install/px4_msgs/include/px4_msgs/px4_msgs/msg/detail/rc_channels__type_support.hpp\n'}
[0.444632] (px4_msgs) StdoutLine: {'line': b'-- Up-to-date symlink: /home/lee/workspace/ros2_ex_mav/install/px4_msgs/include/px4_msgs/px4_msgs/msg/detail/rc_parameter_map__builder.hpp\n'}
[0.444648] (px4_msgs) StdoutLine: {'line': b'-- Up-to-date symlink: /home/lee/workspace/ros2_ex_mav/install/px4_msgs/include/px4_msgs/px4_msgs/msg/detail/rc_parameter_map__struct.hpp\n'}
[0.444665] (px4_msgs) StdoutLine: {'line': b'-- Up-to-date symlink: /home/lee/workspace/ros2_ex_mav/install/px4_msgs/include/px4_msgs/px4_msgs/msg/detail/rc_parameter_map__traits.hpp\n'}
[0.444682] (px4_msgs) StdoutLine: {'line': b'-- Up-to-date symlink: /home/lee/workspace/ros2_ex_mav/install/px4_msgs/include/px4_msgs/px4_msgs/msg/detail/rc_parameter_map__type_support.hpp\n'}
[0.444746] (px4_msgs) StdoutLine: {'line': b'-- Up-to-date symlink: /home/lee/workspace/ros2_ex_mav/install/px4_msgs/include/px4_msgs/px4_msgs/msg/detail/rpm__builder.hpp\n'}
[0.444767] (px4_msgs) StdoutLine: {'line': b'-- Up-to-date symlink: /home/lee/workspace/ros2_ex_mav/install/px4_msgs/include/px4_msgs/px4_msgs/msg/detail/rpm__struct.hpp\n'}
[0.444785] (px4_msgs) StdoutLine: {'line': b'-- Up-to-date symlink: /home/lee/workspace/ros2_ex_mav/install/px4_msgs/include/px4_msgs/px4_msgs/msg/detail/rpm__traits.hpp\n'}
[0.444801] (px4_msgs) StdoutLine: {'line': b'-- Up-to-date symlink: /home/lee/workspace/ros2_ex_mav/install/px4_msgs/include/px4_msgs/px4_msgs/msg/detail/rpm__type_support.hpp\n'}
[0.444818] (px4_msgs) StdoutLine: {'line': b'-- Up-to-date symlink: /home/lee/workspace/ros2_ex_mav/install/px4_msgs/include/px4_msgs/px4_msgs/msg/detail/rtl_time_estimate__builder.hpp\n'}
[0.444837] (px4_msgs) StdoutLine: {'line': b'-- Up-to-date symlink: /home/lee/workspace/ros2_ex_mav/install/px4_msgs/include/px4_msgs/px4_msgs/msg/detail/rtl_time_estimate__struct.hpp\n'}
[0.444855] (px4_msgs) StdoutLine: {'line': b'-- Up-to-date symlink: /home/lee/workspace/ros2_ex_mav/install/px4_msgs/include/px4_msgs/px4_msgs/msg/detail/rtl_time_estimate__traits.hpp\n'}
[0.444918] (px4_msgs) StdoutLine: {'line': b'-- Up-to-date symlink: /home/lee/workspace/ros2_ex_mav/install/px4_msgs/include/px4_msgs/px4_msgs/msg/detail/rtl_time_estimate__type_support.hpp\n'}
[0.445100] (px4_msgs) StdoutLine: {'line': b'-- Up-to-date symlink: /home/lee/workspace/ros2_ex_mav/install/px4_msgs/include/px4_msgs/px4_msgs/msg/detail/satellite_info__builder.hpp\n'}
[0.445137] (px4_msgs) StdoutLine: {'line': b'-- Up-to-date symlink: /home/lee/workspace/ros2_ex_mav/install/px4_msgs/include/px4_msgs/px4_msgs/msg/detail/satellite_info__struct.hpp\n'}
[0.445157] (px4_msgs) StdoutLine: {'line': b'-- Up-to-date symlink: /home/lee/workspace/ros2_ex_mav/install/px4_msgs/include/px4_msgs/px4_msgs/msg/detail/satellite_info__traits.hpp\n'}
[0.445177] (px4_msgs) StdoutLine: {'line': b'-- Up-to-date symlink: /home/lee/workspace/ros2_ex_mav/install/px4_msgs/include/px4_msgs/px4_msgs/msg/detail/satellite_info__type_support.hpp\n'}
[0.445196] (px4_msgs) StdoutLine: {'line': b'-- Up-to-date symlink: /home/lee/workspace/ros2_ex_mav/install/px4_msgs/include/px4_msgs/px4_msgs/msg/detail/sensor_accel__builder.hpp\n'}
[0.445224] (px4_msgs) StdoutLine: {'line': b'-- Up-to-date symlink: /home/lee/workspace/ros2_ex_mav/install/px4_msgs/include/px4_msgs/px4_msgs/msg/detail/sensor_accel__struct.hpp\n'}
[0.445243] (px4_msgs) StdoutLine: {'line': b'-- Up-to-date symlink: /home/lee/workspace/ros2_ex_mav/install/px4_msgs/include/px4_msgs/px4_msgs/msg/detail/sensor_accel__traits.hpp\n'}
[0.445261] (px4_msgs) StdoutLine: {'line': b'-- Up-to-date symlink: /home/lee/workspace/ros2_ex_mav/install/px4_msgs/include/px4_msgs/px4_msgs/msg/detail/sensor_accel__type_support.hpp\n'}
[0.445280] (px4_msgs) StdoutLine: {'line': b'-- Up-to-date symlink: /home/lee/workspace/ros2_ex_mav/install/px4_msgs/include/px4_msgs/px4_msgs/msg/detail/sensor_accel_fifo__builder.hpp\n'}
[0.445299] (px4_msgs) StdoutLine: {'line': b'-- Up-to-date symlink: /home/lee/workspace/ros2_ex_mav/install/px4_msgs/include/px4_msgs/px4_msgs/msg/detail/sensor_accel_fifo__struct.hpp\n'}
[0.445322] (px4_msgs) StdoutLine: {'line': b'-- Up-to-date symlink: /home/lee/workspace/ros2_ex_mav/install/px4_msgs/include/px4_msgs/px4_msgs/msg/detail/sensor_accel_fifo__traits.hpp\n'}
[0.445341] (px4_msgs) StdoutLine: {'line': b'-- Up-to-date symlink: /home/lee/workspace/ros2_ex_mav/install/px4_msgs/include/px4_msgs/px4_msgs/msg/detail/sensor_accel_fifo__type_support.hpp\n'}
[0.445377] (px4_msgs) StdoutLine: {'line': b'-- Up-to-date symlink: /home/lee/workspace/ros2_ex_mav/install/px4_msgs/include/px4_msgs/px4_msgs/msg/detail/sensor_baro__builder.hpp\n'}
[0.445398] (px4_msgs) StdoutLine: {'line': b'-- Up-to-date symlink: /home/lee/workspace/ros2_ex_mav/install/px4_msgs/include/px4_msgs/px4_msgs/msg/detail/sensor_baro__struct.hpp\n'}
[0.445438] (px4_msgs) StdoutLine: {'line': b'-- Up-to-date symlink: /home/lee/workspace/ros2_ex_mav/install/px4_msgs/include/px4_msgs/px4_msgs/msg/detail/sensor_baro__traits.hpp\n'}
[0.445460] (px4_msgs) StdoutLine: {'line': b'-- Up-to-date symlink: /home/lee/workspace/ros2_ex_mav/install/px4_msgs/include/px4_msgs/px4_msgs/msg/detail/sensor_baro__type_support.hpp\n'}
[0.445480] (px4_msgs) StdoutLine: {'line': b'-- Up-to-date symlink: /home/lee/workspace/ros2_ex_mav/install/px4_msgs/include/px4_msgs/px4_msgs/msg/detail/sensor_combined__builder.hpp\n'}
[0.445499] (px4_msgs) StdoutLine: {'line': b'-- Up-to-date symlink: /home/lee/workspace/ros2_ex_mav/install/px4_msgs/include/px4_msgs/px4_msgs/msg/detail/sensor_combined__struct.hpp\n'}
[0.445518] (px4_msgs) StdoutLine: {'line': b'-- Up-to-date symlink: /home/lee/workspace/ros2_ex_mav/install/px4_msgs/include/px4_msgs/px4_msgs/msg/detail/sensor_combined__traits.hpp\n'}
[0.445554] (px4_msgs) StdoutLine: {'line': b'-- Up-to-date symlink: /home/lee/workspace/ros2_ex_mav/install/px4_msgs/include/px4_msgs/px4_msgs/msg/detail/sensor_combined__type_support.hpp\n'}
[0.445576] (px4_msgs) StdoutLine: {'line': b'-- Up-to-date symlink: /home/lee/workspace/ros2_ex_mav/install/px4_msgs/include/px4_msgs/px4_msgs/msg/detail/sensor_correction__builder.hpp\n'}
[0.445615] (px4_msgs) StdoutLine: {'line': b'-- Up-to-date symlink: /home/lee/workspace/ros2_ex_mav/install/px4_msgs/include/px4_msgs/px4_msgs/msg/detail/sensor_correction__struct.hpp\n'}
[0.445636] (px4_msgs) StdoutLine: {'line': b'-- Up-to-date symlink: /home/lee/workspace/ros2_ex_mav/install/px4_msgs/include/px4_msgs/px4_msgs/msg/detail/sensor_correction__traits.hpp\n'}
[0.445656] (px4_msgs) StdoutLine: {'line': b'-- Up-to-date symlink: /home/lee/workspace/ros2_ex_mav/install/px4_msgs/include/px4_msgs/px4_msgs/msg/detail/sensor_correction__type_support.hpp\n'}
[0.445693] (px4_msgs) StdoutLine: {'line': b'-- Up-to-date symlink: /home/lee/workspace/ros2_ex_mav/install/px4_msgs/include/px4_msgs/px4_msgs/msg/detail/sensor_gnss_relative__builder.hpp\n'}
[0.445711] (px4_msgs) StdoutLine: {'line': b'-- Up-to-date symlink: /home/lee/workspace/ros2_ex_mav/install/px4_msgs/include/px4_msgs/px4_msgs/msg/detail/sensor_gnss_relative__struct.hpp\n'}
[0.445730] (px4_msgs) StdoutLine: {'line': b'-- Up-to-date symlink: /home/lee/workspace/ros2_ex_mav/install/px4_msgs/include/px4_msgs/px4_msgs/msg/detail/sensor_gnss_relative__traits.hpp\n'}
[0.445751] (px4_msgs) StdoutLine: {'line': b'-- Up-to-date symlink: /home/lee/workspace/ros2_ex_mav/install/px4_msgs/include/px4_msgs/px4_msgs/msg/detail/sensor_gnss_relative__type_support.hpp\n'}
[0.445770] (px4_msgs) StdoutLine: {'line': b'-- Up-to-date symlink: /home/lee/workspace/ros2_ex_mav/install/px4_msgs/include/px4_msgs/px4_msgs/msg/detail/sensor_gps__builder.hpp\n'}
[0.445817] (px4_msgs) StdoutLine: {'line': b'-- Up-to-date symlink: /home/lee/workspace/ros2_ex_mav/install/px4_msgs/include/px4_msgs/px4_msgs/msg/detail/sensor_gps__struct.hpp\n'}
[0.445836] (px4_msgs) StdoutLine: {'line': b'-- Up-to-date symlink: /home/lee/workspace/ros2_ex_mav/install/px4_msgs/include/px4_msgs/px4_msgs/msg/detail/sensor_gps__traits.hpp\n'}
[0.445863] (px4_msgs) StdoutLine: {'line': b'-- Up-to-date symlink: /home/lee/workspace/ros2_ex_mav/install/px4_msgs/include/px4_msgs/px4_msgs/msg/detail/sensor_gps__type_support.hpp\n'}
[0.445890] (px4_msgs) StdoutLine: {'line': b'-- Up-to-date symlink: /home/lee/workspace/ros2_ex_mav/install/px4_msgs/include/px4_msgs/px4_msgs/msg/detail/sensor_gyro__builder.hpp\n'}
[0.445909] (px4_msgs) StdoutLine: {'line': b'-- Up-to-date symlink: /home/lee/workspace/ros2_ex_mav/install/px4_msgs/include/px4_msgs/px4_msgs/msg/detail/sensor_gyro__struct.hpp\n'}
[0.445928] (px4_msgs) StdoutLine: {'line': b'-- Up-to-date symlink: /home/lee/workspace/ros2_ex_mav/install/px4_msgs/include/px4_msgs/px4_msgs/msg/detail/sensor_gyro__traits.hpp\n'}
[0.445960] (px4_msgs) StdoutLine: {'line': b'-- Up-to-date symlink: /home/lee/workspace/ros2_ex_mav/install/px4_msgs/include/px4_msgs/px4_msgs/msg/detail/sensor_gyro__type_support.hpp\n'}
[0.446000] (px4_msgs) StdoutLine: {'line': b'-- Up-to-date symlink: /home/lee/workspace/ros2_ex_mav/install/px4_msgs/include/px4_msgs/px4_msgs/msg/detail/sensor_gyro_fft__builder.hpp\n'}
[0.446021] (px4_msgs) StdoutLine: {'line': b'-- Up-to-date symlink: /home/lee/workspace/ros2_ex_mav/install/px4_msgs/include/px4_msgs/px4_msgs/msg/detail/sensor_gyro_fft__struct.hpp\n'}
[0.446054] (px4_msgs) StdoutLine: {'line': b'-- Up-to-date symlink: /home/lee/workspace/ros2_ex_mav/install/px4_msgs/include/px4_msgs/px4_msgs/msg/detail/sensor_gyro_fft__traits.hpp\n'}
[0.446093] (px4_msgs) StdoutLine: {'line': b'-- Up-to-date symlink: /home/lee/workspace/ros2_ex_mav/install/px4_msgs/include/px4_msgs/px4_msgs/msg/detail/sensor_gyro_fft__type_support.hpp\n'}
[0.446121] (px4_msgs) StdoutLine: {'line': b'-- Up-to-date symlink: /home/lee/workspace/ros2_ex_mav/install/px4_msgs/include/px4_msgs/px4_msgs/msg/detail/sensor_gyro_fifo__builder.hpp\n'}
[0.446139] (px4_msgs) StdoutLine: {'line': b'-- Up-to-date symlink: /home/lee/workspace/ros2_ex_mav/install/px4_msgs/include/px4_msgs/px4_msgs/msg/detail/sensor_gyro_fifo__struct.hpp\n'}
[0.446177] (px4_msgs) StdoutLine: {'line': b'-- Up-to-date symlink: /home/lee/workspace/ros2_ex_mav/install/px4_msgs/include/px4_msgs/px4_msgs/msg/detail/sensor_gyro_fifo__traits.hpp\n'}
[0.446197] (px4_msgs) StdoutLine: {'line': b'-- Up-to-date symlink: /home/lee/workspace/ros2_ex_mav/install/px4_msgs/include/px4_msgs/px4_msgs/msg/detail/sensor_gyro_fifo__type_support.hpp\n'}
[0.446236] (px4_msgs) StdoutLine: {'line': b'-- Up-to-date symlink: /home/lee/workspace/ros2_ex_mav/install/px4_msgs/include/px4_msgs/px4_msgs/msg/detail/sensor_hygrometer__builder.hpp\n'}
[0.446254] (px4_msgs) StdoutLine: {'line': b'-- Up-to-date symlink: /home/lee/workspace/ros2_ex_mav/install/px4_msgs/include/px4_msgs/px4_msgs/msg/detail/sensor_hygrometer__struct.hpp\n'}
[0.446282] (px4_msgs) StdoutLine: {'line': b'-- Up-to-date symlink: /home/lee/workspace/ros2_ex_mav/install/px4_msgs/include/px4_msgs/px4_msgs/msg/detail/sensor_hygrometer__traits.hpp\n'}
[0.446311] (px4_msgs) StdoutLine: {'line': b'-- Up-to-date symlink: /home/lee/workspace/ros2_ex_mav/install/px4_msgs/include/px4_msgs/px4_msgs/msg/detail/sensor_hygrometer__type_support.hpp\n'}
[0.446345] (px4_msgs) StdoutLine: {'line': b'-- Up-to-date symlink: /home/lee/workspace/ros2_ex_mav/install/px4_msgs/include/px4_msgs/px4_msgs/msg/detail/sensor_mag__builder.hpp\n'}
[0.446380] (px4_msgs) StdoutLine: {'line': b'-- Up-to-date symlink: /home/lee/workspace/ros2_ex_mav/install/px4_msgs/include/px4_msgs/px4_msgs/msg/detail/sensor_mag__struct.hpp\n'}
[0.446414] (px4_msgs) StdoutLine: {'line': b'-- Up-to-date symlink: /home/lee/workspace/ros2_ex_mav/install/px4_msgs/include/px4_msgs/px4_msgs/msg/detail/sensor_mag__traits.hpp\n'}
[0.446441] (px4_msgs) StdoutLine: {'line': b'-- Up-to-date symlink: /home/lee/workspace/ros2_ex_mav/install/px4_msgs/include/px4_msgs/px4_msgs/msg/detail/sensor_mag__type_support.hpp\n'}
[0.446473] (px4_msgs) StdoutLine: {'line': b'-- Up-to-date symlink: /home/lee/workspace/ros2_ex_mav/install/px4_msgs/include/px4_msgs/px4_msgs/msg/detail/sensor_optical_flow__builder.hpp\n'}
[0.446507] (px4_msgs) StdoutLine: {'line': b'-- Up-to-date symlink: /home/lee/workspace/ros2_ex_mav/install/px4_msgs/include/px4_msgs/px4_msgs/msg/detail/sensor_optical_flow__struct.hpp\n'}
[0.446534] (px4_msgs) StdoutLine: {'line': b'-- Up-to-date symlink: /home/lee/workspace/ros2_ex_mav/install/px4_msgs/include/px4_msgs/px4_msgs/msg/detail/sensor_optical_flow__traits.hpp\n'}
[0.446567] (px4_msgs) StdoutLine: {'line': b'-- Up-to-date symlink: /home/lee/workspace/ros2_ex_mav/install/px4_msgs/include/px4_msgs/px4_msgs/msg/detail/sensor_optical_flow__type_support.hpp\n'}
[0.446603] (px4_msgs) StdoutLine: {'line': b'-- Up-to-date symlink: /home/lee/workspace/ros2_ex_mav/install/px4_msgs/include/px4_msgs/px4_msgs/msg/detail/sensor_preflight_mag__builder.hpp\n'}
[0.446630] (px4_msgs) StdoutLine: {'line': b'-- Up-to-date symlink: /home/lee/workspace/ros2_ex_mav/install/px4_msgs/include/px4_msgs/px4_msgs/msg/detail/sensor_preflight_mag__struct.hpp\n'}
[0.446663] (px4_msgs) StdoutLine: {'line': b'-- Up-to-date symlink: /home/lee/workspace/ros2_ex_mav/install/px4_msgs/include/px4_msgs/px4_msgs/msg/detail/sensor_preflight_mag__traits.hpp\n'}
[0.446695] (px4_msgs) StdoutLine: {'line': b'-- Up-to-date symlink: /home/lee/workspace/ros2_ex_mav/install/px4_msgs/include/px4_msgs/px4_msgs/msg/detail/sensor_preflight_mag__type_support.hpp\n'}
[0.446729] (px4_msgs) StdoutLine: {'line': b'-- Up-to-date symlink: /home/lee/workspace/ros2_ex_mav/install/px4_msgs/include/px4_msgs/px4_msgs/msg/detail/sensor_selection__builder.hpp\n'}
[0.446761] (px4_msgs) StdoutLine: {'line': b'-- Up-to-date symlink: /home/lee/workspace/ros2_ex_mav/install/px4_msgs/include/px4_msgs/px4_msgs/msg/detail/sensor_selection__struct.hpp\n'}
[0.446793] (px4_msgs) StdoutLine: {'line': b'-- Up-to-date symlink: /home/lee/workspace/ros2_ex_mav/install/px4_msgs/include/px4_msgs/px4_msgs/msg/detail/sensor_selection__traits.hpp\n'}
[0.446820] (px4_msgs) StdoutLine: {'line': b'-- Up-to-date symlink: /home/lee/workspace/ros2_ex_mav/install/px4_msgs/include/px4_msgs/px4_msgs/msg/detail/sensor_selection__type_support.hpp\n'}
[0.446851] (px4_msgs) StdoutLine: {'line': b'-- Up-to-date symlink: /home/lee/workspace/ros2_ex_mav/install/px4_msgs/include/px4_msgs/px4_msgs/msg/detail/sensor_uwb__builder.hpp\n'}
[0.446884] (px4_msgs) StdoutLine: {'line': b'-- Up-to-date symlink: /home/lee/workspace/ros2_ex_mav/install/px4_msgs/include/px4_msgs/px4_msgs/msg/detail/sensor_uwb__struct.hpp\n'}
[0.446916] (px4_msgs) StdoutLine: {'line': b'-- Up-to-date symlink: /home/lee/workspace/ros2_ex_mav/install/px4_msgs/include/px4_msgs/px4_msgs/msg/detail/sensor_uwb__traits.hpp\n'}
[0.446948] (px4_msgs) StdoutLine: {'line': b'-- Up-to-date symlink: /home/lee/workspace/ros2_ex_mav/install/px4_msgs/include/px4_msgs/px4_msgs/msg/detail/sensor_uwb__type_support.hpp\n'}
[0.446980] (px4_msgs) StdoutLine: {'line': b'-- Up-to-date symlink: /home/lee/workspace/ros2_ex_mav/install/px4_msgs/include/px4_msgs/px4_msgs/msg/detail/sensors_status__builder.hpp\n'}
[0.447012] (px4_msgs) StdoutLine: {'line': b'-- Up-to-date symlink: /home/lee/workspace/ros2_ex_mav/install/px4_msgs/include/px4_msgs/px4_msgs/msg/detail/sensors_status__struct.hpp\n'}
[0.447043] (px4_msgs) StdoutLine: {'line': b'-- Up-to-date symlink: /home/lee/workspace/ros2_ex_mav/install/px4_msgs/include/px4_msgs/px4_msgs/msg/detail/sensors_status__traits.hpp\n'}
[0.447074] (px4_msgs) StdoutLine: {'line': b'-- Up-to-date symlink: /home/lee/workspace/ros2_ex_mav/install/px4_msgs/include/px4_msgs/px4_msgs/msg/detail/sensors_status__type_support.hpp\n'}
[0.447107] (px4_msgs) StdoutLine: {'line': b'-- Up-to-date symlink: /home/lee/workspace/ros2_ex_mav/install/px4_msgs/include/px4_msgs/px4_msgs/msg/detail/sensors_status_imu__builder.hpp\n'}
[0.447139] (px4_msgs) StdoutLine: {'line': b'-- Up-to-date symlink: /home/lee/workspace/ros2_ex_mav/install/px4_msgs/include/px4_msgs/px4_msgs/msg/detail/sensors_status_imu__struct.hpp\n'}
[0.447169] (px4_msgs) StdoutLine: {'line': b'-- Up-to-date symlink: /home/lee/workspace/ros2_ex_mav/install/px4_msgs/include/px4_msgs/px4_msgs/msg/detail/sensors_status_imu__traits.hpp\n'}
[0.447202] (px4_msgs) StdoutLine: {'line': b'-- Up-to-date symlink: /home/lee/workspace/ros2_ex_mav/install/px4_msgs/include/px4_msgs/px4_msgs/msg/detail/sensors_status_imu__type_support.hpp\n'}
[0.447234] (px4_msgs) StdoutLine: {'line': b'-- Up-to-date symlink: /home/lee/workspace/ros2_ex_mav/install/px4_msgs/include/px4_msgs/px4_msgs/msg/detail/system_power__builder.hpp\n'}
[0.447266] (px4_msgs) StdoutLine: {'line': b'-- Up-to-date symlink: /home/lee/workspace/ros2_ex_mav/install/px4_msgs/include/px4_msgs/px4_msgs/msg/detail/system_power__struct.hpp\n'}
[0.447297] (px4_msgs) StdoutLine: {'line': b'-- Up-to-date symlink: /home/lee/workspace/ros2_ex_mav/install/px4_msgs/include/px4_msgs/px4_msgs/msg/detail/system_power__traits.hpp\n'}
[0.447330] (px4_msgs) StdoutLine: {'line': b'-- Up-to-date symlink: /home/lee/workspace/ros2_ex_mav/install/px4_msgs/include/px4_msgs/px4_msgs/msg/detail/system_power__type_support.hpp\n'}
[0.447363] (px4_msgs) StdoutLine: {'line': b'-- Up-to-date symlink: /home/lee/workspace/ros2_ex_mav/install/px4_msgs/include/px4_msgs/px4_msgs/msg/detail/takeoff_status__builder.hpp\n'}
[0.447396] (px4_msgs) StdoutLine: {'line': b'-- Up-to-date symlink: /home/lee/workspace/ros2_ex_mav/install/px4_msgs/include/px4_msgs/px4_msgs/msg/detail/takeoff_status__struct.hpp\n'}
[0.447427] (px4_msgs) StdoutLine: {'line': b'-- Up-to-date symlink: /home/lee/workspace/ros2_ex_mav/install/px4_msgs/include/px4_msgs/px4_msgs/msg/detail/takeoff_status__traits.hpp\n'}
[0.447460] (px4_msgs) StdoutLine: {'line': b'-- Up-to-date symlink: /home/lee/workspace/ros2_ex_mav/install/px4_msgs/include/px4_msgs/px4_msgs/msg/detail/takeoff_status__type_support.hpp\n'}
[0.447493] (px4_msgs) StdoutLine: {'line': b'-- Up-to-date symlink: /home/lee/workspace/ros2_ex_mav/install/px4_msgs/include/px4_msgs/px4_msgs/msg/detail/task_stack_info__builder.hpp\n'}
[0.447526] (px4_msgs) StdoutLine: {'line': b'-- Up-to-date symlink: /home/lee/workspace/ros2_ex_mav/install/px4_msgs/include/px4_msgs/px4_msgs/msg/detail/task_stack_info__struct.hpp\n'}
[0.447558] (px4_msgs) StdoutLine: {'line': b'-- Up-to-date symlink: /home/lee/workspace/ros2_ex_mav/install/px4_msgs/include/px4_msgs/px4_msgs/msg/detail/task_stack_info__traits.hpp\n'}
[0.447591] (px4_msgs) StdoutLine: {'line': b'-- Up-to-date symlink: /home/lee/workspace/ros2_ex_mav/install/px4_msgs/include/px4_msgs/px4_msgs/msg/detail/task_stack_info__type_support.hpp\n'}
[0.447625] (px4_msgs) StdoutLine: {'line': b'-- Up-to-date symlink: /home/lee/workspace/ros2_ex_mav/install/px4_msgs/include/px4_msgs/px4_msgs/msg/detail/tecs_status__builder.hpp\n'}
[0.447657] (px4_msgs) StdoutLine: {'line': b'-- Up-to-date symlink: /home/lee/workspace/ros2_ex_mav/install/px4_msgs/include/px4_msgs/px4_msgs/msg/detail/tecs_status__struct.hpp\n'}
[0.447690] (px4_msgs) StdoutLine: {'line': b'-- Up-to-date symlink: /home/lee/workspace/ros2_ex_mav/install/px4_msgs/include/px4_msgs/px4_msgs/msg/detail/tecs_status__traits.hpp\n'}
[0.447722] (px4_msgs) StdoutLine: {'line': b'-- Up-to-date symlink: /home/lee/workspace/ros2_ex_mav/install/px4_msgs/include/px4_msgs/px4_msgs/msg/detail/tecs_status__type_support.hpp\n'}
[0.447755] (px4_msgs) StdoutLine: {'line': b'-- Up-to-date symlink: /home/lee/workspace/ros2_ex_mav/install/px4_msgs/include/px4_msgs/px4_msgs/msg/detail/telemetry_status__builder.hpp\n'}
[0.447787] (px4_msgs) StdoutLine: {'line': b'-- Up-to-date symlink: /home/lee/workspace/ros2_ex_mav/install/px4_msgs/include/px4_msgs/px4_msgs/msg/detail/telemetry_status__struct.hpp\n'}
[0.447820] (px4_msgs) StdoutLine: {'line': b'-- Up-to-date symlink: /home/lee/workspace/ros2_ex_mav/install/px4_msgs/include/px4_msgs/px4_msgs/msg/detail/telemetry_status__traits.hpp\n'}
[0.447855] (px4_msgs) StdoutLine: {'line': b'-- Up-to-date symlink: /home/lee/workspace/ros2_ex_mav/install/px4_msgs/include/px4_msgs/px4_msgs/msg/detail/telemetry_status__type_support.hpp\n'}
[0.447887] (px4_msgs) StdoutLine: {'line': b'-- Up-to-date symlink: /home/lee/workspace/ros2_ex_mav/install/px4_msgs/include/px4_msgs/px4_msgs/msg/detail/tiltrotor_extra_controls__builder.hpp\n'}
[0.447920] (px4_msgs) StdoutLine: {'line': b'-- Up-to-date symlink: /home/lee/workspace/ros2_ex_mav/install/px4_msgs/include/px4_msgs/px4_msgs/msg/detail/tiltrotor_extra_controls__struct.hpp\n'}
[0.447953] (px4_msgs) StdoutLine: {'line': b'-- Up-to-date symlink: /home/lee/workspace/ros2_ex_mav/install/px4_msgs/include/px4_msgs/px4_msgs/msg/detail/tiltrotor_extra_controls__traits.hpp\n'}
[0.447987] (px4_msgs) StdoutLine: {'line': b'-- Up-to-date symlink: /home/lee/workspace/ros2_ex_mav/install/px4_msgs/include/px4_msgs/px4_msgs/msg/detail/tiltrotor_extra_controls__type_support.hpp\n'}
[0.448019] (px4_msgs) StdoutLine: {'line': b'-- Up-to-date symlink: /home/lee/workspace/ros2_ex_mav/install/px4_msgs/include/px4_msgs/px4_msgs/msg/detail/timesync_status__builder.hpp\n'}
[0.448054] (px4_msgs) StdoutLine: {'line': b'-- Up-to-date symlink: /home/lee/workspace/ros2_ex_mav/install/px4_msgs/include/px4_msgs/px4_msgs/msg/detail/timesync_status__struct.hpp\n'}
[0.448087] (px4_msgs) StdoutLine: {'line': b'-- Up-to-date symlink: /home/lee/workspace/ros2_ex_mav/install/px4_msgs/include/px4_msgs/px4_msgs/msg/detail/timesync_status__traits.hpp\n'}
[0.448120] (px4_msgs) StdoutLine: {'line': b'-- Up-to-date symlink: /home/lee/workspace/ros2_ex_mav/install/px4_msgs/include/px4_msgs/px4_msgs/msg/detail/timesync_status__type_support.hpp\n'}
[0.448153] (px4_msgs) StdoutLine: {'line': b'-- Up-to-date symlink: /home/lee/workspace/ros2_ex_mav/install/px4_msgs/include/px4_msgs/px4_msgs/msg/detail/trajectory_bezier__builder.hpp\n'}
[0.448186] (px4_msgs) StdoutLine: {'line': b'-- Up-to-date symlink: /home/lee/workspace/ros2_ex_mav/install/px4_msgs/include/px4_msgs/px4_msgs/msg/detail/trajectory_bezier__struct.hpp\n'}
[0.448218] (px4_msgs) StdoutLine: {'line': b'-- Up-to-date symlink: /home/lee/workspace/ros2_ex_mav/install/px4_msgs/include/px4_msgs/px4_msgs/msg/detail/trajectory_bezier__traits.hpp\n'}
[0.448250] (px4_msgs) StdoutLine: {'line': b'-- Up-to-date symlink: /home/lee/workspace/ros2_ex_mav/install/px4_msgs/include/px4_msgs/px4_msgs/msg/detail/trajectory_bezier__type_support.hpp\n'}
[0.448283] (px4_msgs) StdoutLine: {'line': b'-- Up-to-date symlink: /home/lee/workspace/ros2_ex_mav/install/px4_msgs/include/px4_msgs/px4_msgs/msg/detail/trajectory_setpoint__builder.hpp\n'}
[0.448316] (px4_msgs) StdoutLine: {'line': b'-- Up-to-date symlink: /home/lee/workspace/ros2_ex_mav/install/px4_msgs/include/px4_msgs/px4_msgs/msg/detail/trajectory_setpoint__struct.hpp\n'}
[0.448349] (px4_msgs) StdoutLine: {'line': b'-- Up-to-date symlink: /home/lee/workspace/ros2_ex_mav/install/px4_msgs/include/px4_msgs/px4_msgs/msg/detail/trajectory_setpoint__traits.hpp\n'}
[0.448381] (px4_msgs) StdoutLine: {'line': b'-- Up-to-date symlink: /home/lee/workspace/ros2_ex_mav/install/px4_msgs/include/px4_msgs/px4_msgs/msg/detail/trajectory_setpoint__type_support.hpp\n'}
[0.448412] (px4_msgs) StdoutLine: {'line': b'-- Up-to-date symlink: /home/lee/workspace/ros2_ex_mav/install/px4_msgs/include/px4_msgs/px4_msgs/msg/detail/trajectory_waypoint__builder.hpp\n'}
[0.448447] (px4_msgs) StdoutLine: {'line': b'-- Up-to-date symlink: /home/lee/workspace/ros2_ex_mav/install/px4_msgs/include/px4_msgs/px4_msgs/msg/detail/trajectory_waypoint__struct.hpp\n'}
[0.448479] (px4_msgs) StdoutLine: {'line': b'-- Up-to-date symlink: /home/lee/workspace/ros2_ex_mav/install/px4_msgs/include/px4_msgs/px4_msgs/msg/detail/trajectory_waypoint__traits.hpp\n'}
[0.448512] (px4_msgs) StdoutLine: {'line': b'-- Up-to-date symlink: /home/lee/workspace/ros2_ex_mav/install/px4_msgs/include/px4_msgs/px4_msgs/msg/detail/trajectory_waypoint__type_support.hpp\n'}
[0.448546] (px4_msgs) StdoutLine: {'line': b'-- Up-to-date symlink: /home/lee/workspace/ros2_ex_mav/install/px4_msgs/include/px4_msgs/px4_msgs/msg/detail/transponder_report__builder.hpp\n'}
[0.448576] (px4_msgs) StdoutLine: {'line': b'-- Up-to-date symlink: /home/lee/workspace/ros2_ex_mav/install/px4_msgs/include/px4_msgs/px4_msgs/msg/detail/transponder_report__struct.hpp\n'}
[0.448610] (px4_msgs) StdoutLine: {'line': b'-- Up-to-date symlink: /home/lee/workspace/ros2_ex_mav/install/px4_msgs/include/px4_msgs/px4_msgs/msg/detail/transponder_report__traits.hpp\n'}
[0.448644] (px4_msgs) StdoutLine: {'line': b'-- Up-to-date symlink: /home/lee/workspace/ros2_ex_mav/install/px4_msgs/include/px4_msgs/px4_msgs/msg/detail/transponder_report__type_support.hpp\n'}
[0.448677] (px4_msgs) StdoutLine: {'line': b'-- Up-to-date symlink: /home/lee/workspace/ros2_ex_mav/install/px4_msgs/include/px4_msgs/px4_msgs/msg/detail/tune_control__builder.hpp\n'}
[0.448710] (px4_msgs) StdoutLine: {'line': b'-- Up-to-date symlink: /home/lee/workspace/ros2_ex_mav/install/px4_msgs/include/px4_msgs/px4_msgs/msg/detail/tune_control__struct.hpp\n'}
[0.448743] (px4_msgs) StdoutLine: {'line': b'-- Up-to-date symlink: /home/lee/workspace/ros2_ex_mav/install/px4_msgs/include/px4_msgs/px4_msgs/msg/detail/tune_control__traits.hpp\n'}
[0.448777] (px4_msgs) StdoutLine: {'line': b'-- Up-to-date symlink: /home/lee/workspace/ros2_ex_mav/install/px4_msgs/include/px4_msgs/px4_msgs/msg/detail/tune_control__type_support.hpp\n'}
[0.448809] (px4_msgs) StdoutLine: {'line': b'-- Up-to-date symlink: /home/lee/workspace/ros2_ex_mav/install/px4_msgs/include/px4_msgs/px4_msgs/msg/detail/uavcan_parameter_request__builder.hpp\n'}
[0.448842] (px4_msgs) StdoutLine: {'line': b'-- Up-to-date symlink: /home/lee/workspace/ros2_ex_mav/install/px4_msgs/include/px4_msgs/px4_msgs/msg/detail/uavcan_parameter_request__struct.hpp\n'}
[0.448875] (px4_msgs) StdoutLine: {'line': b'-- Up-to-date symlink: /home/lee/workspace/ros2_ex_mav/install/px4_msgs/include/px4_msgs/px4_msgs/msg/detail/uavcan_parameter_request__traits.hpp\n'}
[0.448909] (px4_msgs) StdoutLine: {'line': b'-- Up-to-date symlink: /home/lee/workspace/ros2_ex_mav/install/px4_msgs/include/px4_msgs/px4_msgs/msg/detail/uavcan_parameter_request__type_support.hpp\n'}
[0.448942] (px4_msgs) StdoutLine: {'line': b'-- Up-to-date symlink: /home/lee/workspace/ros2_ex_mav/install/px4_msgs/include/px4_msgs/px4_msgs/msg/detail/uavcan_parameter_value__builder.hpp\n'}
[0.448975] (px4_msgs) StdoutLine: {'line': b'-- Up-to-date symlink: /home/lee/workspace/ros2_ex_mav/install/px4_msgs/include/px4_msgs/px4_msgs/msg/detail/uavcan_parameter_value__struct.hpp\n'}
[0.449008] (px4_msgs) StdoutLine: {'line': b'-- Up-to-date symlink: /home/lee/workspace/ros2_ex_mav/install/px4_msgs/include/px4_msgs/px4_msgs/msg/detail/uavcan_parameter_value__traits.hpp\n'}
[0.449040] (px4_msgs) StdoutLine: {'line': b'-- Up-to-date symlink: /home/lee/workspace/ros2_ex_mav/install/px4_msgs/include/px4_msgs/px4_msgs/msg/detail/uavcan_parameter_value__type_support.hpp\n'}
[0.449075] (px4_msgs) StdoutLine: {'line': b'-- Up-to-date symlink: /home/lee/workspace/ros2_ex_mav/install/px4_msgs/include/px4_msgs/px4_msgs/msg/detail/ulog_stream__builder.hpp\n'}
[0.449109] (px4_msgs) StdoutLine: {'line': b'-- Up-to-date symlink: /home/lee/workspace/ros2_ex_mav/install/px4_msgs/include/px4_msgs/px4_msgs/msg/detail/ulog_stream__struct.hpp\n'}
[0.449141] (px4_msgs) StdoutLine: {'line': b'-- Up-to-date symlink: /home/lee/workspace/ros2_ex_mav/install/px4_msgs/include/px4_msgs/px4_msgs/msg/detail/ulog_stream__traits.hpp\n'}
[0.449174] (px4_msgs) StdoutLine: {'line': b'-- Up-to-date symlink: /home/lee/workspace/ros2_ex_mav/install/px4_msgs/include/px4_msgs/px4_msgs/msg/detail/ulog_stream__type_support.hpp\n'}
[0.449207] (px4_msgs) StdoutLine: {'line': b'-- Up-to-date symlink: /home/lee/workspace/ros2_ex_mav/install/px4_msgs/include/px4_msgs/px4_msgs/msg/detail/ulog_stream_ack__builder.hpp\n'}
[0.449239] (px4_msgs) StdoutLine: {'line': b'-- Up-to-date symlink: /home/lee/workspace/ros2_ex_mav/install/px4_msgs/include/px4_msgs/px4_msgs/msg/detail/ulog_stream_ack__struct.hpp\n'}
[0.449273] (px4_msgs) StdoutLine: {'line': b'-- Up-to-date symlink: /home/lee/workspace/ros2_ex_mav/install/px4_msgs/include/px4_msgs/px4_msgs/msg/detail/ulog_stream_ack__traits.hpp\n'}
[0.449305] (px4_msgs) StdoutLine: {'line': b'-- Up-to-date symlink: /home/lee/workspace/ros2_ex_mav/install/px4_msgs/include/px4_msgs/px4_msgs/msg/detail/ulog_stream_ack__type_support.hpp\n'}
[0.449342] (px4_msgs) StdoutLine: {'line': b'-- Up-to-date symlink: /home/lee/workspace/ros2_ex_mav/install/px4_msgs/include/px4_msgs/px4_msgs/msg/detail/vehicle_acceleration__builder.hpp\n'}
[0.449373] (px4_msgs) StdoutLine: {'line': b'-- Up-to-date symlink: /home/lee/workspace/ros2_ex_mav/install/px4_msgs/include/px4_msgs/px4_msgs/msg/detail/vehicle_acceleration__struct.hpp\n'}
[0.449405] (px4_msgs) StdoutLine: {'line': b'-- Up-to-date symlink: /home/lee/workspace/ros2_ex_mav/install/px4_msgs/include/px4_msgs/px4_msgs/msg/detail/vehicle_acceleration__traits.hpp\n'}
[0.449437] (px4_msgs) StdoutLine: {'line': b'-- Up-to-date symlink: /home/lee/workspace/ros2_ex_mav/install/px4_msgs/include/px4_msgs/px4_msgs/msg/detail/vehicle_acceleration__type_support.hpp\n'}
[0.449470] (px4_msgs) StdoutLine: {'line': b'-- Up-to-date symlink: /home/lee/workspace/ros2_ex_mav/install/px4_msgs/include/px4_msgs/px4_msgs/msg/detail/vehicle_air_data__builder.hpp\n'}
[0.449503] (px4_msgs) StdoutLine: {'line': b'-- Up-to-date symlink: /home/lee/workspace/ros2_ex_mav/install/px4_msgs/include/px4_msgs/px4_msgs/msg/detail/vehicle_air_data__struct.hpp\n'}
[0.449536] (px4_msgs) StdoutLine: {'line': b'-- Up-to-date symlink: /home/lee/workspace/ros2_ex_mav/install/px4_msgs/include/px4_msgs/px4_msgs/msg/detail/vehicle_air_data__traits.hpp\n'}
[0.449570] (px4_msgs) StdoutLine: {'line': b'-- Up-to-date symlink: /home/lee/workspace/ros2_ex_mav/install/px4_msgs/include/px4_msgs/px4_msgs/msg/detail/vehicle_air_data__type_support.hpp\n'}
[0.449604] (px4_msgs) StdoutLine: {'line': b'-- Up-to-date symlink: /home/lee/workspace/ros2_ex_mav/install/px4_msgs/include/px4_msgs/px4_msgs/msg/detail/vehicle_angular_acceleration_setpoint__builder.hpp\n'}
[0.449638] (px4_msgs) StdoutLine: {'line': b'-- Up-to-date symlink: /home/lee/workspace/ros2_ex_mav/install/px4_msgs/include/px4_msgs/px4_msgs/msg/detail/vehicle_angular_acceleration_setpoint__struct.hpp\n'}
[0.449672] (px4_msgs) StdoutLine: {'line': b'-- Up-to-date symlink: /home/lee/workspace/ros2_ex_mav/install/px4_msgs/include/px4_msgs/px4_msgs/msg/detail/vehicle_angular_acceleration_setpoint__traits.hpp\n'}
[0.449705] (px4_msgs) StdoutLine: {'line': b'-- Up-to-date symlink: /home/lee/workspace/ros2_ex_mav/install/px4_msgs/include/px4_msgs/px4_msgs/msg/detail/vehicle_angular_acceleration_setpoint__type_support.hpp\n'}
[0.449739] (px4_msgs) StdoutLine: {'line': b'-- Up-to-date symlink: /home/lee/workspace/ros2_ex_mav/install/px4_msgs/include/px4_msgs/px4_msgs/msg/detail/vehicle_angular_velocity__builder.hpp\n'}
[0.449772] (px4_msgs) StdoutLine: {'line': b'-- Up-to-date symlink: /home/lee/workspace/ros2_ex_mav/install/px4_msgs/include/px4_msgs/px4_msgs/msg/detail/vehicle_angular_velocity__struct.hpp\n'}
[0.449805] (px4_msgs) StdoutLine: {'line': b'-- Up-to-date symlink: /home/lee/workspace/ros2_ex_mav/install/px4_msgs/include/px4_msgs/px4_msgs/msg/detail/vehicle_angular_velocity__traits.hpp\n'}
[0.449839] (px4_msgs) StdoutLine: {'line': b'-- Up-to-date symlink: /home/lee/workspace/ros2_ex_mav/install/px4_msgs/include/px4_msgs/px4_msgs/msg/detail/vehicle_angular_velocity__type_support.hpp\n'}
[0.449873] (px4_msgs) StdoutLine: {'line': b'-- Up-to-date symlink: /home/lee/workspace/ros2_ex_mav/install/px4_msgs/include/px4_msgs/px4_msgs/msg/detail/vehicle_attitude__builder.hpp\n'}
[0.449906] (px4_msgs) StdoutLine: {'line': b'-- Up-to-date symlink: /home/lee/workspace/ros2_ex_mav/install/px4_msgs/include/px4_msgs/px4_msgs/msg/detail/vehicle_attitude__struct.hpp\n'}
[0.449939] (px4_msgs) StdoutLine: {'line': b'-- Up-to-date symlink: /home/lee/workspace/ros2_ex_mav/install/px4_msgs/include/px4_msgs/px4_msgs/msg/detail/vehicle_attitude__traits.hpp\n'}
[0.449971] (px4_msgs) StdoutLine: {'line': b'-- Up-to-date symlink: /home/lee/workspace/ros2_ex_mav/install/px4_msgs/include/px4_msgs/px4_msgs/msg/detail/vehicle_attitude__type_support.hpp\n'}
[0.450005] (px4_msgs) StdoutLine: {'line': b'-- Up-to-date symlink: /home/lee/workspace/ros2_ex_mav/install/px4_msgs/include/px4_msgs/px4_msgs/msg/detail/vehicle_attitude_setpoint__builder.hpp\n'}
[0.450039] (px4_msgs) StdoutLine: {'line': b'-- Up-to-date symlink: /home/lee/workspace/ros2_ex_mav/install/px4_msgs/include/px4_msgs/px4_msgs/msg/detail/vehicle_attitude_setpoint__struct.hpp\n'}
[0.450071] (px4_msgs) StdoutLine: {'line': b'-- Up-to-date symlink: /home/lee/workspace/ros2_ex_mav/install/px4_msgs/include/px4_msgs/px4_msgs/msg/detail/vehicle_attitude_setpoint__traits.hpp\n'}
[0.450101] (px4_msgs) StdoutLine: {'line': b'-- Up-to-date symlink: /home/lee/workspace/ros2_ex_mav/install/px4_msgs/include/px4_msgs/px4_msgs/msg/detail/vehicle_attitude_setpoint__type_support.hpp\n'}
[0.450134] (px4_msgs) StdoutLine: {'line': b'-- Up-to-date symlink: /home/lee/workspace/ros2_ex_mav/install/px4_msgs/include/px4_msgs/px4_msgs/msg/detail/vehicle_command__builder.hpp\n'}
[0.450163] (px4_msgs) StdoutLine: {'line': b'-- Up-to-date symlink: /home/lee/workspace/ros2_ex_mav/install/px4_msgs/include/px4_msgs/px4_msgs/msg/detail/vehicle_command__struct.hpp\n'}
[0.450196] (px4_msgs) StdoutLine: {'line': b'-- Up-to-date symlink: /home/lee/workspace/ros2_ex_mav/install/px4_msgs/include/px4_msgs/px4_msgs/msg/detail/vehicle_command__traits.hpp\n'}
[0.450228] (px4_msgs) StdoutLine: {'line': b'-- Up-to-date symlink: /home/lee/workspace/ros2_ex_mav/install/px4_msgs/include/px4_msgs/px4_msgs/msg/detail/vehicle_command__type_support.hpp\n'}
[0.450260] (px4_msgs) StdoutLine: {'line': b'-- Up-to-date symlink: /home/lee/workspace/ros2_ex_mav/install/px4_msgs/include/px4_msgs/px4_msgs/msg/detail/vehicle_command_ack__builder.hpp\n'}
[0.450290] (px4_msgs) StdoutLine: {'line': b'-- Up-to-date symlink: /home/lee/workspace/ros2_ex_mav/install/px4_msgs/include/px4_msgs/px4_msgs/msg/detail/vehicle_command_ack__struct.hpp\n'}
[0.450323] (px4_msgs) StdoutLine: {'line': b'-- Up-to-date symlink: /home/lee/workspace/ros2_ex_mav/install/px4_msgs/include/px4_msgs/px4_msgs/msg/detail/vehicle_command_ack__traits.hpp\n'}
[0.450358] (px4_msgs) StdoutLine: {'line': b'-- Up-to-date symlink: /home/lee/workspace/ros2_ex_mav/install/px4_msgs/include/px4_msgs/px4_msgs/msg/detail/vehicle_command_ack__type_support.hpp\n'}
[0.450390] (px4_msgs) StdoutLine: {'line': b'-- Up-to-date symlink: /home/lee/workspace/ros2_ex_mav/install/px4_msgs/include/px4_msgs/px4_msgs/msg/detail/vehicle_constraints__builder.hpp\n'}
[0.450420] (px4_msgs) StdoutLine: {'line': b'-- Up-to-date symlink: /home/lee/workspace/ros2_ex_mav/install/px4_msgs/include/px4_msgs/px4_msgs/msg/detail/vehicle_constraints__struct.hpp\n'}
[0.450453] (px4_msgs) StdoutLine: {'line': b'-- Up-to-date symlink: /home/lee/workspace/ros2_ex_mav/install/px4_msgs/include/px4_msgs/px4_msgs/msg/detail/vehicle_constraints__traits.hpp\n'}
[0.450484] (px4_msgs) StdoutLine: {'line': b'-- Up-to-date symlink: /home/lee/workspace/ros2_ex_mav/install/px4_msgs/include/px4_msgs/px4_msgs/msg/detail/vehicle_constraints__type_support.hpp\n'}
[0.450518] (px4_msgs) StdoutLine: {'line': b'-- Up-to-date symlink: /home/lee/workspace/ros2_ex_mav/install/px4_msgs/include/px4_msgs/px4_msgs/msg/detail/vehicle_control_mode__builder.hpp\n'}
[0.450548] (px4_msgs) StdoutLine: {'line': b'-- Up-to-date symlink: /home/lee/workspace/ros2_ex_mav/install/px4_msgs/include/px4_msgs/px4_msgs/msg/detail/vehicle_control_mode__struct.hpp\n'}
[0.450581] (px4_msgs) StdoutLine: {'line': b'-- Up-to-date symlink: /home/lee/workspace/ros2_ex_mav/install/px4_msgs/include/px4_msgs/px4_msgs/msg/detail/vehicle_control_mode__traits.hpp\n'}
[0.450613] (px4_msgs) StdoutLine: {'line': b'-- Up-to-date symlink: /home/lee/workspace/ros2_ex_mav/install/px4_msgs/include/px4_msgs/px4_msgs/msg/detail/vehicle_control_mode__type_support.hpp\n'}
[0.450647] (px4_msgs) StdoutLine: {'line': b'-- Up-to-date symlink: /home/lee/workspace/ros2_ex_mav/install/px4_msgs/include/px4_msgs/px4_msgs/msg/detail/vehicle_global_position__builder.hpp\n'}
[0.450679] (px4_msgs) StdoutLine: {'line': b'-- Up-to-date symlink: /home/lee/workspace/ros2_ex_mav/install/px4_msgs/include/px4_msgs/px4_msgs/msg/detail/vehicle_global_position__struct.hpp\n'}
[0.450711] (px4_msgs) StdoutLine: {'line': b'-- Up-to-date symlink: /home/lee/workspace/ros2_ex_mav/install/px4_msgs/include/px4_msgs/px4_msgs/msg/detail/vehicle_global_position__traits.hpp\n'}
[0.450744] (px4_msgs) StdoutLine: {'line': b'-- Up-to-date symlink: /home/lee/workspace/ros2_ex_mav/install/px4_msgs/include/px4_msgs/px4_msgs/msg/detail/vehicle_global_position__type_support.hpp\n'}
[0.450778] (px4_msgs) StdoutLine: {'line': b'-- Up-to-date symlink: /home/lee/workspace/ros2_ex_mav/install/px4_msgs/include/px4_msgs/px4_msgs/msg/detail/vehicle_imu__builder.hpp\n'}
[0.450809] (px4_msgs) StdoutLine: {'line': b'-- Up-to-date symlink: /home/lee/workspace/ros2_ex_mav/install/px4_msgs/include/px4_msgs/px4_msgs/msg/detail/vehicle_imu__struct.hpp\n'}
[0.450841] (px4_msgs) StdoutLine: {'line': b'-- Up-to-date symlink: /home/lee/workspace/ros2_ex_mav/install/px4_msgs/include/px4_msgs/px4_msgs/msg/detail/vehicle_imu__traits.hpp\n'}
[0.450875] (px4_msgs) StdoutLine: {'line': b'-- Up-to-date symlink: /home/lee/workspace/ros2_ex_mav/install/px4_msgs/include/px4_msgs/px4_msgs/msg/detail/vehicle_imu__type_support.hpp\n'}
[0.450905] (px4_msgs) StdoutLine: {'line': b'-- Up-to-date symlink: /home/lee/workspace/ros2_ex_mav/install/px4_msgs/include/px4_msgs/px4_msgs/msg/detail/vehicle_imu_status__builder.hpp\n'}
[0.450936] (px4_msgs) StdoutLine: {'line': b'-- Up-to-date symlink: /home/lee/workspace/ros2_ex_mav/install/px4_msgs/include/px4_msgs/px4_msgs/msg/detail/vehicle_imu_status__struct.hpp\n'}
[0.450971] (px4_msgs) StdoutLine: {'line': b'-- Up-to-date symlink: /home/lee/workspace/ros2_ex_mav/install/px4_msgs/include/px4_msgs/px4_msgs/msg/detail/vehicle_imu_status__traits.hpp\n'}
[0.451003] (px4_msgs) StdoutLine: {'line': b'-- Up-to-date symlink: /home/lee/workspace/ros2_ex_mav/install/px4_msgs/include/px4_msgs/px4_msgs/msg/detail/vehicle_imu_status__type_support.hpp\n'}
[0.451037] (px4_msgs) StdoutLine: {'line': b'-- Up-to-date symlink: /home/lee/workspace/ros2_ex_mav/install/px4_msgs/include/px4_msgs/px4_msgs/msg/detail/vehicle_land_detected__builder.hpp\n'}
[0.451069] (px4_msgs) StdoutLine: {'line': b'-- Up-to-date symlink: /home/lee/workspace/ros2_ex_mav/install/px4_msgs/include/px4_msgs/px4_msgs/msg/detail/vehicle_land_detected__struct.hpp\n'}
[0.451103] (px4_msgs) StdoutLine: {'line': b'-- Up-to-date symlink: /home/lee/workspace/ros2_ex_mav/install/px4_msgs/include/px4_msgs/px4_msgs/msg/detail/vehicle_land_detected__traits.hpp\n'}
[0.451136] (px4_msgs) StdoutLine: {'line': b'-- Up-to-date symlink: /home/lee/workspace/ros2_ex_mav/install/px4_msgs/include/px4_msgs/px4_msgs/msg/detail/vehicle_land_detected__type_support.hpp\n'}
[0.451169] (px4_msgs) StdoutLine: {'line': b'-- Up-to-date symlink: /home/lee/workspace/ros2_ex_mav/install/px4_msgs/include/px4_msgs/px4_msgs/msg/detail/vehicle_local_position__builder.hpp\n'}
[0.451201] (px4_msgs) StdoutLine: {'line': b'-- Up-to-date symlink: /home/lee/workspace/ros2_ex_mav/install/px4_msgs/include/px4_msgs/px4_msgs/msg/detail/vehicle_local_position__struct.hpp\n'}
[0.451235] (px4_msgs) StdoutLine: {'line': b'-- Up-to-date symlink: /home/lee/workspace/ros2_ex_mav/install/px4_msgs/include/px4_msgs/px4_msgs/msg/detail/vehicle_local_position__traits.hpp\n'}
[0.451268] (px4_msgs) StdoutLine: {'line': b'-- Up-to-date symlink: /home/lee/workspace/ros2_ex_mav/install/px4_msgs/include/px4_msgs/px4_msgs/msg/detail/vehicle_local_position__type_support.hpp\n'}
[0.451298] (px4_msgs) StdoutLine: {'line': b'-- Up-to-date symlink: /home/lee/workspace/ros2_ex_mav/install/px4_msgs/include/px4_msgs/px4_msgs/msg/detail/vehicle_local_position_setpoint__builder.hpp\n'}
[0.451337] (px4_msgs) StdoutLine: {'line': b'-- Up-to-date symlink: /home/lee/workspace/ros2_ex_mav/install/px4_msgs/include/px4_msgs/px4_msgs/msg/detail/vehicle_local_position_setpoint__struct.hpp\n'}
[0.451369] (px4_msgs) StdoutLine: {'line': b'-- Up-to-date symlink: /home/lee/workspace/ros2_ex_mav/install/px4_msgs/include/px4_msgs/px4_msgs/msg/detail/vehicle_local_position_setpoint__traits.hpp\n'}
[0.451401] (px4_msgs) StdoutLine: {'line': b'-- Up-to-date symlink: /home/lee/workspace/ros2_ex_mav/install/px4_msgs/include/px4_msgs/px4_msgs/msg/detail/vehicle_local_position_setpoint__type_support.hpp\n'}
[0.451435] (px4_msgs) StdoutLine: {'line': b'-- Up-to-date symlink: /home/lee/workspace/ros2_ex_mav/install/px4_msgs/include/px4_msgs/px4_msgs/msg/detail/vehicle_magnetometer__builder.hpp\n'}
[0.451467] (px4_msgs) StdoutLine: {'line': b'-- Up-to-date symlink: /home/lee/workspace/ros2_ex_mav/install/px4_msgs/include/px4_msgs/px4_msgs/msg/detail/vehicle_magnetometer__struct.hpp\n'}
[0.451498] (px4_msgs) StdoutLine: {'line': b'-- Up-to-date symlink: /home/lee/workspace/ros2_ex_mav/install/px4_msgs/include/px4_msgs/px4_msgs/msg/detail/vehicle_magnetometer__traits.hpp\n'}
[0.451531] (px4_msgs) StdoutLine: {'line': b'-- Up-to-date symlink: /home/lee/workspace/ros2_ex_mav/install/px4_msgs/include/px4_msgs/px4_msgs/msg/detail/vehicle_magnetometer__type_support.hpp\n'}
[0.451566] (px4_msgs) StdoutLine: {'line': b'-- Up-to-date symlink: /home/lee/workspace/ros2_ex_mav/install/px4_msgs/include/px4_msgs/px4_msgs/msg/detail/vehicle_odometry__builder.hpp\n'}
[0.451598] (px4_msgs) StdoutLine: {'line': b'-- Up-to-date symlink: /home/lee/workspace/ros2_ex_mav/install/px4_msgs/include/px4_msgs/px4_msgs/msg/detail/vehicle_odometry__struct.hpp\n'}
[0.451631] (px4_msgs) StdoutLine: {'line': b'-- Up-to-date symlink: /home/lee/workspace/ros2_ex_mav/install/px4_msgs/include/px4_msgs/px4_msgs/msg/detail/vehicle_odometry__traits.hpp\n'}
[0.451663] (px4_msgs) StdoutLine: {'line': b'-- Up-to-date symlink: /home/lee/workspace/ros2_ex_mav/install/px4_msgs/include/px4_msgs/px4_msgs/msg/detail/vehicle_odometry__type_support.hpp\n'}
[0.451696] (px4_msgs) StdoutLine: {'line': b'-- Up-to-date symlink: /home/lee/workspace/ros2_ex_mav/install/px4_msgs/include/px4_msgs/px4_msgs/msg/detail/vehicle_optical_flow__builder.hpp\n'}
[0.451728] (px4_msgs) StdoutLine: {'line': b'-- Up-to-date symlink: /home/lee/workspace/ros2_ex_mav/install/px4_msgs/include/px4_msgs/px4_msgs/msg/detail/vehicle_optical_flow__struct.hpp\n'}
[0.451760] (px4_msgs) StdoutLine: {'line': b'-- Up-to-date symlink: /home/lee/workspace/ros2_ex_mav/install/px4_msgs/include/px4_msgs/px4_msgs/msg/detail/vehicle_optical_flow__traits.hpp\n'}
[0.451794] (px4_msgs) StdoutLine: {'line': b'-- Up-to-date symlink: /home/lee/workspace/ros2_ex_mav/install/px4_msgs/include/px4_msgs/px4_msgs/msg/detail/vehicle_optical_flow__type_support.hpp\n'}
[0.451826] (px4_msgs) StdoutLine: {'line': b'-- Up-to-date symlink: /home/lee/workspace/ros2_ex_mav/install/px4_msgs/include/px4_msgs/px4_msgs/msg/detail/vehicle_optical_flow_vel__builder.hpp\n'}
[0.451858] (px4_msgs) StdoutLine: {'line': b'-- Up-to-date symlink: /home/lee/workspace/ros2_ex_mav/install/px4_msgs/include/px4_msgs/px4_msgs/msg/detail/vehicle_optical_flow_vel__struct.hpp\n'}
[0.451889] (px4_msgs) StdoutLine: {'line': b'-- Up-to-date symlink: /home/lee/workspace/ros2_ex_mav/install/px4_msgs/include/px4_msgs/px4_msgs/msg/detail/vehicle_optical_flow_vel__traits.hpp\n'}
[0.451922] (px4_msgs) StdoutLine: {'line': b'-- Up-to-date symlink: /home/lee/workspace/ros2_ex_mav/install/px4_msgs/include/px4_msgs/px4_msgs/msg/detail/vehicle_optical_flow_vel__type_support.hpp\n'}
[0.451954] (px4_msgs) StdoutLine: {'line': b'-- Up-to-date symlink: /home/lee/workspace/ros2_ex_mav/install/px4_msgs/include/px4_msgs/px4_msgs/msg/detail/vehicle_rates_setpoint__builder.hpp\n'}
[0.451985] (px4_msgs) StdoutLine: {'line': b'-- Up-to-date symlink: /home/lee/workspace/ros2_ex_mav/install/px4_msgs/include/px4_msgs/px4_msgs/msg/detail/vehicle_rates_setpoint__struct.hpp\n'}
[0.452017] (px4_msgs) StdoutLine: {'line': b'-- Up-to-date symlink: /home/lee/workspace/ros2_ex_mav/install/px4_msgs/include/px4_msgs/px4_msgs/msg/detail/vehicle_rates_setpoint__traits.hpp\n'}
[0.452049] (px4_msgs) StdoutLine: {'line': b'-- Up-to-date symlink: /home/lee/workspace/ros2_ex_mav/install/px4_msgs/include/px4_msgs/px4_msgs/msg/detail/vehicle_rates_setpoint__type_support.hpp\n'}
[0.452081] (px4_msgs) StdoutLine: {'line': b'-- Up-to-date symlink: /home/lee/workspace/ros2_ex_mav/install/px4_msgs/include/px4_msgs/px4_msgs/msg/detail/vehicle_roi__builder.hpp\n'}
[0.452113] (px4_msgs) StdoutLine: {'line': b'-- Up-to-date symlink: /home/lee/workspace/ros2_ex_mav/install/px4_msgs/include/px4_msgs/px4_msgs/msg/detail/vehicle_roi__struct.hpp\n'}
[0.452144] (px4_msgs) StdoutLine: {'line': b'-- Up-to-date symlink: /home/lee/workspace/ros2_ex_mav/install/px4_msgs/include/px4_msgs/px4_msgs/msg/detail/vehicle_roi__traits.hpp\n'}
[0.452176] (px4_msgs) StdoutLine: {'line': b'-- Up-to-date symlink: /home/lee/workspace/ros2_ex_mav/install/px4_msgs/include/px4_msgs/px4_msgs/msg/detail/vehicle_roi__type_support.hpp\n'}
[0.452206] (px4_msgs) StdoutLine: {'line': b'-- Up-to-date symlink: /home/lee/workspace/ros2_ex_mav/install/px4_msgs/include/px4_msgs/px4_msgs/msg/detail/vehicle_status__builder.hpp\n'}
[0.452239] (px4_msgs) StdoutLine: {'line': b'-- Up-to-date symlink: /home/lee/workspace/ros2_ex_mav/install/px4_msgs/include/px4_msgs/px4_msgs/msg/detail/vehicle_status__struct.hpp\n'}
[0.452271] (px4_msgs) StdoutLine: {'line': b'-- Up-to-date symlink: /home/lee/workspace/ros2_ex_mav/install/px4_msgs/include/px4_msgs/px4_msgs/msg/detail/vehicle_status__traits.hpp\n'}
[0.452303] (px4_msgs) StdoutLine: {'line': b'-- Up-to-date symlink: /home/lee/workspace/ros2_ex_mav/install/px4_msgs/include/px4_msgs/px4_msgs/msg/detail/vehicle_status__type_support.hpp\n'}
[0.452337] (px4_msgs) StdoutLine: {'line': b'-- Up-to-date symlink: /home/lee/workspace/ros2_ex_mav/install/px4_msgs/include/px4_msgs/px4_msgs/msg/detail/vehicle_thrust_setpoint__builder.hpp\n'}
[0.452369] (px4_msgs) StdoutLine: {'line': b'-- Up-to-date symlink: /home/lee/workspace/ros2_ex_mav/install/px4_msgs/include/px4_msgs/px4_msgs/msg/detail/vehicle_thrust_setpoint__struct.hpp\n'}
[0.452401] (px4_msgs) StdoutLine: {'line': b'-- Up-to-date symlink: /home/lee/workspace/ros2_ex_mav/install/px4_msgs/include/px4_msgs/px4_msgs/msg/detail/vehicle_thrust_setpoint__traits.hpp\n'}
[0.452433] (px4_msgs) StdoutLine: {'line': b'-- Up-to-date symlink: /home/lee/workspace/ros2_ex_mav/install/px4_msgs/include/px4_msgs/px4_msgs/msg/detail/vehicle_thrust_setpoint__type_support.hpp\n'}
[0.452464] (px4_msgs) StdoutLine: {'line': b'-- Up-to-date symlink: /home/lee/workspace/ros2_ex_mav/install/px4_msgs/include/px4_msgs/px4_msgs/msg/detail/vehicle_torque_setpoint__builder.hpp\n'}
[0.452497] (px4_msgs) StdoutLine: {'line': b'-- Up-to-date symlink: /home/lee/workspace/ros2_ex_mav/install/px4_msgs/include/px4_msgs/px4_msgs/msg/detail/vehicle_torque_setpoint__struct.hpp\n'}
[0.452530] (px4_msgs) StdoutLine: {'line': b'-- Up-to-date symlink: /home/lee/workspace/ros2_ex_mav/install/px4_msgs/include/px4_msgs/px4_msgs/msg/detail/vehicle_torque_setpoint__traits.hpp\n'}
[0.452562] (px4_msgs) StdoutLine: {'line': b'-- Up-to-date symlink: /home/lee/workspace/ros2_ex_mav/install/px4_msgs/include/px4_msgs/px4_msgs/msg/detail/vehicle_torque_setpoint__type_support.hpp\n'}
[0.452594] (px4_msgs) StdoutLine: {'line': b'-- Up-to-date symlink: /home/lee/workspace/ros2_ex_mav/install/px4_msgs/include/px4_msgs/px4_msgs/msg/detail/vehicle_trajectory_bezier__builder.hpp\n'}
[0.452626] (px4_msgs) StdoutLine: {'line': b'-- Up-to-date symlink: /home/lee/workspace/ros2_ex_mav/install/px4_msgs/include/px4_msgs/px4_msgs/msg/detail/vehicle_trajectory_bezier__struct.hpp\n'}
[0.452658] (px4_msgs) StdoutLine: {'line': b'-- Up-to-date symlink: /home/lee/workspace/ros2_ex_mav/install/px4_msgs/include/px4_msgs/px4_msgs/msg/detail/vehicle_trajectory_bezier__traits.hpp\n'}
[0.452692] (px4_msgs) StdoutLine: {'line': b'-- Up-to-date symlink: /home/lee/workspace/ros2_ex_mav/install/px4_msgs/include/px4_msgs/px4_msgs/msg/detail/vehicle_trajectory_bezier__type_support.hpp\n'}
[0.452723] (px4_msgs) StdoutLine: {'line': b'-- Up-to-date symlink: /home/lee/workspace/ros2_ex_mav/install/px4_msgs/include/px4_msgs/px4_msgs/msg/detail/vehicle_trajectory_waypoint__builder.hpp\n'}
[0.452756] (px4_msgs) StdoutLine: {'line': b'-- Up-to-date symlink: /home/lee/workspace/ros2_ex_mav/install/px4_msgs/include/px4_msgs/px4_msgs/msg/detail/vehicle_trajectory_waypoint__struct.hpp\n'}
[0.452788] (px4_msgs) StdoutLine: {'line': b'-- Up-to-date symlink: /home/lee/workspace/ros2_ex_mav/install/px4_msgs/include/px4_msgs/px4_msgs/msg/detail/vehicle_trajectory_waypoint__traits.hpp\n'}
[0.452822] (px4_msgs) StdoutLine: {'line': b'-- Up-to-date symlink: /home/lee/workspace/ros2_ex_mav/install/px4_msgs/include/px4_msgs/px4_msgs/msg/detail/vehicle_trajectory_waypoint__type_support.hpp\n'}
[0.452854] (px4_msgs) StdoutLine: {'line': b'-- Up-to-date symlink: /home/lee/workspace/ros2_ex_mav/install/px4_msgs/include/px4_msgs/px4_msgs/msg/detail/vtol_vehicle_status__builder.hpp\n'}
[0.452888] (px4_msgs) StdoutLine: {'line': b'-- Up-to-date symlink: /home/lee/workspace/ros2_ex_mav/install/px4_msgs/include/px4_msgs/px4_msgs/msg/detail/vtol_vehicle_status__struct.hpp\n'}
[0.452920] (px4_msgs) StdoutLine: {'line': b'-- Up-to-date symlink: /home/lee/workspace/ros2_ex_mav/install/px4_msgs/include/px4_msgs/px4_msgs/msg/detail/vtol_vehicle_status__traits.hpp\n'}
[0.452952] (px4_msgs) StdoutLine: {'line': b'-- Up-to-date symlink: /home/lee/workspace/ros2_ex_mav/install/px4_msgs/include/px4_msgs/px4_msgs/msg/detail/vtol_vehicle_status__type_support.hpp\n'}
[0.452986] (px4_msgs) StdoutLine: {'line': b'-- Up-to-date symlink: /home/lee/workspace/ros2_ex_mav/install/px4_msgs/include/px4_msgs/px4_msgs/msg/detail/wind__builder.hpp\n'}
[0.453019] (px4_msgs) StdoutLine: {'line': b'-- Up-to-date symlink: /home/lee/workspace/ros2_ex_mav/install/px4_msgs/include/px4_msgs/px4_msgs/msg/detail/wind__struct.hpp\n'}
[0.453053] (px4_msgs) StdoutLine: {'line': b'-- Up-to-date symlink: /home/lee/workspace/ros2_ex_mav/install/px4_msgs/include/px4_msgs/px4_msgs/msg/detail/wind__traits.hpp\n'}
[0.453086] (px4_msgs) StdoutLine: {'line': b'-- Up-to-date symlink: /home/lee/workspace/ros2_ex_mav/install/px4_msgs/include/px4_msgs/px4_msgs/msg/detail/wind__type_support.hpp\n'}
[0.453119] (px4_msgs) StdoutLine: {'line': b'-- Up-to-date symlink: /home/lee/workspace/ros2_ex_mav/install/px4_msgs/include/px4_msgs/px4_msgs/msg/detail/yaw_estimator_status__builder.hpp\n'}
[0.453153] (px4_msgs) StdoutLine: {'line': b'-- Up-to-date symlink: /home/lee/workspace/ros2_ex_mav/install/px4_msgs/include/px4_msgs/px4_msgs/msg/detail/yaw_estimator_status__struct.hpp\n'}
[0.453184] (px4_msgs) StdoutLine: {'line': b'-- Up-to-date symlink: /home/lee/workspace/ros2_ex_mav/install/px4_msgs/include/px4_msgs/px4_msgs/msg/detail/yaw_estimator_status__traits.hpp\n'}
[0.453218] (px4_msgs) StdoutLine: {'line': b'-- Up-to-date symlink: /home/lee/workspace/ros2_ex_mav/install/px4_msgs/include/px4_msgs/px4_msgs/msg/detail/yaw_estimator_status__type_support.hpp\n'}
[0.453250] (px4_msgs) StdoutLine: {'line': b'-- Up-to-date symlink: /home/lee/workspace/ros2_ex_mav/install/px4_msgs/include/px4_msgs/px4_msgs/msg/differential_pressure.hpp\n'}
[0.453283] (px4_msgs) StdoutLine: {'line': b'-- Up-to-date symlink: /home/lee/workspace/ros2_ex_mav/install/px4_msgs/include/px4_msgs/px4_msgs/msg/distance_sensor.hpp\n'}
[0.453315] (px4_msgs) StdoutLine: {'line': b'-- Up-to-date symlink: /home/lee/workspace/ros2_ex_mav/install/px4_msgs/include/px4_msgs/px4_msgs/msg/ekf2_timestamps.hpp\n'}
[0.453347] (px4_msgs) StdoutLine: {'line': b'-- Up-to-date symlink: /home/lee/workspace/ros2_ex_mav/install/px4_msgs/include/px4_msgs/px4_msgs/msg/esc_report.hpp\n'}
[0.453377] (px4_msgs) StdoutLine: {'line': b'-- Up-to-date symlink: /home/lee/workspace/ros2_ex_mav/install/px4_msgs/include/px4_msgs/px4_msgs/msg/esc_status.hpp\n'}
[0.453411] (px4_msgs) StdoutLine: {'line': b'-- Up-to-date symlink: /home/lee/workspace/ros2_ex_mav/install/px4_msgs/include/px4_msgs/px4_msgs/msg/estimator_aid_source1d.hpp\n'}
[0.453442] (px4_msgs) StdoutLine: {'line': b'-- Up-to-date symlink: /home/lee/workspace/ros2_ex_mav/install/px4_msgs/include/px4_msgs/px4_msgs/msg/estimator_aid_source2d.hpp\n'}
[0.453473] (px4_msgs) StdoutLine: {'line': b'-- Up-to-date symlink: /home/lee/workspace/ros2_ex_mav/install/px4_msgs/include/px4_msgs/px4_msgs/msg/estimator_aid_source3d.hpp\n'}
[0.453506] (px4_msgs) StdoutLine: {'line': b'-- Up-to-date symlink: /home/lee/workspace/ros2_ex_mav/install/px4_msgs/include/px4_msgs/px4_msgs/msg/estimator_bias.hpp\n'}
[0.453539] (px4_msgs) StdoutLine: {'line': b'-- Up-to-date symlink: /home/lee/workspace/ros2_ex_mav/install/px4_msgs/include/px4_msgs/px4_msgs/msg/estimator_bias3d.hpp\n'}
[0.453571] (px4_msgs) StdoutLine: {'line': b'-- Up-to-date symlink: /home/lee/workspace/ros2_ex_mav/install/px4_msgs/include/px4_msgs/px4_msgs/msg/estimator_event_flags.hpp\n'}
[0.453602] (px4_msgs) StdoutLine: {'line': b'-- Up-to-date symlink: /home/lee/workspace/ros2_ex_mav/install/px4_msgs/include/px4_msgs/px4_msgs/msg/estimator_gps_status.hpp\n'}
[0.453634] (px4_msgs) StdoutLine: {'line': b'-- Up-to-date symlink: /home/lee/workspace/ros2_ex_mav/install/px4_msgs/include/px4_msgs/px4_msgs/msg/estimator_innovations.hpp\n'}
[0.453667] (px4_msgs) StdoutLine: {'line': b'-- Up-to-date symlink: /home/lee/workspace/ros2_ex_mav/install/px4_msgs/include/px4_msgs/px4_msgs/msg/estimator_selector_status.hpp\n'}
[0.453699] (px4_msgs) StdoutLine: {'line': b'-- Up-to-date symlink: /home/lee/workspace/ros2_ex_mav/install/px4_msgs/include/px4_msgs/px4_msgs/msg/estimator_sensor_bias.hpp\n'}
[0.453731] (px4_msgs) StdoutLine: {'line': b'-- Up-to-date symlink: /home/lee/workspace/ros2_ex_mav/install/px4_msgs/include/px4_msgs/px4_msgs/msg/estimator_states.hpp\n'}
[0.453764] (px4_msgs) StdoutLine: {'line': b'-- Up-to-date symlink: /home/lee/workspace/ros2_ex_mav/install/px4_msgs/include/px4_msgs/px4_msgs/msg/estimator_status.hpp\n'}
[0.453797] (px4_msgs) StdoutLine: {'line': b'-- Up-to-date symlink: /home/lee/workspace/ros2_ex_mav/install/px4_msgs/include/px4_msgs/px4_msgs/msg/estimator_status_flags.hpp\n'}
[0.453829] (px4_msgs) StdoutLine: {'line': b'-- Up-to-date symlink: /home/lee/workspace/ros2_ex_mav/install/px4_msgs/include/px4_msgs/px4_msgs/msg/event.hpp\n'}
[0.453859] (px4_msgs) StdoutLine: {'line': b'-- Up-to-date symlink: /home/lee/workspace/ros2_ex_mav/install/px4_msgs/include/px4_msgs/px4_msgs/msg/failsafe_flags.hpp\n'}
[0.453894] (px4_msgs) StdoutLine: {'line': b'-- Up-to-date symlink: /home/lee/workspace/ros2_ex_mav/install/px4_msgs/include/px4_msgs/px4_msgs/msg/failure_detector_status.hpp\n'}
[0.453926] (px4_msgs) StdoutLine: {'line': b'-- Up-to-date symlink: /home/lee/workspace/ros2_ex_mav/install/px4_msgs/include/px4_msgs/px4_msgs/msg/follow_target.hpp\n'}
[0.453959] (px4_msgs) StdoutLine: {'line': b'-- Up-to-date symlink: /home/lee/workspace/ros2_ex_mav/install/px4_msgs/include/px4_msgs/px4_msgs/msg/follow_target_estimator.hpp\n'}
[0.453991] (px4_msgs) StdoutLine: {'line': b'-- Up-to-date symlink: /home/lee/workspace/ros2_ex_mav/install/px4_msgs/include/px4_msgs/px4_msgs/msg/follow_target_status.hpp\n'}
[0.454023] (px4_msgs) StdoutLine: {'line': b'-- Up-to-date symlink: /home/lee/workspace/ros2_ex_mav/install/px4_msgs/include/px4_msgs/px4_msgs/msg/generator_status.hpp\n'}
[0.454054] (px4_msgs) StdoutLine: {'line': b'-- Up-to-date symlink: /home/lee/workspace/ros2_ex_mav/install/px4_msgs/include/px4_msgs/px4_msgs/msg/geofence_result.hpp\n'}
[0.454086] (px4_msgs) StdoutLine: {'line': b'-- Up-to-date symlink: /home/lee/workspace/ros2_ex_mav/install/px4_msgs/include/px4_msgs/px4_msgs/msg/gimbal_controls.hpp\n'}
[0.454120] (px4_msgs) StdoutLine: {'line': b'-- Up-to-date symlink: /home/lee/workspace/ros2_ex_mav/install/px4_msgs/include/px4_msgs/px4_msgs/msg/gimbal_device_attitude_status.hpp\n'}
[0.454154] (px4_msgs) StdoutLine: {'line': b'-- Up-to-date symlink: /home/lee/workspace/ros2_ex_mav/install/px4_msgs/include/px4_msgs/px4_msgs/msg/gimbal_device_information.hpp\n'}
[0.454184] (px4_msgs) StdoutLine: {'line': b'-- Up-to-date symlink: /home/lee/workspace/ros2_ex_mav/install/px4_msgs/include/px4_msgs/px4_msgs/msg/gimbal_device_set_attitude.hpp\n'}
[0.454219] (px4_msgs) StdoutLine: {'line': b'-- Up-to-date symlink: /home/lee/workspace/ros2_ex_mav/install/px4_msgs/include/px4_msgs/px4_msgs/msg/gimbal_manager_information.hpp\n'}
[0.454252] (px4_msgs) StdoutLine: {'line': b'-- Up-to-date symlink: /home/lee/workspace/ros2_ex_mav/install/px4_msgs/include/px4_msgs/px4_msgs/msg/gimbal_manager_set_attitude.hpp\n'}
[0.454278] (px4_msgs) StdoutLine: {'line': b'-- Up-to-date symlink: /home/lee/workspace/ros2_ex_mav/install/px4_msgs/include/px4_msgs/px4_msgs/msg/gimbal_manager_set_manual_control.hpp\n'}
[0.454313] (px4_msgs) StdoutLine: {'line': b'-- Up-to-date symlink: /home/lee/workspace/ros2_ex_mav/install/px4_msgs/include/px4_msgs/px4_msgs/msg/gimbal_manager_status.hpp\n'}
[0.454446] (px4_msgs) StdoutLine: {'line': b'-- Up-to-date symlink: /home/lee/workspace/ros2_ex_mav/install/px4_msgs/include/px4_msgs/px4_msgs/msg/gps_dump.hpp\n'}
[0.454517] (px4_msgs) StdoutLine: {'line': b'-- Up-to-date symlink: /home/lee/workspace/ros2_ex_mav/install/px4_msgs/include/px4_msgs/px4_msgs/msg/gps_inject_data.hpp\n'}
[0.454564] (px4_msgs) StdoutLine: {'line': b'-- Up-to-date symlink: /home/lee/workspace/ros2_ex_mav/install/px4_msgs/include/px4_msgs/px4_msgs/msg/gripper.hpp\n'}
[0.454605] (px4_msgs) StdoutLine: {'line': b'-- Up-to-date symlink: /home/lee/workspace/ros2_ex_mav/install/px4_msgs/include/px4_msgs/px4_msgs/msg/health_report.hpp\n'}
[0.454638] (px4_msgs) StdoutLine: {'line': b'-- Up-to-date symlink: /home/lee/workspace/ros2_ex_mav/install/px4_msgs/include/px4_msgs/px4_msgs/msg/heater_status.hpp\n'}
[0.454669] (px4_msgs) StdoutLine: {'line': b'-- Up-to-date symlink: /home/lee/workspace/ros2_ex_mav/install/px4_msgs/include/px4_msgs/px4_msgs/msg/home_position.hpp\n'}
[0.454701] (px4_msgs) StdoutLine: {'line': b'-- Up-to-date symlink: /home/lee/workspace/ros2_ex_mav/install/px4_msgs/include/px4_msgs/px4_msgs/msg/hover_thrust_estimate.hpp\n'}
[0.454732] (px4_msgs) StdoutLine: {'line': b'-- Up-to-date symlink: /home/lee/workspace/ros2_ex_mav/install/px4_msgs/include/px4_msgs/px4_msgs/msg/input_rc.hpp\n'}
[0.454767] (px4_msgs) StdoutLine: {'line': b'-- Up-to-date symlink: /home/lee/workspace/ros2_ex_mav/install/px4_msgs/include/px4_msgs/px4_msgs/msg/internal_combustion_engine_status.hpp\n'}
[0.454799] (px4_msgs) StdoutLine: {'line': b'-- Up-to-date symlink: /home/lee/workspace/ros2_ex_mav/install/px4_msgs/include/px4_msgs/px4_msgs/msg/iridiumsbd_status.hpp\n'}
[0.454830] (px4_msgs) StdoutLine: {'line': b'-- Up-to-date symlink: /home/lee/workspace/ros2_ex_mav/install/px4_msgs/include/px4_msgs/px4_msgs/msg/irlock_report.hpp\n'}
[0.454862] (px4_msgs) StdoutLine: {'line': b'-- Up-to-date symlink: /home/lee/workspace/ros2_ex_mav/install/px4_msgs/include/px4_msgs/px4_msgs/msg/landing_gear.hpp\n'}
[0.454895] (px4_msgs) StdoutLine: {'line': b'-- Up-to-date symlink: /home/lee/workspace/ros2_ex_mav/install/px4_msgs/include/px4_msgs/px4_msgs/msg/landing_gear_wheel.hpp\n'}
[0.454926] (px4_msgs) StdoutLine: {'line': b'-- Up-to-date symlink: /home/lee/workspace/ros2_ex_mav/install/px4_msgs/include/px4_msgs/px4_msgs/msg/landing_target_innovations.hpp\n'}
[0.454957] (px4_msgs) StdoutLine: {'line': b'-- Up-to-date symlink: /home/lee/workspace/ros2_ex_mav/install/px4_msgs/include/px4_msgs/px4_msgs/msg/landing_target_pose.hpp\n'}
[0.454988] (px4_msgs) StdoutLine: {'line': b'-- Up-to-date symlink: /home/lee/workspace/ros2_ex_mav/install/px4_msgs/include/px4_msgs/px4_msgs/msg/launch_detection_status.hpp\n'}
[0.455022] (px4_msgs) StdoutLine: {'line': b'-- Up-to-date symlink: /home/lee/workspace/ros2_ex_mav/install/px4_msgs/include/px4_msgs/px4_msgs/msg/led_control.hpp\n'}
[0.455054] (px4_msgs) StdoutLine: {'line': b'-- Up-to-date symlink: /home/lee/workspace/ros2_ex_mav/install/px4_msgs/include/px4_msgs/px4_msgs/msg/log_message.hpp\n'}
[0.455085] (px4_msgs) StdoutLine: {'line': b'-- Up-to-date symlink: /home/lee/workspace/ros2_ex_mav/install/px4_msgs/include/px4_msgs/px4_msgs/msg/logger_status.hpp\n'}
[0.455116] (px4_msgs) StdoutLine: {'line': b'-- Up-to-date symlink: /home/lee/workspace/ros2_ex_mav/install/px4_msgs/include/px4_msgs/px4_msgs/msg/mag_worker_data.hpp\n'}
[0.455145] (px4_msgs) StdoutLine: {'line': b'-- Up-to-date symlink: /home/lee/workspace/ros2_ex_mav/install/px4_msgs/include/px4_msgs/px4_msgs/msg/magnetometer_bias_estimate.hpp\n'}
[0.455177] (px4_msgs) StdoutLine: {'line': b'-- Up-to-date symlink: /home/lee/workspace/ros2_ex_mav/install/px4_msgs/include/px4_msgs/px4_msgs/msg/manual_control_setpoint.hpp\n'}
[0.455209] (px4_msgs) StdoutLine: {'line': b'-- Up-to-date symlink: /home/lee/workspace/ros2_ex_mav/install/px4_msgs/include/px4_msgs/px4_msgs/msg/manual_control_switches.hpp\n'}
[0.455241] (px4_msgs) StdoutLine: {'line': b'-- Up-to-date symlink: /home/lee/workspace/ros2_ex_mav/install/px4_msgs/include/px4_msgs/px4_msgs/msg/mavlink_log.hpp\n'}
[0.455272] (px4_msgs) StdoutLine: {'line': b'-- Up-to-date symlink: /home/lee/workspace/ros2_ex_mav/install/px4_msgs/include/px4_msgs/px4_msgs/msg/mavlink_tunnel.hpp\n'}
[0.455303] (px4_msgs) StdoutLine: {'line': b'-- Up-to-date symlink: /home/lee/workspace/ros2_ex_mav/install/px4_msgs/include/px4_msgs/px4_msgs/msg/mission.hpp\n'}
[0.455335] (px4_msgs) StdoutLine: {'line': b'-- Up-to-date symlink: /home/lee/workspace/ros2_ex_mav/install/px4_msgs/include/px4_msgs/px4_msgs/msg/mission_result.hpp\n'}
[0.455366] (px4_msgs) StdoutLine: {'line': b'-- Up-to-date symlink: /home/lee/workspace/ros2_ex_mav/install/px4_msgs/include/px4_msgs/px4_msgs/msg/mode_completed.hpp\n'}
[0.455397] (px4_msgs) StdoutLine: {'line': b'-- Up-to-date symlink: /home/lee/workspace/ros2_ex_mav/install/px4_msgs/include/px4_msgs/px4_msgs/msg/mount_orientation.hpp\n'}
[0.455428] (px4_msgs) StdoutLine: {'line': b'-- Up-to-date symlink: /home/lee/workspace/ros2_ex_mav/install/px4_msgs/include/px4_msgs/px4_msgs/msg/navigator_mission_item.hpp\n'}
[0.455461] (px4_msgs) StdoutLine: {'line': b'-- Up-to-date symlink: /home/lee/workspace/ros2_ex_mav/install/px4_msgs/include/px4_msgs/px4_msgs/msg/normalized_unsigned_setpoint.hpp\n'}
[0.455492] (px4_msgs) StdoutLine: {'line': b'-- Up-to-date symlink: /home/lee/workspace/ros2_ex_mav/install/px4_msgs/include/px4_msgs/px4_msgs/msg/npfg_status.hpp\n'}
[0.455523] (px4_msgs) StdoutLine: {'line': b'-- Up-to-date symlink: /home/lee/workspace/ros2_ex_mav/install/px4_msgs/include/px4_msgs/px4_msgs/msg/obstacle_distance.hpp\n'}
[0.455557] (px4_msgs) StdoutLine: {'line': b'-- Up-to-date symlink: /home/lee/workspace/ros2_ex_mav/install/px4_msgs/include/px4_msgs/px4_msgs/msg/offboard_control_mode.hpp\n'}
[0.455590] (px4_msgs) StdoutLine: {'line': b'-- Up-to-date symlink: /home/lee/workspace/ros2_ex_mav/install/px4_msgs/include/px4_msgs/px4_msgs/msg/onboard_computer_status.hpp\n'}
[0.455622] (px4_msgs) StdoutLine: {'line': b'-- Up-to-date symlink: /home/lee/workspace/ros2_ex_mav/install/px4_msgs/include/px4_msgs/px4_msgs/msg/orb_test.hpp\n'}
[0.455654] (px4_msgs) StdoutLine: {'line': b'-- Up-to-date symlink: /home/lee/workspace/ros2_ex_mav/install/px4_msgs/include/px4_msgs/px4_msgs/msg/orb_test_large.hpp\n'}
[0.455684] (px4_msgs) StdoutLine: {'line': b'-- Up-to-date symlink: /home/lee/workspace/ros2_ex_mav/install/px4_msgs/include/px4_msgs/px4_msgs/msg/orb_test_medium.hpp\n'}
[0.455716] (px4_msgs) StdoutLine: {'line': b'-- Up-to-date symlink: /home/lee/workspace/ros2_ex_mav/install/px4_msgs/include/px4_msgs/px4_msgs/msg/orbit_status.hpp\n'}
[0.455746] (px4_msgs) StdoutLine: {'line': b'-- Up-to-date symlink: /home/lee/workspace/ros2_ex_mav/install/px4_msgs/include/px4_msgs/px4_msgs/msg/parameter_update.hpp\n'}
[0.455778] (px4_msgs) StdoutLine: {'line': b'-- Up-to-date symlink: /home/lee/workspace/ros2_ex_mav/install/px4_msgs/include/px4_msgs/px4_msgs/msg/ping.hpp\n'}
[0.455811] (px4_msgs) StdoutLine: {'line': b'-- Up-to-date symlink: /home/lee/workspace/ros2_ex_mav/install/px4_msgs/include/px4_msgs/px4_msgs/msg/position_controller_landing_status.hpp\n'}
[0.455843] (px4_msgs) StdoutLine: {'line': b'-- Up-to-date symlink: /home/lee/workspace/ros2_ex_mav/install/px4_msgs/include/px4_msgs/px4_msgs/msg/position_controller_status.hpp\n'}
[0.455873] (px4_msgs) StdoutLine: {'line': b'-- Up-to-date symlink: /home/lee/workspace/ros2_ex_mav/install/px4_msgs/include/px4_msgs/px4_msgs/msg/position_setpoint.hpp\n'}
[0.455905] (px4_msgs) StdoutLine: {'line': b'-- Up-to-date symlink: /home/lee/workspace/ros2_ex_mav/install/px4_msgs/include/px4_msgs/px4_msgs/msg/position_setpoint_triplet.hpp\n'}
[0.455937] (px4_msgs) StdoutLine: {'line': b'-- Up-to-date symlink: /home/lee/workspace/ros2_ex_mav/install/px4_msgs/include/px4_msgs/px4_msgs/msg/power_button_state.hpp\n'}
[0.455969] (px4_msgs) StdoutLine: {'line': b'-- Up-to-date symlink: /home/lee/workspace/ros2_ex_mav/install/px4_msgs/include/px4_msgs/px4_msgs/msg/power_monitor.hpp\n'}
[0.455998] (px4_msgs) StdoutLine: {'line': b'-- Up-to-date symlink: /home/lee/workspace/ros2_ex_mav/install/px4_msgs/include/px4_msgs/px4_msgs/msg/pps_capture.hpp\n'}
[0.456030] (px4_msgs) StdoutLine: {'line': b'-- Up-to-date symlink: /home/lee/workspace/ros2_ex_mav/install/px4_msgs/include/px4_msgs/px4_msgs/msg/pwm_input.hpp\n'}
[0.456060] (px4_msgs) StdoutLine: {'line': b'-- Up-to-date symlink: /home/lee/workspace/ros2_ex_mav/install/px4_msgs/include/px4_msgs/px4_msgs/msg/px4io_status.hpp\n'}
[0.456091] (px4_msgs) StdoutLine: {'line': b'-- Up-to-date symlink: /home/lee/workspace/ros2_ex_mav/install/px4_msgs/include/px4_msgs/px4_msgs/msg/qshell_req.hpp\n'}
[0.456124] (px4_msgs) StdoutLine: {'line': b'-- Up-to-date symlink: /home/lee/workspace/ros2_ex_mav/install/px4_msgs/include/px4_msgs/px4_msgs/msg/qshell_retval.hpp\n'}
[0.456156] (px4_msgs) StdoutLine: {'line': b'-- Up-to-date symlink: /home/lee/workspace/ros2_ex_mav/install/px4_msgs/include/px4_msgs/px4_msgs/msg/radio_status.hpp\n'}
[0.456189] (px4_msgs) StdoutLine: {'line': b'-- Up-to-date symlink: /home/lee/workspace/ros2_ex_mav/install/px4_msgs/include/px4_msgs/px4_msgs/msg/rate_ctrl_status.hpp\n'}
[0.456223] (px4_msgs) StdoutLine: {'line': b'-- Up-to-date symlink: /home/lee/workspace/ros2_ex_mav/install/px4_msgs/include/px4_msgs/px4_msgs/msg/rc_channels.hpp\n'}
[0.456257] (px4_msgs) StdoutLine: {'line': b'-- Up-to-date symlink: /home/lee/workspace/ros2_ex_mav/install/px4_msgs/include/px4_msgs/px4_msgs/msg/rc_parameter_map.hpp\n'}
[0.456286] (px4_msgs) StdoutLine: {'line': b'-- Up-to-date symlink: /home/lee/workspace/ros2_ex_mav/install/px4_msgs/include/px4_msgs/px4_msgs/msg/rosidl_generator_cpp__visibility_control.hpp\n'}
[0.456399] (px4_msgs) StdoutLine: {'line': b'-- Up-to-date symlink: /home/lee/workspace/ros2_ex_mav/install/px4_msgs/include/px4_msgs/px4_msgs/msg/rpm.hpp\n'}
[0.456495] (px4_msgs) StdoutLine: {'line': b'-- Up-to-date symlink: /home/lee/workspace/ros2_ex_mav/install/px4_msgs/include/px4_msgs/px4_msgs/msg/rtl_time_estimate.hpp\n'}
[0.456522] (px4_msgs) StdoutLine: {'line': b'-- Up-to-date symlink: /home/lee/workspace/ros2_ex_mav/install/px4_msgs/include/px4_msgs/px4_msgs/msg/satellite_info.hpp\n'}
[0.456546] (px4_msgs) StdoutLine: {'line': b'-- Up-to-date symlink: /home/lee/workspace/ros2_ex_mav/install/px4_msgs/include/px4_msgs/px4_msgs/msg/sensor_accel.hpp\n'}
[0.456567] (px4_msgs) StdoutLine: {'line': b'-- Up-to-date symlink: /home/lee/workspace/ros2_ex_mav/install/px4_msgs/include/px4_msgs/px4_msgs/msg/sensor_accel_fifo.hpp\n'}
[0.456601] (px4_msgs) StdoutLine: {'line': b'-- Up-to-date symlink: /home/lee/workspace/ros2_ex_mav/install/px4_msgs/include/px4_msgs/px4_msgs/msg/sensor_baro.hpp\n'}
[0.456620] (px4_msgs) StdoutLine: {'line': b'-- Up-to-date symlink: /home/lee/workspace/ros2_ex_mav/install/px4_msgs/include/px4_msgs/px4_msgs/msg/sensor_combined.hpp\n'}
[0.456640] (px4_msgs) StdoutLine: {'line': b'-- Up-to-date symlink: /home/lee/workspace/ros2_ex_mav/install/px4_msgs/include/px4_msgs/px4_msgs/msg/sensor_correction.hpp\n'}
[0.456660] (px4_msgs) StdoutLine: {'line': b'-- Up-to-date symlink: /home/lee/workspace/ros2_ex_mav/install/px4_msgs/include/px4_msgs/px4_msgs/msg/sensor_gnss_relative.hpp\n'}
[0.456680] (px4_msgs) StdoutLine: {'line': b'-- Up-to-date symlink: /home/lee/workspace/ros2_ex_mav/install/px4_msgs/include/px4_msgs/px4_msgs/msg/sensor_gps.hpp\n'}
[0.456717] (px4_msgs) StdoutLine: {'line': b'-- Up-to-date symlink: /home/lee/workspace/ros2_ex_mav/install/px4_msgs/include/px4_msgs/px4_msgs/msg/sensor_gyro.hpp\n'}
[0.456740] (px4_msgs) StdoutLine: {'line': b'-- Up-to-date symlink: /home/lee/workspace/ros2_ex_mav/install/px4_msgs/include/px4_msgs/px4_msgs/msg/sensor_gyro_fft.hpp\n'}
[0.456766] (px4_msgs) StdoutLine: {'line': b'-- Up-to-date symlink: /home/lee/workspace/ros2_ex_mav/install/px4_msgs/include/px4_msgs/px4_msgs/msg/sensor_gyro_fifo.hpp\n'}
[0.456787] (px4_msgs) StdoutLine: {'line': b'-- Up-to-date symlink: /home/lee/workspace/ros2_ex_mav/install/px4_msgs/include/px4_msgs/px4_msgs/msg/sensor_hygrometer.hpp\n'}
[0.456809] (px4_msgs) StdoutLine: {'line': b'-- Up-to-date symlink: /home/lee/workspace/ros2_ex_mav/install/px4_msgs/include/px4_msgs/px4_msgs/msg/sensor_mag.hpp\n'}
[0.456843] (px4_msgs) StdoutLine: {'line': b'-- Up-to-date symlink: /home/lee/workspace/ros2_ex_mav/install/px4_msgs/include/px4_msgs/px4_msgs/msg/sensor_optical_flow.hpp\n'}
[0.456865] (px4_msgs) StdoutLine: {'line': b'-- Up-to-date symlink: /home/lee/workspace/ros2_ex_mav/install/px4_msgs/include/px4_msgs/px4_msgs/msg/sensor_preflight_mag.hpp\n'}
[0.456884] (px4_msgs) StdoutLine: {'line': b'-- Up-to-date symlink: /home/lee/workspace/ros2_ex_mav/install/px4_msgs/include/px4_msgs/px4_msgs/msg/sensor_selection.hpp\n'}
[0.456915] (px4_msgs) StdoutLine: {'line': b'-- Up-to-date symlink: /home/lee/workspace/ros2_ex_mav/install/px4_msgs/include/px4_msgs/px4_msgs/msg/sensor_uwb.hpp\n'}
[0.456935] (px4_msgs) StdoutLine: {'line': b'-- Up-to-date symlink: /home/lee/workspace/ros2_ex_mav/install/px4_msgs/include/px4_msgs/px4_msgs/msg/sensors_status.hpp\n'}
[0.456964] (px4_msgs) StdoutLine: {'line': b'-- Up-to-date symlink: /home/lee/workspace/ros2_ex_mav/install/px4_msgs/include/px4_msgs/px4_msgs/msg/sensors_status_imu.hpp\n'}
[0.456994] (px4_msgs) StdoutLine: {'line': b'-- Up-to-date symlink: /home/lee/workspace/ros2_ex_mav/install/px4_msgs/include/px4_msgs/px4_msgs/msg/system_power.hpp\n'}
[0.457023] (px4_msgs) StdoutLine: {'line': b'-- Up-to-date symlink: /home/lee/workspace/ros2_ex_mav/install/px4_msgs/include/px4_msgs/px4_msgs/msg/takeoff_status.hpp\n'}
[0.457049] (px4_msgs) StdoutLine: {'line': b'-- Up-to-date symlink: /home/lee/workspace/ros2_ex_mav/install/px4_msgs/include/px4_msgs/px4_msgs/msg/task_stack_info.hpp\n'}
[0.457078] (px4_msgs) StdoutLine: {'line': b'-- Up-to-date symlink: /home/lee/workspace/ros2_ex_mav/install/px4_msgs/include/px4_msgs/px4_msgs/msg/tecs_status.hpp\n'}
[0.457107] (px4_msgs) StdoutLine: {'line': b'-- Up-to-date symlink: /home/lee/workspace/ros2_ex_mav/install/px4_msgs/include/px4_msgs/px4_msgs/msg/telemetry_status.hpp\n'}
[0.457135] (px4_msgs) StdoutLine: {'line': b'-- Up-to-date symlink: /home/lee/workspace/ros2_ex_mav/install/px4_msgs/include/px4_msgs/px4_msgs/msg/tiltrotor_extra_controls.hpp\n'}
[0.457164] (px4_msgs) StdoutLine: {'line': b'-- Up-to-date symlink: /home/lee/workspace/ros2_ex_mav/install/px4_msgs/include/px4_msgs/px4_msgs/msg/timesync_status.hpp\n'}
[0.457189] (px4_msgs) StdoutLine: {'line': b'-- Up-to-date symlink: /home/lee/workspace/ros2_ex_mav/install/px4_msgs/include/px4_msgs/px4_msgs/msg/trajectory_bezier.hpp\n'}
[0.457217] (px4_msgs) StdoutLine: {'line': b'-- Up-to-date symlink: /home/lee/workspace/ros2_ex_mav/install/px4_msgs/include/px4_msgs/px4_msgs/msg/trajectory_setpoint.hpp\n'}
[0.457248] (px4_msgs) StdoutLine: {'line': b'-- Up-to-date symlink: /home/lee/workspace/ros2_ex_mav/install/px4_msgs/include/px4_msgs/px4_msgs/msg/trajectory_waypoint.hpp\n'}
[0.457278] (px4_msgs) StdoutLine: {'line': b'-- Up-to-date symlink: /home/lee/workspace/ros2_ex_mav/install/px4_msgs/include/px4_msgs/px4_msgs/msg/transponder_report.hpp\n'}
[0.457311] (px4_msgs) StdoutLine: {'line': b'-- Up-to-date symlink: /home/lee/workspace/ros2_ex_mav/install/px4_msgs/include/px4_msgs/px4_msgs/msg/tune_control.hpp\n'}
[0.457344] (px4_msgs) StdoutLine: {'line': b'-- Up-to-date symlink: /home/lee/workspace/ros2_ex_mav/install/px4_msgs/include/px4_msgs/px4_msgs/msg/uavcan_parameter_request.hpp\n'}
[0.457375] (px4_msgs) StdoutLine: {'line': b'-- Up-to-date symlink: /home/lee/workspace/ros2_ex_mav/install/px4_msgs/include/px4_msgs/px4_msgs/msg/uavcan_parameter_value.hpp\n'}
[0.457406] (px4_msgs) StdoutLine: {'line': b'-- Up-to-date symlink: /home/lee/workspace/ros2_ex_mav/install/px4_msgs/include/px4_msgs/px4_msgs/msg/ulog_stream.hpp\n'}
[0.457437] (px4_msgs) StdoutLine: {'line': b'-- Up-to-date symlink: /home/lee/workspace/ros2_ex_mav/install/px4_msgs/include/px4_msgs/px4_msgs/msg/ulog_stream_ack.hpp\n'}
[0.457467] (px4_msgs) StdoutLine: {'line': b'-- Up-to-date symlink: /home/lee/workspace/ros2_ex_mav/install/px4_msgs/include/px4_msgs/px4_msgs/msg/vehicle_acceleration.hpp\n'}
[0.457497] (px4_msgs) StdoutLine: {'line': b'-- Up-to-date symlink: /home/lee/workspace/ros2_ex_mav/install/px4_msgs/include/px4_msgs/px4_msgs/msg/vehicle_air_data.hpp\n'}
[0.457530] (px4_msgs) StdoutLine: {'line': b'-- Up-to-date symlink: /home/lee/workspace/ros2_ex_mav/install/px4_msgs/include/px4_msgs/px4_msgs/msg/vehicle_angular_acceleration_setpoint.hpp\n'}
[0.457564] (px4_msgs) StdoutLine: {'line': b'-- Up-to-date symlink: /home/lee/workspace/ros2_ex_mav/install/px4_msgs/include/px4_msgs/px4_msgs/msg/vehicle_angular_velocity.hpp\n'}
[0.457596] (px4_msgs) StdoutLine: {'line': b'-- Up-to-date symlink: /home/lee/workspace/ros2_ex_mav/install/px4_msgs/include/px4_msgs/px4_msgs/msg/vehicle_attitude.hpp\n'}
[0.457629] (px4_msgs) StdoutLine: {'line': b'-- Up-to-date symlink: /home/lee/workspace/ros2_ex_mav/install/px4_msgs/include/px4_msgs/px4_msgs/msg/vehicle_attitude_setpoint.hpp\n'}
[0.457660] (px4_msgs) StdoutLine: {'line': b'-- Up-to-date symlink: /home/lee/workspace/ros2_ex_mav/install/px4_msgs/include/px4_msgs/px4_msgs/msg/vehicle_command.hpp\n'}
[0.457692] (px4_msgs) StdoutLine: {'line': b'-- Up-to-date symlink: /home/lee/workspace/ros2_ex_mav/install/px4_msgs/include/px4_msgs/px4_msgs/msg/vehicle_command_ack.hpp\n'}
[0.457723] (px4_msgs) StdoutLine: {'line': b'-- Up-to-date symlink: /home/lee/workspace/ros2_ex_mav/install/px4_msgs/include/px4_msgs/px4_msgs/msg/vehicle_constraints.hpp\n'}
[0.457754] (px4_msgs) StdoutLine: {'line': b'-- Up-to-date symlink: /home/lee/workspace/ros2_ex_mav/install/px4_msgs/include/px4_msgs/px4_msgs/msg/vehicle_control_mode.hpp\n'}
[0.457785] (px4_msgs) StdoutLine: {'line': b'-- Up-to-date symlink: /home/lee/workspace/ros2_ex_mav/install/px4_msgs/include/px4_msgs/px4_msgs/msg/vehicle_global_position.hpp\n'}
[0.457817] (px4_msgs) StdoutLine: {'line': b'-- Up-to-date symlink: /home/lee/workspace/ros2_ex_mav/install/px4_msgs/include/px4_msgs/px4_msgs/msg/vehicle_imu.hpp\n'}
[0.457848] (px4_msgs) StdoutLine: {'line': b'-- Up-to-date symlink: /home/lee/workspace/ros2_ex_mav/install/px4_msgs/include/px4_msgs/px4_msgs/msg/vehicle_imu_status.hpp\n'}
[0.457879] (px4_msgs) StdoutLine: {'line': b'-- Up-to-date symlink: /home/lee/workspace/ros2_ex_mav/install/px4_msgs/include/px4_msgs/px4_msgs/msg/vehicle_land_detected.hpp\n'}
[0.457911] (px4_msgs) StdoutLine: {'line': b'-- Up-to-date symlink: /home/lee/workspace/ros2_ex_mav/install/px4_msgs/include/px4_msgs/px4_msgs/msg/vehicle_local_position.hpp\n'}
[0.457942] (px4_msgs) StdoutLine: {'line': b'-- Up-to-date symlink: /home/lee/workspace/ros2_ex_mav/install/px4_msgs/include/px4_msgs/px4_msgs/msg/vehicle_local_position_setpoint.hpp\n'}
[0.457973] (px4_msgs) StdoutLine: {'line': b'-- Up-to-date symlink: /home/lee/workspace/ros2_ex_mav/install/px4_msgs/include/px4_msgs/px4_msgs/msg/vehicle_magnetometer.hpp\n'}
[0.458005] (px4_msgs) StdoutLine: {'line': b'-- Up-to-date symlink: /home/lee/workspace/ros2_ex_mav/install/px4_msgs/include/px4_msgs/px4_msgs/msg/vehicle_odometry.hpp\n'}
[0.458036] (px4_msgs) StdoutLine: {'line': b'-- Up-to-date symlink: /home/lee/workspace/ros2_ex_mav/install/px4_msgs/include/px4_msgs/px4_msgs/msg/vehicle_optical_flow.hpp\n'}
[0.458068] (px4_msgs) StdoutLine: {'line': b'-- Up-to-date symlink: /home/lee/workspace/ros2_ex_mav/install/px4_msgs/include/px4_msgs/px4_msgs/msg/vehicle_optical_flow_vel.hpp\n'}
[0.458101] (px4_msgs) StdoutLine: {'line': b'-- Up-to-date symlink: /home/lee/workspace/ros2_ex_mav/install/px4_msgs/include/px4_msgs/px4_msgs/msg/vehicle_rates_setpoint.hpp\n'}
[0.458132] (px4_msgs) StdoutLine: {'line': b'-- Up-to-date symlink: /home/lee/workspace/ros2_ex_mav/install/px4_msgs/include/px4_msgs/px4_msgs/msg/vehicle_roi.hpp\n'}
[0.458163] (px4_msgs) StdoutLine: {'line': b'-- Up-to-date symlink: /home/lee/workspace/ros2_ex_mav/install/px4_msgs/include/px4_msgs/px4_msgs/msg/vehicle_status.hpp\n'}
[0.458194] (px4_msgs) StdoutLine: {'line': b'-- Up-to-date symlink: /home/lee/workspace/ros2_ex_mav/install/px4_msgs/include/px4_msgs/px4_msgs/msg/vehicle_thrust_setpoint.hpp\n'}
[0.458226] (px4_msgs) StdoutLine: {'line': b'-- Up-to-date symlink: /home/lee/workspace/ros2_ex_mav/install/px4_msgs/include/px4_msgs/px4_msgs/msg/vehicle_torque_setpoint.hpp\n'}
[0.458256] (px4_msgs) StdoutLine: {'line': b'-- Up-to-date symlink: /home/lee/workspace/ros2_ex_mav/install/px4_msgs/include/px4_msgs/px4_msgs/msg/vehicle_trajectory_bezier.hpp\n'}
[0.458287] (px4_msgs) StdoutLine: {'line': b'-- Up-to-date symlink: /home/lee/workspace/ros2_ex_mav/install/px4_msgs/include/px4_msgs/px4_msgs/msg/vehicle_trajectory_waypoint.hpp\n'}
[0.458319] (px4_msgs) StdoutLine: {'line': b'-- Up-to-date symlink: /home/lee/workspace/ros2_ex_mav/install/px4_msgs/include/px4_msgs/px4_msgs/msg/vtol_vehicle_status.hpp\n'}
[0.458351] (px4_msgs) StdoutLine: {'line': b'-- Up-to-date symlink: /home/lee/workspace/ros2_ex_mav/install/px4_msgs/include/px4_msgs/px4_msgs/msg/wind.hpp\n'}
[0.458382] (px4_msgs) StdoutLine: {'line': b'-- Up-to-date symlink: /home/lee/workspace/ros2_ex_mav/install/px4_msgs/include/px4_msgs/px4_msgs/msg/yaw_estimator_status.hpp\n'}
[0.460536] (px4_msgs) StdoutLine: {'line': b'-- Up-to-date symlink: /home/lee/workspace/ros2_ex_mav/install/px4_msgs/include/px4_msgs/px4_msgs/msg/detail/action_request__rosidl_typesupport_fastrtps_cpp.hpp\n'}
[0.460590] (px4_msgs) StdoutLine: {'line': b'-- Up-to-date symlink: /home/lee/workspace/ros2_ex_mav/install/px4_msgs/include/px4_msgs/px4_msgs/msg/detail/actuator_armed__rosidl_typesupport_fastrtps_cpp.hpp\n'}
[0.460622] (px4_msgs) StdoutLine: {'line': b'-- Up-to-date symlink: /home/lee/workspace/ros2_ex_mav/install/px4_msgs/include/px4_msgs/px4_msgs/msg/detail/actuator_controls_status__rosidl_typesupport_fastrtps_cpp.hpp\n'}
[0.460652] (px4_msgs) StdoutLine: {'line': b'-- Up-to-date symlink: /home/lee/workspace/ros2_ex_mav/install/px4_msgs/include/px4_msgs/px4_msgs/msg/detail/actuator_motors__rosidl_typesupport_fastrtps_cpp.hpp\n'}
[0.460681] (px4_msgs) StdoutLine: {'line': b'-- Up-to-date symlink: /home/lee/workspace/ros2_ex_mav/install/px4_msgs/include/px4_msgs/px4_msgs/msg/detail/actuator_outputs__rosidl_typesupport_fastrtps_cpp.hpp\n'}
[0.460711] (px4_msgs) StdoutLine: {'line': b'-- Up-to-date symlink: /home/lee/workspace/ros2_ex_mav/install/px4_msgs/include/px4_msgs/px4_msgs/msg/detail/actuator_servos__rosidl_typesupport_fastrtps_cpp.hpp\n'}
[0.460740] (px4_msgs) StdoutLine: {'line': b'-- Up-to-date symlink: /home/lee/workspace/ros2_ex_mav/install/px4_msgs/include/px4_msgs/px4_msgs/msg/detail/actuator_servos_trim__rosidl_typesupport_fastrtps_cpp.hpp\n'}
[0.460774] (px4_msgs) StdoutLine: {'line': b'-- Up-to-date symlink: /home/lee/workspace/ros2_ex_mav/install/px4_msgs/include/px4_msgs/px4_msgs/msg/detail/actuator_test__rosidl_typesupport_fastrtps_cpp.hpp\n'}
[0.460807] (px4_msgs) StdoutLine: {'line': b'-- Up-to-date symlink: /home/lee/workspace/ros2_ex_mav/install/px4_msgs/include/px4_msgs/px4_msgs/msg/detail/adc_report__rosidl_typesupport_fastrtps_cpp.hpp\n'}
[0.460840] (px4_msgs) StdoutLine: {'line': b'-- Up-to-date symlink: /home/lee/workspace/ros2_ex_mav/install/px4_msgs/include/px4_msgs/px4_msgs/msg/detail/airspeed__rosidl_typesupport_fastrtps_cpp.hpp\n'}
[0.460874] (px4_msgs) StdoutLine: {'line': b'-- Up-to-date symlink: /home/lee/workspace/ros2_ex_mav/install/px4_msgs/include/px4_msgs/px4_msgs/msg/detail/airspeed_validated__rosidl_typesupport_fastrtps_cpp.hpp\n'}
[0.460907] (px4_msgs) StdoutLine: {'line': b'-- Up-to-date symlink: /home/lee/workspace/ros2_ex_mav/install/px4_msgs/include/px4_msgs/px4_msgs/msg/detail/airspeed_wind__rosidl_typesupport_fastrtps_cpp.hpp\n'}
[0.460942] (px4_msgs) StdoutLine: {'line': b'-- Up-to-date symlink: /home/lee/workspace/ros2_ex_mav/install/px4_msgs/include/px4_msgs/px4_msgs/msg/detail/autotune_attitude_control_status__rosidl_typesupport_fastrtps_cpp.hpp\n'}
[0.460976] (px4_msgs) StdoutLine: {'line': b'-- Up-to-date symlink: /home/lee/workspace/ros2_ex_mav/install/px4_msgs/include/px4_msgs/px4_msgs/msg/detail/battery_status__rosidl_typesupport_fastrtps_cpp.hpp\n'}
[0.461009] (px4_msgs) StdoutLine: {'line': b'-- Up-to-date symlink: /home/lee/workspace/ros2_ex_mav/install/px4_msgs/include/px4_msgs/px4_msgs/msg/detail/button_event__rosidl_typesupport_fastrtps_cpp.hpp\n'}
[0.461042] (px4_msgs) StdoutLine: {'line': b'-- Up-to-date symlink: /home/lee/workspace/ros2_ex_mav/install/px4_msgs/include/px4_msgs/px4_msgs/msg/detail/camera_capture__rosidl_typesupport_fastrtps_cpp.hpp\n'}
[0.461074] (px4_msgs) StdoutLine: {'line': b'-- Up-to-date symlink: /home/lee/workspace/ros2_ex_mav/install/px4_msgs/include/px4_msgs/px4_msgs/msg/detail/camera_status__rosidl_typesupport_fastrtps_cpp.hpp\n'}
[0.461106] (px4_msgs) StdoutLine: {'line': b'-- Up-to-date symlink: /home/lee/workspace/ros2_ex_mav/install/px4_msgs/include/px4_msgs/px4_msgs/msg/detail/camera_trigger__rosidl_typesupport_fastrtps_cpp.hpp\n'}
[0.461138] (px4_msgs) StdoutLine: {'line': b'-- Up-to-date symlink: /home/lee/workspace/ros2_ex_mav/install/px4_msgs/include/px4_msgs/px4_msgs/msg/detail/cellular_status__rosidl_typesupport_fastrtps_cpp.hpp\n'}
[0.461172] (px4_msgs) StdoutLine: {'line': b'-- Up-to-date symlink: /home/lee/workspace/ros2_ex_mav/install/px4_msgs/include/px4_msgs/px4_msgs/msg/detail/collision_constraints__rosidl_typesupport_fastrtps_cpp.hpp\n'}
[0.461205] (px4_msgs) StdoutLine: {'line': b'-- Up-to-date symlink: /home/lee/workspace/ros2_ex_mav/install/px4_msgs/include/px4_msgs/px4_msgs/msg/detail/collision_report__rosidl_typesupport_fastrtps_cpp.hpp\n'}
[0.461238] (px4_msgs) StdoutLine: {'line': b'-- Up-to-date symlink: /home/lee/workspace/ros2_ex_mav/install/px4_msgs/include/px4_msgs/px4_msgs/msg/detail/control_allocator_status__rosidl_typesupport_fastrtps_cpp.hpp\n'}
[0.461275] (px4_msgs) StdoutLine: {'line': b'-- Up-to-date symlink: /home/lee/workspace/ros2_ex_mav/install/px4_msgs/include/px4_msgs/px4_msgs/msg/detail/cpuload__rosidl_typesupport_fastrtps_cpp.hpp\n'}
[0.461307] (px4_msgs) StdoutLine: {'line': b'-- Up-to-date symlink: /home/lee/workspace/ros2_ex_mav/install/px4_msgs/include/px4_msgs/px4_msgs/msg/detail/debug_array__rosidl_typesupport_fastrtps_cpp.hpp\n'}
[0.461345] (px4_msgs) StdoutLine: {'line': b'-- Up-to-date symlink: /home/lee/workspace/ros2_ex_mav/install/px4_msgs/include/px4_msgs/px4_msgs/msg/detail/debug_key_value__rosidl_typesupport_fastrtps_cpp.hpp\n'}
[0.461376] (px4_msgs) StdoutLine: {'line': b'-- Up-to-date symlink: /home/lee/workspace/ros2_ex_mav/install/px4_msgs/include/px4_msgs/px4_msgs/msg/detail/debug_value__rosidl_typesupport_fastrtps_cpp.hpp\n'}
[0.461409] (px4_msgs) StdoutLine: {'line': b'-- Up-to-date symlink: /home/lee/workspace/ros2_ex_mav/install/px4_msgs/include/px4_msgs/px4_msgs/msg/detail/debug_vect__rosidl_typesupport_fastrtps_cpp.hpp\n'}
[0.461442] (px4_msgs) StdoutLine: {'line': b'-- Up-to-date symlink: /home/lee/workspace/ros2_ex_mav/install/px4_msgs/include/px4_msgs/px4_msgs/msg/detail/differential_pressure__rosidl_typesupport_fastrtps_cpp.hpp\n'}
[0.461474] (px4_msgs) StdoutLine: {'line': b'-- Up-to-date symlink: /home/lee/workspace/ros2_ex_mav/install/px4_msgs/include/px4_msgs/px4_msgs/msg/detail/distance_sensor__rosidl_typesupport_fastrtps_cpp.hpp\n'}
[0.461506] (px4_msgs) StdoutLine: {'line': b'-- Up-to-date symlink: /home/lee/workspace/ros2_ex_mav/install/px4_msgs/include/px4_msgs/px4_msgs/msg/detail/ekf2_timestamps__rosidl_typesupport_fastrtps_cpp.hpp\n'}
[0.461539] (px4_msgs) StdoutLine: {'line': b'-- Up-to-date symlink: /home/lee/workspace/ros2_ex_mav/install/px4_msgs/include/px4_msgs/px4_msgs/msg/detail/esc_report__rosidl_typesupport_fastrtps_cpp.hpp\n'}
[0.461570] (px4_msgs) StdoutLine: {'line': b'-- Up-to-date symlink: /home/lee/workspace/ros2_ex_mav/install/px4_msgs/include/px4_msgs/px4_msgs/msg/detail/esc_status__rosidl_typesupport_fastrtps_cpp.hpp\n'}
[0.461604] (px4_msgs) StdoutLine: {'line': b'-- Up-to-date symlink: /home/lee/workspace/ros2_ex_mav/install/px4_msgs/include/px4_msgs/px4_msgs/msg/detail/estimator_aid_source1d__rosidl_typesupport_fastrtps_cpp.hpp\n'}
[0.461636] (px4_msgs) StdoutLine: {'line': b'-- Up-to-date symlink: /home/lee/workspace/ros2_ex_mav/install/px4_msgs/include/px4_msgs/px4_msgs/msg/detail/estimator_aid_source2d__rosidl_typesupport_fastrtps_cpp.hpp\n'}
[0.461668] (px4_msgs) StdoutLine: {'line': b'-- Up-to-date symlink: /home/lee/workspace/ros2_ex_mav/install/px4_msgs/include/px4_msgs/px4_msgs/msg/detail/estimator_aid_source3d__rosidl_typesupport_fastrtps_cpp.hpp\n'}
[0.461700] (px4_msgs) StdoutLine: {'line': b'-- Up-to-date symlink: /home/lee/workspace/ros2_ex_mav/install/px4_msgs/include/px4_msgs/px4_msgs/msg/detail/estimator_bias3d__rosidl_typesupport_fastrtps_cpp.hpp\n'}
[0.461732] (px4_msgs) StdoutLine: {'line': b'-- Up-to-date symlink: /home/lee/workspace/ros2_ex_mav/install/px4_msgs/include/px4_msgs/px4_msgs/msg/detail/estimator_bias__rosidl_typesupport_fastrtps_cpp.hpp\n'}
[0.461765] (px4_msgs) StdoutLine: {'line': b'-- Up-to-date symlink: /home/lee/workspace/ros2_ex_mav/install/px4_msgs/include/px4_msgs/px4_msgs/msg/detail/estimator_event_flags__rosidl_typesupport_fastrtps_cpp.hpp\n'}
[0.461798] (px4_msgs) StdoutLine: {'line': b'-- Up-to-date symlink: /home/lee/workspace/ros2_ex_mav/install/px4_msgs/include/px4_msgs/px4_msgs/msg/detail/estimator_gps_status__rosidl_typesupport_fastrtps_cpp.hpp\n'}
[0.461830] (px4_msgs) StdoutLine: {'line': b'-- Up-to-date symlink: /home/lee/workspace/ros2_ex_mav/install/px4_msgs/include/px4_msgs/px4_msgs/msg/detail/estimator_innovations__rosidl_typesupport_fastrtps_cpp.hpp\n'}
[0.461862] (px4_msgs) StdoutLine: {'line': b'-- Up-to-date symlink: /home/lee/workspace/ros2_ex_mav/install/px4_msgs/include/px4_msgs/px4_msgs/msg/detail/estimator_selector_status__rosidl_typesupport_fastrtps_cpp.hpp\n'}
[0.461894] (px4_msgs) StdoutLine: {'line': b'-- Up-to-date symlink: /home/lee/workspace/ros2_ex_mav/install/px4_msgs/include/px4_msgs/px4_msgs/msg/detail/estimator_sensor_bias__rosidl_typesupport_fastrtps_cpp.hpp\n'}
[0.461927] (px4_msgs) StdoutLine: {'line': b'-- Up-to-date symlink: /home/lee/workspace/ros2_ex_mav/install/px4_msgs/include/px4_msgs/px4_msgs/msg/detail/estimator_states__rosidl_typesupport_fastrtps_cpp.hpp\n'}
[0.461959] (px4_msgs) StdoutLine: {'line': b'-- Up-to-date symlink: /home/lee/workspace/ros2_ex_mav/install/px4_msgs/include/px4_msgs/px4_msgs/msg/detail/estimator_status__rosidl_typesupport_fastrtps_cpp.hpp\n'}
[0.461991] (px4_msgs) StdoutLine: {'line': b'-- Up-to-date symlink: /home/lee/workspace/ros2_ex_mav/install/px4_msgs/include/px4_msgs/px4_msgs/msg/detail/estimator_status_flags__rosidl_typesupport_fastrtps_cpp.hpp\n'}
[0.462024] (px4_msgs) StdoutLine: {'line': b'-- Up-to-date symlink: /home/lee/workspace/ros2_ex_mav/install/px4_msgs/include/px4_msgs/px4_msgs/msg/detail/event__rosidl_typesupport_fastrtps_cpp.hpp\n'}
[0.462057] (px4_msgs) StdoutLine: {'line': b'-- Up-to-date symlink: /home/lee/workspace/ros2_ex_mav/install/px4_msgs/include/px4_msgs/px4_msgs/msg/detail/failsafe_flags__rosidl_typesupport_fastrtps_cpp.hpp\n'}
[0.462089] (px4_msgs) StdoutLine: {'line': b'-- Up-to-date symlink: /home/lee/workspace/ros2_ex_mav/install/px4_msgs/include/px4_msgs/px4_msgs/msg/detail/failure_detector_status__rosidl_typesupport_fastrtps_cpp.hpp\n'}
[0.462121] (px4_msgs) StdoutLine: {'line': b'-- Up-to-date symlink: /home/lee/workspace/ros2_ex_mav/install/px4_msgs/include/px4_msgs/px4_msgs/msg/detail/follow_target__rosidl_typesupport_fastrtps_cpp.hpp\n'}
[0.462153] (px4_msgs) StdoutLine: {'line': b'-- Up-to-date symlink: /home/lee/workspace/ros2_ex_mav/install/px4_msgs/include/px4_msgs/px4_msgs/msg/detail/follow_target_estimator__rosidl_typesupport_fastrtps_cpp.hpp\n'}
[0.462185] (px4_msgs) StdoutLine: {'line': b'-- Up-to-date symlink: /home/lee/workspace/ros2_ex_mav/install/px4_msgs/include/px4_msgs/px4_msgs/msg/detail/follow_target_status__rosidl_typesupport_fastrtps_cpp.hpp\n'}
[0.462218] (px4_msgs) StdoutLine: {'line': b'-- Up-to-date symlink: /home/lee/workspace/ros2_ex_mav/install/px4_msgs/include/px4_msgs/px4_msgs/msg/detail/generator_status__rosidl_typesupport_fastrtps_cpp.hpp\n'}
[0.462251] (px4_msgs) StdoutLine: {'line': b'-- Up-to-date symlink: /home/lee/workspace/ros2_ex_mav/install/px4_msgs/include/px4_msgs/px4_msgs/msg/detail/geofence_result__rosidl_typesupport_fastrtps_cpp.hpp\n'}
[0.462283] (px4_msgs) StdoutLine: {'line': b'-- Up-to-date symlink: /home/lee/workspace/ros2_ex_mav/install/px4_msgs/include/px4_msgs/px4_msgs/msg/detail/gimbal_controls__rosidl_typesupport_fastrtps_cpp.hpp\n'}
[0.462320] (px4_msgs) StdoutLine: {'line': b'-- Up-to-date symlink: /home/lee/workspace/ros2_ex_mav/install/px4_msgs/include/px4_msgs/px4_msgs/msg/detail/gimbal_device_attitude_status__rosidl_typesupport_fastrtps_cpp.hpp\n'}
[0.462355] (px4_msgs) StdoutLine: {'line': b'-- Up-to-date symlink: /home/lee/workspace/ros2_ex_mav/install/px4_msgs/include/px4_msgs/px4_msgs/msg/detail/gimbal_device_information__rosidl_typesupport_fastrtps_cpp.hpp\n'}
[0.462388] (px4_msgs) StdoutLine: {'line': b'-- Up-to-date symlink: /home/lee/workspace/ros2_ex_mav/install/px4_msgs/include/px4_msgs/px4_msgs/msg/detail/gimbal_device_set_attitude__rosidl_typesupport_fastrtps_cpp.hpp\n'}
[0.462420] (px4_msgs) StdoutLine: {'line': b'-- Up-to-date symlink: /home/lee/workspace/ros2_ex_mav/install/px4_msgs/include/px4_msgs/px4_msgs/msg/detail/gimbal_manager_information__rosidl_typesupport_fastrtps_cpp.hpp\n'}
[0.462452] (px4_msgs) StdoutLine: {'line': b'-- Up-to-date symlink: /home/lee/workspace/ros2_ex_mav/install/px4_msgs/include/px4_msgs/px4_msgs/msg/detail/gimbal_manager_set_attitude__rosidl_typesupport_fastrtps_cpp.hpp\n'}
[0.462486] (px4_msgs) StdoutLine: {'line': b'-- Up-to-date symlink: /home/lee/workspace/ros2_ex_mav/install/px4_msgs/include/px4_msgs/px4_msgs/msg/detail/gimbal_manager_set_manual_control__rosidl_typesupport_fastrtps_cpp.hpp\n'}
[0.462518] (px4_msgs) StdoutLine: {'line': b'-- Up-to-date symlink: /home/lee/workspace/ros2_ex_mav/install/px4_msgs/include/px4_msgs/px4_msgs/msg/detail/gimbal_manager_status__rosidl_typesupport_fastrtps_cpp.hpp\n'}
[0.462551] (px4_msgs) StdoutLine: {'line': b'-- Up-to-date symlink: /home/lee/workspace/ros2_ex_mav/install/px4_msgs/include/px4_msgs/px4_msgs/msg/detail/gps_dump__rosidl_typesupport_fastrtps_cpp.hpp\n'}
[0.462583] (px4_msgs) StdoutLine: {'line': b'-- Up-to-date symlink: /home/lee/workspace/ros2_ex_mav/install/px4_msgs/include/px4_msgs/px4_msgs/msg/detail/gps_inject_data__rosidl_typesupport_fastrtps_cpp.hpp\n'}
[0.462617] (px4_msgs) StdoutLine: {'line': b'-- Up-to-date symlink: /home/lee/workspace/ros2_ex_mav/install/px4_msgs/include/px4_msgs/px4_msgs/msg/detail/gripper__rosidl_typesupport_fastrtps_cpp.hpp\n'}
[0.462650] (px4_msgs) StdoutLine: {'line': b'-- Up-to-date symlink: /home/lee/workspace/ros2_ex_mav/install/px4_msgs/include/px4_msgs/px4_msgs/msg/detail/health_report__rosidl_typesupport_fastrtps_cpp.hpp\n'}
[0.462683] (px4_msgs) StdoutLine: {'line': b'-- Up-to-date symlink: /home/lee/workspace/ros2_ex_mav/install/px4_msgs/include/px4_msgs/px4_msgs/msg/detail/heater_status__rosidl_typesupport_fastrtps_cpp.hpp\n'}
[0.462715] (px4_msgs) StdoutLine: {'line': b'-- Up-to-date symlink: /home/lee/workspace/ros2_ex_mav/install/px4_msgs/include/px4_msgs/px4_msgs/msg/detail/home_position__rosidl_typesupport_fastrtps_cpp.hpp\n'}
[0.462749] (px4_msgs) StdoutLine: {'line': b'-- Up-to-date symlink: /home/lee/workspace/ros2_ex_mav/install/px4_msgs/include/px4_msgs/px4_msgs/msg/detail/hover_thrust_estimate__rosidl_typesupport_fastrtps_cpp.hpp\n'}
[0.462781] (px4_msgs) StdoutLine: {'line': b'-- Up-to-date symlink: /home/lee/workspace/ros2_ex_mav/install/px4_msgs/include/px4_msgs/px4_msgs/msg/detail/input_rc__rosidl_typesupport_fastrtps_cpp.hpp\n'}
[0.462816] (px4_msgs) StdoutLine: {'line': b'-- Up-to-date symlink: /home/lee/workspace/ros2_ex_mav/install/px4_msgs/include/px4_msgs/px4_msgs/msg/detail/internal_combustion_engine_status__rosidl_typesupport_fastrtps_cpp.hpp\n'}
[0.462848] (px4_msgs) StdoutLine: {'line': b'-- Up-to-date symlink: /home/lee/workspace/ros2_ex_mav/install/px4_msgs/include/px4_msgs/px4_msgs/msg/detail/iridiumsbd_status__rosidl_typesupport_fastrtps_cpp.hpp\n'}
[0.462881] (px4_msgs) StdoutLine: {'line': b'-- Up-to-date symlink: /home/lee/workspace/ros2_ex_mav/install/px4_msgs/include/px4_msgs/px4_msgs/msg/detail/irlock_report__rosidl_typesupport_fastrtps_cpp.hpp\n'}
[0.462914] (px4_msgs) StdoutLine: {'line': b'-- Up-to-date symlink: /home/lee/workspace/ros2_ex_mav/install/px4_msgs/include/px4_msgs/px4_msgs/msg/detail/landing_gear__rosidl_typesupport_fastrtps_cpp.hpp\n'}
[0.462946] (px4_msgs) StdoutLine: {'line': b'-- Up-to-date symlink: /home/lee/workspace/ros2_ex_mav/install/px4_msgs/include/px4_msgs/px4_msgs/msg/detail/landing_gear_wheel__rosidl_typesupport_fastrtps_cpp.hpp\n'}
[0.462979] (px4_msgs) StdoutLine: {'line': b'-- Up-to-date symlink: /home/lee/workspace/ros2_ex_mav/install/px4_msgs/include/px4_msgs/px4_msgs/msg/detail/landing_target_innovations__rosidl_typesupport_fastrtps_cpp.hpp\n'}
[0.463012] (px4_msgs) StdoutLine: {'line': b'-- Up-to-date symlink: /home/lee/workspace/ros2_ex_mav/install/px4_msgs/include/px4_msgs/px4_msgs/msg/detail/landing_target_pose__rosidl_typesupport_fastrtps_cpp.hpp\n'}
[0.463045] (px4_msgs) StdoutLine: {'line': b'-- Up-to-date symlink: /home/lee/workspace/ros2_ex_mav/install/px4_msgs/include/px4_msgs/px4_msgs/msg/detail/launch_detection_status__rosidl_typesupport_fastrtps_cpp.hpp\n'}
[0.463077] (px4_msgs) StdoutLine: {'line': b'-- Up-to-date symlink: /home/lee/workspace/ros2_ex_mav/install/px4_msgs/include/px4_msgs/px4_msgs/msg/detail/led_control__rosidl_typesupport_fastrtps_cpp.hpp\n'}
[0.463109] (px4_msgs) StdoutLine: {'line': b'-- Up-to-date symlink: /home/lee/workspace/ros2_ex_mav/install/px4_msgs/include/px4_msgs/px4_msgs/msg/detail/log_message__rosidl_typesupport_fastrtps_cpp.hpp\n'}
[0.463141] (px4_msgs) StdoutLine: {'line': b'-- Up-to-date symlink: /home/lee/workspace/ros2_ex_mav/install/px4_msgs/include/px4_msgs/px4_msgs/msg/detail/logger_status__rosidl_typesupport_fastrtps_cpp.hpp\n'}
[0.463176] (px4_msgs) StdoutLine: {'line': b'-- Up-to-date symlink: /home/lee/workspace/ros2_ex_mav/install/px4_msgs/include/px4_msgs/px4_msgs/msg/detail/mag_worker_data__rosidl_typesupport_fastrtps_cpp.hpp\n'}
[0.463210] (px4_msgs) StdoutLine: {'line': b'-- Up-to-date symlink: /home/lee/workspace/ros2_ex_mav/install/px4_msgs/include/px4_msgs/px4_msgs/msg/detail/magnetometer_bias_estimate__rosidl_typesupport_fastrtps_cpp.hpp\n'}
[0.463243] (px4_msgs) StdoutLine: {'line': b'-- Up-to-date symlink: /home/lee/workspace/ros2_ex_mav/install/px4_msgs/include/px4_msgs/px4_msgs/msg/detail/manual_control_setpoint__rosidl_typesupport_fastrtps_cpp.hpp\n'}
[0.463275] (px4_msgs) StdoutLine: {'line': b'-- Up-to-date symlink: /home/lee/workspace/ros2_ex_mav/install/px4_msgs/include/px4_msgs/px4_msgs/msg/detail/manual_control_switches__rosidl_typesupport_fastrtps_cpp.hpp\n'}
[0.463307] (px4_msgs) StdoutLine: {'line': b'-- Up-to-date symlink: /home/lee/workspace/ros2_ex_mav/install/px4_msgs/include/px4_msgs/px4_msgs/msg/detail/mavlink_log__rosidl_typesupport_fastrtps_cpp.hpp\n'}
[0.463342] (px4_msgs) StdoutLine: {'line': b'-- Up-to-date symlink: /home/lee/workspace/ros2_ex_mav/install/px4_msgs/include/px4_msgs/px4_msgs/msg/detail/mavlink_tunnel__rosidl_typesupport_fastrtps_cpp.hpp\n'}
[0.463373] (px4_msgs) StdoutLine: {'line': b'-- Up-to-date symlink: /home/lee/workspace/ros2_ex_mav/install/px4_msgs/include/px4_msgs/px4_msgs/msg/detail/mission__rosidl_typesupport_fastrtps_cpp.hpp\n'}
[0.463405] (px4_msgs) StdoutLine: {'line': b'-- Up-to-date symlink: /home/lee/workspace/ros2_ex_mav/install/px4_msgs/include/px4_msgs/px4_msgs/msg/detail/mission_result__rosidl_typesupport_fastrtps_cpp.hpp\n'}
[0.463440] (px4_msgs) StdoutLine: {'line': b'-- Up-to-date symlink: /home/lee/workspace/ros2_ex_mav/install/px4_msgs/include/px4_msgs/px4_msgs/msg/detail/mode_completed__rosidl_typesupport_fastrtps_cpp.hpp\n'}
[0.463471] (px4_msgs) StdoutLine: {'line': b'-- Up-to-date symlink: /home/lee/workspace/ros2_ex_mav/install/px4_msgs/include/px4_msgs/px4_msgs/msg/detail/mount_orientation__rosidl_typesupport_fastrtps_cpp.hpp\n'}
[0.463503] (px4_msgs) StdoutLine: {'line': b'-- Up-to-date symlink: /home/lee/workspace/ros2_ex_mav/install/px4_msgs/include/px4_msgs/px4_msgs/msg/detail/navigator_mission_item__rosidl_typesupport_fastrtps_cpp.hpp\n'}
[0.463536] (px4_msgs) StdoutLine: {'line': b'-- Up-to-date symlink: /home/lee/workspace/ros2_ex_mav/install/px4_msgs/include/px4_msgs/px4_msgs/msg/detail/normalized_unsigned_setpoint__rosidl_typesupport_fastrtps_cpp.hpp\n'}
[0.463569] (px4_msgs) StdoutLine: {'line': b'-- Up-to-date symlink: /home/lee/workspace/ros2_ex_mav/install/px4_msgs/include/px4_msgs/px4_msgs/msg/detail/npfg_status__rosidl_typesupport_fastrtps_cpp.hpp\n'}
[0.463601] (px4_msgs) StdoutLine: {'line': b'-- Up-to-date symlink: /home/lee/workspace/ros2_ex_mav/install/px4_msgs/include/px4_msgs/px4_msgs/msg/detail/obstacle_distance__rosidl_typesupport_fastrtps_cpp.hpp\n'}
[0.463632] (px4_msgs) StdoutLine: {'line': b'-- Up-to-date symlink: /home/lee/workspace/ros2_ex_mav/install/px4_msgs/include/px4_msgs/px4_msgs/msg/detail/offboard_control_mode__rosidl_typesupport_fastrtps_cpp.hpp\n'}
[0.463665] (px4_msgs) StdoutLine: {'line': b'-- Up-to-date symlink: /home/lee/workspace/ros2_ex_mav/install/px4_msgs/include/px4_msgs/px4_msgs/msg/detail/onboard_computer_status__rosidl_typesupport_fastrtps_cpp.hpp\n'}
[0.463697] (px4_msgs) StdoutLine: {'line': b'-- Up-to-date symlink: /home/lee/workspace/ros2_ex_mav/install/px4_msgs/include/px4_msgs/px4_msgs/msg/detail/orb_test__rosidl_typesupport_fastrtps_cpp.hpp\n'}
[0.463730] (px4_msgs) StdoutLine: {'line': b'-- Up-to-date symlink: /home/lee/workspace/ros2_ex_mav/install/px4_msgs/include/px4_msgs/px4_msgs/msg/detail/orb_test_large__rosidl_typesupport_fastrtps_cpp.hpp\n'}
[0.463763] (px4_msgs) StdoutLine: {'line': b'-- Up-to-date symlink: /home/lee/workspace/ros2_ex_mav/install/px4_msgs/include/px4_msgs/px4_msgs/msg/detail/orb_test_medium__rosidl_typesupport_fastrtps_cpp.hpp\n'}
[0.463798] (px4_msgs) StdoutLine: {'line': b'-- Up-to-date symlink: /home/lee/workspace/ros2_ex_mav/install/px4_msgs/include/px4_msgs/px4_msgs/msg/detail/orbit_status__rosidl_typesupport_fastrtps_cpp.hpp\n'}
[0.463828] (px4_msgs) StdoutLine: {'line': b'-- Up-to-date symlink: /home/lee/workspace/ros2_ex_mav/install/px4_msgs/include/px4_msgs/px4_msgs/msg/detail/parameter_update__rosidl_typesupport_fastrtps_cpp.hpp\n'}
[0.463863] (px4_msgs) StdoutLine: {'line': b'-- Up-to-date symlink: /home/lee/workspace/ros2_ex_mav/install/px4_msgs/include/px4_msgs/px4_msgs/msg/detail/ping__rosidl_typesupport_fastrtps_cpp.hpp\n'}
[0.463896] (px4_msgs) StdoutLine: {'line': b'-- Up-to-date symlink: /home/lee/workspace/ros2_ex_mav/install/px4_msgs/include/px4_msgs/px4_msgs/msg/detail/position_controller_landing_status__rosidl_typesupport_fastrtps_cpp.hpp\n'}
[0.463929] (px4_msgs) StdoutLine: {'line': b'-- Up-to-date symlink: /home/lee/workspace/ros2_ex_mav/install/px4_msgs/include/px4_msgs/px4_msgs/msg/detail/position_controller_status__rosidl_typesupport_fastrtps_cpp.hpp\n'}
[0.463962] (px4_msgs) StdoutLine: {'line': b'-- Up-to-date symlink: /home/lee/workspace/ros2_ex_mav/install/px4_msgs/include/px4_msgs/px4_msgs/msg/detail/position_setpoint__rosidl_typesupport_fastrtps_cpp.hpp\n'}
[0.463994] (px4_msgs) StdoutLine: {'line': b'-- Up-to-date symlink: /home/lee/workspace/ros2_ex_mav/install/px4_msgs/include/px4_msgs/px4_msgs/msg/detail/position_setpoint_triplet__rosidl_typesupport_fastrtps_cpp.hpp\n'}
[0.464028] (px4_msgs) StdoutLine: {'line': b'-- Up-to-date symlink: /home/lee/workspace/ros2_ex_mav/install/px4_msgs/include/px4_msgs/px4_msgs/msg/detail/power_button_state__rosidl_typesupport_fastrtps_cpp.hpp\n'}
[0.464059] (px4_msgs) StdoutLine: {'line': b'-- Up-to-date symlink: /home/lee/workspace/ros2_ex_mav/install/px4_msgs/include/px4_msgs/px4_msgs/msg/detail/power_monitor__rosidl_typesupport_fastrtps_cpp.hpp\n'}
[0.464091] (px4_msgs) StdoutLine: {'line': b'-- Up-to-date symlink: /home/lee/workspace/ros2_ex_mav/install/px4_msgs/include/px4_msgs/px4_msgs/msg/detail/pps_capture__rosidl_typesupport_fastrtps_cpp.hpp\n'}
[0.464125] (px4_msgs) StdoutLine: {'line': b'-- Up-to-date symlink: /home/lee/workspace/ros2_ex_mav/install/px4_msgs/include/px4_msgs/px4_msgs/msg/detail/pwm_input__rosidl_typesupport_fastrtps_cpp.hpp\n'}
[0.464157] (px4_msgs) StdoutLine: {'line': b'-- Up-to-date symlink: /home/lee/workspace/ros2_ex_mav/install/px4_msgs/include/px4_msgs/px4_msgs/msg/detail/px4io_status__rosidl_typesupport_fastrtps_cpp.hpp\n'}
[0.464190] (px4_msgs) StdoutLine: {'line': b'-- Up-to-date symlink: /home/lee/workspace/ros2_ex_mav/install/px4_msgs/include/px4_msgs/px4_msgs/msg/detail/qshell_req__rosidl_typesupport_fastrtps_cpp.hpp\n'}
[0.464222] (px4_msgs) StdoutLine: {'line': b'-- Up-to-date symlink: /home/lee/workspace/ros2_ex_mav/install/px4_msgs/include/px4_msgs/px4_msgs/msg/detail/qshell_retval__rosidl_typesupport_fastrtps_cpp.hpp\n'}
[0.464255] (px4_msgs) StdoutLine: {'line': b'-- Up-to-date symlink: /home/lee/workspace/ros2_ex_mav/install/px4_msgs/include/px4_msgs/px4_msgs/msg/detail/radio_status__rosidl_typesupport_fastrtps_cpp.hpp\n'}
[0.464289] (px4_msgs) StdoutLine: {'line': b'-- Up-to-date symlink: /home/lee/workspace/ros2_ex_mav/install/px4_msgs/include/px4_msgs/px4_msgs/msg/detail/rate_ctrl_status__rosidl_typesupport_fastrtps_cpp.hpp\n'}
[0.464323] (px4_msgs) StdoutLine: {'line': b'-- Up-to-date symlink: /home/lee/workspace/ros2_ex_mav/install/px4_msgs/include/px4_msgs/px4_msgs/msg/detail/rc_channels__rosidl_typesupport_fastrtps_cpp.hpp\n'}
[0.464356] (px4_msgs) StdoutLine: {'line': b'-- Up-to-date symlink: /home/lee/workspace/ros2_ex_mav/install/px4_msgs/include/px4_msgs/px4_msgs/msg/detail/rc_parameter_map__rosidl_typesupport_fastrtps_cpp.hpp\n'}
[0.464388] (px4_msgs) StdoutLine: {'line': b'-- Up-to-date symlink: /home/lee/workspace/ros2_ex_mav/install/px4_msgs/include/px4_msgs/px4_msgs/msg/detail/rpm__rosidl_typesupport_fastrtps_cpp.hpp\n'}
[0.464421] (px4_msgs) StdoutLine: {'line': b'-- Up-to-date symlink: /home/lee/workspace/ros2_ex_mav/install/px4_msgs/include/px4_msgs/px4_msgs/msg/detail/rtl_time_estimate__rosidl_typesupport_fastrtps_cpp.hpp\n'}
[0.464454] (px4_msgs) StdoutLine: {'line': b'-- Up-to-date symlink: /home/lee/workspace/ros2_ex_mav/install/px4_msgs/include/px4_msgs/px4_msgs/msg/detail/satellite_info__rosidl_typesupport_fastrtps_cpp.hpp\n'}
[0.464486] (px4_msgs) StdoutLine: {'line': b'-- Up-to-date symlink: /home/lee/workspace/ros2_ex_mav/install/px4_msgs/include/px4_msgs/px4_msgs/msg/detail/sensor_accel__rosidl_typesupport_fastrtps_cpp.hpp\n'}
[0.464518] (px4_msgs) StdoutLine: {'line': b'-- Up-to-date symlink: /home/lee/workspace/ros2_ex_mav/install/px4_msgs/include/px4_msgs/px4_msgs/msg/detail/sensor_accel_fifo__rosidl_typesupport_fastrtps_cpp.hpp\n'}
[0.464550] (px4_msgs) StdoutLine: {'line': b'-- Up-to-date symlink: /home/lee/workspace/ros2_ex_mav/install/px4_msgs/include/px4_msgs/px4_msgs/msg/detail/sensor_baro__rosidl_typesupport_fastrtps_cpp.hpp\n'}
[0.464582] (px4_msgs) StdoutLine: {'line': b'-- Up-to-date symlink: /home/lee/workspace/ros2_ex_mav/install/px4_msgs/include/px4_msgs/px4_msgs/msg/detail/sensor_combined__rosidl_typesupport_fastrtps_cpp.hpp\n'}
[0.464616] (px4_msgs) StdoutLine: {'line': b'-- Up-to-date symlink: /home/lee/workspace/ros2_ex_mav/install/px4_msgs/include/px4_msgs/px4_msgs/msg/detail/sensor_correction__rosidl_typesupport_fastrtps_cpp.hpp\n'}
[0.464647] (px4_msgs) StdoutLine: {'line': b'-- Up-to-date symlink: /home/lee/workspace/ros2_ex_mav/install/px4_msgs/include/px4_msgs/px4_msgs/msg/detail/sensor_gnss_relative__rosidl_typesupport_fastrtps_cpp.hpp\n'}
[0.464679] (px4_msgs) StdoutLine: {'line': b'-- Up-to-date symlink: /home/lee/workspace/ros2_ex_mav/install/px4_msgs/include/px4_msgs/px4_msgs/msg/detail/sensor_gps__rosidl_typesupport_fastrtps_cpp.hpp\n'}
[0.464711] (px4_msgs) StdoutLine: {'line': b'-- Up-to-date symlink: /home/lee/workspace/ros2_ex_mav/install/px4_msgs/include/px4_msgs/px4_msgs/msg/detail/sensor_gyro__rosidl_typesupport_fastrtps_cpp.hpp\n'}
[0.464744] (px4_msgs) StdoutLine: {'line': b'-- Up-to-date symlink: /home/lee/workspace/ros2_ex_mav/install/px4_msgs/include/px4_msgs/px4_msgs/msg/detail/sensor_gyro_fft__rosidl_typesupport_fastrtps_cpp.hpp\n'}
[0.464775] (px4_msgs) StdoutLine: {'line': b'-- Up-to-date symlink: /home/lee/workspace/ros2_ex_mav/install/px4_msgs/include/px4_msgs/px4_msgs/msg/detail/sensor_gyro_fifo__rosidl_typesupport_fastrtps_cpp.hpp\n'}
[0.464807] (px4_msgs) StdoutLine: {'line': b'-- Up-to-date symlink: /home/lee/workspace/ros2_ex_mav/install/px4_msgs/include/px4_msgs/px4_msgs/msg/detail/sensor_hygrometer__rosidl_typesupport_fastrtps_cpp.hpp\n'}
[0.464839] (px4_msgs) StdoutLine: {'line': b'-- Up-to-date symlink: /home/lee/workspace/ros2_ex_mav/install/px4_msgs/include/px4_msgs/px4_msgs/msg/detail/sensor_mag__rosidl_typesupport_fastrtps_cpp.hpp\n'}
[0.464872] (px4_msgs) StdoutLine: {'line': b'-- Up-to-date symlink: /home/lee/workspace/ros2_ex_mav/install/px4_msgs/include/px4_msgs/px4_msgs/msg/detail/sensor_optical_flow__rosidl_typesupport_fastrtps_cpp.hpp\n'}
[0.464903] (px4_msgs) StdoutLine: {'line': b'-- Up-to-date symlink: /home/lee/workspace/ros2_ex_mav/install/px4_msgs/include/px4_msgs/px4_msgs/msg/detail/sensor_preflight_mag__rosidl_typesupport_fastrtps_cpp.hpp\n'}
[0.464935] (px4_msgs) StdoutLine: {'line': b'-- Up-to-date symlink: /home/lee/workspace/ros2_ex_mav/install/px4_msgs/include/px4_msgs/px4_msgs/msg/detail/sensor_selection__rosidl_typesupport_fastrtps_cpp.hpp\n'}
[0.464967] (px4_msgs) StdoutLine: {'line': b'-- Up-to-date symlink: /home/lee/workspace/ros2_ex_mav/install/px4_msgs/include/px4_msgs/px4_msgs/msg/detail/sensor_uwb__rosidl_typesupport_fastrtps_cpp.hpp\n'}
[0.465000] (px4_msgs) StdoutLine: {'line': b'-- Up-to-date symlink: /home/lee/workspace/ros2_ex_mav/install/px4_msgs/include/px4_msgs/px4_msgs/msg/detail/sensors_status__rosidl_typesupport_fastrtps_cpp.hpp\n'}
[0.465033] (px4_msgs) StdoutLine: {'line': b'-- Up-to-date symlink: /home/lee/workspace/ros2_ex_mav/install/px4_msgs/include/px4_msgs/px4_msgs/msg/detail/sensors_status_imu__rosidl_typesupport_fastrtps_cpp.hpp\n'}
[0.465066] (px4_msgs) StdoutLine: {'line': b'-- Up-to-date symlink: /home/lee/workspace/ros2_ex_mav/install/px4_msgs/include/px4_msgs/px4_msgs/msg/detail/system_power__rosidl_typesupport_fastrtps_cpp.hpp\n'}
[0.465098] (px4_msgs) StdoutLine: {'line': b'-- Up-to-date symlink: /home/lee/workspace/ros2_ex_mav/install/px4_msgs/include/px4_msgs/px4_msgs/msg/detail/takeoff_status__rosidl_typesupport_fastrtps_cpp.hpp\n'}
[0.465130] (px4_msgs) StdoutLine: {'line': b'-- Up-to-date symlink: /home/lee/workspace/ros2_ex_mav/install/px4_msgs/include/px4_msgs/px4_msgs/msg/detail/task_stack_info__rosidl_typesupport_fastrtps_cpp.hpp\n'}
[0.465163] (px4_msgs) StdoutLine: {'line': b'-- Up-to-date symlink: /home/lee/workspace/ros2_ex_mav/install/px4_msgs/include/px4_msgs/px4_msgs/msg/detail/tecs_status__rosidl_typesupport_fastrtps_cpp.hpp\n'}
[0.465195] (px4_msgs) StdoutLine: {'line': b'-- Up-to-date symlink: /home/lee/workspace/ros2_ex_mav/install/px4_msgs/include/px4_msgs/px4_msgs/msg/detail/telemetry_status__rosidl_typesupport_fastrtps_cpp.hpp\n'}
[0.465227] (px4_msgs) StdoutLine: {'line': b'-- Up-to-date symlink: /home/lee/workspace/ros2_ex_mav/install/px4_msgs/include/px4_msgs/px4_msgs/msg/detail/tiltrotor_extra_controls__rosidl_typesupport_fastrtps_cpp.hpp\n'}
[0.465259] (px4_msgs) StdoutLine: {'line': b'-- Up-to-date symlink: /home/lee/workspace/ros2_ex_mav/install/px4_msgs/include/px4_msgs/px4_msgs/msg/detail/timesync_status__rosidl_typesupport_fastrtps_cpp.hpp\n'}
[0.465291] (px4_msgs) StdoutLine: {'line': b'-- Up-to-date symlink: /home/lee/workspace/ros2_ex_mav/install/px4_msgs/include/px4_msgs/px4_msgs/msg/detail/trajectory_bezier__rosidl_typesupport_fastrtps_cpp.hpp\n'}
[0.465326] (px4_msgs) StdoutLine: {'line': b'-- Up-to-date symlink: /home/lee/workspace/ros2_ex_mav/install/px4_msgs/include/px4_msgs/px4_msgs/msg/detail/trajectory_setpoint__rosidl_typesupport_fastrtps_cpp.hpp\n'}
[0.465359] (px4_msgs) StdoutLine: {'line': b'-- Up-to-date symlink: /home/lee/workspace/ros2_ex_mav/install/px4_msgs/include/px4_msgs/px4_msgs/msg/detail/trajectory_waypoint__rosidl_typesupport_fastrtps_cpp.hpp\n'}
[0.465390] (px4_msgs) StdoutLine: {'line': b'-- Up-to-date symlink: /home/lee/workspace/ros2_ex_mav/install/px4_msgs/include/px4_msgs/px4_msgs/msg/detail/transponder_report__rosidl_typesupport_fastrtps_cpp.hpp\n'}
[0.465422] (px4_msgs) StdoutLine: {'line': b'-- Up-to-date symlink: /home/lee/workspace/ros2_ex_mav/install/px4_msgs/include/px4_msgs/px4_msgs/msg/detail/tune_control__rosidl_typesupport_fastrtps_cpp.hpp\n'}
[0.465454] (px4_msgs) StdoutLine: {'line': b'-- Up-to-date symlink: /home/lee/workspace/ros2_ex_mav/install/px4_msgs/include/px4_msgs/px4_msgs/msg/detail/uavcan_parameter_request__rosidl_typesupport_fastrtps_cpp.hpp\n'}
[0.465487] (px4_msgs) StdoutLine: {'line': b'-- Up-to-date symlink: /home/lee/workspace/ros2_ex_mav/install/px4_msgs/include/px4_msgs/px4_msgs/msg/detail/uavcan_parameter_value__rosidl_typesupport_fastrtps_cpp.hpp\n'}
[0.465519] (px4_msgs) StdoutLine: {'line': b'-- Up-to-date symlink: /home/lee/workspace/ros2_ex_mav/install/px4_msgs/include/px4_msgs/px4_msgs/msg/detail/ulog_stream__rosidl_typesupport_fastrtps_cpp.hpp\n'}
[0.465552] (px4_msgs) StdoutLine: {'line': b'-- Up-to-date symlink: /home/lee/workspace/ros2_ex_mav/install/px4_msgs/include/px4_msgs/px4_msgs/msg/detail/ulog_stream_ack__rosidl_typesupport_fastrtps_cpp.hpp\n'}
[0.465585] (px4_msgs) StdoutLine: {'line': b'-- Up-to-date symlink: /home/lee/workspace/ros2_ex_mav/install/px4_msgs/include/px4_msgs/px4_msgs/msg/detail/vehicle_acceleration__rosidl_typesupport_fastrtps_cpp.hpp\n'}
[0.465617] (px4_msgs) StdoutLine: {'line': b'-- Up-to-date symlink: /home/lee/workspace/ros2_ex_mav/install/px4_msgs/include/px4_msgs/px4_msgs/msg/detail/vehicle_air_data__rosidl_typesupport_fastrtps_cpp.hpp\n'}
[0.465650] (px4_msgs) StdoutLine: {'line': b'-- Up-to-date symlink: /home/lee/workspace/ros2_ex_mav/install/px4_msgs/include/px4_msgs/px4_msgs/msg/detail/vehicle_angular_acceleration_setpoint__rosidl_typesupport_fastrtps_cpp.hpp\n'}
[0.465682] (px4_msgs) StdoutLine: {'line': b'-- Up-to-date symlink: /home/lee/workspace/ros2_ex_mav/install/px4_msgs/include/px4_msgs/px4_msgs/msg/detail/vehicle_angular_velocity__rosidl_typesupport_fastrtps_cpp.hpp\n'}
[0.465714] (px4_msgs) StdoutLine: {'line': b'-- Up-to-date symlink: /home/lee/workspace/ros2_ex_mav/install/px4_msgs/include/px4_msgs/px4_msgs/msg/detail/vehicle_attitude__rosidl_typesupport_fastrtps_cpp.hpp\n'}
[0.465746] (px4_msgs) StdoutLine: {'line': b'-- Up-to-date symlink: /home/lee/workspace/ros2_ex_mav/install/px4_msgs/include/px4_msgs/px4_msgs/msg/detail/vehicle_attitude_setpoint__rosidl_typesupport_fastrtps_cpp.hpp\n'}
[0.465779] (px4_msgs) StdoutLine: {'line': b'-- Up-to-date symlink: /home/lee/workspace/ros2_ex_mav/install/px4_msgs/include/px4_msgs/px4_msgs/msg/detail/vehicle_command__rosidl_typesupport_fastrtps_cpp.hpp\n'}
[0.465813] (px4_msgs) StdoutLine: {'line': b'-- Up-to-date symlink: /home/lee/workspace/ros2_ex_mav/install/px4_msgs/include/px4_msgs/px4_msgs/msg/detail/vehicle_command_ack__rosidl_typesupport_fastrtps_cpp.hpp\n'}
[0.465845] (px4_msgs) StdoutLine: {'line': b'-- Up-to-date symlink: /home/lee/workspace/ros2_ex_mav/install/px4_msgs/include/px4_msgs/px4_msgs/msg/detail/vehicle_constraints__rosidl_typesupport_fastrtps_cpp.hpp\n'}
[0.465876] (px4_msgs) StdoutLine: {'line': b'-- Up-to-date symlink: /home/lee/workspace/ros2_ex_mav/install/px4_msgs/include/px4_msgs/px4_msgs/msg/detail/vehicle_control_mode__rosidl_typesupport_fastrtps_cpp.hpp\n'}
[0.465907] (px4_msgs) StdoutLine: {'line': b'-- Up-to-date symlink: /home/lee/workspace/ros2_ex_mav/install/px4_msgs/include/px4_msgs/px4_msgs/msg/detail/vehicle_global_position__rosidl_typesupport_fastrtps_cpp.hpp\n'}
[0.465939] (px4_msgs) StdoutLine: {'line': b'-- Up-to-date symlink: /home/lee/workspace/ros2_ex_mav/install/px4_msgs/include/px4_msgs/px4_msgs/msg/detail/vehicle_imu__rosidl_typesupport_fastrtps_cpp.hpp\n'}
[0.465973] (px4_msgs) StdoutLine: {'line': b'-- Up-to-date symlink: /home/lee/workspace/ros2_ex_mav/install/px4_msgs/include/px4_msgs/px4_msgs/msg/detail/vehicle_imu_status__rosidl_typesupport_fastrtps_cpp.hpp\n'}
[0.466004] (px4_msgs) StdoutLine: {'line': b'-- Up-to-date symlink: /home/lee/workspace/ros2_ex_mav/install/px4_msgs/include/px4_msgs/px4_msgs/msg/detail/vehicle_land_detected__rosidl_typesupport_fastrtps_cpp.hpp\n'}
[0.466036] (px4_msgs) StdoutLine: {'line': b'-- Up-to-date symlink: /home/lee/workspace/ros2_ex_mav/install/px4_msgs/include/px4_msgs/px4_msgs/msg/detail/vehicle_local_position__rosidl_typesupport_fastrtps_cpp.hpp\n'}
[0.466069] (px4_msgs) StdoutLine: {'line': b'-- Up-to-date symlink: /home/lee/workspace/ros2_ex_mav/install/px4_msgs/include/px4_msgs/px4_msgs/msg/detail/vehicle_local_position_setpoint__rosidl_typesupport_fastrtps_cpp.hpp\n'}
[0.466101] (px4_msgs) StdoutLine: {'line': b'-- Up-to-date symlink: /home/lee/workspace/ros2_ex_mav/install/px4_msgs/include/px4_msgs/px4_msgs/msg/detail/vehicle_magnetometer__rosidl_typesupport_fastrtps_cpp.hpp\n'}
[0.466132] (px4_msgs) StdoutLine: {'line': b'-- Up-to-date symlink: /home/lee/workspace/ros2_ex_mav/install/px4_msgs/include/px4_msgs/px4_msgs/msg/detail/vehicle_odometry__rosidl_typesupport_fastrtps_cpp.hpp\n'}
[0.466163] (px4_msgs) StdoutLine: {'line': b'-- Up-to-date symlink: /home/lee/workspace/ros2_ex_mav/install/px4_msgs/include/px4_msgs/px4_msgs/msg/detail/vehicle_optical_flow__rosidl_typesupport_fastrtps_cpp.hpp\n'}
[0.466195] (px4_msgs) StdoutLine: {'line': b'-- Up-to-date symlink: /home/lee/workspace/ros2_ex_mav/install/px4_msgs/include/px4_msgs/px4_msgs/msg/detail/vehicle_optical_flow_vel__rosidl_typesupport_fastrtps_cpp.hpp\n'}
[0.466226] (px4_msgs) StdoutLine: {'line': b'-- Up-to-date symlink: /home/lee/workspace/ros2_ex_mav/install/px4_msgs/include/px4_msgs/px4_msgs/msg/detail/vehicle_rates_setpoint__rosidl_typesupport_fastrtps_cpp.hpp\n'}
[0.466258] (px4_msgs) StdoutLine: {'line': b'-- Up-to-date symlink: /home/lee/workspace/ros2_ex_mav/install/px4_msgs/include/px4_msgs/px4_msgs/msg/detail/vehicle_roi__rosidl_typesupport_fastrtps_cpp.hpp\n'}
[0.466290] (px4_msgs) StdoutLine: {'line': b'-- Up-to-date symlink: /home/lee/workspace/ros2_ex_mav/install/px4_msgs/include/px4_msgs/px4_msgs/msg/detail/vehicle_status__rosidl_typesupport_fastrtps_cpp.hpp\n'}
[0.466323] (px4_msgs) StdoutLine: {'line': b'-- Up-to-date symlink: /home/lee/workspace/ros2_ex_mav/install/px4_msgs/include/px4_msgs/px4_msgs/msg/detail/vehicle_thrust_setpoint__rosidl_typesupport_fastrtps_cpp.hpp\n'}
[0.466357] (px4_msgs) StdoutLine: {'line': b'-- Up-to-date symlink: /home/lee/workspace/ros2_ex_mav/install/px4_msgs/include/px4_msgs/px4_msgs/msg/detail/vehicle_torque_setpoint__rosidl_typesupport_fastrtps_cpp.hpp\n'}
[0.466387] (px4_msgs) StdoutLine: {'line': b'-- Up-to-date symlink: /home/lee/workspace/ros2_ex_mav/install/px4_msgs/include/px4_msgs/px4_msgs/msg/detail/vehicle_trajectory_bezier__rosidl_typesupport_fastrtps_cpp.hpp\n'}
[0.466420] (px4_msgs) StdoutLine: {'line': b'-- Up-to-date symlink: /home/lee/workspace/ros2_ex_mav/install/px4_msgs/include/px4_msgs/px4_msgs/msg/detail/vehicle_trajectory_waypoint__rosidl_typesupport_fastrtps_cpp.hpp\n'}
[0.466452] (px4_msgs) StdoutLine: {'line': b'-- Up-to-date symlink: /home/lee/workspace/ros2_ex_mav/install/px4_msgs/include/px4_msgs/px4_msgs/msg/detail/vtol_vehicle_status__rosidl_typesupport_fastrtps_cpp.hpp\n'}
[0.466485] (px4_msgs) StdoutLine: {'line': b'-- Up-to-date symlink: /home/lee/workspace/ros2_ex_mav/install/px4_msgs/include/px4_msgs/px4_msgs/msg/detail/wind__rosidl_typesupport_fastrtps_cpp.hpp\n'}
[0.466518] (px4_msgs) StdoutLine: {'line': b'-- Up-to-date symlink: /home/lee/workspace/ros2_ex_mav/install/px4_msgs/include/px4_msgs/px4_msgs/msg/detail/yaw_estimator_status__rosidl_typesupport_fastrtps_cpp.hpp\n'}
[0.466550] (px4_msgs) StdoutLine: {'line': b'-- Up-to-date symlink: /home/lee/workspace/ros2_ex_mav/install/px4_msgs/include/px4_msgs/px4_msgs/msg/rosidl_typesupport_fastrtps_cpp__visibility_control.h\n'}
[0.467571] (px4_msgs) StdoutLine: {'line': b'-- Up-to-date symlink: /home/lee/workspace/ros2_ex_mav/install/px4_msgs/include/px4_msgs/px4_msgs/msg/detail/action_request__rosidl_typesupport_introspection_c.h\n'}
[0.467679] (px4_msgs) StdoutLine: {'line': b'-- Up-to-date symlink: /home/lee/workspace/ros2_ex_mav/install/px4_msgs/include/px4_msgs/px4_msgs/msg/detail/actuator_armed__rosidl_typesupport_introspection_c.h\n'}
[0.467699] (px4_msgs) StdoutLine: {'line': b'-- Up-to-date symlink: /home/lee/workspace/ros2_ex_mav/install/px4_msgs/include/px4_msgs/px4_msgs/msg/detail/actuator_controls_status__rosidl_typesupport_introspection_c.h\n'}
[0.467720] (px4_msgs) StdoutLine: {'line': b'-- Up-to-date symlink: /home/lee/workspace/ros2_ex_mav/install/px4_msgs/include/px4_msgs/px4_msgs/msg/detail/actuator_motors__rosidl_typesupport_introspection_c.h\n'}
[0.467750] (px4_msgs) StdoutLine: {'line': b'-- Up-to-date symlink: /home/lee/workspace/ros2_ex_mav/install/px4_msgs/include/px4_msgs/px4_msgs/msg/detail/actuator_outputs__rosidl_typesupport_introspection_c.h\n'}
[0.467769] (px4_msgs) StdoutLine: {'line': b'-- Up-to-date symlink: /home/lee/workspace/ros2_ex_mav/install/px4_msgs/include/px4_msgs/px4_msgs/msg/detail/actuator_servos__rosidl_typesupport_introspection_c.h\n'}
[0.467789] (px4_msgs) StdoutLine: {'line': b'-- Up-to-date symlink: /home/lee/workspace/ros2_ex_mav/install/px4_msgs/include/px4_msgs/px4_msgs/msg/detail/actuator_servos_trim__rosidl_typesupport_introspection_c.h\n'}
[0.467821] (px4_msgs) StdoutLine: {'line': b'-- Up-to-date symlink: /home/lee/workspace/ros2_ex_mav/install/px4_msgs/include/px4_msgs/px4_msgs/msg/detail/actuator_test__rosidl_typesupport_introspection_c.h\n'}
[0.467844] (px4_msgs) StdoutLine: {'line': b'-- Up-to-date symlink: /home/lee/workspace/ros2_ex_mav/install/px4_msgs/include/px4_msgs/px4_msgs/msg/detail/adc_report__rosidl_typesupport_introspection_c.h\n'}
[0.467875] (px4_msgs) StdoutLine: {'line': b'-- Up-to-date symlink: /home/lee/workspace/ros2_ex_mav/install/px4_msgs/include/px4_msgs/px4_msgs/msg/detail/airspeed__rosidl_typesupport_introspection_c.h\n'}
[0.467896] (px4_msgs) StdoutLine: {'line': b'-- Up-to-date symlink: /home/lee/workspace/ros2_ex_mav/install/px4_msgs/include/px4_msgs/px4_msgs/msg/detail/airspeed_validated__rosidl_typesupport_introspection_c.h\n'}
[0.467925] (px4_msgs) StdoutLine: {'line': b'-- Up-to-date symlink: /home/lee/workspace/ros2_ex_mav/install/px4_msgs/include/px4_msgs/px4_msgs/msg/detail/airspeed_wind__rosidl_typesupport_introspection_c.h\n'}
[0.467959] (px4_msgs) StdoutLine: {'line': b'-- Up-to-date symlink: /home/lee/workspace/ros2_ex_mav/install/px4_msgs/include/px4_msgs/px4_msgs/msg/detail/autotune_attitude_control_status__rosidl_typesupport_introspection_c.h\n'}
[0.467979] (px4_msgs) StdoutLine: {'line': b'-- Up-to-date symlink: /home/lee/workspace/ros2_ex_mav/install/px4_msgs/include/px4_msgs/px4_msgs/msg/detail/battery_status__rosidl_typesupport_introspection_c.h\n'}
[0.468008] (px4_msgs) StdoutLine: {'line': b'-- Up-to-date symlink: /home/lee/workspace/ros2_ex_mav/install/px4_msgs/include/px4_msgs/px4_msgs/msg/detail/button_event__rosidl_typesupport_introspection_c.h\n'}
[0.468036] (px4_msgs) StdoutLine: {'line': b'-- Up-to-date symlink: /home/lee/workspace/ros2_ex_mav/install/px4_msgs/include/px4_msgs/px4_msgs/msg/detail/camera_capture__rosidl_typesupport_introspection_c.h\n'}
[0.468065] (px4_msgs) StdoutLine: {'line': b'-- Up-to-date symlink: /home/lee/workspace/ros2_ex_mav/install/px4_msgs/include/px4_msgs/px4_msgs/msg/detail/camera_status__rosidl_typesupport_introspection_c.h\n'}
[0.468089] (px4_msgs) StdoutLine: {'line': b'-- Up-to-date symlink: /home/lee/workspace/ros2_ex_mav/install/px4_msgs/include/px4_msgs/px4_msgs/msg/detail/camera_trigger__rosidl_typesupport_introspection_c.h\n'}
[0.468118] (px4_msgs) StdoutLine: {'line': b'-- Up-to-date symlink: /home/lee/workspace/ros2_ex_mav/install/px4_msgs/include/px4_msgs/px4_msgs/msg/detail/cellular_status__rosidl_typesupport_introspection_c.h\n'}
[0.468151] (px4_msgs) StdoutLine: {'line': b'-- Up-to-date symlink: /home/lee/workspace/ros2_ex_mav/install/px4_msgs/include/px4_msgs/px4_msgs/msg/detail/collision_constraints__rosidl_typesupport_introspection_c.h\n'}
[0.468183] (px4_msgs) StdoutLine: {'line': b'-- Up-to-date symlink: /home/lee/workspace/ros2_ex_mav/install/px4_msgs/include/px4_msgs/px4_msgs/msg/detail/collision_report__rosidl_typesupport_introspection_c.h\n'}
[0.468216] (px4_msgs) StdoutLine: {'line': b'-- Up-to-date symlink: /home/lee/workspace/ros2_ex_mav/install/px4_msgs/include/px4_msgs/px4_msgs/msg/detail/control_allocator_status__rosidl_typesupport_introspection_c.h\n'}
[0.468248] (px4_msgs) StdoutLine: {'line': b'-- Up-to-date symlink: /home/lee/workspace/ros2_ex_mav/install/px4_msgs/include/px4_msgs/px4_msgs/msg/detail/cpuload__rosidl_typesupport_introspection_c.h\n'}
[0.468280] (px4_msgs) StdoutLine: {'line': b'-- Up-to-date symlink: /home/lee/workspace/ros2_ex_mav/install/px4_msgs/include/px4_msgs/px4_msgs/msg/detail/debug_array__rosidl_typesupport_introspection_c.h\n'}
[0.468312] (px4_msgs) StdoutLine: {'line': b'-- Up-to-date symlink: /home/lee/workspace/ros2_ex_mav/install/px4_msgs/include/px4_msgs/px4_msgs/msg/detail/debug_key_value__rosidl_typesupport_introspection_c.h\n'}
[0.468346] (px4_msgs) StdoutLine: {'line': b'-- Up-to-date symlink: /home/lee/workspace/ros2_ex_mav/install/px4_msgs/include/px4_msgs/px4_msgs/msg/detail/debug_value__rosidl_typesupport_introspection_c.h\n'}
[0.468378] (px4_msgs) StdoutLine: {'line': b'-- Up-to-date symlink: /home/lee/workspace/ros2_ex_mav/install/px4_msgs/include/px4_msgs/px4_msgs/msg/detail/debug_vect__rosidl_typesupport_introspection_c.h\n'}
[0.468410] (px4_msgs) StdoutLine: {'line': b'-- Up-to-date symlink: /home/lee/workspace/ros2_ex_mav/install/px4_msgs/include/px4_msgs/px4_msgs/msg/detail/differential_pressure__rosidl_typesupport_introspection_c.h\n'}
[0.468441] (px4_msgs) StdoutLine: {'line': b'-- Up-to-date symlink: /home/lee/workspace/ros2_ex_mav/install/px4_msgs/include/px4_msgs/px4_msgs/msg/detail/distance_sensor__rosidl_typesupport_introspection_c.h\n'}
[0.468473] (px4_msgs) StdoutLine: {'line': b'-- Up-to-date symlink: /home/lee/workspace/ros2_ex_mav/install/px4_msgs/include/px4_msgs/px4_msgs/msg/detail/ekf2_timestamps__rosidl_typesupport_introspection_c.h\n'}
[0.468507] (px4_msgs) StdoutLine: {'line': b'-- Up-to-date symlink: /home/lee/workspace/ros2_ex_mav/install/px4_msgs/include/px4_msgs/px4_msgs/msg/detail/esc_report__rosidl_typesupport_introspection_c.h\n'}
[0.468537] (px4_msgs) StdoutLine: {'line': b'-- Up-to-date symlink: /home/lee/workspace/ros2_ex_mav/install/px4_msgs/include/px4_msgs/px4_msgs/msg/detail/esc_status__rosidl_typesupport_introspection_c.h\n'}
[0.468569] (px4_msgs) StdoutLine: {'line': b'-- Up-to-date symlink: /home/lee/workspace/ros2_ex_mav/install/px4_msgs/include/px4_msgs/px4_msgs/msg/detail/estimator_aid_source1d__rosidl_typesupport_introspection_c.h\n'}
[0.468602] (px4_msgs) StdoutLine: {'line': b'-- Up-to-date symlink: /home/lee/workspace/ros2_ex_mav/install/px4_msgs/include/px4_msgs/px4_msgs/msg/detail/estimator_aid_source2d__rosidl_typesupport_introspection_c.h\n'}
[0.468634] (px4_msgs) StdoutLine: {'line': b'-- Up-to-date symlink: /home/lee/workspace/ros2_ex_mav/install/px4_msgs/include/px4_msgs/px4_msgs/msg/detail/estimator_aid_source3d__rosidl_typesupport_introspection_c.h\n'}
[0.468666] (px4_msgs) StdoutLine: {'line': b'-- Up-to-date symlink: /home/lee/workspace/ros2_ex_mav/install/px4_msgs/include/px4_msgs/px4_msgs/msg/detail/estimator_bias3d__rosidl_typesupport_introspection_c.h\n'}
[0.468697] (px4_msgs) StdoutLine: {'line': b'-- Up-to-date symlink: /home/lee/workspace/ros2_ex_mav/install/px4_msgs/include/px4_msgs/px4_msgs/msg/detail/estimator_bias__rosidl_typesupport_introspection_c.h\n'}
[0.468730] (px4_msgs) StdoutLine: {'line': b'-- Up-to-date symlink: /home/lee/workspace/ros2_ex_mav/install/px4_msgs/include/px4_msgs/px4_msgs/msg/detail/estimator_event_flags__rosidl_typesupport_introspection_c.h\n'}
[0.468762] (px4_msgs) StdoutLine: {'line': b'-- Up-to-date symlink: /home/lee/workspace/ros2_ex_mav/install/px4_msgs/include/px4_msgs/px4_msgs/msg/detail/estimator_gps_status__rosidl_typesupport_introspection_c.h\n'}
[0.468793] (px4_msgs) StdoutLine: {'line': b'-- Up-to-date symlink: /home/lee/workspace/ros2_ex_mav/install/px4_msgs/include/px4_msgs/px4_msgs/msg/detail/estimator_innovations__rosidl_typesupport_introspection_c.h\n'}
[0.468826] (px4_msgs) StdoutLine: {'line': b'-- Up-to-date symlink: /home/lee/workspace/ros2_ex_mav/install/px4_msgs/include/px4_msgs/px4_msgs/msg/detail/estimator_selector_status__rosidl_typesupport_introspection_c.h\n'}
[0.468858] (px4_msgs) StdoutLine: {'line': b'-- Up-to-date symlink: /home/lee/workspace/ros2_ex_mav/install/px4_msgs/include/px4_msgs/px4_msgs/msg/detail/estimator_sensor_bias__rosidl_typesupport_introspection_c.h\n'}
[0.468891] (px4_msgs) StdoutLine: {'line': b'-- Up-to-date symlink: /home/lee/workspace/ros2_ex_mav/install/px4_msgs/include/px4_msgs/px4_msgs/msg/detail/estimator_states__rosidl_typesupport_introspection_c.h\n'}
[0.468921] (px4_msgs) StdoutLine: {'line': b'-- Up-to-date symlink: /home/lee/workspace/ros2_ex_mav/install/px4_msgs/include/px4_msgs/px4_msgs/msg/detail/estimator_status__rosidl_typesupport_introspection_c.h\n'}
[0.468952] (px4_msgs) StdoutLine: {'line': b'-- Up-to-date symlink: /home/lee/workspace/ros2_ex_mav/install/px4_msgs/include/px4_msgs/px4_msgs/msg/detail/estimator_status_flags__rosidl_typesupport_introspection_c.h\n'}
[0.468984] (px4_msgs) StdoutLine: {'line': b'-- Up-to-date symlink: /home/lee/workspace/ros2_ex_mav/install/px4_msgs/include/px4_msgs/px4_msgs/msg/detail/event__rosidl_typesupport_introspection_c.h\n'}
[0.469016] (px4_msgs) StdoutLine: {'line': b'-- Up-to-date symlink: /home/lee/workspace/ros2_ex_mav/install/px4_msgs/include/px4_msgs/px4_msgs/msg/detail/failsafe_flags__rosidl_typesupport_introspection_c.h\n'}
[0.469049] (px4_msgs) StdoutLine: {'line': b'-- Up-to-date symlink: /home/lee/workspace/ros2_ex_mav/install/px4_msgs/include/px4_msgs/px4_msgs/msg/detail/failure_detector_status__rosidl_typesupport_introspection_c.h\n'}
[0.469081] (px4_msgs) StdoutLine: {'line': b'-- Up-to-date symlink: /home/lee/workspace/ros2_ex_mav/install/px4_msgs/include/px4_msgs/px4_msgs/msg/detail/follow_target__rosidl_typesupport_introspection_c.h\n'}
[0.469113] (px4_msgs) StdoutLine: {'line': b'-- Up-to-date symlink: /home/lee/workspace/ros2_ex_mav/install/px4_msgs/include/px4_msgs/px4_msgs/msg/detail/follow_target_estimator__rosidl_typesupport_introspection_c.h\n'}
[0.469145] (px4_msgs) StdoutLine: {'line': b'-- Up-to-date symlink: /home/lee/workspace/ros2_ex_mav/install/px4_msgs/include/px4_msgs/px4_msgs/msg/detail/follow_target_status__rosidl_typesupport_introspection_c.h\n'}
[0.469177] (px4_msgs) StdoutLine: {'line': b'-- Up-to-date symlink: /home/lee/workspace/ros2_ex_mav/install/px4_msgs/include/px4_msgs/px4_msgs/msg/detail/generator_status__rosidl_typesupport_introspection_c.h\n'}
[0.469210] (px4_msgs) StdoutLine: {'line': b'-- Up-to-date symlink: /home/lee/workspace/ros2_ex_mav/install/px4_msgs/include/px4_msgs/px4_msgs/msg/detail/geofence_result__rosidl_typesupport_introspection_c.h\n'}
[0.469242] (px4_msgs) StdoutLine: {'line': b'-- Up-to-date symlink: /home/lee/workspace/ros2_ex_mav/install/px4_msgs/include/px4_msgs/px4_msgs/msg/detail/gimbal_controls__rosidl_typesupport_introspection_c.h\n'}
[0.469275] (px4_msgs) StdoutLine: {'line': b'-- Up-to-date symlink: /home/lee/workspace/ros2_ex_mav/install/px4_msgs/include/px4_msgs/px4_msgs/msg/detail/gimbal_device_attitude_status__rosidl_typesupport_introspection_c.h\n'}
[0.469310] (px4_msgs) StdoutLine: {'line': b'-- Up-to-date symlink: /home/lee/workspace/ros2_ex_mav/install/px4_msgs/include/px4_msgs/px4_msgs/msg/detail/gimbal_device_information__rosidl_typesupport_introspection_c.h\n'}
[0.469344] (px4_msgs) StdoutLine: {'line': b'-- Up-to-date symlink: /home/lee/workspace/ros2_ex_mav/install/px4_msgs/include/px4_msgs/px4_msgs/msg/detail/gimbal_device_set_attitude__rosidl_typesupport_introspection_c.h\n'}
[0.469377] (px4_msgs) StdoutLine: {'line': b'-- Up-to-date symlink: /home/lee/workspace/ros2_ex_mav/install/px4_msgs/include/px4_msgs/px4_msgs/msg/detail/gimbal_manager_information__rosidl_typesupport_introspection_c.h\n'}
[0.469410] (px4_msgs) StdoutLine: {'line': b'-- Up-to-date symlink: /home/lee/workspace/ros2_ex_mav/install/px4_msgs/include/px4_msgs/px4_msgs/msg/detail/gimbal_manager_set_attitude__rosidl_typesupport_introspection_c.h\n'}
[0.469443] (px4_msgs) StdoutLine: {'line': b'-- Up-to-date symlink: /home/lee/workspace/ros2_ex_mav/install/px4_msgs/include/px4_msgs/px4_msgs/msg/detail/gimbal_manager_set_manual_control__rosidl_typesupport_introspection_c.h\n'}
[0.469476] (px4_msgs) StdoutLine: {'line': b'-- Up-to-date symlink: /home/lee/workspace/ros2_ex_mav/install/px4_msgs/include/px4_msgs/px4_msgs/msg/detail/gimbal_manager_status__rosidl_typesupport_introspection_c.h\n'}
[0.469509] (px4_msgs) StdoutLine: {'line': b'-- Up-to-date symlink: /home/lee/workspace/ros2_ex_mav/install/px4_msgs/include/px4_msgs/px4_msgs/msg/detail/gps_dump__rosidl_typesupport_introspection_c.h\n'}
[0.469542] (px4_msgs) StdoutLine: {'line': b'-- Up-to-date symlink: /home/lee/workspace/ros2_ex_mav/install/px4_msgs/include/px4_msgs/px4_msgs/msg/detail/gps_inject_data__rosidl_typesupport_introspection_c.h\n'}
[0.469575] (px4_msgs) StdoutLine: {'line': b'-- Up-to-date symlink: /home/lee/workspace/ros2_ex_mav/install/px4_msgs/include/px4_msgs/px4_msgs/msg/detail/gripper__rosidl_typesupport_introspection_c.h\n'}
[0.469607] (px4_msgs) StdoutLine: {'line': b'-- Up-to-date symlink: /home/lee/workspace/ros2_ex_mav/install/px4_msgs/include/px4_msgs/px4_msgs/msg/detail/health_report__rosidl_typesupport_introspection_c.h\n'}
[0.469640] (px4_msgs) StdoutLine: {'line': b'-- Up-to-date symlink: /home/lee/workspace/ros2_ex_mav/install/px4_msgs/include/px4_msgs/px4_msgs/msg/detail/heater_status__rosidl_typesupport_introspection_c.h\n'}
[0.469673] (px4_msgs) StdoutLine: {'line': b'-- Up-to-date symlink: /home/lee/workspace/ros2_ex_mav/install/px4_msgs/include/px4_msgs/px4_msgs/msg/detail/home_position__rosidl_typesupport_introspection_c.h\n'}
[0.469705] (px4_msgs) StdoutLine: {'line': b'-- Up-to-date symlink: /home/lee/workspace/ros2_ex_mav/install/px4_msgs/include/px4_msgs/px4_msgs/msg/detail/hover_thrust_estimate__rosidl_typesupport_introspection_c.h\n'}
[0.469738] (px4_msgs) StdoutLine: {'line': b'-- Up-to-date symlink: /home/lee/workspace/ros2_ex_mav/install/px4_msgs/include/px4_msgs/px4_msgs/msg/detail/input_rc__rosidl_typesupport_introspection_c.h\n'}
[0.469773] (px4_msgs) StdoutLine: {'line': b'-- Up-to-date symlink: /home/lee/workspace/ros2_ex_mav/install/px4_msgs/include/px4_msgs/px4_msgs/msg/detail/internal_combustion_engine_status__rosidl_typesupport_introspection_c.h\n'}
[0.469806] (px4_msgs) StdoutLine: {'line': b'-- Up-to-date symlink: /home/lee/workspace/ros2_ex_mav/install/px4_msgs/include/px4_msgs/px4_msgs/msg/detail/iridiumsbd_status__rosidl_typesupport_introspection_c.h\n'}
[0.469838] (px4_msgs) StdoutLine: {'line': b'-- Up-to-date symlink: /home/lee/workspace/ros2_ex_mav/install/px4_msgs/include/px4_msgs/px4_msgs/msg/detail/irlock_report__rosidl_typesupport_introspection_c.h\n'}
[0.469871] (px4_msgs) StdoutLine: {'line': b'-- Up-to-date symlink: /home/lee/workspace/ros2_ex_mav/install/px4_msgs/include/px4_msgs/px4_msgs/msg/detail/landing_gear__rosidl_typesupport_introspection_c.h\n'}
[0.469903] (px4_msgs) StdoutLine: {'line': b'-- Up-to-date symlink: /home/lee/workspace/ros2_ex_mav/install/px4_msgs/include/px4_msgs/px4_msgs/msg/detail/landing_gear_wheel__rosidl_typesupport_introspection_c.h\n'}
[0.469936] (px4_msgs) StdoutLine: {'line': b'-- Up-to-date symlink: /home/lee/workspace/ros2_ex_mav/install/px4_msgs/include/px4_msgs/px4_msgs/msg/detail/landing_target_innovations__rosidl_typesupport_introspection_c.h\n'}
[0.469969] (px4_msgs) StdoutLine: {'line': b'-- Up-to-date symlink: /home/lee/workspace/ros2_ex_mav/install/px4_msgs/include/px4_msgs/px4_msgs/msg/detail/landing_target_pose__rosidl_typesupport_introspection_c.h\n'}
[0.470002] (px4_msgs) StdoutLine: {'line': b'-- Up-to-date symlink: /home/lee/workspace/ros2_ex_mav/install/px4_msgs/include/px4_msgs/px4_msgs/msg/detail/launch_detection_status__rosidl_typesupport_introspection_c.h\n'}
[0.470035] (px4_msgs) StdoutLine: {'line': b'-- Up-to-date symlink: /home/lee/workspace/ros2_ex_mav/install/px4_msgs/include/px4_msgs/px4_msgs/msg/detail/led_control__rosidl_typesupport_introspection_c.h\n'}
[0.470068] (px4_msgs) StdoutLine: {'line': b'-- Up-to-date symlink: /home/lee/workspace/ros2_ex_mav/install/px4_msgs/include/px4_msgs/px4_msgs/msg/detail/log_message__rosidl_typesupport_introspection_c.h\n'}
[0.470101] (px4_msgs) StdoutLine: {'line': b'-- Up-to-date symlink: /home/lee/workspace/ros2_ex_mav/install/px4_msgs/include/px4_msgs/px4_msgs/msg/detail/logger_status__rosidl_typesupport_introspection_c.h\n'}
[0.470134] (px4_msgs) StdoutLine: {'line': b'-- Up-to-date symlink: /home/lee/workspace/ros2_ex_mav/install/px4_msgs/include/px4_msgs/px4_msgs/msg/detail/mag_worker_data__rosidl_typesupport_introspection_c.h\n'}
[0.470167] (px4_msgs) StdoutLine: {'line': b'-- Up-to-date symlink: /home/lee/workspace/ros2_ex_mav/install/px4_msgs/include/px4_msgs/px4_msgs/msg/detail/magnetometer_bias_estimate__rosidl_typesupport_introspection_c.h\n'}
[0.470200] (px4_msgs) StdoutLine: {'line': b'-- Up-to-date symlink: /home/lee/workspace/ros2_ex_mav/install/px4_msgs/include/px4_msgs/px4_msgs/msg/detail/manual_control_setpoint__rosidl_typesupport_introspection_c.h\n'}
[0.470233] (px4_msgs) StdoutLine: {'line': b'-- Up-to-date symlink: /home/lee/workspace/ros2_ex_mav/install/px4_msgs/include/px4_msgs/px4_msgs/msg/detail/manual_control_switches__rosidl_typesupport_introspection_c.h\n'}
[0.470266] (px4_msgs) StdoutLine: {'line': b'-- Up-to-date symlink: /home/lee/workspace/ros2_ex_mav/install/px4_msgs/include/px4_msgs/px4_msgs/msg/detail/mavlink_log__rosidl_typesupport_introspection_c.h\n'}
[0.470298] (px4_msgs) StdoutLine: {'line': b'-- Up-to-date symlink: /home/lee/workspace/ros2_ex_mav/install/px4_msgs/include/px4_msgs/px4_msgs/msg/detail/mavlink_tunnel__rosidl_typesupport_introspection_c.h\n'}
[0.470333] (px4_msgs) StdoutLine: {'line': b'-- Up-to-date symlink: /home/lee/workspace/ros2_ex_mav/install/px4_msgs/include/px4_msgs/px4_msgs/msg/detail/mission__rosidl_typesupport_introspection_c.h\n'}
[0.470365] (px4_msgs) StdoutLine: {'line': b'-- Up-to-date symlink: /home/lee/workspace/ros2_ex_mav/install/px4_msgs/include/px4_msgs/px4_msgs/msg/detail/mission_result__rosidl_typesupport_introspection_c.h\n'}
[0.470397] (px4_msgs) StdoutLine: {'line': b'-- Up-to-date symlink: /home/lee/workspace/ros2_ex_mav/install/px4_msgs/include/px4_msgs/px4_msgs/msg/detail/mode_completed__rosidl_typesupport_introspection_c.h\n'}
[0.470429] (px4_msgs) StdoutLine: {'line': b'-- Up-to-date symlink: /home/lee/workspace/ros2_ex_mav/install/px4_msgs/include/px4_msgs/px4_msgs/msg/detail/mount_orientation__rosidl_typesupport_introspection_c.h\n'}
[0.470462] (px4_msgs) StdoutLine: {'line': b'-- Up-to-date symlink: /home/lee/workspace/ros2_ex_mav/install/px4_msgs/include/px4_msgs/px4_msgs/msg/detail/navigator_mission_item__rosidl_typesupport_introspection_c.h\n'}
[0.470494] (px4_msgs) StdoutLine: {'line': b'-- Up-to-date symlink: /home/lee/workspace/ros2_ex_mav/install/px4_msgs/include/px4_msgs/px4_msgs/msg/detail/normalized_unsigned_setpoint__rosidl_typesupport_introspection_c.h\n'}
[0.470529] (px4_msgs) StdoutLine: {'line': b'-- Up-to-date symlink: /home/lee/workspace/ros2_ex_mav/install/px4_msgs/include/px4_msgs/px4_msgs/msg/detail/npfg_status__rosidl_typesupport_introspection_c.h\n'}
[0.470560] (px4_msgs) StdoutLine: {'line': b'-- Up-to-date symlink: /home/lee/workspace/ros2_ex_mav/install/px4_msgs/include/px4_msgs/px4_msgs/msg/detail/obstacle_distance__rosidl_typesupport_introspection_c.h\n'}
[0.470593] (px4_msgs) StdoutLine: {'line': b'-- Up-to-date symlink: /home/lee/workspace/ros2_ex_mav/install/px4_msgs/include/px4_msgs/px4_msgs/msg/detail/offboard_control_mode__rosidl_typesupport_introspection_c.h\n'}
[0.470625] (px4_msgs) StdoutLine: {'line': b'-- Up-to-date symlink: /home/lee/workspace/ros2_ex_mav/install/px4_msgs/include/px4_msgs/px4_msgs/msg/detail/onboard_computer_status__rosidl_typesupport_introspection_c.h\n'}
[0.470658] (px4_msgs) StdoutLine: {'line': b'-- Up-to-date symlink: /home/lee/workspace/ros2_ex_mav/install/px4_msgs/include/px4_msgs/px4_msgs/msg/detail/orb_test__rosidl_typesupport_introspection_c.h\n'}
[0.470691] (px4_msgs) StdoutLine: {'line': b'-- Up-to-date symlink: /home/lee/workspace/ros2_ex_mav/install/px4_msgs/include/px4_msgs/px4_msgs/msg/detail/orb_test_large__rosidl_typesupport_introspection_c.h\n'}
[0.470723] (px4_msgs) StdoutLine: {'line': b'-- Up-to-date symlink: /home/lee/workspace/ros2_ex_mav/install/px4_msgs/include/px4_msgs/px4_msgs/msg/detail/orb_test_medium__rosidl_typesupport_introspection_c.h\n'}
[0.470754] (px4_msgs) StdoutLine: {'line': b'-- Up-to-date symlink: /home/lee/workspace/ros2_ex_mav/install/px4_msgs/include/px4_msgs/px4_msgs/msg/detail/orbit_status__rosidl_typesupport_introspection_c.h\n'}
[0.470785] (px4_msgs) StdoutLine: {'line': b'-- Up-to-date symlink: /home/lee/workspace/ros2_ex_mav/install/px4_msgs/include/px4_msgs/px4_msgs/msg/detail/parameter_update__rosidl_typesupport_introspection_c.h\n'}
[0.470818] (px4_msgs) StdoutLine: {'line': b'-- Up-to-date symlink: /home/lee/workspace/ros2_ex_mav/install/px4_msgs/include/px4_msgs/px4_msgs/msg/detail/ping__rosidl_typesupport_introspection_c.h\n'}
[0.470852] (px4_msgs) StdoutLine: {'line': b'-- Up-to-date symlink: /home/lee/workspace/ros2_ex_mav/install/px4_msgs/include/px4_msgs/px4_msgs/msg/detail/position_controller_landing_status__rosidl_typesupport_introspection_c.h\n'}
[0.470884] (px4_msgs) StdoutLine: {'line': b'-- Up-to-date symlink: /home/lee/workspace/ros2_ex_mav/install/px4_msgs/include/px4_msgs/px4_msgs/msg/detail/position_controller_status__rosidl_typesupport_introspection_c.h\n'}
[0.470917] (px4_msgs) StdoutLine: {'line': b'-- Up-to-date symlink: /home/lee/workspace/ros2_ex_mav/install/px4_msgs/include/px4_msgs/px4_msgs/msg/detail/position_setpoint__rosidl_typesupport_introspection_c.h\n'}
[0.470950] (px4_msgs) StdoutLine: {'line': b'-- Up-to-date symlink: /home/lee/workspace/ros2_ex_mav/install/px4_msgs/include/px4_msgs/px4_msgs/msg/detail/position_setpoint_triplet__rosidl_typesupport_introspection_c.h\n'}
[0.470983] (px4_msgs) StdoutLine: {'line': b'-- Up-to-date symlink: /home/lee/workspace/ros2_ex_mav/install/px4_msgs/include/px4_msgs/px4_msgs/msg/detail/power_button_state__rosidl_typesupport_introspection_c.h\n'}
[0.471016] (px4_msgs) StdoutLine: {'line': b'-- Up-to-date symlink: /home/lee/workspace/ros2_ex_mav/install/px4_msgs/include/px4_msgs/px4_msgs/msg/detail/power_monitor__rosidl_typesupport_introspection_c.h\n'}
[0.471049] (px4_msgs) StdoutLine: {'line': b'-- Up-to-date symlink: /home/lee/workspace/ros2_ex_mav/install/px4_msgs/include/px4_msgs/px4_msgs/msg/detail/pps_capture__rosidl_typesupport_introspection_c.h\n'}
[0.471081] (px4_msgs) StdoutLine: {'line': b'-- Up-to-date symlink: /home/lee/workspace/ros2_ex_mav/install/px4_msgs/include/px4_msgs/px4_msgs/msg/detail/pwm_input__rosidl_typesupport_introspection_c.h\n'}
[0.471114] (px4_msgs) StdoutLine: {'line': b'-- Up-to-date symlink: /home/lee/workspace/ros2_ex_mav/install/px4_msgs/include/px4_msgs/px4_msgs/msg/detail/px4io_status__rosidl_typesupport_introspection_c.h\n'}
[0.471146] (px4_msgs) StdoutLine: {'line': b'-- Up-to-date symlink: /home/lee/workspace/ros2_ex_mav/install/px4_msgs/include/px4_msgs/px4_msgs/msg/detail/qshell_req__rosidl_typesupport_introspection_c.h\n'}
[0.471178] (px4_msgs) StdoutLine: {'line': b'-- Up-to-date symlink: /home/lee/workspace/ros2_ex_mav/install/px4_msgs/include/px4_msgs/px4_msgs/msg/detail/qshell_retval__rosidl_typesupport_introspection_c.h\n'}
[0.471210] (px4_msgs) StdoutLine: {'line': b'-- Up-to-date symlink: /home/lee/workspace/ros2_ex_mav/install/px4_msgs/include/px4_msgs/px4_msgs/msg/detail/radio_status__rosidl_typesupport_introspection_c.h\n'}
[0.471242] (px4_msgs) StdoutLine: {'line': b'-- Up-to-date symlink: /home/lee/workspace/ros2_ex_mav/install/px4_msgs/include/px4_msgs/px4_msgs/msg/detail/rate_ctrl_status__rosidl_typesupport_introspection_c.h\n'}
[0.471274] (px4_msgs) StdoutLine: {'line': b'-- Up-to-date symlink: /home/lee/workspace/ros2_ex_mav/install/px4_msgs/include/px4_msgs/px4_msgs/msg/detail/rc_channels__rosidl_typesupport_introspection_c.h\n'}
[0.471306] (px4_msgs) StdoutLine: {'line': b'-- Up-to-date symlink: /home/lee/workspace/ros2_ex_mav/install/px4_msgs/include/px4_msgs/px4_msgs/msg/detail/rc_parameter_map__rosidl_typesupport_introspection_c.h\n'}
[0.471341] (px4_msgs) StdoutLine: {'line': b'-- Up-to-date symlink: /home/lee/workspace/ros2_ex_mav/install/px4_msgs/include/px4_msgs/px4_msgs/msg/detail/rpm__rosidl_typesupport_introspection_c.h\n'}
[0.471373] (px4_msgs) StdoutLine: {'line': b'-- Up-to-date symlink: /home/lee/workspace/ros2_ex_mav/install/px4_msgs/include/px4_msgs/px4_msgs/msg/detail/rtl_time_estimate__rosidl_typesupport_introspection_c.h\n'}
[0.471406] (px4_msgs) StdoutLine: {'line': b'-- Up-to-date symlink: /home/lee/workspace/ros2_ex_mav/install/px4_msgs/include/px4_msgs/px4_msgs/msg/detail/satellite_info__rosidl_typesupport_introspection_c.h\n'}
[0.471438] (px4_msgs) StdoutLine: {'line': b'-- Up-to-date symlink: /home/lee/workspace/ros2_ex_mav/install/px4_msgs/include/px4_msgs/px4_msgs/msg/detail/sensor_accel__rosidl_typesupport_introspection_c.h\n'}
[0.471470] (px4_msgs) StdoutLine: {'line': b'-- Up-to-date symlink: /home/lee/workspace/ros2_ex_mav/install/px4_msgs/include/px4_msgs/px4_msgs/msg/detail/sensor_accel_fifo__rosidl_typesupport_introspection_c.h\n'}
[0.471502] (px4_msgs) StdoutLine: {'line': b'-- Up-to-date symlink: /home/lee/workspace/ros2_ex_mav/install/px4_msgs/include/px4_msgs/px4_msgs/msg/detail/sensor_baro__rosidl_typesupport_introspection_c.h\n'}
[0.471534] (px4_msgs) StdoutLine: {'line': b'-- Up-to-date symlink: /home/lee/workspace/ros2_ex_mav/install/px4_msgs/include/px4_msgs/px4_msgs/msg/detail/sensor_combined__rosidl_typesupport_introspection_c.h\n'}
[0.471566] (px4_msgs) StdoutLine: {'line': b'-- Up-to-date symlink: /home/lee/workspace/ros2_ex_mav/install/px4_msgs/include/px4_msgs/px4_msgs/msg/detail/sensor_correction__rosidl_typesupport_introspection_c.h\n'}
[0.471598] (px4_msgs) StdoutLine: {'line': b'-- Up-to-date symlink: /home/lee/workspace/ros2_ex_mav/install/px4_msgs/include/px4_msgs/px4_msgs/msg/detail/sensor_gnss_relative__rosidl_typesupport_introspection_c.h\n'}
[0.471630] (px4_msgs) StdoutLine: {'line': b'-- Up-to-date symlink: /home/lee/workspace/ros2_ex_mav/install/px4_msgs/include/px4_msgs/px4_msgs/msg/detail/sensor_gps__rosidl_typesupport_introspection_c.h\n'}
[0.471663] (px4_msgs) StdoutLine: {'line': b'-- Up-to-date symlink: /home/lee/workspace/ros2_ex_mav/install/px4_msgs/include/px4_msgs/px4_msgs/msg/detail/sensor_gyro__rosidl_typesupport_introspection_c.h\n'}
[0.471695] (px4_msgs) StdoutLine: {'line': b'-- Up-to-date symlink: /home/lee/workspace/ros2_ex_mav/install/px4_msgs/include/px4_msgs/px4_msgs/msg/detail/sensor_gyro_fft__rosidl_typesupport_introspection_c.h\n'}
[0.471728] (px4_msgs) StdoutLine: {'line': b'-- Up-to-date symlink: /home/lee/workspace/ros2_ex_mav/install/px4_msgs/include/px4_msgs/px4_msgs/msg/detail/sensor_gyro_fifo__rosidl_typesupport_introspection_c.h\n'}
[0.471760] (px4_msgs) StdoutLine: {'line': b'-- Up-to-date symlink: /home/lee/workspace/ros2_ex_mav/install/px4_msgs/include/px4_msgs/px4_msgs/msg/detail/sensor_hygrometer__rosidl_typesupport_introspection_c.h\n'}
[0.471791] (px4_msgs) StdoutLine: {'line': b'-- Up-to-date symlink: /home/lee/workspace/ros2_ex_mav/install/px4_msgs/include/px4_msgs/px4_msgs/msg/detail/sensor_mag__rosidl_typesupport_introspection_c.h\n'}
[0.471823] (px4_msgs) StdoutLine: {'line': b'-- Up-to-date symlink: /home/lee/workspace/ros2_ex_mav/install/px4_msgs/include/px4_msgs/px4_msgs/msg/detail/sensor_optical_flow__rosidl_typesupport_introspection_c.h\n'}
[0.471855] (px4_msgs) StdoutLine: {'line': b'-- Up-to-date symlink: /home/lee/workspace/ros2_ex_mav/install/px4_msgs/include/px4_msgs/px4_msgs/msg/detail/sensor_preflight_mag__rosidl_typesupport_introspection_c.h\n'}
[0.471886] (px4_msgs) StdoutLine: {'line': b'-- Up-to-date symlink: /home/lee/workspace/ros2_ex_mav/install/px4_msgs/include/px4_msgs/px4_msgs/msg/detail/sensor_selection__rosidl_typesupport_introspection_c.h\n'}
[0.471917] (px4_msgs) StdoutLine: {'line': b'-- Up-to-date symlink: /home/lee/workspace/ros2_ex_mav/install/px4_msgs/include/px4_msgs/px4_msgs/msg/detail/sensor_uwb__rosidl_typesupport_introspection_c.h\n'}
[0.471949] (px4_msgs) StdoutLine: {'line': b'-- Up-to-date symlink: /home/lee/workspace/ros2_ex_mav/install/px4_msgs/include/px4_msgs/px4_msgs/msg/detail/sensors_status__rosidl_typesupport_introspection_c.h\n'}
[0.471980] (px4_msgs) StdoutLine: {'line': b'-- Up-to-date symlink: /home/lee/workspace/ros2_ex_mav/install/px4_msgs/include/px4_msgs/px4_msgs/msg/detail/sensors_status_imu__rosidl_typesupport_introspection_c.h\n'}
[0.472012] (px4_msgs) StdoutLine: {'line': b'-- Up-to-date symlink: /home/lee/workspace/ros2_ex_mav/install/px4_msgs/include/px4_msgs/px4_msgs/msg/detail/system_power__rosidl_typesupport_introspection_c.h\n'}
[0.472043] (px4_msgs) StdoutLine: {'line': b'-- Up-to-date symlink: /home/lee/workspace/ros2_ex_mav/install/px4_msgs/include/px4_msgs/px4_msgs/msg/detail/takeoff_status__rosidl_typesupport_introspection_c.h\n'}
[0.472074] (px4_msgs) StdoutLine: {'line': b'-- Up-to-date symlink: /home/lee/workspace/ros2_ex_mav/install/px4_msgs/include/px4_msgs/px4_msgs/msg/detail/task_stack_info__rosidl_typesupport_introspection_c.h\n'}
[0.472106] (px4_msgs) StdoutLine: {'line': b'-- Up-to-date symlink: /home/lee/workspace/ros2_ex_mav/install/px4_msgs/include/px4_msgs/px4_msgs/msg/detail/tecs_status__rosidl_typesupport_introspection_c.h\n'}
[0.472137] (px4_msgs) StdoutLine: {'line': b'-- Up-to-date symlink: /home/lee/workspace/ros2_ex_mav/install/px4_msgs/include/px4_msgs/px4_msgs/msg/detail/telemetry_status__rosidl_typesupport_introspection_c.h\n'}
[0.472169] (px4_msgs) StdoutLine: {'line': b'-- Up-to-date symlink: /home/lee/workspace/ros2_ex_mav/install/px4_msgs/include/px4_msgs/px4_msgs/msg/detail/tiltrotor_extra_controls__rosidl_typesupport_introspection_c.h\n'}
[0.472200] (px4_msgs) StdoutLine: {'line': b'-- Up-to-date symlink: /home/lee/workspace/ros2_ex_mav/install/px4_msgs/include/px4_msgs/px4_msgs/msg/detail/timesync_status__rosidl_typesupport_introspection_c.h\n'}
[0.472231] (px4_msgs) StdoutLine: {'line': b'-- Up-to-date symlink: /home/lee/workspace/ros2_ex_mav/install/px4_msgs/include/px4_msgs/px4_msgs/msg/detail/trajectory_bezier__rosidl_typesupport_introspection_c.h\n'}
[0.472263] (px4_msgs) StdoutLine: {'line': b'-- Up-to-date symlink: /home/lee/workspace/ros2_ex_mav/install/px4_msgs/include/px4_msgs/px4_msgs/msg/detail/trajectory_setpoint__rosidl_typesupport_introspection_c.h\n'}
[0.472295] (px4_msgs) StdoutLine: {'line': b'-- Up-to-date symlink: /home/lee/workspace/ros2_ex_mav/install/px4_msgs/include/px4_msgs/px4_msgs/msg/detail/trajectory_waypoint__rosidl_typesupport_introspection_c.h\n'}
[0.472328] (px4_msgs) StdoutLine: {'line': b'-- Up-to-date symlink: /home/lee/workspace/ros2_ex_mav/install/px4_msgs/include/px4_msgs/px4_msgs/msg/detail/transponder_report__rosidl_typesupport_introspection_c.h\n'}
[0.472360] (px4_msgs) StdoutLine: {'line': b'-- Up-to-date symlink: /home/lee/workspace/ros2_ex_mav/install/px4_msgs/include/px4_msgs/px4_msgs/msg/detail/tune_control__rosidl_typesupport_introspection_c.h\n'}
[0.472392] (px4_msgs) StdoutLine: {'line': b'-- Up-to-date symlink: /home/lee/workspace/ros2_ex_mav/install/px4_msgs/include/px4_msgs/px4_msgs/msg/detail/uavcan_parameter_request__rosidl_typesupport_introspection_c.h\n'}
[0.472424] (px4_msgs) StdoutLine: {'line': b'-- Up-to-date symlink: /home/lee/workspace/ros2_ex_mav/install/px4_msgs/include/px4_msgs/px4_msgs/msg/detail/uavcan_parameter_value__rosidl_typesupport_introspection_c.h\n'}
[0.472456] (px4_msgs) StdoutLine: {'line': b'-- Up-to-date symlink: /home/lee/workspace/ros2_ex_mav/install/px4_msgs/include/px4_msgs/px4_msgs/msg/detail/ulog_stream__rosidl_typesupport_introspection_c.h\n'}
[0.472488] (px4_msgs) StdoutLine: {'line': b'-- Up-to-date symlink: /home/lee/workspace/ros2_ex_mav/install/px4_msgs/include/px4_msgs/px4_msgs/msg/detail/ulog_stream_ack__rosidl_typesupport_introspection_c.h\n'}
[0.472520] (px4_msgs) StdoutLine: {'line': b'-- Up-to-date symlink: /home/lee/workspace/ros2_ex_mav/install/px4_msgs/include/px4_msgs/px4_msgs/msg/detail/vehicle_acceleration__rosidl_typesupport_introspection_c.h\n'}
[0.472553] (px4_msgs) StdoutLine: {'line': b'-- Up-to-date symlink: /home/lee/workspace/ros2_ex_mav/install/px4_msgs/include/px4_msgs/px4_msgs/msg/detail/vehicle_air_data__rosidl_typesupport_introspection_c.h\n'}
[0.472589] (px4_msgs) StdoutLine: {'line': b'-- Up-to-date symlink: /home/lee/workspace/ros2_ex_mav/install/px4_msgs/include/px4_msgs/px4_msgs/msg/detail/vehicle_angular_acceleration_setpoint__rosidl_typesupport_introspection_c.h\n'}
[0.472622] (px4_msgs) StdoutLine: {'line': b'-- Up-to-date symlink: /home/lee/workspace/ros2_ex_mav/install/px4_msgs/include/px4_msgs/px4_msgs/msg/detail/vehicle_angular_velocity__rosidl_typesupport_introspection_c.h\n'}
[0.472876] (px4_msgs) StdoutLine: {'line': b'-- Up-to-date symlink: /home/lee/workspace/ros2_ex_mav/install/px4_msgs/include/px4_msgs/px4_msgs/msg/detail/vehicle_attitude__rosidl_typesupport_introspection_c.h\n'}
[0.472961] (px4_msgs) StdoutLine: {'line': b'-- Up-to-date symlink: /home/lee/workspace/ros2_ex_mav/install/px4_msgs/include/px4_msgs/px4_msgs/msg/detail/vehicle_attitude_setpoint__rosidl_typesupport_introspection_c.h\n'}
[0.472987] (px4_msgs) StdoutLine: {'line': b'-- Up-to-date symlink: /home/lee/workspace/ros2_ex_mav/install/px4_msgs/include/px4_msgs/px4_msgs/msg/detail/vehicle_command__rosidl_typesupport_introspection_c.h\n'}
[0.473009] (px4_msgs) StdoutLine: {'line': b'-- Up-to-date symlink: /home/lee/workspace/ros2_ex_mav/install/px4_msgs/include/px4_msgs/px4_msgs/msg/detail/vehicle_command_ack__rosidl_typesupport_introspection_c.h\n'}
[0.473030] (px4_msgs) StdoutLine: {'line': b'-- Up-to-date symlink: /home/lee/workspace/ros2_ex_mav/install/px4_msgs/include/px4_msgs/px4_msgs/msg/detail/vehicle_constraints__rosidl_typesupport_introspection_c.h\n'}
[0.473051] (px4_msgs) StdoutLine: {'line': b'-- Up-to-date symlink: /home/lee/workspace/ros2_ex_mav/install/px4_msgs/include/px4_msgs/px4_msgs/msg/detail/vehicle_control_mode__rosidl_typesupport_introspection_c.h\n'}
[0.473071] (px4_msgs) StdoutLine: {'line': b'-- Up-to-date symlink: /home/lee/workspace/ros2_ex_mav/install/px4_msgs/include/px4_msgs/px4_msgs/msg/detail/vehicle_global_position__rosidl_typesupport_introspection_c.h\n'}
[0.473103] (px4_msgs) StdoutLine: {'line': b'-- Up-to-date symlink: /home/lee/workspace/ros2_ex_mav/install/px4_msgs/include/px4_msgs/px4_msgs/msg/detail/vehicle_imu__rosidl_typesupport_introspection_c.h\n'}
[0.473129] (px4_msgs) StdoutLine: {'line': b'-- Up-to-date symlink: /home/lee/workspace/ros2_ex_mav/install/px4_msgs/include/px4_msgs/px4_msgs/msg/detail/vehicle_imu_status__rosidl_typesupport_introspection_c.h\n'}
[0.473158] (px4_msgs) StdoutLine: {'line': b'-- Up-to-date symlink: /home/lee/workspace/ros2_ex_mav/install/px4_msgs/include/px4_msgs/px4_msgs/msg/detail/vehicle_land_detected__rosidl_typesupport_introspection_c.h\n'}
[0.473177] (px4_msgs) StdoutLine: {'line': b'-- Up-to-date symlink: /home/lee/workspace/ros2_ex_mav/install/px4_msgs/include/px4_msgs/px4_msgs/msg/detail/vehicle_local_position__rosidl_typesupport_introspection_c.h\n'}
[0.473197] (px4_msgs) StdoutLine: {'line': b'-- Up-to-date symlink: /home/lee/workspace/ros2_ex_mav/install/px4_msgs/include/px4_msgs/px4_msgs/msg/detail/vehicle_local_position_setpoint__rosidl_typesupport_introspection_c.h\n'}
[0.473217] (px4_msgs) StdoutLine: {'line': b'-- Up-to-date symlink: /home/lee/workspace/ros2_ex_mav/install/px4_msgs/include/px4_msgs/px4_msgs/msg/detail/vehicle_magnetometer__rosidl_typesupport_introspection_c.h\n'}
[0.473236] (px4_msgs) StdoutLine: {'line': b'-- Up-to-date symlink: /home/lee/workspace/ros2_ex_mav/install/px4_msgs/include/px4_msgs/px4_msgs/msg/detail/vehicle_odometry__rosidl_typesupport_introspection_c.h\n'}
[0.473256] (px4_msgs) StdoutLine: {'line': b'-- Up-to-date symlink: /home/lee/workspace/ros2_ex_mav/install/px4_msgs/include/px4_msgs/px4_msgs/msg/detail/vehicle_optical_flow__rosidl_typesupport_introspection_c.h\n'}
[0.473290] (px4_msgs) StdoutLine: {'line': b'-- Up-to-date symlink: /home/lee/workspace/ros2_ex_mav/install/px4_msgs/include/px4_msgs/px4_msgs/msg/detail/vehicle_optical_flow_vel__rosidl_typesupport_introspection_c.h\n'}
[0.473315] (px4_msgs) StdoutLine: {'line': b'-- Up-to-date symlink: /home/lee/workspace/ros2_ex_mav/install/px4_msgs/include/px4_msgs/px4_msgs/msg/detail/vehicle_rates_setpoint__rosidl_typesupport_introspection_c.h\n'}
[0.473344] (px4_msgs) StdoutLine: {'line': b'-- Up-to-date symlink: /home/lee/workspace/ros2_ex_mav/install/px4_msgs/include/px4_msgs/px4_msgs/msg/detail/vehicle_roi__rosidl_typesupport_introspection_c.h\n'}
[0.473363] (px4_msgs) StdoutLine: {'line': b'-- Up-to-date symlink: /home/lee/workspace/ros2_ex_mav/install/px4_msgs/include/px4_msgs/px4_msgs/msg/detail/vehicle_status__rosidl_typesupport_introspection_c.h\n'}
[0.473383] (px4_msgs) StdoutLine: {'line': b'-- Up-to-date symlink: /home/lee/workspace/ros2_ex_mav/install/px4_msgs/include/px4_msgs/px4_msgs/msg/detail/vehicle_thrust_setpoint__rosidl_typesupport_introspection_c.h\n'}
[0.473403] (px4_msgs) StdoutLine: {'line': b'-- Up-to-date symlink: /home/lee/workspace/ros2_ex_mav/install/px4_msgs/include/px4_msgs/px4_msgs/msg/detail/vehicle_torque_setpoint__rosidl_typesupport_introspection_c.h\n'}
[0.473433] (px4_msgs) StdoutLine: {'line': b'-- Up-to-date symlink: /home/lee/workspace/ros2_ex_mav/install/px4_msgs/include/px4_msgs/px4_msgs/msg/detail/vehicle_trajectory_bezier__rosidl_typesupport_introspection_c.h\n'}
[0.473472] (px4_msgs) StdoutLine: {'line': b'-- Up-to-date symlink: /home/lee/workspace/ros2_ex_mav/install/px4_msgs/include/px4_msgs/px4_msgs/msg/detail/vehicle_trajectory_waypoint__rosidl_typesupport_introspection_c.h\n'}
[0.473495] (px4_msgs) StdoutLine: {'line': b'-- Up-to-date symlink: /home/lee/workspace/ros2_ex_mav/install/px4_msgs/include/px4_msgs/px4_msgs/msg/detail/vtol_vehicle_status__rosidl_typesupport_introspection_c.h\n'}
[0.473516] (px4_msgs) StdoutLine: {'line': b'-- Up-to-date symlink: /home/lee/workspace/ros2_ex_mav/install/px4_msgs/include/px4_msgs/px4_msgs/msg/detail/wind__rosidl_typesupport_introspection_c.h\n'}
[0.473549] (px4_msgs) StdoutLine: {'line': b'-- Up-to-date symlink: /home/lee/workspace/ros2_ex_mav/install/px4_msgs/include/px4_msgs/px4_msgs/msg/detail/yaw_estimator_status__rosidl_typesupport_introspection_c.h\n'}
[0.473569] (px4_msgs) StdoutLine: {'line': b'-- Up-to-date symlink: /home/lee/workspace/ros2_ex_mav/install/px4_msgs/include/px4_msgs/px4_msgs/msg/rosidl_typesupport_introspection_c__visibility_control.h\n'}
[0.474500] (px4_msgs) StdoutLine: {'line': b'-- Up-to-date symlink: /home/lee/workspace/ros2_ex_mav/install/px4_msgs/include/px4_msgs/px4_msgs/msg/detail/action_request__rosidl_typesupport_introspection_cpp.hpp\n'}
[0.474540] (px4_msgs) StdoutLine: {'line': b'-- Up-to-date symlink: /home/lee/workspace/ros2_ex_mav/install/px4_msgs/include/px4_msgs/px4_msgs/msg/detail/actuator_armed__rosidl_typesupport_introspection_cpp.hpp\n'}
[0.474577] (px4_msgs) StdoutLine: {'line': b'-- Up-to-date symlink: /home/lee/workspace/ros2_ex_mav/install/px4_msgs/include/px4_msgs/px4_msgs/msg/detail/actuator_controls_status__rosidl_typesupport_introspection_cpp.hpp\n'}
[0.474613] (px4_msgs) StdoutLine: {'line': b'-- Up-to-date symlink: /home/lee/workspace/ros2_ex_mav/install/px4_msgs/include/px4_msgs/px4_msgs/msg/detail/actuator_motors__rosidl_typesupport_introspection_cpp.hpp\n'}
[0.474648] (px4_msgs) StdoutLine: {'line': b'-- Up-to-date symlink: /home/lee/workspace/ros2_ex_mav/install/px4_msgs/include/px4_msgs/px4_msgs/msg/detail/actuator_outputs__rosidl_typesupport_introspection_cpp.hpp\n'}
[0.474682] (px4_msgs) StdoutLine: {'line': b'-- Up-to-date symlink: /home/lee/workspace/ros2_ex_mav/install/px4_msgs/include/px4_msgs/px4_msgs/msg/detail/actuator_servos__rosidl_typesupport_introspection_cpp.hpp\n'}
[0.474716] (px4_msgs) StdoutLine: {'line': b'-- Up-to-date symlink: /home/lee/workspace/ros2_ex_mav/install/px4_msgs/include/px4_msgs/px4_msgs/msg/detail/actuator_servos_trim__rosidl_typesupport_introspection_cpp.hpp\n'}
[0.474750] (px4_msgs) StdoutLine: {'line': b'-- Up-to-date symlink: /home/lee/workspace/ros2_ex_mav/install/px4_msgs/include/px4_msgs/px4_msgs/msg/detail/actuator_test__rosidl_typesupport_introspection_cpp.hpp\n'}
[0.474783] (px4_msgs) StdoutLine: {'line': b'-- Up-to-date symlink: /home/lee/workspace/ros2_ex_mav/install/px4_msgs/include/px4_msgs/px4_msgs/msg/detail/adc_report__rosidl_typesupport_introspection_cpp.hpp\n'}
[0.474816] (px4_msgs) StdoutLine: {'line': b'-- Up-to-date symlink: /home/lee/workspace/ros2_ex_mav/install/px4_msgs/include/px4_msgs/px4_msgs/msg/detail/airspeed__rosidl_typesupport_introspection_cpp.hpp\n'}
[0.474849] (px4_msgs) StdoutLine: {'line': b'-- Up-to-date symlink: /home/lee/workspace/ros2_ex_mav/install/px4_msgs/include/px4_msgs/px4_msgs/msg/detail/airspeed_validated__rosidl_typesupport_introspection_cpp.hpp\n'}
[0.474883] (px4_msgs) StdoutLine: {'line': b'-- Up-to-date symlink: /home/lee/workspace/ros2_ex_mav/install/px4_msgs/include/px4_msgs/px4_msgs/msg/detail/airspeed_wind__rosidl_typesupport_introspection_cpp.hpp\n'}
[0.475163] (px4_msgs) StdoutLine: {'line': b'-- Up-to-date symlink: /home/lee/workspace/ros2_ex_mav/install/px4_msgs/include/px4_msgs/px4_msgs/msg/detail/autotune_attitude_control_status__rosidl_typesupport_introspection_cpp.hpp\n'}
[0.475220] (px4_msgs) StdoutLine: {'line': b'-- Up-to-date symlink: /home/lee/workspace/ros2_ex_mav/install/px4_msgs/include/px4_msgs/px4_msgs/msg/detail/battery_status__rosidl_typesupport_introspection_cpp.hpp\n'}
[0.475246] (px4_msgs) StdoutLine: {'line': b'-- Up-to-date symlink: /home/lee/workspace/ros2_ex_mav/install/px4_msgs/include/px4_msgs/px4_msgs/msg/detail/button_event__rosidl_typesupport_introspection_cpp.hpp\n'}
[0.475268] (px4_msgs) StdoutLine: {'line': b'-- Up-to-date symlink: /home/lee/workspace/ros2_ex_mav/install/px4_msgs/include/px4_msgs/px4_msgs/msg/detail/camera_capture__rosidl_typesupport_introspection_cpp.hpp\n'}
[0.475288] (px4_msgs) StdoutLine: {'line': b'-- Up-to-date symlink: /home/lee/workspace/ros2_ex_mav/install/px4_msgs/include/px4_msgs/px4_msgs/msg/detail/camera_status__rosidl_typesupport_introspection_cpp.hpp\n'}
[0.475325] (px4_msgs) StdoutLine: {'line': b'-- Up-to-date symlink: /home/lee/workspace/ros2_ex_mav/install/px4_msgs/include/px4_msgs/px4_msgs/msg/detail/camera_trigger__rosidl_typesupport_introspection_cpp.hpp\n'}
[0.475346] (px4_msgs) StdoutLine: {'line': b'-- Up-to-date symlink: /home/lee/workspace/ros2_ex_mav/install/px4_msgs/include/px4_msgs/px4_msgs/msg/detail/cellular_status__rosidl_typesupport_introspection_cpp.hpp\n'}
[0.475365] (px4_msgs) StdoutLine: {'line': b'-- Up-to-date symlink: /home/lee/workspace/ros2_ex_mav/install/px4_msgs/include/px4_msgs/px4_msgs/msg/detail/collision_constraints__rosidl_typesupport_introspection_cpp.hpp\n'}
[0.475383] (px4_msgs) StdoutLine: {'line': b'-- Up-to-date symlink: /home/lee/workspace/ros2_ex_mav/install/px4_msgs/include/px4_msgs/px4_msgs/msg/detail/collision_report__rosidl_typesupport_introspection_cpp.hpp\n'}
[0.475403] (px4_msgs) StdoutLine: {'line': b'-- Up-to-date symlink: /home/lee/workspace/ros2_ex_mav/install/px4_msgs/include/px4_msgs/px4_msgs/msg/detail/control_allocator_status__rosidl_typesupport_introspection_cpp.hpp\n'}
[0.475421] (px4_msgs) StdoutLine: {'line': b'-- Up-to-date symlink: /home/lee/workspace/ros2_ex_mav/install/px4_msgs/include/px4_msgs/px4_msgs/msg/detail/cpuload__rosidl_typesupport_introspection_cpp.hpp\n'}
[0.475456] (px4_msgs) StdoutLine: {'line': b'-- Up-to-date symlink: /home/lee/workspace/ros2_ex_mav/install/px4_msgs/include/px4_msgs/px4_msgs/msg/detail/debug_array__rosidl_typesupport_introspection_cpp.hpp\n'}
[0.475493] (px4_msgs) StdoutLine: {'line': b'-- Up-to-date symlink: /home/lee/workspace/ros2_ex_mav/install/px4_msgs/include/px4_msgs/px4_msgs/msg/detail/debug_key_value__rosidl_typesupport_introspection_cpp.hpp\n'}
[0.475513] (px4_msgs) StdoutLine: {'line': b'-- Up-to-date symlink: /home/lee/workspace/ros2_ex_mav/install/px4_msgs/include/px4_msgs/px4_msgs/msg/detail/debug_value__rosidl_typesupport_introspection_cpp.hpp\n'}
[0.475542] (px4_msgs) StdoutLine: {'line': b'-- Up-to-date symlink: /home/lee/workspace/ros2_ex_mav/install/px4_msgs/include/px4_msgs/px4_msgs/msg/detail/debug_vect__rosidl_typesupport_introspection_cpp.hpp\n'}
[0.475580] (px4_msgs) StdoutLine: {'line': b'-- Up-to-date symlink: /home/lee/workspace/ros2_ex_mav/install/px4_msgs/include/px4_msgs/px4_msgs/msg/detail/differential_pressure__rosidl_typesupport_introspection_cpp.hpp\n'}
[0.475616] (px4_msgs) StdoutLine: {'line': b'-- Up-to-date symlink: /home/lee/workspace/ros2_ex_mav/install/px4_msgs/include/px4_msgs/px4_msgs/msg/detail/distance_sensor__rosidl_typesupport_introspection_cpp.hpp\n'}
[0.475636] (px4_msgs) StdoutLine: {'line': b'-- Up-to-date symlink: /home/lee/workspace/ros2_ex_mav/install/px4_msgs/include/px4_msgs/px4_msgs/msg/detail/ekf2_timestamps__rosidl_typesupport_introspection_cpp.hpp\n'}
[0.475656] (px4_msgs) StdoutLine: {'line': b'-- Up-to-date symlink: /home/lee/workspace/ros2_ex_mav/install/px4_msgs/include/px4_msgs/px4_msgs/msg/detail/esc_report__rosidl_typesupport_introspection_cpp.hpp\n'}
[0.475699] (px4_msgs) StdoutLine: {'line': b'-- Up-to-date symlink: /home/lee/workspace/ros2_ex_mav/install/px4_msgs/include/px4_msgs/px4_msgs/msg/detail/esc_status__rosidl_typesupport_introspection_cpp.hpp\n'}
[0.475721] (px4_msgs) StdoutLine: {'line': b'-- Up-to-date symlink: /home/lee/workspace/ros2_ex_mav/install/px4_msgs/include/px4_msgs/px4_msgs/msg/detail/estimator_aid_source1d__rosidl_typesupport_introspection_cpp.hpp\n'}
[0.475741] (px4_msgs) StdoutLine: {'line': b'-- Up-to-date symlink: /home/lee/workspace/ros2_ex_mav/install/px4_msgs/include/px4_msgs/px4_msgs/msg/detail/estimator_aid_source2d__rosidl_typesupport_introspection_cpp.hpp\n'}
[0.475761] (px4_msgs) StdoutLine: {'line': b'-- Up-to-date symlink: /home/lee/workspace/ros2_ex_mav/install/px4_msgs/include/px4_msgs/px4_msgs/msg/detail/estimator_aid_source3d__rosidl_typesupport_introspection_cpp.hpp\n'}
[0.475795] (px4_msgs) StdoutLine: {'line': b'-- Up-to-date symlink: /home/lee/workspace/ros2_ex_mav/install/px4_msgs/include/px4_msgs/px4_msgs/msg/detail/estimator_bias3d__rosidl_typesupport_introspection_cpp.hpp\n'}
[0.475816] (px4_msgs) StdoutLine: {'line': b'-- Up-to-date symlink: /home/lee/workspace/ros2_ex_mav/install/px4_msgs/include/px4_msgs/px4_msgs/msg/detail/estimator_bias__rosidl_typesupport_introspection_cpp.hpp\n'}
[0.475835] (px4_msgs) StdoutLine: {'line': b'-- Up-to-date symlink: /home/lee/workspace/ros2_ex_mav/install/px4_msgs/include/px4_msgs/px4_msgs/msg/detail/estimator_event_flags__rosidl_typesupport_introspection_cpp.hpp\n'}
[0.475864] (px4_msgs) StdoutLine: {'line': b'-- Up-to-date symlink: /home/lee/workspace/ros2_ex_mav/install/px4_msgs/include/px4_msgs/px4_msgs/msg/detail/estimator_gps_status__rosidl_typesupport_introspection_cpp.hpp\n'}
[0.475894] (px4_msgs) StdoutLine: {'line': b'-- Up-to-date symlink: /home/lee/workspace/ros2_ex_mav/install/px4_msgs/include/px4_msgs/px4_msgs/msg/detail/estimator_innovations__rosidl_typesupport_introspection_cpp.hpp\n'}
[0.475915] (px4_msgs) StdoutLine: {'line': b'-- Up-to-date symlink: /home/lee/workspace/ros2_ex_mav/install/px4_msgs/include/px4_msgs/px4_msgs/msg/detail/estimator_selector_status__rosidl_typesupport_introspection_cpp.hpp\n'}
[0.475947] (px4_msgs) StdoutLine: {'line': b'-- Up-to-date symlink: /home/lee/workspace/ros2_ex_mav/install/px4_msgs/include/px4_msgs/px4_msgs/msg/detail/estimator_sensor_bias__rosidl_typesupport_introspection_cpp.hpp\n'}
[0.475966] (px4_msgs) StdoutLine: {'line': b'-- Up-to-date symlink: /home/lee/workspace/ros2_ex_mav/install/px4_msgs/include/px4_msgs/px4_msgs/msg/detail/estimator_states__rosidl_typesupport_introspection_cpp.hpp\n'}
[0.475994] (px4_msgs) StdoutLine: {'line': b'-- Up-to-date symlink: /home/lee/workspace/ros2_ex_mav/install/px4_msgs/include/px4_msgs/px4_msgs/msg/detail/estimator_status__rosidl_typesupport_introspection_cpp.hpp\n'}
[0.476021] (px4_msgs) StdoutLine: {'line': b'-- Up-to-date symlink: /home/lee/workspace/ros2_ex_mav/install/px4_msgs/include/px4_msgs/px4_msgs/msg/detail/estimator_status_flags__rosidl_typesupport_introspection_cpp.hpp\n'}
[0.476048] (px4_msgs) StdoutLine: {'line': b'-- Up-to-date symlink: /home/lee/workspace/ros2_ex_mav/install/px4_msgs/include/px4_msgs/px4_msgs/msg/detail/event__rosidl_typesupport_introspection_cpp.hpp\n'}
[0.476076] (px4_msgs) StdoutLine: {'line': b'-- Up-to-date symlink: /home/lee/workspace/ros2_ex_mav/install/px4_msgs/include/px4_msgs/px4_msgs/msg/detail/failsafe_flags__rosidl_typesupport_introspection_cpp.hpp\n'}
[0.476135] (px4_msgs) StdoutLine: {'line': b'-- Up-to-date symlink: /home/lee/workspace/ros2_ex_mav/install/px4_msgs/include/px4_msgs/px4_msgs/msg/detail/failure_detector_status__rosidl_typesupport_introspection_cpp.hpp\n'}
[0.476156] (px4_msgs) StdoutLine: {'line': b'-- Up-to-date symlink: /home/lee/workspace/ros2_ex_mav/install/px4_msgs/include/px4_msgs/px4_msgs/msg/detail/follow_target__rosidl_typesupport_introspection_cpp.hpp\n'}
[0.476185] (px4_msgs) StdoutLine: {'line': b'-- Up-to-date symlink: /home/lee/workspace/ros2_ex_mav/install/px4_msgs/include/px4_msgs/px4_msgs/msg/detail/follow_target_estimator__rosidl_typesupport_introspection_cpp.hpp\n'}
[0.476212] (px4_msgs) StdoutLine: {'line': b'-- Up-to-date symlink: /home/lee/workspace/ros2_ex_mav/install/px4_msgs/include/px4_msgs/px4_msgs/msg/detail/follow_target_status__rosidl_typesupport_introspection_cpp.hpp\n'}
[0.476279] (px4_msgs) StdoutLine: {'line': b'-- Up-to-date symlink: /home/lee/workspace/ros2_ex_mav/install/px4_msgs/include/px4_msgs/px4_msgs/msg/detail/generator_status__rosidl_typesupport_introspection_cpp.hpp\n'}
[0.476300] (px4_msgs) StdoutLine: {'line': b'-- Up-to-date symlink: /home/lee/workspace/ros2_ex_mav/install/px4_msgs/include/px4_msgs/px4_msgs/msg/detail/geofence_result__rosidl_typesupport_introspection_cpp.hpp\n'}
[0.476331] (px4_msgs) StdoutLine: {'line': b'-- Up-to-date symlink: /home/lee/workspace/ros2_ex_mav/install/px4_msgs/include/px4_msgs/px4_msgs/msg/detail/gimbal_controls__rosidl_typesupport_introspection_cpp.hpp\n'}
[0.476360] (px4_msgs) StdoutLine: {'line': b'-- Up-to-date symlink: /home/lee/workspace/ros2_ex_mav/install/px4_msgs/include/px4_msgs/px4_msgs/msg/detail/gimbal_device_attitude_status__rosidl_typesupport_introspection_cpp.hpp\n'}
[0.476389] (px4_msgs) StdoutLine: {'line': b'-- Up-to-date symlink: /home/lee/workspace/ros2_ex_mav/install/px4_msgs/include/px4_msgs/px4_msgs/msg/detail/gimbal_device_information__rosidl_typesupport_introspection_cpp.hpp\n'}
[0.476416] (px4_msgs) StdoutLine: {'line': b'-- Up-to-date symlink: /home/lee/workspace/ros2_ex_mav/install/px4_msgs/include/px4_msgs/px4_msgs/msg/detail/gimbal_device_set_attitude__rosidl_typesupport_introspection_cpp.hpp\n'}
[0.476444] (px4_msgs) StdoutLine: {'line': b'-- Up-to-date symlink: /home/lee/workspace/ros2_ex_mav/install/px4_msgs/include/px4_msgs/px4_msgs/msg/detail/gimbal_manager_information__rosidl_typesupport_introspection_cpp.hpp\n'}
[0.476471] (px4_msgs) StdoutLine: {'line': b'-- Up-to-date symlink: /home/lee/workspace/ros2_ex_mav/install/px4_msgs/include/px4_msgs/px4_msgs/msg/detail/gimbal_manager_set_attitude__rosidl_typesupport_introspection_cpp.hpp\n'}
[0.476505] (px4_msgs) StdoutLine: {'line': b'-- Up-to-date symlink: /home/lee/workspace/ros2_ex_mav/install/px4_msgs/include/px4_msgs/px4_msgs/msg/detail/gimbal_manager_set_manual_control__rosidl_typesupport_introspection_cpp.hpp\n'}
[0.476539] (px4_msgs) StdoutLine: {'line': b'-- Up-to-date symlink: /home/lee/workspace/ros2_ex_mav/install/px4_msgs/include/px4_msgs/px4_msgs/msg/detail/gimbal_manager_status__rosidl_typesupport_introspection_cpp.hpp\n'}
[0.476573] (px4_msgs) StdoutLine: {'line': b'-- Up-to-date symlink: /home/lee/workspace/ros2_ex_mav/install/px4_msgs/include/px4_msgs/px4_msgs/msg/detail/gps_dump__rosidl_typesupport_introspection_cpp.hpp\n'}
[0.476605] (px4_msgs) StdoutLine: {'line': b'-- Up-to-date symlink: /home/lee/workspace/ros2_ex_mav/install/px4_msgs/include/px4_msgs/px4_msgs/msg/detail/gps_inject_data__rosidl_typesupport_introspection_cpp.hpp\n'}
[0.476638] (px4_msgs) StdoutLine: {'line': b'-- Up-to-date symlink: /home/lee/workspace/ros2_ex_mav/install/px4_msgs/include/px4_msgs/px4_msgs/msg/detail/gripper__rosidl_typesupport_introspection_cpp.hpp\n'}
[0.476695] (px4_msgs) StdoutLine: {'line': b'-- Up-to-date symlink: /home/lee/workspace/ros2_ex_mav/install/px4_msgs/include/px4_msgs/px4_msgs/msg/detail/health_report__rosidl_typesupport_introspection_cpp.hpp\n'}
[0.476767] (px4_msgs) StdoutLine: {'line': b'-- Up-to-date symlink: /home/lee/workspace/ros2_ex_mav/install/px4_msgs/include/px4_msgs/px4_msgs/msg/detail/heater_status__rosidl_typesupport_introspection_cpp.hpp\n'}
[0.476797] (px4_msgs) StdoutLine: {'line': b'-- Up-to-date symlink: /home/lee/workspace/ros2_ex_mav/install/px4_msgs/include/px4_msgs/px4_msgs/msg/detail/home_position__rosidl_typesupport_introspection_cpp.hpp\n'}
[0.476826] (px4_msgs) StdoutLine: {'line': b'-- Up-to-date symlink: /home/lee/workspace/ros2_ex_mav/install/px4_msgs/include/px4_msgs/px4_msgs/msg/detail/hover_thrust_estimate__rosidl_typesupport_introspection_cpp.hpp\n'}
[0.476860] (px4_msgs) StdoutLine: {'line': b'-- Up-to-date symlink: /home/lee/workspace/ros2_ex_mav/install/px4_msgs/include/px4_msgs/px4_msgs/msg/detail/input_rc__rosidl_typesupport_introspection_cpp.hpp\n'}
[0.476881] (px4_msgs) StdoutLine: {'line': b'-- Up-to-date symlink: /home/lee/workspace/ros2_ex_mav/install/px4_msgs/include/px4_msgs/px4_msgs/msg/detail/internal_combustion_engine_status__rosidl_typesupport_introspection_cpp.hpp\n'}
[0.476913] (px4_msgs) StdoutLine: {'line': b'-- Up-to-date symlink: /home/lee/workspace/ros2_ex_mav/install/px4_msgs/include/px4_msgs/px4_msgs/msg/detail/iridiumsbd_status__rosidl_typesupport_introspection_cpp.hpp\n'}
[0.476932] (px4_msgs) StdoutLine: {'line': b'-- Up-to-date symlink: /home/lee/workspace/ros2_ex_mav/install/px4_msgs/include/px4_msgs/px4_msgs/msg/detail/irlock_report__rosidl_typesupport_introspection_cpp.hpp\n'}
[0.476961] (px4_msgs) StdoutLine: {'line': b'-- Up-to-date symlink: /home/lee/workspace/ros2_ex_mav/install/px4_msgs/include/px4_msgs/px4_msgs/msg/detail/landing_gear__rosidl_typesupport_introspection_cpp.hpp\n'}
[0.476987] (px4_msgs) StdoutLine: {'line': b'-- Up-to-date symlink: /home/lee/workspace/ros2_ex_mav/install/px4_msgs/include/px4_msgs/px4_msgs/msg/detail/landing_gear_wheel__rosidl_typesupport_introspection_cpp.hpp\n'}
[0.477016] (px4_msgs) StdoutLine: {'line': b'-- Up-to-date symlink: /home/lee/workspace/ros2_ex_mav/install/px4_msgs/include/px4_msgs/px4_msgs/msg/detail/landing_target_innovations__rosidl_typesupport_introspection_cpp.hpp\n'}
[0.477045] (px4_msgs) StdoutLine: {'line': b'-- Up-to-date symlink: /home/lee/workspace/ros2_ex_mav/install/px4_msgs/include/px4_msgs/px4_msgs/msg/detail/landing_target_pose__rosidl_typesupport_introspection_cpp.hpp\n'}
[0.477072] (px4_msgs) StdoutLine: {'line': b'-- Up-to-date symlink: /home/lee/workspace/ros2_ex_mav/install/px4_msgs/include/px4_msgs/px4_msgs/msg/detail/launch_detection_status__rosidl_typesupport_introspection_cpp.hpp\n'}
[0.477103] (px4_msgs) StdoutLine: {'line': b'-- Up-to-date symlink: /home/lee/workspace/ros2_ex_mav/install/px4_msgs/include/px4_msgs/px4_msgs/msg/detail/led_control__rosidl_typesupport_introspection_cpp.hpp\n'}
[0.477136] (px4_msgs) StdoutLine: {'line': b'-- Up-to-date symlink: /home/lee/workspace/ros2_ex_mav/install/px4_msgs/include/px4_msgs/px4_msgs/msg/detail/log_message__rosidl_typesupport_introspection_cpp.hpp\n'}
[0.477169] (px4_msgs) StdoutLine: {'line': b'-- Up-to-date symlink: /home/lee/workspace/ros2_ex_mav/install/px4_msgs/include/px4_msgs/px4_msgs/msg/detail/logger_status__rosidl_typesupport_introspection_cpp.hpp\n'}
[0.477201] (px4_msgs) StdoutLine: {'line': b'-- Up-to-date symlink: /home/lee/workspace/ros2_ex_mav/install/px4_msgs/include/px4_msgs/px4_msgs/msg/detail/mag_worker_data__rosidl_typesupport_introspection_cpp.hpp\n'}
[0.477234] (px4_msgs) StdoutLine: {'line': b'-- Up-to-date symlink: /home/lee/workspace/ros2_ex_mav/install/px4_msgs/include/px4_msgs/px4_msgs/msg/detail/magnetometer_bias_estimate__rosidl_typesupport_introspection_cpp.hpp\n'}
[0.477267] (px4_msgs) StdoutLine: {'line': b'-- Up-to-date symlink: /home/lee/workspace/ros2_ex_mav/install/px4_msgs/include/px4_msgs/px4_msgs/msg/detail/manual_control_setpoint__rosidl_typesupport_introspection_cpp.hpp\n'}
[0.477301] (px4_msgs) StdoutLine: {'line': b'-- Up-to-date symlink: /home/lee/workspace/ros2_ex_mav/install/px4_msgs/include/px4_msgs/px4_msgs/msg/detail/manual_control_switches__rosidl_typesupport_introspection_cpp.hpp\n'}
[0.477359] (px4_msgs) StdoutLine: {'line': b'-- Up-to-date symlink: /home/lee/workspace/ros2_ex_mav/install/px4_msgs/include/px4_msgs/px4_msgs/msg/detail/mavlink_log__rosidl_typesupport_introspection_cpp.hpp\n'}
[0.477403] (px4_msgs) StdoutLine: {'line': b'-- Up-to-date symlink: /home/lee/workspace/ros2_ex_mav/install/px4_msgs/include/px4_msgs/px4_msgs/msg/detail/mavlink_tunnel__rosidl_typesupport_introspection_cpp.hpp\n'}
[0.477439] (px4_msgs) StdoutLine: {'line': b'-- Up-to-date symlink: /home/lee/workspace/ros2_ex_mav/install/px4_msgs/include/px4_msgs/px4_msgs/msg/detail/mission__rosidl_typesupport_introspection_cpp.hpp\n'}
[0.477460] (px4_msgs) StdoutLine: {'line': b'-- Up-to-date symlink: /home/lee/workspace/ros2_ex_mav/install/px4_msgs/include/px4_msgs/px4_msgs/msg/detail/mission_result__rosidl_typesupport_introspection_cpp.hpp\n'}
[0.477488] (px4_msgs) StdoutLine: {'line': b'-- Up-to-date symlink: /home/lee/workspace/ros2_ex_mav/install/px4_msgs/include/px4_msgs/px4_msgs/msg/detail/mode_completed__rosidl_typesupport_introspection_cpp.hpp\n'}
[0.477518] (px4_msgs) StdoutLine: {'line': b'-- Up-to-date symlink: /home/lee/workspace/ros2_ex_mav/install/px4_msgs/include/px4_msgs/px4_msgs/msg/detail/mount_orientation__rosidl_typesupport_introspection_cpp.hpp\n'}
[0.477559] (px4_msgs) StdoutLine: {'line': b'-- Up-to-date symlink: /home/lee/workspace/ros2_ex_mav/install/px4_msgs/include/px4_msgs/px4_msgs/msg/detail/navigator_mission_item__rosidl_typesupport_introspection_cpp.hpp\n'}
[0.477605] (px4_msgs) StdoutLine: {'line': b'-- Up-to-date symlink: /home/lee/workspace/ros2_ex_mav/install/px4_msgs/include/px4_msgs/px4_msgs/msg/detail/normalized_unsigned_setpoint__rosidl_typesupport_introspection_cpp.hpp\n'}
[0.477646] (px4_msgs) StdoutLine: {'line': b'-- Up-to-date symlink: /home/lee/workspace/ros2_ex_mav/install/px4_msgs/include/px4_msgs/px4_msgs/msg/detail/npfg_status__rosidl_typesupport_introspection_cpp.hpp\n'}
[0.477682] (px4_msgs) StdoutLine: {'line': b'-- Up-to-date symlink: /home/lee/workspace/ros2_ex_mav/install/px4_msgs/include/px4_msgs/px4_msgs/msg/detail/obstacle_distance__rosidl_typesupport_introspection_cpp.hpp\n'}
[0.477703] (px4_msgs) StdoutLine: {'line': b'-- Up-to-date symlink: /home/lee/workspace/ros2_ex_mav/install/px4_msgs/include/px4_msgs/px4_msgs/msg/detail/offboard_control_mode__rosidl_typesupport_introspection_cpp.hpp\n'}
[0.477734] (px4_msgs) StdoutLine: {'line': b'-- Up-to-date symlink: /home/lee/workspace/ros2_ex_mav/install/px4_msgs/include/px4_msgs/px4_msgs/msg/detail/onboard_computer_status__rosidl_typesupport_introspection_cpp.hpp\n'}
[0.477757] (px4_msgs) StdoutLine: {'line': b'-- Up-to-date symlink: /home/lee/workspace/ros2_ex_mav/install/px4_msgs/include/px4_msgs/px4_msgs/msg/detail/orb_test__rosidl_typesupport_introspection_cpp.hpp\n'}
[0.477786] (px4_msgs) StdoutLine: {'line': b'-- Up-to-date symlink: /home/lee/workspace/ros2_ex_mav/install/px4_msgs/include/px4_msgs/px4_msgs/msg/detail/orb_test_large__rosidl_typesupport_introspection_cpp.hpp\n'}
[0.477811] (px4_msgs) StdoutLine: {'line': b'-- Up-to-date symlink: /home/lee/workspace/ros2_ex_mav/install/px4_msgs/include/px4_msgs/px4_msgs/msg/detail/orb_test_medium__rosidl_typesupport_introspection_cpp.hpp\n'}
[0.477836] (px4_msgs) StdoutLine: {'line': b'-- Up-to-date symlink: /home/lee/workspace/ros2_ex_mav/install/px4_msgs/include/px4_msgs/px4_msgs/msg/detail/orbit_status__rosidl_typesupport_introspection_cpp.hpp\n'}
[0.477863] (px4_msgs) StdoutLine: {'line': b'-- Up-to-date symlink: /home/lee/workspace/ros2_ex_mav/install/px4_msgs/include/px4_msgs/px4_msgs/msg/detail/parameter_update__rosidl_typesupport_introspection_cpp.hpp\n'}
[0.477891] (px4_msgs) StdoutLine: {'line': b'-- Up-to-date symlink: /home/lee/workspace/ros2_ex_mav/install/px4_msgs/include/px4_msgs/px4_msgs/msg/detail/ping__rosidl_typesupport_introspection_cpp.hpp\n'}
[0.477924] (px4_msgs) StdoutLine: {'line': b'-- Up-to-date symlink: /home/lee/workspace/ros2_ex_mav/install/px4_msgs/include/px4_msgs/px4_msgs/msg/detail/position_controller_landing_status__rosidl_typesupport_introspection_cpp.hpp\n'}
[0.477957] (px4_msgs) StdoutLine: {'line': b'-- Up-to-date symlink: /home/lee/workspace/ros2_ex_mav/install/px4_msgs/include/px4_msgs/px4_msgs/msg/detail/position_controller_status__rosidl_typesupport_introspection_cpp.hpp\n'}
[0.477990] (px4_msgs) StdoutLine: {'line': b'-- Up-to-date symlink: /home/lee/workspace/ros2_ex_mav/install/px4_msgs/include/px4_msgs/px4_msgs/msg/detail/position_setpoint__rosidl_typesupport_introspection_cpp.hpp\n'}
[0.478022] (px4_msgs) StdoutLine: {'line': b'-- Up-to-date symlink: /home/lee/workspace/ros2_ex_mav/install/px4_msgs/include/px4_msgs/px4_msgs/msg/detail/position_setpoint_triplet__rosidl_typesupport_introspection_cpp.hpp\n'}
[0.478055] (px4_msgs) StdoutLine: {'line': b'-- Up-to-date symlink: /home/lee/workspace/ros2_ex_mav/install/px4_msgs/include/px4_msgs/px4_msgs/msg/detail/power_button_state__rosidl_typesupport_introspection_cpp.hpp\n'}
[0.478088] (px4_msgs) StdoutLine: {'line': b'-- Up-to-date symlink: /home/lee/workspace/ros2_ex_mav/install/px4_msgs/include/px4_msgs/px4_msgs/msg/detail/power_monitor__rosidl_typesupport_introspection_cpp.hpp\n'}
[0.478120] (px4_msgs) StdoutLine: {'line': b'-- Up-to-date symlink: /home/lee/workspace/ros2_ex_mav/install/px4_msgs/include/px4_msgs/px4_msgs/msg/detail/pps_capture__rosidl_typesupport_introspection_cpp.hpp\n'}
[0.478152] (px4_msgs) StdoutLine: {'line': b'-- Up-to-date symlink: /home/lee/workspace/ros2_ex_mav/install/px4_msgs/include/px4_msgs/px4_msgs/msg/detail/pwm_input__rosidl_typesupport_introspection_cpp.hpp\n'}
[0.478185] (px4_msgs) StdoutLine: {'line': b'-- Up-to-date symlink: /home/lee/workspace/ros2_ex_mav/install/px4_msgs/include/px4_msgs/px4_msgs/msg/detail/px4io_status__rosidl_typesupport_introspection_cpp.hpp\n'}
[0.478218] (px4_msgs) StdoutLine: {'line': b'-- Up-to-date symlink: /home/lee/workspace/ros2_ex_mav/install/px4_msgs/include/px4_msgs/px4_msgs/msg/detail/qshell_req__rosidl_typesupport_introspection_cpp.hpp\n'}
[0.478250] (px4_msgs) StdoutLine: {'line': b'-- Up-to-date symlink: /home/lee/workspace/ros2_ex_mav/install/px4_msgs/include/px4_msgs/px4_msgs/msg/detail/qshell_retval__rosidl_typesupport_introspection_cpp.hpp\n'}
[0.478282] (px4_msgs) StdoutLine: {'line': b'-- Up-to-date symlink: /home/lee/workspace/ros2_ex_mav/install/px4_msgs/include/px4_msgs/px4_msgs/msg/detail/radio_status__rosidl_typesupport_introspection_cpp.hpp\n'}
[0.478316] (px4_msgs) StdoutLine: {'line': b'-- Up-to-date symlink: /home/lee/workspace/ros2_ex_mav/install/px4_msgs/include/px4_msgs/px4_msgs/msg/detail/rate_ctrl_status__rosidl_typesupport_introspection_cpp.hpp\n'}
[0.478350] (px4_msgs) StdoutLine: {'line': b'-- Up-to-date symlink: /home/lee/workspace/ros2_ex_mav/install/px4_msgs/include/px4_msgs/px4_msgs/msg/detail/rc_channels__rosidl_typesupport_introspection_cpp.hpp\n'}
[0.478382] (px4_msgs) StdoutLine: {'line': b'-- Up-to-date symlink: /home/lee/workspace/ros2_ex_mav/install/px4_msgs/include/px4_msgs/px4_msgs/msg/detail/rc_parameter_map__rosidl_typesupport_introspection_cpp.hpp\n'}
[0.478414] (px4_msgs) StdoutLine: {'line': b'-- Up-to-date symlink: /home/lee/workspace/ros2_ex_mav/install/px4_msgs/include/px4_msgs/px4_msgs/msg/detail/rpm__rosidl_typesupport_introspection_cpp.hpp\n'}
[0.478447] (px4_msgs) StdoutLine: {'line': b'-- Up-to-date symlink: /home/lee/workspace/ros2_ex_mav/install/px4_msgs/include/px4_msgs/px4_msgs/msg/detail/rtl_time_estimate__rosidl_typesupport_introspection_cpp.hpp\n'}
[0.478479] (px4_msgs) StdoutLine: {'line': b'-- Up-to-date symlink: /home/lee/workspace/ros2_ex_mav/install/px4_msgs/include/px4_msgs/px4_msgs/msg/detail/satellite_info__rosidl_typesupport_introspection_cpp.hpp\n'}
[0.478510] (px4_msgs) StdoutLine: {'line': b'-- Up-to-date symlink: /home/lee/workspace/ros2_ex_mav/install/px4_msgs/include/px4_msgs/px4_msgs/msg/detail/sensor_accel__rosidl_typesupport_introspection_cpp.hpp\n'}
[0.478544] (px4_msgs) StdoutLine: {'line': b'-- Up-to-date symlink: /home/lee/workspace/ros2_ex_mav/install/px4_msgs/include/px4_msgs/px4_msgs/msg/detail/sensor_accel_fifo__rosidl_typesupport_introspection_cpp.hpp\n'}
[0.478575] (px4_msgs) StdoutLine: {'line': b'-- Up-to-date symlink: /home/lee/workspace/ros2_ex_mav/install/px4_msgs/include/px4_msgs/px4_msgs/msg/detail/sensor_baro__rosidl_typesupport_introspection_cpp.hpp\n'}
[0.478606] (px4_msgs) StdoutLine: {'line': b'-- Up-to-date symlink: /home/lee/workspace/ros2_ex_mav/install/px4_msgs/include/px4_msgs/px4_msgs/msg/detail/sensor_combined__rosidl_typesupport_introspection_cpp.hpp\n'}
[0.478637] (px4_msgs) StdoutLine: {'line': b'-- Up-to-date symlink: /home/lee/workspace/ros2_ex_mav/install/px4_msgs/include/px4_msgs/px4_msgs/msg/detail/sensor_correction__rosidl_typesupport_introspection_cpp.hpp\n'}
[0.478669] (px4_msgs) StdoutLine: {'line': b'-- Up-to-date symlink: /home/lee/workspace/ros2_ex_mav/install/px4_msgs/include/px4_msgs/px4_msgs/msg/detail/sensor_gnss_relative__rosidl_typesupport_introspection_cpp.hpp\n'}
[0.478700] (px4_msgs) StdoutLine: {'line': b'-- Up-to-date symlink: /home/lee/workspace/ros2_ex_mav/install/px4_msgs/include/px4_msgs/px4_msgs/msg/detail/sensor_gps__rosidl_typesupport_introspection_cpp.hpp\n'}
[0.478731] (px4_msgs) StdoutLine: {'line': b'-- Up-to-date symlink: /home/lee/workspace/ros2_ex_mav/install/px4_msgs/include/px4_msgs/px4_msgs/msg/detail/sensor_gyro__rosidl_typesupport_introspection_cpp.hpp\n'}
[0.478763] (px4_msgs) StdoutLine: {'line': b'-- Up-to-date symlink: /home/lee/workspace/ros2_ex_mav/install/px4_msgs/include/px4_msgs/px4_msgs/msg/detail/sensor_gyro_fft__rosidl_typesupport_introspection_cpp.hpp\n'}
[0.478794] (px4_msgs) StdoutLine: {'line': b'-- Up-to-date symlink: /home/lee/workspace/ros2_ex_mav/install/px4_msgs/include/px4_msgs/px4_msgs/msg/detail/sensor_gyro_fifo__rosidl_typesupport_introspection_cpp.hpp\n'}
[0.478826] (px4_msgs) StdoutLine: {'line': b'-- Up-to-date symlink: /home/lee/workspace/ros2_ex_mav/install/px4_msgs/include/px4_msgs/px4_msgs/msg/detail/sensor_hygrometer__rosidl_typesupport_introspection_cpp.hpp\n'}
[0.478857] (px4_msgs) StdoutLine: {'line': b'-- Up-to-date symlink: /home/lee/workspace/ros2_ex_mav/install/px4_msgs/include/px4_msgs/px4_msgs/msg/detail/sensor_mag__rosidl_typesupport_introspection_cpp.hpp\n'}
[0.478889] (px4_msgs) StdoutLine: {'line': b'-- Up-to-date symlink: /home/lee/workspace/ros2_ex_mav/install/px4_msgs/include/px4_msgs/px4_msgs/msg/detail/sensor_optical_flow__rosidl_typesupport_introspection_cpp.hpp\n'}
[0.478920] (px4_msgs) StdoutLine: {'line': b'-- Up-to-date symlink: /home/lee/workspace/ros2_ex_mav/install/px4_msgs/include/px4_msgs/px4_msgs/msg/detail/sensor_preflight_mag__rosidl_typesupport_introspection_cpp.hpp\n'}
[0.478951] (px4_msgs) StdoutLine: {'line': b'-- Up-to-date symlink: /home/lee/workspace/ros2_ex_mav/install/px4_msgs/include/px4_msgs/px4_msgs/msg/detail/sensor_selection__rosidl_typesupport_introspection_cpp.hpp\n'}
[0.478983] (px4_msgs) StdoutLine: {'line': b'-- Up-to-date symlink: /home/lee/workspace/ros2_ex_mav/install/px4_msgs/include/px4_msgs/px4_msgs/msg/detail/sensor_uwb__rosidl_typesupport_introspection_cpp.hpp\n'}
[0.479014] (px4_msgs) StdoutLine: {'line': b'-- Up-to-date symlink: /home/lee/workspace/ros2_ex_mav/install/px4_msgs/include/px4_msgs/px4_msgs/msg/detail/sensors_status__rosidl_typesupport_introspection_cpp.hpp\n'}
[0.479045] (px4_msgs) StdoutLine: {'line': b'-- Up-to-date symlink: /home/lee/workspace/ros2_ex_mav/install/px4_msgs/include/px4_msgs/px4_msgs/msg/detail/sensors_status_imu__rosidl_typesupport_introspection_cpp.hpp\n'}
[0.479077] (px4_msgs) StdoutLine: {'line': b'-- Up-to-date symlink: /home/lee/workspace/ros2_ex_mav/install/px4_msgs/include/px4_msgs/px4_msgs/msg/detail/system_power__rosidl_typesupport_introspection_cpp.hpp\n'}
[0.479108] (px4_msgs) StdoutLine: {'line': b'-- Up-to-date symlink: /home/lee/workspace/ros2_ex_mav/install/px4_msgs/include/px4_msgs/px4_msgs/msg/detail/takeoff_status__rosidl_typesupport_introspection_cpp.hpp\n'}
[0.479141] (px4_msgs) StdoutLine: {'line': b'-- Up-to-date symlink: /home/lee/workspace/ros2_ex_mav/install/px4_msgs/include/px4_msgs/px4_msgs/msg/detail/task_stack_info__rosidl_typesupport_introspection_cpp.hpp\n'}
[0.479172] (px4_msgs) StdoutLine: {'line': b'-- Up-to-date symlink: /home/lee/workspace/ros2_ex_mav/install/px4_msgs/include/px4_msgs/px4_msgs/msg/detail/tecs_status__rosidl_typesupport_introspection_cpp.hpp\n'}
[0.479205] (px4_msgs) StdoutLine: {'line': b'-- Up-to-date symlink: /home/lee/workspace/ros2_ex_mav/install/px4_msgs/include/px4_msgs/px4_msgs/msg/detail/telemetry_status__rosidl_typesupport_introspection_cpp.hpp\n'}
[0.479237] (px4_msgs) StdoutLine: {'line': b'-- Up-to-date symlink: /home/lee/workspace/ros2_ex_mav/install/px4_msgs/include/px4_msgs/px4_msgs/msg/detail/tiltrotor_extra_controls__rosidl_typesupport_introspection_cpp.hpp\n'}
[0.479269] (px4_msgs) StdoutLine: {'line': b'-- Up-to-date symlink: /home/lee/workspace/ros2_ex_mav/install/px4_msgs/include/px4_msgs/px4_msgs/msg/detail/timesync_status__rosidl_typesupport_introspection_cpp.hpp\n'}
[0.479301] (px4_msgs) StdoutLine: {'line': b'-- Up-to-date symlink: /home/lee/workspace/ros2_ex_mav/install/px4_msgs/include/px4_msgs/px4_msgs/msg/detail/trajectory_bezier__rosidl_typesupport_introspection_cpp.hpp\n'}
[0.479336] (px4_msgs) StdoutLine: {'line': b'-- Up-to-date symlink: /home/lee/workspace/ros2_ex_mav/install/px4_msgs/include/px4_msgs/px4_msgs/msg/detail/trajectory_setpoint__rosidl_typesupport_introspection_cpp.hpp\n'}
[0.479369] (px4_msgs) StdoutLine: {'line': b'-- Up-to-date symlink: /home/lee/workspace/ros2_ex_mav/install/px4_msgs/include/px4_msgs/px4_msgs/msg/detail/trajectory_waypoint__rosidl_typesupport_introspection_cpp.hpp\n'}
[0.479401] (px4_msgs) StdoutLine: {'line': b'-- Up-to-date symlink: /home/lee/workspace/ros2_ex_mav/install/px4_msgs/include/px4_msgs/px4_msgs/msg/detail/transponder_report__rosidl_typesupport_introspection_cpp.hpp\n'}
[0.479433] (px4_msgs) StdoutLine: {'line': b'-- Up-to-date symlink: /home/lee/workspace/ros2_ex_mav/install/px4_msgs/include/px4_msgs/px4_msgs/msg/detail/tune_control__rosidl_typesupport_introspection_cpp.hpp\n'}
[0.479466] (px4_msgs) StdoutLine: {'line': b'-- Up-to-date symlink: /home/lee/workspace/ros2_ex_mav/install/px4_msgs/include/px4_msgs/px4_msgs/msg/detail/uavcan_parameter_request__rosidl_typesupport_introspection_cpp.hpp\n'}
[0.479498] (px4_msgs) StdoutLine: {'line': b'-- Up-to-date symlink: /home/lee/workspace/ros2_ex_mav/install/px4_msgs/include/px4_msgs/px4_msgs/msg/detail/uavcan_parameter_value__rosidl_typesupport_introspection_cpp.hpp\n'}
[0.479531] (px4_msgs) StdoutLine: {'line': b'-- Up-to-date symlink: /home/lee/workspace/ros2_ex_mav/install/px4_msgs/include/px4_msgs/px4_msgs/msg/detail/ulog_stream__rosidl_typesupport_introspection_cpp.hpp\n'}
[0.479563] (px4_msgs) StdoutLine: {'line': b'-- Up-to-date symlink: /home/lee/workspace/ros2_ex_mav/install/px4_msgs/include/px4_msgs/px4_msgs/msg/detail/ulog_stream_ack__rosidl_typesupport_introspection_cpp.hpp\n'}
[0.479595] (px4_msgs) StdoutLine: {'line': b'-- Up-to-date symlink: /home/lee/workspace/ros2_ex_mav/install/px4_msgs/include/px4_msgs/px4_msgs/msg/detail/vehicle_acceleration__rosidl_typesupport_introspection_cpp.hpp\n'}
[0.479627] (px4_msgs) StdoutLine: {'line': b'-- Up-to-date symlink: /home/lee/workspace/ros2_ex_mav/install/px4_msgs/include/px4_msgs/px4_msgs/msg/detail/vehicle_air_data__rosidl_typesupport_introspection_cpp.hpp\n'}
[0.479660] (px4_msgs) StdoutLine: {'line': b'-- Up-to-date symlink: /home/lee/workspace/ros2_ex_mav/install/px4_msgs/include/px4_msgs/px4_msgs/msg/detail/vehicle_angular_acceleration_setpoint__rosidl_typesupport_introspection_cpp.hpp\n'}
[0.479693] (px4_msgs) StdoutLine: {'line': b'-- Up-to-date symlink: /home/lee/workspace/ros2_ex_mav/install/px4_msgs/include/px4_msgs/px4_msgs/msg/detail/vehicle_angular_velocity__rosidl_typesupport_introspection_cpp.hpp\n'}
[0.479725] (px4_msgs) StdoutLine: {'line': b'-- Up-to-date symlink: /home/lee/workspace/ros2_ex_mav/install/px4_msgs/include/px4_msgs/px4_msgs/msg/detail/vehicle_attitude__rosidl_typesupport_introspection_cpp.hpp\n'}
[0.479758] (px4_msgs) StdoutLine: {'line': b'-- Up-to-date symlink: /home/lee/workspace/ros2_ex_mav/install/px4_msgs/include/px4_msgs/px4_msgs/msg/detail/vehicle_attitude_setpoint__rosidl_typesupport_introspection_cpp.hpp\n'}
[0.479791] (px4_msgs) StdoutLine: {'line': b'-- Up-to-date symlink: /home/lee/workspace/ros2_ex_mav/install/px4_msgs/include/px4_msgs/px4_msgs/msg/detail/vehicle_command__rosidl_typesupport_introspection_cpp.hpp\n'}
[0.479823] (px4_msgs) StdoutLine: {'line': b'-- Up-to-date symlink: /home/lee/workspace/ros2_ex_mav/install/px4_msgs/include/px4_msgs/px4_msgs/msg/detail/vehicle_command_ack__rosidl_typesupport_introspection_cpp.hpp\n'}
[0.479856] (px4_msgs) StdoutLine: {'line': b'-- Up-to-date symlink: /home/lee/workspace/ros2_ex_mav/install/px4_msgs/include/px4_msgs/px4_msgs/msg/detail/vehicle_constraints__rosidl_typesupport_introspection_cpp.hpp\n'}
[0.479888] (px4_msgs) StdoutLine: {'line': b'-- Up-to-date symlink: /home/lee/workspace/ros2_ex_mav/install/px4_msgs/include/px4_msgs/px4_msgs/msg/detail/vehicle_control_mode__rosidl_typesupport_introspection_cpp.hpp\n'}
[0.479922] (px4_msgs) StdoutLine: {'line': b'-- Up-to-date symlink: /home/lee/workspace/ros2_ex_mav/install/px4_msgs/include/px4_msgs/px4_msgs/msg/detail/vehicle_global_position__rosidl_typesupport_introspection_cpp.hpp\n'}
[0.479954] (px4_msgs) StdoutLine: {'line': b'-- Up-to-date symlink: /home/lee/workspace/ros2_ex_mav/install/px4_msgs/include/px4_msgs/px4_msgs/msg/detail/vehicle_imu__rosidl_typesupport_introspection_cpp.hpp\n'}
[0.479986] (px4_msgs) StdoutLine: {'line': b'-- Up-to-date symlink: /home/lee/workspace/ros2_ex_mav/install/px4_msgs/include/px4_msgs/px4_msgs/msg/detail/vehicle_imu_status__rosidl_typesupport_introspection_cpp.hpp\n'}
[0.480019] (px4_msgs) StdoutLine: {'line': b'-- Up-to-date symlink: /home/lee/workspace/ros2_ex_mav/install/px4_msgs/include/px4_msgs/px4_msgs/msg/detail/vehicle_land_detected__rosidl_typesupport_introspection_cpp.hpp\n'}
[0.480051] (px4_msgs) StdoutLine: {'line': b'-- Up-to-date symlink: /home/lee/workspace/ros2_ex_mav/install/px4_msgs/include/px4_msgs/px4_msgs/msg/detail/vehicle_local_position__rosidl_typesupport_introspection_cpp.hpp\n'}
[0.480086] (px4_msgs) StdoutLine: {'line': b'-- Up-to-date symlink: /home/lee/workspace/ros2_ex_mav/install/px4_msgs/include/px4_msgs/px4_msgs/msg/detail/vehicle_local_position_setpoint__rosidl_typesupport_introspection_cpp.hpp\n'}
[0.480118] (px4_msgs) StdoutLine: {'line': b'-- Up-to-date symlink: /home/lee/workspace/ros2_ex_mav/install/px4_msgs/include/px4_msgs/px4_msgs/msg/detail/vehicle_magnetometer__rosidl_typesupport_introspection_cpp.hpp\n'}
[0.480150] (px4_msgs) StdoutLine: {'line': b'-- Up-to-date symlink: /home/lee/workspace/ros2_ex_mav/install/px4_msgs/include/px4_msgs/px4_msgs/msg/detail/vehicle_odometry__rosidl_typesupport_introspection_cpp.hpp\n'}
[0.480182] (px4_msgs) StdoutLine: {'line': b'-- Up-to-date symlink: /home/lee/workspace/ros2_ex_mav/install/px4_msgs/include/px4_msgs/px4_msgs/msg/detail/vehicle_optical_flow__rosidl_typesupport_introspection_cpp.hpp\n'}
[0.480214] (px4_msgs) StdoutLine: {'line': b'-- Up-to-date symlink: /home/lee/workspace/ros2_ex_mav/install/px4_msgs/include/px4_msgs/px4_msgs/msg/detail/vehicle_optical_flow_vel__rosidl_typesupport_introspection_cpp.hpp\n'}
[0.480245] (px4_msgs) StdoutLine: {'line': b'-- Up-to-date symlink: /home/lee/workspace/ros2_ex_mav/install/px4_msgs/include/px4_msgs/px4_msgs/msg/detail/vehicle_rates_setpoint__rosidl_typesupport_introspection_cpp.hpp\n'}
[0.480277] (px4_msgs) StdoutLine: {'line': b'-- Up-to-date symlink: /home/lee/workspace/ros2_ex_mav/install/px4_msgs/include/px4_msgs/px4_msgs/msg/detail/vehicle_roi__rosidl_typesupport_introspection_cpp.hpp\n'}
[0.480311] (px4_msgs) StdoutLine: {'line': b'-- Up-to-date symlink: /home/lee/workspace/ros2_ex_mav/install/px4_msgs/include/px4_msgs/px4_msgs/msg/detail/vehicle_status__rosidl_typesupport_introspection_cpp.hpp\n'}
[0.480344] (px4_msgs) StdoutLine: {'line': b'-- Up-to-date symlink: /home/lee/workspace/ros2_ex_mav/install/px4_msgs/include/px4_msgs/px4_msgs/msg/detail/vehicle_thrust_setpoint__rosidl_typesupport_introspection_cpp.hpp\n'}
[0.480376] (px4_msgs) StdoutLine: {'line': b'-- Up-to-date symlink: /home/lee/workspace/ros2_ex_mav/install/px4_msgs/include/px4_msgs/px4_msgs/msg/detail/vehicle_torque_setpoint__rosidl_typesupport_introspection_cpp.hpp\n'}
[0.480407] (px4_msgs) StdoutLine: {'line': b'-- Up-to-date symlink: /home/lee/workspace/ros2_ex_mav/install/px4_msgs/include/px4_msgs/px4_msgs/msg/detail/vehicle_trajectory_bezier__rosidl_typesupport_introspection_cpp.hpp\n'}
[0.480439] (px4_msgs) StdoutLine: {'line': b'-- Up-to-date symlink: /home/lee/workspace/ros2_ex_mav/install/px4_msgs/include/px4_msgs/px4_msgs/msg/detail/vehicle_trajectory_waypoint__rosidl_typesupport_introspection_cpp.hpp\n'}
[0.480471] (px4_msgs) StdoutLine: {'line': b'-- Up-to-date symlink: /home/lee/workspace/ros2_ex_mav/install/px4_msgs/include/px4_msgs/px4_msgs/msg/detail/vtol_vehicle_status__rosidl_typesupport_introspection_cpp.hpp\n'}
[0.480503] (px4_msgs) StdoutLine: {'line': b'-- Up-to-date symlink: /home/lee/workspace/ros2_ex_mav/install/px4_msgs/include/px4_msgs/px4_msgs/msg/detail/wind__rosidl_typesupport_introspection_cpp.hpp\n'}
[0.480535] (px4_msgs) StdoutLine: {'line': b'-- Up-to-date symlink: /home/lee/workspace/ros2_ex_mav/install/px4_msgs/include/px4_msgs/px4_msgs/msg/detail/yaw_estimator_status__rosidl_typesupport_introspection_cpp.hpp\n'}
[0.480602] (px4_msgs) StdoutLine: {'line': b'-- Up-to-date symlink: /home/lee/workspace/ros2_ex_mav/install/px4_msgs/share/px4_msgs/environment/pythonpath.sh\n'}
[0.480653] (px4_msgs) StdoutLine: {'line': b'-- Up-to-date symlink: /home/lee/workspace/ros2_ex_mav/install/px4_msgs/share/px4_msgs/environment/pythonpath.dsv\n'}
[0.480771] (px4_msgs) StdoutLine: {'line': b'-- Up-to-date symlink: /home/lee/workspace/ros2_ex_mav/install/px4_msgs/local/lib/python3.10/dist-packages/px4_msgs-2.0.1-py3.10.egg-info/PKG-INFO\n'}
[0.480807] (px4_msgs) StdoutLine: {'line': b'-- Up-to-date symlink: /home/lee/workspace/ros2_ex_mav/install/px4_msgs/local/lib/python3.10/dist-packages/px4_msgs-2.0.1-py3.10.egg-info/SOURCES.txt\n'}
[0.480842] (px4_msgs) StdoutLine: {'line': b'-- Up-to-date symlink: /home/lee/workspace/ros2_ex_mav/install/px4_msgs/local/lib/python3.10/dist-packages/px4_msgs-2.0.1-py3.10.egg-info/dependency_links.txt\n'}
[0.480875] (px4_msgs) StdoutLine: {'line': b'-- Up-to-date symlink: /home/lee/workspace/ros2_ex_mav/install/px4_msgs/local/lib/python3.10/dist-packages/px4_msgs-2.0.1-py3.10.egg-info/top_level.txt\n'}
[0.482900] (px4_msgs) StdoutLine: {'line': b'-- Up-to-date symlink: /home/lee/workspace/ros2_ex_mav/install/px4_msgs/local/lib/python3.10/dist-packages/px4_msgs/__init__.py\n'}
[0.482946] (px4_msgs) StdoutLine: {'line': b'-- Up-to-date symlink: /home/lee/workspace/ros2_ex_mav/install/px4_msgs/local/lib/python3.10/dist-packages/px4_msgs/_px4_msgs_s.ep.rosidl_typesupport_c.c\n'}
[0.482979] (px4_msgs) StdoutLine: {'line': b'-- Up-to-date symlink: /home/lee/workspace/ros2_ex_mav/install/px4_msgs/local/lib/python3.10/dist-packages/px4_msgs/_px4_msgs_s.ep.rosidl_typesupport_fastrtps_c.c\n'}
[0.483007] (px4_msgs) StdoutLine: {'line': b'-- Up-to-date symlink: /home/lee/workspace/ros2_ex_mav/install/px4_msgs/local/lib/python3.10/dist-packages/px4_msgs/_px4_msgs_s.ep.rosidl_typesupport_introspection_c.c\n'}
[0.483037] (px4_msgs) StdoutLine: {'line': b'-- Up-to-date symlink: /home/lee/workspace/ros2_ex_mav/install/px4_msgs/local/lib/python3.10/dist-packages/px4_msgs/libpx4_msgs__rosidl_generator_py.so\n'}
[0.483073] (px4_msgs) StdoutLine: {'line': b'-- Up-to-date symlink: /home/lee/workspace/ros2_ex_mav/install/px4_msgs/local/lib/python3.10/dist-packages/px4_msgs/msg/__init__.py\n'}
[0.483109] (px4_msgs) StdoutLine: {'line': b'-- Up-to-date symlink: /home/lee/workspace/ros2_ex_mav/install/px4_msgs/local/lib/python3.10/dist-packages/px4_msgs/msg/_action_request.py\n'}
[0.483144] (px4_msgs) StdoutLine: {'line': b'-- Up-to-date symlink: /home/lee/workspace/ros2_ex_mav/install/px4_msgs/local/lib/python3.10/dist-packages/px4_msgs/msg/_action_request_s.c\n'}
[0.483180] (px4_msgs) StdoutLine: {'line': b'-- Up-to-date symlink: /home/lee/workspace/ros2_ex_mav/install/px4_msgs/local/lib/python3.10/dist-packages/px4_msgs/msg/_actuator_armed.py\n'}
[0.483215] (px4_msgs) StdoutLine: {'line': b'-- Up-to-date symlink: /home/lee/workspace/ros2_ex_mav/install/px4_msgs/local/lib/python3.10/dist-packages/px4_msgs/msg/_actuator_armed_s.c\n'}
[0.483247] (px4_msgs) StdoutLine: {'line': b'-- Up-to-date symlink: /home/lee/workspace/ros2_ex_mav/install/px4_msgs/local/lib/python3.10/dist-packages/px4_msgs/msg/_actuator_controls_status.py\n'}
[0.483280] (px4_msgs) StdoutLine: {'line': b'-- Up-to-date symlink: /home/lee/workspace/ros2_ex_mav/install/px4_msgs/local/lib/python3.10/dist-packages/px4_msgs/msg/_actuator_controls_status_s.c\n'}
[0.483315] (px4_msgs) StdoutLine: {'line': b'-- Up-to-date symlink: /home/lee/workspace/ros2_ex_mav/install/px4_msgs/local/lib/python3.10/dist-packages/px4_msgs/msg/_actuator_motors.py\n'}
[0.483348] (px4_msgs) StdoutLine: {'line': b'-- Up-to-date symlink: /home/lee/workspace/ros2_ex_mav/install/px4_msgs/local/lib/python3.10/dist-packages/px4_msgs/msg/_actuator_motors_s.c\n'}
[0.483381] (px4_msgs) StdoutLine: {'line': b'-- Up-to-date symlink: /home/lee/workspace/ros2_ex_mav/install/px4_msgs/local/lib/python3.10/dist-packages/px4_msgs/msg/_actuator_outputs.py\n'}
[0.483413] (px4_msgs) StdoutLine: {'line': b'-- Up-to-date symlink: /home/lee/workspace/ros2_ex_mav/install/px4_msgs/local/lib/python3.10/dist-packages/px4_msgs/msg/_actuator_outputs_s.c\n'}
[0.483447] (px4_msgs) StdoutLine: {'line': b'-- Up-to-date symlink: /home/lee/workspace/ros2_ex_mav/install/px4_msgs/local/lib/python3.10/dist-packages/px4_msgs/msg/_actuator_servos.py\n'}
[0.483481] (px4_msgs) StdoutLine: {'line': b'-- Up-to-date symlink: /home/lee/workspace/ros2_ex_mav/install/px4_msgs/local/lib/python3.10/dist-packages/px4_msgs/msg/_actuator_servos_s.c\n'}
[0.483514] (px4_msgs) StdoutLine: {'line': b'-- Up-to-date symlink: /home/lee/workspace/ros2_ex_mav/install/px4_msgs/local/lib/python3.10/dist-packages/px4_msgs/msg/_actuator_servos_trim.py\n'}
[0.483547] (px4_msgs) StdoutLine: {'line': b'-- Up-to-date symlink: /home/lee/workspace/ros2_ex_mav/install/px4_msgs/local/lib/python3.10/dist-packages/px4_msgs/msg/_actuator_servos_trim_s.c\n'}
[0.483580] (px4_msgs) StdoutLine: {'line': b'-- Up-to-date symlink: /home/lee/workspace/ros2_ex_mav/install/px4_msgs/local/lib/python3.10/dist-packages/px4_msgs/msg/_actuator_test.py\n'}
[0.483614] (px4_msgs) StdoutLine: {'line': b'-- Up-to-date symlink: /home/lee/workspace/ros2_ex_mav/install/px4_msgs/local/lib/python3.10/dist-packages/px4_msgs/msg/_actuator_test_s.c\n'}
[0.483647] (px4_msgs) StdoutLine: {'line': b'-- Up-to-date symlink: /home/lee/workspace/ros2_ex_mav/install/px4_msgs/local/lib/python3.10/dist-packages/px4_msgs/msg/_adc_report.py\n'}
[0.483679] (px4_msgs) StdoutLine: {'line': b'-- Up-to-date symlink: /home/lee/workspace/ros2_ex_mav/install/px4_msgs/local/lib/python3.10/dist-packages/px4_msgs/msg/_adc_report_s.c\n'}
[0.483711] (px4_msgs) StdoutLine: {'line': b'-- Up-to-date symlink: /home/lee/workspace/ros2_ex_mav/install/px4_msgs/local/lib/python3.10/dist-packages/px4_msgs/msg/_airspeed.py\n'}
[0.483744] (px4_msgs) StdoutLine: {'line': b'-- Up-to-date symlink: /home/lee/workspace/ros2_ex_mav/install/px4_msgs/local/lib/python3.10/dist-packages/px4_msgs/msg/_airspeed_s.c\n'}
[0.483776] (px4_msgs) StdoutLine: {'line': b'-- Up-to-date symlink: /home/lee/workspace/ros2_ex_mav/install/px4_msgs/local/lib/python3.10/dist-packages/px4_msgs/msg/_airspeed_validated.py\n'}
[0.483808] (px4_msgs) StdoutLine: {'line': b'-- Up-to-date symlink: /home/lee/workspace/ros2_ex_mav/install/px4_msgs/local/lib/python3.10/dist-packages/px4_msgs/msg/_airspeed_validated_s.c\n'}
[0.483842] (px4_msgs) StdoutLine: {'line': b'-- Up-to-date symlink: /home/lee/workspace/ros2_ex_mav/install/px4_msgs/local/lib/python3.10/dist-packages/px4_msgs/msg/_airspeed_wind.py\n'}
[0.483874] (px4_msgs) StdoutLine: {'line': b'-- Up-to-date symlink: /home/lee/workspace/ros2_ex_mav/install/px4_msgs/local/lib/python3.10/dist-packages/px4_msgs/msg/_airspeed_wind_s.c\n'}
[0.483908] (px4_msgs) StdoutLine: {'line': b'-- Up-to-date symlink: /home/lee/workspace/ros2_ex_mav/install/px4_msgs/local/lib/python3.10/dist-packages/px4_msgs/msg/_autotune_attitude_control_status.py\n'}
[0.483941] (px4_msgs) StdoutLine: {'line': b'-- Up-to-date symlink: /home/lee/workspace/ros2_ex_mav/install/px4_msgs/local/lib/python3.10/dist-packages/px4_msgs/msg/_autotune_attitude_control_status_s.c\n'}
[0.483973] (px4_msgs) StdoutLine: {'line': b'-- Up-to-date symlink: /home/lee/workspace/ros2_ex_mav/install/px4_msgs/local/lib/python3.10/dist-packages/px4_msgs/msg/_battery_status.py\n'}
[0.484005] (px4_msgs) StdoutLine: {'line': b'-- Up-to-date symlink: /home/lee/workspace/ros2_ex_mav/install/px4_msgs/local/lib/python3.10/dist-packages/px4_msgs/msg/_battery_status_s.c\n'}
[0.484038] (px4_msgs) StdoutLine: {'line': b'-- Up-to-date symlink: /home/lee/workspace/ros2_ex_mav/install/px4_msgs/local/lib/python3.10/dist-packages/px4_msgs/msg/_button_event.py\n'}
[0.484070] (px4_msgs) StdoutLine: {'line': b'-- Up-to-date symlink: /home/lee/workspace/ros2_ex_mav/install/px4_msgs/local/lib/python3.10/dist-packages/px4_msgs/msg/_button_event_s.c\n'}
[0.484101] (px4_msgs) StdoutLine: {'line': b'-- Up-to-date symlink: /home/lee/workspace/ros2_ex_mav/install/px4_msgs/local/lib/python3.10/dist-packages/px4_msgs/msg/_camera_capture.py\n'}
[0.484133] (px4_msgs) StdoutLine: {'line': b'-- Up-to-date symlink: /home/lee/workspace/ros2_ex_mav/install/px4_msgs/local/lib/python3.10/dist-packages/px4_msgs/msg/_camera_capture_s.c\n'}
[0.484164] (px4_msgs) StdoutLine: {'line': b'-- Up-to-date symlink: /home/lee/workspace/ros2_ex_mav/install/px4_msgs/local/lib/python3.10/dist-packages/px4_msgs/msg/_camera_status.py\n'}
[0.484197] (px4_msgs) StdoutLine: {'line': b'-- Up-to-date symlink: /home/lee/workspace/ros2_ex_mav/install/px4_msgs/local/lib/python3.10/dist-packages/px4_msgs/msg/_camera_status_s.c\n'}
[0.484229] (px4_msgs) StdoutLine: {'line': b'-- Up-to-date symlink: /home/lee/workspace/ros2_ex_mav/install/px4_msgs/local/lib/python3.10/dist-packages/px4_msgs/msg/_camera_trigger.py\n'}
[0.484260] (px4_msgs) StdoutLine: {'line': b'-- Up-to-date symlink: /home/lee/workspace/ros2_ex_mav/install/px4_msgs/local/lib/python3.10/dist-packages/px4_msgs/msg/_camera_trigger_s.c\n'}
[0.484291] (px4_msgs) StdoutLine: {'line': b'-- Up-to-date symlink: /home/lee/workspace/ros2_ex_mav/install/px4_msgs/local/lib/python3.10/dist-packages/px4_msgs/msg/_cellular_status.py\n'}
[0.484326] (px4_msgs) StdoutLine: {'line': b'-- Up-to-date symlink: /home/lee/workspace/ros2_ex_mav/install/px4_msgs/local/lib/python3.10/dist-packages/px4_msgs/msg/_cellular_status_s.c\n'}
[0.484359] (px4_msgs) StdoutLine: {'line': b'-- Up-to-date symlink: /home/lee/workspace/ros2_ex_mav/install/px4_msgs/local/lib/python3.10/dist-packages/px4_msgs/msg/_collision_constraints.py\n'}
[0.484391] (px4_msgs) StdoutLine: {'line': b'-- Up-to-date symlink: /home/lee/workspace/ros2_ex_mav/install/px4_msgs/local/lib/python3.10/dist-packages/px4_msgs/msg/_collision_constraints_s.c\n'}
[0.484423] (px4_msgs) StdoutLine: {'line': b'-- Up-to-date symlink: /home/lee/workspace/ros2_ex_mav/install/px4_msgs/local/lib/python3.10/dist-packages/px4_msgs/msg/_collision_report.py\n'}
[0.484455] (px4_msgs) StdoutLine: {'line': b'-- Up-to-date symlink: /home/lee/workspace/ros2_ex_mav/install/px4_msgs/local/lib/python3.10/dist-packages/px4_msgs/msg/_collision_report_s.c\n'}
[0.484487] (px4_msgs) StdoutLine: {'line': b'-- Up-to-date symlink: /home/lee/workspace/ros2_ex_mav/install/px4_msgs/local/lib/python3.10/dist-packages/px4_msgs/msg/_control_allocator_status.py\n'}
[0.484519] (px4_msgs) StdoutLine: {'line': b'-- Up-to-date symlink: /home/lee/workspace/ros2_ex_mav/install/px4_msgs/local/lib/python3.10/dist-packages/px4_msgs/msg/_control_allocator_status_s.c\n'}
[0.484552] (px4_msgs) StdoutLine: {'line': b'-- Up-to-date symlink: /home/lee/workspace/ros2_ex_mav/install/px4_msgs/local/lib/python3.10/dist-packages/px4_msgs/msg/_cpuload.py\n'}
[0.484583] (px4_msgs) StdoutLine: {'line': b'-- Up-to-date symlink: /home/lee/workspace/ros2_ex_mav/install/px4_msgs/local/lib/python3.10/dist-packages/px4_msgs/msg/_cpuload_s.c\n'}
[0.484616] (px4_msgs) StdoutLine: {'line': b'-- Up-to-date symlink: /home/lee/workspace/ros2_ex_mav/install/px4_msgs/local/lib/python3.10/dist-packages/px4_msgs/msg/_debug_array.py\n'}
[0.484648] (px4_msgs) StdoutLine: {'line': b'-- Up-to-date symlink: /home/lee/workspace/ros2_ex_mav/install/px4_msgs/local/lib/python3.10/dist-packages/px4_msgs/msg/_debug_array_s.c\n'}
[0.484680] (px4_msgs) StdoutLine: {'line': b'-- Up-to-date symlink: /home/lee/workspace/ros2_ex_mav/install/px4_msgs/local/lib/python3.10/dist-packages/px4_msgs/msg/_debug_key_value.py\n'}
[0.484710] (px4_msgs) StdoutLine: {'line': b'-- Up-to-date symlink: /home/lee/workspace/ros2_ex_mav/install/px4_msgs/local/lib/python3.10/dist-packages/px4_msgs/msg/_debug_key_value_s.c\n'}
[0.484742] (px4_msgs) StdoutLine: {'line': b'-- Up-to-date symlink: /home/lee/workspace/ros2_ex_mav/install/px4_msgs/local/lib/python3.10/dist-packages/px4_msgs/msg/_debug_value.py\n'}
[0.484773] (px4_msgs) StdoutLine: {'line': b'-- Up-to-date symlink: /home/lee/workspace/ros2_ex_mav/install/px4_msgs/local/lib/python3.10/dist-packages/px4_msgs/msg/_debug_value_s.c\n'}
[0.484804] (px4_msgs) StdoutLine: {'line': b'-- Up-to-date symlink: /home/lee/workspace/ros2_ex_mav/install/px4_msgs/local/lib/python3.10/dist-packages/px4_msgs/msg/_debug_vect.py\n'}
[0.484837] (px4_msgs) StdoutLine: {'line': b'-- Up-to-date symlink: /home/lee/workspace/ros2_ex_mav/install/px4_msgs/local/lib/python3.10/dist-packages/px4_msgs/msg/_debug_vect_s.c\n'}
[0.484867] (px4_msgs) StdoutLine: {'line': b'-- Up-to-date symlink: /home/lee/workspace/ros2_ex_mav/install/px4_msgs/local/lib/python3.10/dist-packages/px4_msgs/msg/_differential_pressure.py\n'}
[0.484900] (px4_msgs) StdoutLine: {'line': b'-- Up-to-date symlink: /home/lee/workspace/ros2_ex_mav/install/px4_msgs/local/lib/python3.10/dist-packages/px4_msgs/msg/_differential_pressure_s.c\n'}
[0.484932] (px4_msgs) StdoutLine: {'line': b'-- Up-to-date symlink: /home/lee/workspace/ros2_ex_mav/install/px4_msgs/local/lib/python3.10/dist-packages/px4_msgs/msg/_distance_sensor.py\n'}
[0.484965] (px4_msgs) StdoutLine: {'line': b'-- Up-to-date symlink: /home/lee/workspace/ros2_ex_mav/install/px4_msgs/local/lib/python3.10/dist-packages/px4_msgs/msg/_distance_sensor_s.c\n'}
[0.484995] (px4_msgs) StdoutLine: {'line': b'-- Up-to-date symlink: /home/lee/workspace/ros2_ex_mav/install/px4_msgs/local/lib/python3.10/dist-packages/px4_msgs/msg/_ekf2_timestamps.py\n'}
[0.485029] (px4_msgs) StdoutLine: {'line': b'-- Up-to-date symlink: /home/lee/workspace/ros2_ex_mav/install/px4_msgs/local/lib/python3.10/dist-packages/px4_msgs/msg/_ekf2_timestamps_s.c\n'}
[0.485060] (px4_msgs) StdoutLine: {'line': b'-- Up-to-date symlink: /home/lee/workspace/ros2_ex_mav/install/px4_msgs/local/lib/python3.10/dist-packages/px4_msgs/msg/_esc_report.py\n'}
[0.485090] (px4_msgs) StdoutLine: {'line': b'-- Up-to-date symlink: /home/lee/workspace/ros2_ex_mav/install/px4_msgs/local/lib/python3.10/dist-packages/px4_msgs/msg/_esc_report_s.c\n'}
[0.485122] (px4_msgs) StdoutLine: {'line': b'-- Up-to-date symlink: /home/lee/workspace/ros2_ex_mav/install/px4_msgs/local/lib/python3.10/dist-packages/px4_msgs/msg/_esc_status.py\n'}
[0.485153] (px4_msgs) StdoutLine: {'line': b'-- Up-to-date symlink: /home/lee/workspace/ros2_ex_mav/install/px4_msgs/local/lib/python3.10/dist-packages/px4_msgs/msg/_esc_status_s.c\n'}
[0.485185] (px4_msgs) StdoutLine: {'line': b'-- Up-to-date symlink: /home/lee/workspace/ros2_ex_mav/install/px4_msgs/local/lib/python3.10/dist-packages/px4_msgs/msg/_estimator_aid_source1d.py\n'}
[0.485218] (px4_msgs) StdoutLine: {'line': b'-- Up-to-date symlink: /home/lee/workspace/ros2_ex_mav/install/px4_msgs/local/lib/python3.10/dist-packages/px4_msgs/msg/_estimator_aid_source1d_s.c\n'}
[0.485249] (px4_msgs) StdoutLine: {'line': b'-- Up-to-date symlink: /home/lee/workspace/ros2_ex_mav/install/px4_msgs/local/lib/python3.10/dist-packages/px4_msgs/msg/_estimator_aid_source2d.py\n'}
[0.485280] (px4_msgs) StdoutLine: {'line': b'-- Up-to-date symlink: /home/lee/workspace/ros2_ex_mav/install/px4_msgs/local/lib/python3.10/dist-packages/px4_msgs/msg/_estimator_aid_source2d_s.c\n'}
[0.485312] (px4_msgs) StdoutLine: {'line': b'-- Up-to-date symlink: /home/lee/workspace/ros2_ex_mav/install/px4_msgs/local/lib/python3.10/dist-packages/px4_msgs/msg/_estimator_aid_source3d.py\n'}
[0.485346] (px4_msgs) StdoutLine: {'line': b'-- Up-to-date symlink: /home/lee/workspace/ros2_ex_mav/install/px4_msgs/local/lib/python3.10/dist-packages/px4_msgs/msg/_estimator_aid_source3d_s.c\n'}
[0.485378] (px4_msgs) StdoutLine: {'line': b'-- Up-to-date symlink: /home/lee/workspace/ros2_ex_mav/install/px4_msgs/local/lib/python3.10/dist-packages/px4_msgs/msg/_estimator_bias.py\n'}
[0.485410] (px4_msgs) StdoutLine: {'line': b'-- Up-to-date symlink: /home/lee/workspace/ros2_ex_mav/install/px4_msgs/local/lib/python3.10/dist-packages/px4_msgs/msg/_estimator_bias3d.py\n'}
[0.485442] (px4_msgs) StdoutLine: {'line': b'-- Up-to-date symlink: /home/lee/workspace/ros2_ex_mav/install/px4_msgs/local/lib/python3.10/dist-packages/px4_msgs/msg/_estimator_bias3d_s.c\n'}
[0.485473] (px4_msgs) StdoutLine: {'line': b'-- Up-to-date symlink: /home/lee/workspace/ros2_ex_mav/install/px4_msgs/local/lib/python3.10/dist-packages/px4_msgs/msg/_estimator_bias_s.c\n'}
[0.485505] (px4_msgs) StdoutLine: {'line': b'-- Up-to-date symlink: /home/lee/workspace/ros2_ex_mav/install/px4_msgs/local/lib/python3.10/dist-packages/px4_msgs/msg/_estimator_event_flags.py\n'}
[0.485537] (px4_msgs) StdoutLine: {'line': b'-- Up-to-date symlink: /home/lee/workspace/ros2_ex_mav/install/px4_msgs/local/lib/python3.10/dist-packages/px4_msgs/msg/_estimator_event_flags_s.c\n'}
[0.485568] (px4_msgs) StdoutLine: {'line': b'-- Up-to-date symlink: /home/lee/workspace/ros2_ex_mav/install/px4_msgs/local/lib/python3.10/dist-packages/px4_msgs/msg/_estimator_gps_status.py\n'}
[0.485599] (px4_msgs) StdoutLine: {'line': b'-- Up-to-date symlink: /home/lee/workspace/ros2_ex_mav/install/px4_msgs/local/lib/python3.10/dist-packages/px4_msgs/msg/_estimator_gps_status_s.c\n'}
[0.485631] (px4_msgs) StdoutLine: {'line': b'-- Up-to-date symlink: /home/lee/workspace/ros2_ex_mav/install/px4_msgs/local/lib/python3.10/dist-packages/px4_msgs/msg/_estimator_innovations.py\n'}
[0.485662] (px4_msgs) StdoutLine: {'line': b'-- Up-to-date symlink: /home/lee/workspace/ros2_ex_mav/install/px4_msgs/local/lib/python3.10/dist-packages/px4_msgs/msg/_estimator_innovations_s.c\n'}
[0.485693] (px4_msgs) StdoutLine: {'line': b'-- Up-to-date symlink: /home/lee/workspace/ros2_ex_mav/install/px4_msgs/local/lib/python3.10/dist-packages/px4_msgs/msg/_estimator_selector_status.py\n'}
[0.485725] (px4_msgs) StdoutLine: {'line': b'-- Up-to-date symlink: /home/lee/workspace/ros2_ex_mav/install/px4_msgs/local/lib/python3.10/dist-packages/px4_msgs/msg/_estimator_selector_status_s.c\n'}
[0.485756] (px4_msgs) StdoutLine: {'line': b'-- Up-to-date symlink: /home/lee/workspace/ros2_ex_mav/install/px4_msgs/local/lib/python3.10/dist-packages/px4_msgs/msg/_estimator_sensor_bias.py\n'}
[0.485788] (px4_msgs) StdoutLine: {'line': b'-- Up-to-date symlink: /home/lee/workspace/ros2_ex_mav/install/px4_msgs/local/lib/python3.10/dist-packages/px4_msgs/msg/_estimator_sensor_bias_s.c\n'}
[0.485820] (px4_msgs) StdoutLine: {'line': b'-- Up-to-date symlink: /home/lee/workspace/ros2_ex_mav/install/px4_msgs/local/lib/python3.10/dist-packages/px4_msgs/msg/_estimator_states.py\n'}
[0.485851] (px4_msgs) StdoutLine: {'line': b'-- Up-to-date symlink: /home/lee/workspace/ros2_ex_mav/install/px4_msgs/local/lib/python3.10/dist-packages/px4_msgs/msg/_estimator_states_s.c\n'}
[0.485882] (px4_msgs) StdoutLine: {'line': b'-- Up-to-date symlink: /home/lee/workspace/ros2_ex_mav/install/px4_msgs/local/lib/python3.10/dist-packages/px4_msgs/msg/_estimator_status.py\n'}
[0.485914] (px4_msgs) StdoutLine: {'line': b'-- Up-to-date symlink: /home/lee/workspace/ros2_ex_mav/install/px4_msgs/local/lib/python3.10/dist-packages/px4_msgs/msg/_estimator_status_flags.py\n'}
[0.485945] (px4_msgs) StdoutLine: {'line': b'-- Up-to-date symlink: /home/lee/workspace/ros2_ex_mav/install/px4_msgs/local/lib/python3.10/dist-packages/px4_msgs/msg/_estimator_status_flags_s.c\n'}
[0.485978] (px4_msgs) StdoutLine: {'line': b'-- Up-to-date symlink: /home/lee/workspace/ros2_ex_mav/install/px4_msgs/local/lib/python3.10/dist-packages/px4_msgs/msg/_estimator_status_s.c\n'}
[0.486009] (px4_msgs) StdoutLine: {'line': b'-- Up-to-date symlink: /home/lee/workspace/ros2_ex_mav/install/px4_msgs/local/lib/python3.10/dist-packages/px4_msgs/msg/_event.py\n'}
[0.486041] (px4_msgs) StdoutLine: {'line': b'-- Up-to-date symlink: /home/lee/workspace/ros2_ex_mav/install/px4_msgs/local/lib/python3.10/dist-packages/px4_msgs/msg/_event_s.c\n'}
[0.486072] (px4_msgs) StdoutLine: {'line': b'-- Up-to-date symlink: /home/lee/workspace/ros2_ex_mav/install/px4_msgs/local/lib/python3.10/dist-packages/px4_msgs/msg/_failsafe_flags.py\n'}
[0.486104] (px4_msgs) StdoutLine: {'line': b'-- Up-to-date symlink: /home/lee/workspace/ros2_ex_mav/install/px4_msgs/local/lib/python3.10/dist-packages/px4_msgs/msg/_failsafe_flags_s.c\n'}
[0.486136] (px4_msgs) StdoutLine: {'line': b'-- Up-to-date symlink: /home/lee/workspace/ros2_ex_mav/install/px4_msgs/local/lib/python3.10/dist-packages/px4_msgs/msg/_failure_detector_status.py\n'}
[0.486168] (px4_msgs) StdoutLine: {'line': b'-- Up-to-date symlink: /home/lee/workspace/ros2_ex_mav/install/px4_msgs/local/lib/python3.10/dist-packages/px4_msgs/msg/_failure_detector_status_s.c\n'}
[0.486199] (px4_msgs) StdoutLine: {'line': b'-- Up-to-date symlink: /home/lee/workspace/ros2_ex_mav/install/px4_msgs/local/lib/python3.10/dist-packages/px4_msgs/msg/_follow_target.py\n'}
[0.486231] (px4_msgs) StdoutLine: {'line': b'-- Up-to-date symlink: /home/lee/workspace/ros2_ex_mav/install/px4_msgs/local/lib/python3.10/dist-packages/px4_msgs/msg/_follow_target_estimator.py\n'}
[0.486262] (px4_msgs) StdoutLine: {'line': b'-- Up-to-date symlink: /home/lee/workspace/ros2_ex_mav/install/px4_msgs/local/lib/python3.10/dist-packages/px4_msgs/msg/_follow_target_estimator_s.c\n'}
[0.486293] (px4_msgs) StdoutLine: {'line': b'-- Up-to-date symlink: /home/lee/workspace/ros2_ex_mav/install/px4_msgs/local/lib/python3.10/dist-packages/px4_msgs/msg/_follow_target_s.c\n'}
[0.486333] (px4_msgs) StdoutLine: {'line': b'-- Up-to-date symlink: /home/lee/workspace/ros2_ex_mav/install/px4_msgs/local/lib/python3.10/dist-packages/px4_msgs/msg/_follow_target_status.py\n'}
[0.486364] (px4_msgs) StdoutLine: {'line': b'-- Up-to-date symlink: /home/lee/workspace/ros2_ex_mav/install/px4_msgs/local/lib/python3.10/dist-packages/px4_msgs/msg/_follow_target_status_s.c\n'}
[0.486396] (px4_msgs) StdoutLine: {'line': b'-- Up-to-date symlink: /home/lee/workspace/ros2_ex_mav/install/px4_msgs/local/lib/python3.10/dist-packages/px4_msgs/msg/_generator_status.py\n'}
[0.486427] (px4_msgs) StdoutLine: {'line': b'-- Up-to-date symlink: /home/lee/workspace/ros2_ex_mav/install/px4_msgs/local/lib/python3.10/dist-packages/px4_msgs/msg/_generator_status_s.c\n'}
[0.486459] (px4_msgs) StdoutLine: {'line': b'-- Up-to-date symlink: /home/lee/workspace/ros2_ex_mav/install/px4_msgs/local/lib/python3.10/dist-packages/px4_msgs/msg/_geofence_result.py\n'}
[0.486492] (px4_msgs) StdoutLine: {'line': b'-- Up-to-date symlink: /home/lee/workspace/ros2_ex_mav/install/px4_msgs/local/lib/python3.10/dist-packages/px4_msgs/msg/_geofence_result_s.c\n'}
[0.486523] (px4_msgs) StdoutLine: {'line': b'-- Up-to-date symlink: /home/lee/workspace/ros2_ex_mav/install/px4_msgs/local/lib/python3.10/dist-packages/px4_msgs/msg/_gimbal_controls.py\n'}
[0.486554] (px4_msgs) StdoutLine: {'line': b'-- Up-to-date symlink: /home/lee/workspace/ros2_ex_mav/install/px4_msgs/local/lib/python3.10/dist-packages/px4_msgs/msg/_gimbal_controls_s.c\n'}
[0.486587] (px4_msgs) StdoutLine: {'line': b'-- Up-to-date symlink: /home/lee/workspace/ros2_ex_mav/install/px4_msgs/local/lib/python3.10/dist-packages/px4_msgs/msg/_gimbal_device_attitude_status.py\n'}
[0.486620] (px4_msgs) StdoutLine: {'line': b'-- Up-to-date symlink: /home/lee/workspace/ros2_ex_mav/install/px4_msgs/local/lib/python3.10/dist-packages/px4_msgs/msg/_gimbal_device_attitude_status_s.c\n'}
[0.486652] (px4_msgs) StdoutLine: {'line': b'-- Up-to-date symlink: /home/lee/workspace/ros2_ex_mav/install/px4_msgs/local/lib/python3.10/dist-packages/px4_msgs/msg/_gimbal_device_information.py\n'}
[0.486684] (px4_msgs) StdoutLine: {'line': b'-- Up-to-date symlink: /home/lee/workspace/ros2_ex_mav/install/px4_msgs/local/lib/python3.10/dist-packages/px4_msgs/msg/_gimbal_device_information_s.c\n'}
[0.486717] (px4_msgs) StdoutLine: {'line': b'-- Up-to-date symlink: /home/lee/workspace/ros2_ex_mav/install/px4_msgs/local/lib/python3.10/dist-packages/px4_msgs/msg/_gimbal_device_set_attitude.py\n'}
[0.486748] (px4_msgs) StdoutLine: {'line': b'-- Up-to-date symlink: /home/lee/workspace/ros2_ex_mav/install/px4_msgs/local/lib/python3.10/dist-packages/px4_msgs/msg/_gimbal_device_set_attitude_s.c\n'}
[0.486780] (px4_msgs) StdoutLine: {'line': b'-- Up-to-date symlink: /home/lee/workspace/ros2_ex_mav/install/px4_msgs/local/lib/python3.10/dist-packages/px4_msgs/msg/_gimbal_manager_information.py\n'}
[0.486812] (px4_msgs) StdoutLine: {'line': b'-- Up-to-date symlink: /home/lee/workspace/ros2_ex_mav/install/px4_msgs/local/lib/python3.10/dist-packages/px4_msgs/msg/_gimbal_manager_information_s.c\n'}
[0.486843] (px4_msgs) StdoutLine: {'line': b'-- Up-to-date symlink: /home/lee/workspace/ros2_ex_mav/install/px4_msgs/local/lib/python3.10/dist-packages/px4_msgs/msg/_gimbal_manager_set_attitude.py\n'}
[0.486875] (px4_msgs) StdoutLine: {'line': b'-- Up-to-date symlink: /home/lee/workspace/ros2_ex_mav/install/px4_msgs/local/lib/python3.10/dist-packages/px4_msgs/msg/_gimbal_manager_set_attitude_s.c\n'}
[0.486907] (px4_msgs) StdoutLine: {'line': b'-- Up-to-date symlink: /home/lee/workspace/ros2_ex_mav/install/px4_msgs/local/lib/python3.10/dist-packages/px4_msgs/msg/_gimbal_manager_set_manual_control.py\n'}
[0.486939] (px4_msgs) StdoutLine: {'line': b'-- Up-to-date symlink: /home/lee/workspace/ros2_ex_mav/install/px4_msgs/local/lib/python3.10/dist-packages/px4_msgs/msg/_gimbal_manager_set_manual_control_s.c\n'}
[0.486971] (px4_msgs) StdoutLine: {'line': b'-- Up-to-date symlink: /home/lee/workspace/ros2_ex_mav/install/px4_msgs/local/lib/python3.10/dist-packages/px4_msgs/msg/_gimbal_manager_status.py\n'}
[0.487004] (px4_msgs) StdoutLine: {'line': b'-- Up-to-date symlink: /home/lee/workspace/ros2_ex_mav/install/px4_msgs/local/lib/python3.10/dist-packages/px4_msgs/msg/_gimbal_manager_status_s.c\n'}
[0.487036] (px4_msgs) StdoutLine: {'line': b'-- Up-to-date symlink: /home/lee/workspace/ros2_ex_mav/install/px4_msgs/local/lib/python3.10/dist-packages/px4_msgs/msg/_gps_dump.py\n'}
[0.487067] (px4_msgs) StdoutLine: {'line': b'-- Up-to-date symlink: /home/lee/workspace/ros2_ex_mav/install/px4_msgs/local/lib/python3.10/dist-packages/px4_msgs/msg/_gps_dump_s.c\n'}
[0.487099] (px4_msgs) StdoutLine: {'line': b'-- Up-to-date symlink: /home/lee/workspace/ros2_ex_mav/install/px4_msgs/local/lib/python3.10/dist-packages/px4_msgs/msg/_gps_inject_data.py\n'}
[0.487130] (px4_msgs) StdoutLine: {'line': b'-- Up-to-date symlink: /home/lee/workspace/ros2_ex_mav/install/px4_msgs/local/lib/python3.10/dist-packages/px4_msgs/msg/_gps_inject_data_s.c\n'}
[0.487162] (px4_msgs) StdoutLine: {'line': b'-- Up-to-date symlink: /home/lee/workspace/ros2_ex_mav/install/px4_msgs/local/lib/python3.10/dist-packages/px4_msgs/msg/_gripper.py\n'}
[0.487192] (px4_msgs) StdoutLine: {'line': b'-- Up-to-date symlink: /home/lee/workspace/ros2_ex_mav/install/px4_msgs/local/lib/python3.10/dist-packages/px4_msgs/msg/_gripper_s.c\n'}
[0.487224] (px4_msgs) StdoutLine: {'line': b'-- Up-to-date symlink: /home/lee/workspace/ros2_ex_mav/install/px4_msgs/local/lib/python3.10/dist-packages/px4_msgs/msg/_health_report.py\n'}
[0.487255] (px4_msgs) StdoutLine: {'line': b'-- Up-to-date symlink: /home/lee/workspace/ros2_ex_mav/install/px4_msgs/local/lib/python3.10/dist-packages/px4_msgs/msg/_health_report_s.c\n'}
[0.487287] (px4_msgs) StdoutLine: {'line': b'-- Up-to-date symlink: /home/lee/workspace/ros2_ex_mav/install/px4_msgs/local/lib/python3.10/dist-packages/px4_msgs/msg/_heater_status.py\n'}
[0.487319] (px4_msgs) StdoutLine: {'line': b'-- Up-to-date symlink: /home/lee/workspace/ros2_ex_mav/install/px4_msgs/local/lib/python3.10/dist-packages/px4_msgs/msg/_heater_status_s.c\n'}
[0.487351] (px4_msgs) StdoutLine: {'line': b'-- Up-to-date symlink: /home/lee/workspace/ros2_ex_mav/install/px4_msgs/local/lib/python3.10/dist-packages/px4_msgs/msg/_home_position.py\n'}
[0.487382] (px4_msgs) StdoutLine: {'line': b'-- Up-to-date symlink: /home/lee/workspace/ros2_ex_mav/install/px4_msgs/local/lib/python3.10/dist-packages/px4_msgs/msg/_home_position_s.c\n'}
[0.487413] (px4_msgs) StdoutLine: {'line': b'-- Up-to-date symlink: /home/lee/workspace/ros2_ex_mav/install/px4_msgs/local/lib/python3.10/dist-packages/px4_msgs/msg/_hover_thrust_estimate.py\n'}
[0.487445] (px4_msgs) StdoutLine: {'line': b'-- Up-to-date symlink: /home/lee/workspace/ros2_ex_mav/install/px4_msgs/local/lib/python3.10/dist-packages/px4_msgs/msg/_hover_thrust_estimate_s.c\n'}
[0.487477] (px4_msgs) StdoutLine: {'line': b'-- Up-to-date symlink: /home/lee/workspace/ros2_ex_mav/install/px4_msgs/local/lib/python3.10/dist-packages/px4_msgs/msg/_input_rc.py\n'}
[0.487509] (px4_msgs) StdoutLine: {'line': b'-- Up-to-date symlink: /home/lee/workspace/ros2_ex_mav/install/px4_msgs/local/lib/python3.10/dist-packages/px4_msgs/msg/_input_rc_s.c\n'}
[0.487541] (px4_msgs) StdoutLine: {'line': b'-- Up-to-date symlink: /home/lee/workspace/ros2_ex_mav/install/px4_msgs/local/lib/python3.10/dist-packages/px4_msgs/msg/_internal_combustion_engine_status.py\n'}
[0.487576] (px4_msgs) StdoutLine: {'line': b'-- Up-to-date symlink: /home/lee/workspace/ros2_ex_mav/install/px4_msgs/local/lib/python3.10/dist-packages/px4_msgs/msg/_internal_combustion_engine_status_s.c\n'}
[0.487607] (px4_msgs) StdoutLine: {'line': b'-- Up-to-date symlink: /home/lee/workspace/ros2_ex_mav/install/px4_msgs/local/lib/python3.10/dist-packages/px4_msgs/msg/_iridiumsbd_status.py\n'}
[0.487639] (px4_msgs) StdoutLine: {'line': b'-- Up-to-date symlink: /home/lee/workspace/ros2_ex_mav/install/px4_msgs/local/lib/python3.10/dist-packages/px4_msgs/msg/_iridiumsbd_status_s.c\n'}
[0.487670] (px4_msgs) StdoutLine: {'line': b'-- Up-to-date symlink: /home/lee/workspace/ros2_ex_mav/install/px4_msgs/local/lib/python3.10/dist-packages/px4_msgs/msg/_irlock_report.py\n'}
[0.487701] (px4_msgs) StdoutLine: {'line': b'-- Up-to-date symlink: /home/lee/workspace/ros2_ex_mav/install/px4_msgs/local/lib/python3.10/dist-packages/px4_msgs/msg/_irlock_report_s.c\n'}
[0.487732] (px4_msgs) StdoutLine: {'line': b'-- Up-to-date symlink: /home/lee/workspace/ros2_ex_mav/install/px4_msgs/local/lib/python3.10/dist-packages/px4_msgs/msg/_landing_gear.py\n'}
[0.487763] (px4_msgs) StdoutLine: {'line': b'-- Up-to-date symlink: /home/lee/workspace/ros2_ex_mav/install/px4_msgs/local/lib/python3.10/dist-packages/px4_msgs/msg/_landing_gear_s.c\n'}
[0.487794] (px4_msgs) StdoutLine: {'line': b'-- Up-to-date symlink: /home/lee/workspace/ros2_ex_mav/install/px4_msgs/local/lib/python3.10/dist-packages/px4_msgs/msg/_landing_gear_wheel.py\n'}
[0.487826] (px4_msgs) StdoutLine: {'line': b'-- Up-to-date symlink: /home/lee/workspace/ros2_ex_mav/install/px4_msgs/local/lib/python3.10/dist-packages/px4_msgs/msg/_landing_gear_wheel_s.c\n'}
[0.487857] (px4_msgs) StdoutLine: {'line': b'-- Up-to-date symlink: /home/lee/workspace/ros2_ex_mav/install/px4_msgs/local/lib/python3.10/dist-packages/px4_msgs/msg/_landing_target_innovations.py\n'}
[0.487889] (px4_msgs) StdoutLine: {'line': b'-- Up-to-date symlink: /home/lee/workspace/ros2_ex_mav/install/px4_msgs/local/lib/python3.10/dist-packages/px4_msgs/msg/_landing_target_innovations_s.c\n'}
[0.487920] (px4_msgs) StdoutLine: {'line': b'-- Up-to-date symlink: /home/lee/workspace/ros2_ex_mav/install/px4_msgs/local/lib/python3.10/dist-packages/px4_msgs/msg/_landing_target_pose.py\n'}
[0.487951] (px4_msgs) StdoutLine: {'line': b'-- Up-to-date symlink: /home/lee/workspace/ros2_ex_mav/install/px4_msgs/local/lib/python3.10/dist-packages/px4_msgs/msg/_landing_target_pose_s.c\n'}
[0.487982] (px4_msgs) StdoutLine: {'line': b'-- Up-to-date symlink: /home/lee/workspace/ros2_ex_mav/install/px4_msgs/local/lib/python3.10/dist-packages/px4_msgs/msg/_launch_detection_status.py\n'}
[0.488013] (px4_msgs) StdoutLine: {'line': b'-- Up-to-date symlink: /home/lee/workspace/ros2_ex_mav/install/px4_msgs/local/lib/python3.10/dist-packages/px4_msgs/msg/_launch_detection_status_s.c\n'}
[0.488044] (px4_msgs) StdoutLine: {'line': b'-- Up-to-date symlink: /home/lee/workspace/ros2_ex_mav/install/px4_msgs/local/lib/python3.10/dist-packages/px4_msgs/msg/_led_control.py\n'}
[0.488076] (px4_msgs) StdoutLine: {'line': b'-- Up-to-date symlink: /home/lee/workspace/ros2_ex_mav/install/px4_msgs/local/lib/python3.10/dist-packages/px4_msgs/msg/_led_control_s.c\n'}
[0.488106] (px4_msgs) StdoutLine: {'line': b'-- Up-to-date symlink: /home/lee/workspace/ros2_ex_mav/install/px4_msgs/local/lib/python3.10/dist-packages/px4_msgs/msg/_log_message.py\n'}
[0.488137] (px4_msgs) StdoutLine: {'line': b'-- Up-to-date symlink: /home/lee/workspace/ros2_ex_mav/install/px4_msgs/local/lib/python3.10/dist-packages/px4_msgs/msg/_log_message_s.c\n'}
[0.488168] (px4_msgs) StdoutLine: {'line': b'-- Up-to-date symlink: /home/lee/workspace/ros2_ex_mav/install/px4_msgs/local/lib/python3.10/dist-packages/px4_msgs/msg/_logger_status.py\n'}
[0.488200] (px4_msgs) StdoutLine: {'line': b'-- Up-to-date symlink: /home/lee/workspace/ros2_ex_mav/install/px4_msgs/local/lib/python3.10/dist-packages/px4_msgs/msg/_logger_status_s.c\n'}
[0.488230] (px4_msgs) StdoutLine: {'line': b'-- Up-to-date symlink: /home/lee/workspace/ros2_ex_mav/install/px4_msgs/local/lib/python3.10/dist-packages/px4_msgs/msg/_mag_worker_data.py\n'}
[0.488261] (px4_msgs) StdoutLine: {'line': b'-- Up-to-date symlink: /home/lee/workspace/ros2_ex_mav/install/px4_msgs/local/lib/python3.10/dist-packages/px4_msgs/msg/_mag_worker_data_s.c\n'}
[0.488293] (px4_msgs) StdoutLine: {'line': b'-- Up-to-date symlink: /home/lee/workspace/ros2_ex_mav/install/px4_msgs/local/lib/python3.10/dist-packages/px4_msgs/msg/_magnetometer_bias_estimate.py\n'}
[0.488326] (px4_msgs) StdoutLine: {'line': b'-- Up-to-date symlink: /home/lee/workspace/ros2_ex_mav/install/px4_msgs/local/lib/python3.10/dist-packages/px4_msgs/msg/_magnetometer_bias_estimate_s.c\n'}
[0.488357] (px4_msgs) StdoutLine: {'line': b'-- Up-to-date symlink: /home/lee/workspace/ros2_ex_mav/install/px4_msgs/local/lib/python3.10/dist-packages/px4_msgs/msg/_manual_control_setpoint.py\n'}
[0.488389] (px4_msgs) StdoutLine: {'line': b'-- Up-to-date symlink: /home/lee/workspace/ros2_ex_mav/install/px4_msgs/local/lib/python3.10/dist-packages/px4_msgs/msg/_manual_control_setpoint_s.c\n'}
[0.488420] (px4_msgs) StdoutLine: {'line': b'-- Up-to-date symlink: /home/lee/workspace/ros2_ex_mav/install/px4_msgs/local/lib/python3.10/dist-packages/px4_msgs/msg/_manual_control_switches.py\n'}
[0.488452] (px4_msgs) StdoutLine: {'line': b'-- Up-to-date symlink: /home/lee/workspace/ros2_ex_mav/install/px4_msgs/local/lib/python3.10/dist-packages/px4_msgs/msg/_manual_control_switches_s.c\n'}
[0.488483] (px4_msgs) StdoutLine: {'line': b'-- Up-to-date symlink: /home/lee/workspace/ros2_ex_mav/install/px4_msgs/local/lib/python3.10/dist-packages/px4_msgs/msg/_mavlink_log.py\n'}
[0.488515] (px4_msgs) StdoutLine: {'line': b'-- Up-to-date symlink: /home/lee/workspace/ros2_ex_mav/install/px4_msgs/local/lib/python3.10/dist-packages/px4_msgs/msg/_mavlink_log_s.c\n'}
[0.488546] (px4_msgs) StdoutLine: {'line': b'-- Up-to-date symlink: /home/lee/workspace/ros2_ex_mav/install/px4_msgs/local/lib/python3.10/dist-packages/px4_msgs/msg/_mavlink_tunnel.py\n'}
[0.488577] (px4_msgs) StdoutLine: {'line': b'-- Up-to-date symlink: /home/lee/workspace/ros2_ex_mav/install/px4_msgs/local/lib/python3.10/dist-packages/px4_msgs/msg/_mavlink_tunnel_s.c\n'}
[0.488609] (px4_msgs) StdoutLine: {'line': b'-- Up-to-date symlink: /home/lee/workspace/ros2_ex_mav/install/px4_msgs/local/lib/python3.10/dist-packages/px4_msgs/msg/_mission.py\n'}
[0.488641] (px4_msgs) StdoutLine: {'line': b'-- Up-to-date symlink: /home/lee/workspace/ros2_ex_mav/install/px4_msgs/local/lib/python3.10/dist-packages/px4_msgs/msg/_mission_result.py\n'}
[0.488672] (px4_msgs) StdoutLine: {'line': b'-- Up-to-date symlink: /home/lee/workspace/ros2_ex_mav/install/px4_msgs/local/lib/python3.10/dist-packages/px4_msgs/msg/_mission_result_s.c\n'}
[0.488705] (px4_msgs) StdoutLine: {'line': b'-- Up-to-date symlink: /home/lee/workspace/ros2_ex_mav/install/px4_msgs/local/lib/python3.10/dist-packages/px4_msgs/msg/_mission_s.c\n'}
[0.488736] (px4_msgs) StdoutLine: {'line': b'-- Up-to-date symlink: /home/lee/workspace/ros2_ex_mav/install/px4_msgs/local/lib/python3.10/dist-packages/px4_msgs/msg/_mode_completed.py\n'}
[0.488767] (px4_msgs) StdoutLine: {'line': b'-- Up-to-date symlink: /home/lee/workspace/ros2_ex_mav/install/px4_msgs/local/lib/python3.10/dist-packages/px4_msgs/msg/_mode_completed_s.c\n'}
[0.488799] (px4_msgs) StdoutLine: {'line': b'-- Up-to-date symlink: /home/lee/workspace/ros2_ex_mav/install/px4_msgs/local/lib/python3.10/dist-packages/px4_msgs/msg/_mount_orientation.py\n'}
[0.488830] (px4_msgs) StdoutLine: {'line': b'-- Up-to-date symlink: /home/lee/workspace/ros2_ex_mav/install/px4_msgs/local/lib/python3.10/dist-packages/px4_msgs/msg/_mount_orientation_s.c\n'}
[0.488861] (px4_msgs) StdoutLine: {'line': b'-- Up-to-date symlink: /home/lee/workspace/ros2_ex_mav/install/px4_msgs/local/lib/python3.10/dist-packages/px4_msgs/msg/_navigator_mission_item.py\n'}
[0.488893] (px4_msgs) StdoutLine: {'line': b'-- Up-to-date symlink: /home/lee/workspace/ros2_ex_mav/install/px4_msgs/local/lib/python3.10/dist-packages/px4_msgs/msg/_navigator_mission_item_s.c\n'}
[0.488926] (px4_msgs) StdoutLine: {'line': b'-- Up-to-date symlink: /home/lee/workspace/ros2_ex_mav/install/px4_msgs/local/lib/python3.10/dist-packages/px4_msgs/msg/_normalized_unsigned_setpoint.py\n'}
[0.488959] (px4_msgs) StdoutLine: {'line': b'-- Up-to-date symlink: /home/lee/workspace/ros2_ex_mav/install/px4_msgs/local/lib/python3.10/dist-packages/px4_msgs/msg/_normalized_unsigned_setpoint_s.c\n'}
[0.488990] (px4_msgs) StdoutLine: {'line': b'-- Up-to-date symlink: /home/lee/workspace/ros2_ex_mav/install/px4_msgs/local/lib/python3.10/dist-packages/px4_msgs/msg/_npfg_status.py\n'}
[0.489022] (px4_msgs) StdoutLine: {'line': b'-- Up-to-date symlink: /home/lee/workspace/ros2_ex_mav/install/px4_msgs/local/lib/python3.10/dist-packages/px4_msgs/msg/_npfg_status_s.c\n'}
[0.489054] (px4_msgs) StdoutLine: {'line': b'-- Up-to-date symlink: /home/lee/workspace/ros2_ex_mav/install/px4_msgs/local/lib/python3.10/dist-packages/px4_msgs/msg/_obstacle_distance.py\n'}
[0.489086] (px4_msgs) StdoutLine: {'line': b'-- Up-to-date symlink: /home/lee/workspace/ros2_ex_mav/install/px4_msgs/local/lib/python3.10/dist-packages/px4_msgs/msg/_obstacle_distance_s.c\n'}
[0.489118] (px4_msgs) StdoutLine: {'line': b'-- Up-to-date symlink: /home/lee/workspace/ros2_ex_mav/install/px4_msgs/local/lib/python3.10/dist-packages/px4_msgs/msg/_offboard_control_mode.py\n'}
[0.489149] (px4_msgs) StdoutLine: {'line': b'-- Up-to-date symlink: /home/lee/workspace/ros2_ex_mav/install/px4_msgs/local/lib/python3.10/dist-packages/px4_msgs/msg/_offboard_control_mode_s.c\n'}
[0.489180] (px4_msgs) StdoutLine: {'line': b'-- Up-to-date symlink: /home/lee/workspace/ros2_ex_mav/install/px4_msgs/local/lib/python3.10/dist-packages/px4_msgs/msg/_onboard_computer_status.py\n'}
[0.489212] (px4_msgs) StdoutLine: {'line': b'-- Up-to-date symlink: /home/lee/workspace/ros2_ex_mav/install/px4_msgs/local/lib/python3.10/dist-packages/px4_msgs/msg/_onboard_computer_status_s.c\n'}
[0.489244] (px4_msgs) StdoutLine: {'line': b'-- Up-to-date symlink: /home/lee/workspace/ros2_ex_mav/install/px4_msgs/local/lib/python3.10/dist-packages/px4_msgs/msg/_orb_test.py\n'}
[0.489276] (px4_msgs) StdoutLine: {'line': b'-- Up-to-date symlink: /home/lee/workspace/ros2_ex_mav/install/px4_msgs/local/lib/python3.10/dist-packages/px4_msgs/msg/_orb_test_large.py\n'}
[0.489307] (px4_msgs) StdoutLine: {'line': b'-- Up-to-date symlink: /home/lee/workspace/ros2_ex_mav/install/px4_msgs/local/lib/python3.10/dist-packages/px4_msgs/msg/_orb_test_large_s.c\n'}
[0.489344] (px4_msgs) StdoutLine: {'line': b'-- Up-to-date symlink: /home/lee/workspace/ros2_ex_mav/install/px4_msgs/local/lib/python3.10/dist-packages/px4_msgs/msg/_orb_test_medium.py\n'}
[0.489373] (px4_msgs) StdoutLine: {'line': b'-- Up-to-date symlink: /home/lee/workspace/ros2_ex_mav/install/px4_msgs/local/lib/python3.10/dist-packages/px4_msgs/msg/_orb_test_medium_s.c\n'}
[0.489404] (px4_msgs) StdoutLine: {'line': b'-- Up-to-date symlink: /home/lee/workspace/ros2_ex_mav/install/px4_msgs/local/lib/python3.10/dist-packages/px4_msgs/msg/_orb_test_s.c\n'}
[0.489435] (px4_msgs) StdoutLine: {'line': b'-- Up-to-date symlink: /home/lee/workspace/ros2_ex_mav/install/px4_msgs/local/lib/python3.10/dist-packages/px4_msgs/msg/_orbit_status.py\n'}
[0.489467] (px4_msgs) StdoutLine: {'line': b'-- Up-to-date symlink: /home/lee/workspace/ros2_ex_mav/install/px4_msgs/local/lib/python3.10/dist-packages/px4_msgs/msg/_orbit_status_s.c\n'}
[0.489499] (px4_msgs) StdoutLine: {'line': b'-- Up-to-date symlink: /home/lee/workspace/ros2_ex_mav/install/px4_msgs/local/lib/python3.10/dist-packages/px4_msgs/msg/_parameter_update.py\n'}
[0.489530] (px4_msgs) StdoutLine: {'line': b'-- Up-to-date symlink: /home/lee/workspace/ros2_ex_mav/install/px4_msgs/local/lib/python3.10/dist-packages/px4_msgs/msg/_parameter_update_s.c\n'}
[0.489564] (px4_msgs) StdoutLine: {'line': b'-- Up-to-date symlink: /home/lee/workspace/ros2_ex_mav/install/px4_msgs/local/lib/python3.10/dist-packages/px4_msgs/msg/_ping.py\n'}
[0.489595] (px4_msgs) StdoutLine: {'line': b'-- Up-to-date symlink: /home/lee/workspace/ros2_ex_mav/install/px4_msgs/local/lib/python3.10/dist-packages/px4_msgs/msg/_ping_s.c\n'}
[0.489628] (px4_msgs) StdoutLine: {'line': b'-- Up-to-date symlink: /home/lee/workspace/ros2_ex_mav/install/px4_msgs/local/lib/python3.10/dist-packages/px4_msgs/msg/_position_controller_landing_status.py\n'}
[0.489661] (px4_msgs) StdoutLine: {'line': b'-- Up-to-date symlink: /home/lee/workspace/ros2_ex_mav/install/px4_msgs/local/lib/python3.10/dist-packages/px4_msgs/msg/_position_controller_landing_status_s.c\n'}
[0.489693] (px4_msgs) StdoutLine: {'line': b'-- Up-to-date symlink: /home/lee/workspace/ros2_ex_mav/install/px4_msgs/local/lib/python3.10/dist-packages/px4_msgs/msg/_position_controller_status.py\n'}
[0.489727] (px4_msgs) StdoutLine: {'line': b'-- Up-to-date symlink: /home/lee/workspace/ros2_ex_mav/install/px4_msgs/local/lib/python3.10/dist-packages/px4_msgs/msg/_position_controller_status_s.c\n'}
[0.489759] (px4_msgs) StdoutLine: {'line': b'-- Up-to-date symlink: /home/lee/workspace/ros2_ex_mav/install/px4_msgs/local/lib/python3.10/dist-packages/px4_msgs/msg/_position_setpoint.py\n'}
[0.489790] (px4_msgs) StdoutLine: {'line': b'-- Up-to-date symlink: /home/lee/workspace/ros2_ex_mav/install/px4_msgs/local/lib/python3.10/dist-packages/px4_msgs/msg/_position_setpoint_s.c\n'}
[0.489862] (px4_msgs) StdoutLine: {'line': b'-- Up-to-date symlink: /home/lee/workspace/ros2_ex_mav/install/px4_msgs/local/lib/python3.10/dist-packages/px4_msgs/msg/_position_setpoint_triplet.py\n'}
[0.489906] (px4_msgs) StdoutLine: {'line': b'-- Up-to-date symlink: /home/lee/workspace/ros2_ex_mav/install/px4_msgs/local/lib/python3.10/dist-packages/px4_msgs/msg/_position_setpoint_triplet_s.c\n'}
[0.489939] (px4_msgs) StdoutLine: {'line': b'-- Up-to-date symlink: /home/lee/workspace/ros2_ex_mav/install/px4_msgs/local/lib/python3.10/dist-packages/px4_msgs/msg/_power_button_state.py\n'}
[0.489959] (px4_msgs) StdoutLine: {'line': b'-- Up-to-date symlink: /home/lee/workspace/ros2_ex_mav/install/px4_msgs/local/lib/python3.10/dist-packages/px4_msgs/msg/_power_button_state_s.c\n'}
[0.489984] (px4_msgs) StdoutLine: {'line': b'-- Up-to-date symlink: /home/lee/workspace/ros2_ex_mav/install/px4_msgs/local/lib/python3.10/dist-packages/px4_msgs/msg/_power_monitor.py\n'}
[0.490015] (px4_msgs) StdoutLine: {'line': b'-- Up-to-date symlink: /home/lee/workspace/ros2_ex_mav/install/px4_msgs/local/lib/python3.10/dist-packages/px4_msgs/msg/_power_monitor_s.c\n'}
[0.490033] (px4_msgs) StdoutLine: {'line': b'-- Up-to-date symlink: /home/lee/workspace/ros2_ex_mav/install/px4_msgs/local/lib/python3.10/dist-packages/px4_msgs/msg/_pps_capture.py\n'}
[0.490060] (px4_msgs) StdoutLine: {'line': b'-- Up-to-date symlink: /home/lee/workspace/ros2_ex_mav/install/px4_msgs/local/lib/python3.10/dist-packages/px4_msgs/msg/_pps_capture_s.c\n'}
[0.490087] (px4_msgs) StdoutLine: {'line': b'-- Up-to-date symlink: /home/lee/workspace/ros2_ex_mav/install/px4_msgs/local/lib/python3.10/dist-packages/px4_msgs/msg/_pwm_input.py\n'}
[0.490113] (px4_msgs) StdoutLine: {'line': b'-- Up-to-date symlink: /home/lee/workspace/ros2_ex_mav/install/px4_msgs/local/lib/python3.10/dist-packages/px4_msgs/msg/_pwm_input_s.c\n'}
[0.490141] (px4_msgs) StdoutLine: {'line': b'-- Up-to-date symlink: /home/lee/workspace/ros2_ex_mav/install/px4_msgs/local/lib/python3.10/dist-packages/px4_msgs/msg/_px4io_status.py\n'}
[0.490173] (px4_msgs) StdoutLine: {'line': b'-- Up-to-date symlink: /home/lee/workspace/ros2_ex_mav/install/px4_msgs/local/lib/python3.10/dist-packages/px4_msgs/msg/_px4io_status_s.c\n'}
[0.490204] (px4_msgs) StdoutLine: {'line': b'-- Up-to-date symlink: /home/lee/workspace/ros2_ex_mav/install/px4_msgs/local/lib/python3.10/dist-packages/px4_msgs/msg/_qshell_req.py\n'}
[0.490235] (px4_msgs) StdoutLine: {'line': b'-- Up-to-date symlink: /home/lee/workspace/ros2_ex_mav/install/px4_msgs/local/lib/python3.10/dist-packages/px4_msgs/msg/_qshell_req_s.c\n'}
[0.490266] (px4_msgs) StdoutLine: {'line': b'-- Up-to-date symlink: /home/lee/workspace/ros2_ex_mav/install/px4_msgs/local/lib/python3.10/dist-packages/px4_msgs/msg/_qshell_retval.py\n'}
[0.490298] (px4_msgs) StdoutLine: {'line': b'-- Up-to-date symlink: /home/lee/workspace/ros2_ex_mav/install/px4_msgs/local/lib/python3.10/dist-packages/px4_msgs/msg/_qshell_retval_s.c\n'}
[0.490331] (px4_msgs) StdoutLine: {'line': b'-- Up-to-date symlink: /home/lee/workspace/ros2_ex_mav/install/px4_msgs/local/lib/python3.10/dist-packages/px4_msgs/msg/_radio_status.py\n'}
[0.490362] (px4_msgs) StdoutLine: {'line': b'-- Up-to-date symlink: /home/lee/workspace/ros2_ex_mav/install/px4_msgs/local/lib/python3.10/dist-packages/px4_msgs/msg/_radio_status_s.c\n'}
[0.490394] (px4_msgs) StdoutLine: {'line': b'-- Up-to-date symlink: /home/lee/workspace/ros2_ex_mav/install/px4_msgs/local/lib/python3.10/dist-packages/px4_msgs/msg/_rate_ctrl_status.py\n'}
[0.490426] (px4_msgs) StdoutLine: {'line': b'-- Up-to-date symlink: /home/lee/workspace/ros2_ex_mav/install/px4_msgs/local/lib/python3.10/dist-packages/px4_msgs/msg/_rate_ctrl_status_s.c\n'}
[0.490483] (px4_msgs) StdoutLine: {'line': b'-- Up-to-date symlink: /home/lee/workspace/ros2_ex_mav/install/px4_msgs/local/lib/python3.10/dist-packages/px4_msgs/msg/_rc_channels.py\n'}
[0.490520] (px4_msgs) StdoutLine: {'line': b'-- Up-to-date symlink: /home/lee/workspace/ros2_ex_mav/install/px4_msgs/local/lib/python3.10/dist-packages/px4_msgs/msg/_rc_channels_s.c\n'}
[0.490559] (px4_msgs) StdoutLine: {'line': b'-- Up-to-date symlink: /home/lee/workspace/ros2_ex_mav/install/px4_msgs/local/lib/python3.10/dist-packages/px4_msgs/msg/_rc_parameter_map.py\n'}
[0.490579] (px4_msgs) StdoutLine: {'line': b'-- Up-to-date symlink: /home/lee/workspace/ros2_ex_mav/install/px4_msgs/local/lib/python3.10/dist-packages/px4_msgs/msg/_rc_parameter_map_s.c\n'}
[0.490616] (px4_msgs) StdoutLine: {'line': b'-- Up-to-date symlink: /home/lee/workspace/ros2_ex_mav/install/px4_msgs/local/lib/python3.10/dist-packages/px4_msgs/msg/_rpm.py\n'}
[0.490654] (px4_msgs) StdoutLine: {'line': b'-- Up-to-date symlink: /home/lee/workspace/ros2_ex_mav/install/px4_msgs/local/lib/python3.10/dist-packages/px4_msgs/msg/_rpm_s.c\n'}
[0.490696] (px4_msgs) StdoutLine: {'line': b'-- Up-to-date symlink: /home/lee/workspace/ros2_ex_mav/install/px4_msgs/local/lib/python3.10/dist-packages/px4_msgs/msg/_rtl_time_estimate.py\n'}
[0.490719] (px4_msgs) StdoutLine: {'line': b'-- Up-to-date symlink: /home/lee/workspace/ros2_ex_mav/install/px4_msgs/local/lib/python3.10/dist-packages/px4_msgs/msg/_rtl_time_estimate_s.c\n'}
[0.490759] (px4_msgs) StdoutLine: {'line': b'-- Up-to-date symlink: /home/lee/workspace/ros2_ex_mav/install/px4_msgs/local/lib/python3.10/dist-packages/px4_msgs/msg/_satellite_info.py\n'}
[0.490778] (px4_msgs) StdoutLine: {'line': b'-- Up-to-date symlink: /home/lee/workspace/ros2_ex_mav/install/px4_msgs/local/lib/python3.10/dist-packages/px4_msgs/msg/_satellite_info_s.c\n'}
[0.490817] (px4_msgs) StdoutLine: {'line': b'-- Up-to-date symlink: /home/lee/workspace/ros2_ex_mav/install/px4_msgs/local/lib/python3.10/dist-packages/px4_msgs/msg/_sensor_accel.py\n'}
[0.490853] (px4_msgs) StdoutLine: {'line': b'-- Up-to-date symlink: /home/lee/workspace/ros2_ex_mav/install/px4_msgs/local/lib/python3.10/dist-packages/px4_msgs/msg/_sensor_accel_fifo.py\n'}
[0.490892] (px4_msgs) StdoutLine: {'line': b'-- Up-to-date symlink: /home/lee/workspace/ros2_ex_mav/install/px4_msgs/local/lib/python3.10/dist-packages/px4_msgs/msg/_sensor_accel_fifo_s.c\n'}
[0.490912] (px4_msgs) StdoutLine: {'line': b'-- Up-to-date symlink: /home/lee/workspace/ros2_ex_mav/install/px4_msgs/local/lib/python3.10/dist-packages/px4_msgs/msg/_sensor_accel_s.c\n'}
[0.490949] (px4_msgs) StdoutLine: {'line': b'-- Up-to-date symlink: /home/lee/workspace/ros2_ex_mav/install/px4_msgs/local/lib/python3.10/dist-packages/px4_msgs/msg/_sensor_baro.py\n'}
[0.490968] (px4_msgs) StdoutLine: {'line': b'-- Up-to-date symlink: /home/lee/workspace/ros2_ex_mav/install/px4_msgs/local/lib/python3.10/dist-packages/px4_msgs/msg/_sensor_baro_s.c\n'}
[0.491005] (px4_msgs) StdoutLine: {'line': b'-- Up-to-date symlink: /home/lee/workspace/ros2_ex_mav/install/px4_msgs/local/lib/python3.10/dist-packages/px4_msgs/msg/_sensor_combined.py\n'}
[0.491023] (px4_msgs) StdoutLine: {'line': b'-- Up-to-date symlink: /home/lee/workspace/ros2_ex_mav/install/px4_msgs/local/lib/python3.10/dist-packages/px4_msgs/msg/_sensor_combined_s.c\n'}
[0.491060] (px4_msgs) StdoutLine: {'line': b'-- Up-to-date symlink: /home/lee/workspace/ros2_ex_mav/install/px4_msgs/local/lib/python3.10/dist-packages/px4_msgs/msg/_sensor_correction.py\n'}
[0.491079] (px4_msgs) StdoutLine: {'line': b'-- Up-to-date symlink: /home/lee/workspace/ros2_ex_mav/install/px4_msgs/local/lib/python3.10/dist-packages/px4_msgs/msg/_sensor_correction_s.c\n'}
[0.491112] (px4_msgs) StdoutLine: {'line': b'-- Up-to-date symlink: /home/lee/workspace/ros2_ex_mav/install/px4_msgs/local/lib/python3.10/dist-packages/px4_msgs/msg/_sensor_gnss_relative.py\n'}
[0.491145] (px4_msgs) StdoutLine: {'line': b'-- Up-to-date symlink: /home/lee/workspace/ros2_ex_mav/install/px4_msgs/local/lib/python3.10/dist-packages/px4_msgs/msg/_sensor_gnss_relative_s.c\n'}
[0.491184] (px4_msgs) StdoutLine: {'line': b'-- Up-to-date symlink: /home/lee/workspace/ros2_ex_mav/install/px4_msgs/local/lib/python3.10/dist-packages/px4_msgs/msg/_sensor_gps.py\n'}
[0.491203] (px4_msgs) StdoutLine: {'line': b'-- Up-to-date symlink: /home/lee/workspace/ros2_ex_mav/install/px4_msgs/local/lib/python3.10/dist-packages/px4_msgs/msg/_sensor_gps_s.c\n'}
[0.491235] (px4_msgs) StdoutLine: {'line': b'-- Up-to-date symlink: /home/lee/workspace/ros2_ex_mav/install/px4_msgs/local/lib/python3.10/dist-packages/px4_msgs/msg/_sensor_gyro.py\n'}
[0.491267] (px4_msgs) StdoutLine: {'line': b'-- Up-to-date symlink: /home/lee/workspace/ros2_ex_mav/install/px4_msgs/local/lib/python3.10/dist-packages/px4_msgs/msg/_sensor_gyro_fft.py\n'}
[0.491300] (px4_msgs) StdoutLine: {'line': b'-- Up-to-date symlink: /home/lee/workspace/ros2_ex_mav/install/px4_msgs/local/lib/python3.10/dist-packages/px4_msgs/msg/_sensor_gyro_fft_s.c\n'}
[0.491337] (px4_msgs) StdoutLine: {'line': b'-- Up-to-date symlink: /home/lee/workspace/ros2_ex_mav/install/px4_msgs/local/lib/python3.10/dist-packages/px4_msgs/msg/_sensor_gyro_fifo.py\n'}
[0.491370] (px4_msgs) StdoutLine: {'line': b'-- Up-to-date symlink: /home/lee/workspace/ros2_ex_mav/install/px4_msgs/local/lib/python3.10/dist-packages/px4_msgs/msg/_sensor_gyro_fifo_s.c\n'}
[0.491409] (px4_msgs) StdoutLine: {'line': b'-- Up-to-date symlink: /home/lee/workspace/ros2_ex_mav/install/px4_msgs/local/lib/python3.10/dist-packages/px4_msgs/msg/_sensor_gyro_s.c\n'}
[0.491428] (px4_msgs) StdoutLine: {'line': b'-- Up-to-date symlink: /home/lee/workspace/ros2_ex_mav/install/px4_msgs/local/lib/python3.10/dist-packages/px4_msgs/msg/_sensor_hygrometer.py\n'}
[0.491466] (px4_msgs) StdoutLine: {'line': b'-- Up-to-date symlink: /home/lee/workspace/ros2_ex_mav/install/px4_msgs/local/lib/python3.10/dist-packages/px4_msgs/msg/_sensor_hygrometer_s.c\n'}
[0.491486] (px4_msgs) StdoutLine: {'line': b'-- Up-to-date symlink: /home/lee/workspace/ros2_ex_mav/install/px4_msgs/local/lib/python3.10/dist-packages/px4_msgs/msg/_sensor_mag.py\n'}
[0.491513] (px4_msgs) StdoutLine: {'line': b'-- Up-to-date symlink: /home/lee/workspace/ros2_ex_mav/install/px4_msgs/local/lib/python3.10/dist-packages/px4_msgs/msg/_sensor_mag_s.c\n'}
[0.491548] (px4_msgs) StdoutLine: {'line': b'-- Up-to-date symlink: /home/lee/workspace/ros2_ex_mav/install/px4_msgs/local/lib/python3.10/dist-packages/px4_msgs/msg/_sensor_optical_flow.py\n'}
[0.491580] (px4_msgs) StdoutLine: {'line': b'-- Up-to-date symlink: /home/lee/workspace/ros2_ex_mav/install/px4_msgs/local/lib/python3.10/dist-packages/px4_msgs/msg/_sensor_optical_flow_s.c\n'}
[0.491608] (px4_msgs) StdoutLine: {'line': b'-- Up-to-date symlink: /home/lee/workspace/ros2_ex_mav/install/px4_msgs/local/lib/python3.10/dist-packages/px4_msgs/msg/_sensor_preflight_mag.py\n'}
[0.491638] (px4_msgs) StdoutLine: {'line': b'-- Up-to-date symlink: /home/lee/workspace/ros2_ex_mav/install/px4_msgs/local/lib/python3.10/dist-packages/px4_msgs/msg/_sensor_preflight_mag_s.c\n'}
[0.491669] (px4_msgs) StdoutLine: {'line': b'-- Up-to-date symlink: /home/lee/workspace/ros2_ex_mav/install/px4_msgs/local/lib/python3.10/dist-packages/px4_msgs/msg/_sensor_selection.py\n'}
[0.491702] (px4_msgs) StdoutLine: {'line': b'-- Up-to-date symlink: /home/lee/workspace/ros2_ex_mav/install/px4_msgs/local/lib/python3.10/dist-packages/px4_msgs/msg/_sensor_selection_s.c\n'}
[0.491734] (px4_msgs) StdoutLine: {'line': b'-- Up-to-date symlink: /home/lee/workspace/ros2_ex_mav/install/px4_msgs/local/lib/python3.10/dist-packages/px4_msgs/msg/_sensor_uwb.py\n'}
[0.491773] (px4_msgs) StdoutLine: {'line': b'-- Up-to-date symlink: /home/lee/workspace/ros2_ex_mav/install/px4_msgs/local/lib/python3.10/dist-packages/px4_msgs/msg/_sensor_uwb_s.c\n'}
[0.491809] (px4_msgs) StdoutLine: {'line': b'-- Up-to-date symlink: /home/lee/workspace/ros2_ex_mav/install/px4_msgs/local/lib/python3.10/dist-packages/px4_msgs/msg/_sensors_status.py\n'}
[0.491848] (px4_msgs) StdoutLine: {'line': b'-- Up-to-date symlink: /home/lee/workspace/ros2_ex_mav/install/px4_msgs/local/lib/python3.10/dist-packages/px4_msgs/msg/_sensors_status_imu.py\n'}
[0.491866] (px4_msgs) StdoutLine: {'line': b'-- Up-to-date symlink: /home/lee/workspace/ros2_ex_mav/install/px4_msgs/local/lib/python3.10/dist-packages/px4_msgs/msg/_sensors_status_imu_s.c\n'}
[0.491899] (px4_msgs) StdoutLine: {'line': b'-- Up-to-date symlink: /home/lee/workspace/ros2_ex_mav/install/px4_msgs/local/lib/python3.10/dist-packages/px4_msgs/msg/_sensors_status_s.c\n'}
[0.491932] (px4_msgs) StdoutLine: {'line': b'-- Up-to-date symlink: /home/lee/workspace/ros2_ex_mav/install/px4_msgs/local/lib/python3.10/dist-packages/px4_msgs/msg/_system_power.py\n'}
[0.491964] (px4_msgs) StdoutLine: {'line': b'-- Up-to-date symlink: /home/lee/workspace/ros2_ex_mav/install/px4_msgs/local/lib/python3.10/dist-packages/px4_msgs/msg/_system_power_s.c\n'}
[0.491997] (px4_msgs) StdoutLine: {'line': b'-- Up-to-date symlink: /home/lee/workspace/ros2_ex_mav/install/px4_msgs/local/lib/python3.10/dist-packages/px4_msgs/msg/_takeoff_status.py\n'}
[0.492024] (px4_msgs) StdoutLine: {'line': b'-- Up-to-date symlink: /home/lee/workspace/ros2_ex_mav/install/px4_msgs/local/lib/python3.10/dist-packages/px4_msgs/msg/_takeoff_status_s.c\n'}
[0.492058] (px4_msgs) StdoutLine: {'line': b'-- Up-to-date symlink: /home/lee/workspace/ros2_ex_mav/install/px4_msgs/local/lib/python3.10/dist-packages/px4_msgs/msg/_task_stack_info.py\n'}
[0.492091] (px4_msgs) StdoutLine: {'line': b'-- Up-to-date symlink: /home/lee/workspace/ros2_ex_mav/install/px4_msgs/local/lib/python3.10/dist-packages/px4_msgs/msg/_task_stack_info_s.c\n'}
[0.492119] (px4_msgs) StdoutLine: {'line': b'-- Up-to-date symlink: /home/lee/workspace/ros2_ex_mav/install/px4_msgs/local/lib/python3.10/dist-packages/px4_msgs/msg/_tecs_status.py\n'}
[0.492151] (px4_msgs) StdoutLine: {'line': b'-- Up-to-date symlink: /home/lee/workspace/ros2_ex_mav/install/px4_msgs/local/lib/python3.10/dist-packages/px4_msgs/msg/_tecs_status_s.c\n'}
[0.492186] (px4_msgs) StdoutLine: {'line': b'-- Up-to-date symlink: /home/lee/workspace/ros2_ex_mav/install/px4_msgs/local/lib/python3.10/dist-packages/px4_msgs/msg/_telemetry_status.py\n'}
[0.492212] (px4_msgs) StdoutLine: {'line': b'-- Up-to-date symlink: /home/lee/workspace/ros2_ex_mav/install/px4_msgs/local/lib/python3.10/dist-packages/px4_msgs/msg/_telemetry_status_s.c\n'}
[0.492239] (px4_msgs) StdoutLine: {'line': b'-- Up-to-date symlink: /home/lee/workspace/ros2_ex_mav/install/px4_msgs/local/lib/python3.10/dist-packages/px4_msgs/msg/_tiltrotor_extra_controls.py\n'}
[0.492270] (px4_msgs) StdoutLine: {'line': b'-- Up-to-date symlink: /home/lee/workspace/ros2_ex_mav/install/px4_msgs/local/lib/python3.10/dist-packages/px4_msgs/msg/_tiltrotor_extra_controls_s.c\n'}
[0.492302] (px4_msgs) StdoutLine: {'line': b'-- Up-to-date symlink: /home/lee/workspace/ros2_ex_mav/install/px4_msgs/local/lib/python3.10/dist-packages/px4_msgs/msg/_timesync_status.py\n'}
[0.492338] (px4_msgs) StdoutLine: {'line': b'-- Up-to-date symlink: /home/lee/workspace/ros2_ex_mav/install/px4_msgs/local/lib/python3.10/dist-packages/px4_msgs/msg/_timesync_status_s.c\n'}
[0.492373] (px4_msgs) StdoutLine: {'line': b'-- Up-to-date symlink: /home/lee/workspace/ros2_ex_mav/install/px4_msgs/local/lib/python3.10/dist-packages/px4_msgs/msg/_trajectory_bezier.py\n'}
[0.492407] (px4_msgs) StdoutLine: {'line': b'-- Up-to-date symlink: /home/lee/workspace/ros2_ex_mav/install/px4_msgs/local/lib/python3.10/dist-packages/px4_msgs/msg/_trajectory_bezier_s.c\n'}
[0.492435] (px4_msgs) StdoutLine: {'line': b'-- Up-to-date symlink: /home/lee/workspace/ros2_ex_mav/install/px4_msgs/local/lib/python3.10/dist-packages/px4_msgs/msg/_trajectory_setpoint.py\n'}
[0.492469] (px4_msgs) StdoutLine: {'line': b'-- Up-to-date symlink: /home/lee/workspace/ros2_ex_mav/install/px4_msgs/local/lib/python3.10/dist-packages/px4_msgs/msg/_trajectory_setpoint_s.c\n'}
[0.492504] (px4_msgs) StdoutLine: {'line': b'-- Up-to-date symlink: /home/lee/workspace/ros2_ex_mav/install/px4_msgs/local/lib/python3.10/dist-packages/px4_msgs/msg/_trajectory_waypoint.py\n'}
[0.492536] (px4_msgs) StdoutLine: {'line': b'-- Up-to-date symlink: /home/lee/workspace/ros2_ex_mav/install/px4_msgs/local/lib/python3.10/dist-packages/px4_msgs/msg/_trajectory_waypoint_s.c\n'}
[0.492570] (px4_msgs) StdoutLine: {'line': b'-- Up-to-date symlink: /home/lee/workspace/ros2_ex_mav/install/px4_msgs/local/lib/python3.10/dist-packages/px4_msgs/msg/_transponder_report.py\n'}
[0.492596] (px4_msgs) StdoutLine: {'line': b'-- Up-to-date symlink: /home/lee/workspace/ros2_ex_mav/install/px4_msgs/local/lib/python3.10/dist-packages/px4_msgs/msg/_transponder_report_s.c\n'}
[0.492629] (px4_msgs) StdoutLine: {'line': b'-- Up-to-date symlink: /home/lee/workspace/ros2_ex_mav/install/px4_msgs/local/lib/python3.10/dist-packages/px4_msgs/msg/_tune_control.py\n'}
[0.492661] (px4_msgs) StdoutLine: {'line': b'-- Up-to-date symlink: /home/lee/workspace/ros2_ex_mav/install/px4_msgs/local/lib/python3.10/dist-packages/px4_msgs/msg/_tune_control_s.c\n'}
[0.492694] (px4_msgs) StdoutLine: {'line': b'-- Up-to-date symlink: /home/lee/workspace/ros2_ex_mav/install/px4_msgs/local/lib/python3.10/dist-packages/px4_msgs/msg/_uavcan_parameter_request.py\n'}
[0.492721] (px4_msgs) StdoutLine: {'line': b'-- Up-to-date symlink: /home/lee/workspace/ros2_ex_mav/install/px4_msgs/local/lib/python3.10/dist-packages/px4_msgs/msg/_uavcan_parameter_request_s.c\n'}
[0.492748] (px4_msgs) StdoutLine: {'line': b'-- Up-to-date symlink: /home/lee/workspace/ros2_ex_mav/install/px4_msgs/local/lib/python3.10/dist-packages/px4_msgs/msg/_uavcan_parameter_value.py\n'}
[0.492789] (px4_msgs) StdoutLine: {'line': b'-- Up-to-date symlink: /home/lee/workspace/ros2_ex_mav/install/px4_msgs/local/lib/python3.10/dist-packages/px4_msgs/msg/_uavcan_parameter_value_s.c\n'}
[0.492850] (px4_msgs) StdoutLine: {'line': b'-- Up-to-date symlink: /home/lee/workspace/ros2_ex_mav/install/px4_msgs/local/lib/python3.10/dist-packages/px4_msgs/msg/_ulog_stream.py\n'}
[0.492891] (px4_msgs) StdoutLine: {'line': b'-- Up-to-date symlink: /home/lee/workspace/ros2_ex_mav/install/px4_msgs/local/lib/python3.10/dist-packages/px4_msgs/msg/_ulog_stream_ack.py\n'}
[0.492942] (px4_msgs) StdoutLine: {'line': b'-- Up-to-date symlink: /home/lee/workspace/ros2_ex_mav/install/px4_msgs/local/lib/python3.10/dist-packages/px4_msgs/msg/_ulog_stream_ack_s.c\n'}
[0.492969] (px4_msgs) StdoutLine: {'line': b'-- Up-to-date symlink: /home/lee/workspace/ros2_ex_mav/install/px4_msgs/local/lib/python3.10/dist-packages/px4_msgs/msg/_ulog_stream_s.c\n'}
[0.492989] (px4_msgs) StdoutLine: {'line': b'-- Up-to-date symlink: /home/lee/workspace/ros2_ex_mav/install/px4_msgs/local/lib/python3.10/dist-packages/px4_msgs/msg/_vehicle_acceleration.py\n'}
[0.493030] (px4_msgs) StdoutLine: {'line': b'-- Up-to-date symlink: /home/lee/workspace/ros2_ex_mav/install/px4_msgs/local/lib/python3.10/dist-packages/px4_msgs/msg/_vehicle_acceleration_s.c\n'}
[0.493061] (px4_msgs) StdoutLine: {'line': b'-- Up-to-date symlink: /home/lee/workspace/ros2_ex_mav/install/px4_msgs/local/lib/python3.10/dist-packages/px4_msgs/msg/_vehicle_air_data.py\n'}
[0.493079] (px4_msgs) StdoutLine: {'line': b'-- Up-to-date symlink: /home/lee/workspace/ros2_ex_mav/install/px4_msgs/local/lib/python3.10/dist-packages/px4_msgs/msg/_vehicle_air_data_s.c\n'}
[0.493098] (px4_msgs) StdoutLine: {'line': b'-- Up-to-date symlink: /home/lee/workspace/ros2_ex_mav/install/px4_msgs/local/lib/python3.10/dist-packages/px4_msgs/msg/_vehicle_angular_acceleration_setpoint.py\n'}
[0.493136] (px4_msgs) StdoutLine: {'line': b'-- Up-to-date symlink: /home/lee/workspace/ros2_ex_mav/install/px4_msgs/local/lib/python3.10/dist-packages/px4_msgs/msg/_vehicle_angular_acceleration_setpoint_s.c\n'}
[0.493156] (px4_msgs) StdoutLine: {'line': b'-- Up-to-date symlink: /home/lee/workspace/ros2_ex_mav/install/px4_msgs/local/lib/python3.10/dist-packages/px4_msgs/msg/_vehicle_angular_velocity.py\n'}
[0.493194] (px4_msgs) StdoutLine: {'line': b'-- Up-to-date symlink: /home/lee/workspace/ros2_ex_mav/install/px4_msgs/local/lib/python3.10/dist-packages/px4_msgs/msg/_vehicle_angular_velocity_s.c\n'}
[0.493212] (px4_msgs) StdoutLine: {'line': b'-- Up-to-date symlink: /home/lee/workspace/ros2_ex_mav/install/px4_msgs/local/lib/python3.10/dist-packages/px4_msgs/msg/_vehicle_attitude.py\n'}
[0.493250] (px4_msgs) StdoutLine: {'line': b'-- Up-to-date symlink: /home/lee/workspace/ros2_ex_mav/install/px4_msgs/local/lib/python3.10/dist-packages/px4_msgs/msg/_vehicle_attitude_s.c\n'}
[0.493271] (px4_msgs) StdoutLine: {'line': b'-- Up-to-date symlink: /home/lee/workspace/ros2_ex_mav/install/px4_msgs/local/lib/python3.10/dist-packages/px4_msgs/msg/_vehicle_attitude_setpoint.py\n'}
[0.493298] (px4_msgs) StdoutLine: {'line': b'-- Up-to-date symlink: /home/lee/workspace/ros2_ex_mav/install/px4_msgs/local/lib/python3.10/dist-packages/px4_msgs/msg/_vehicle_attitude_setpoint_s.c\n'}
[0.493328] (px4_msgs) StdoutLine: {'line': b'-- Up-to-date symlink: /home/lee/workspace/ros2_ex_mav/install/px4_msgs/local/lib/python3.10/dist-packages/px4_msgs/msg/_vehicle_command.py\n'}
[0.493356] (px4_msgs) StdoutLine: {'line': b'-- Up-to-date symlink: /home/lee/workspace/ros2_ex_mav/install/px4_msgs/local/lib/python3.10/dist-packages/px4_msgs/msg/_vehicle_command_ack.py\n'}
[0.493390] (px4_msgs) StdoutLine: {'line': b'-- Up-to-date symlink: /home/lee/workspace/ros2_ex_mav/install/px4_msgs/local/lib/python3.10/dist-packages/px4_msgs/msg/_vehicle_command_ack_s.c\n'}
[0.493439] (px4_msgs) StdoutLine: {'line': b'-- Up-to-date symlink: /home/lee/workspace/ros2_ex_mav/install/px4_msgs/local/lib/python3.10/dist-packages/px4_msgs/msg/_vehicle_command_s.c\n'}
[0.493465] (px4_msgs) StdoutLine: {'line': b'-- Up-to-date symlink: /home/lee/workspace/ros2_ex_mav/install/px4_msgs/local/lib/python3.10/dist-packages/px4_msgs/msg/_vehicle_constraints.py\n'}
[0.493498] (px4_msgs) StdoutLine: {'line': b'-- Up-to-date symlink: /home/lee/workspace/ros2_ex_mav/install/px4_msgs/local/lib/python3.10/dist-packages/px4_msgs/msg/_vehicle_constraints_s.c\n'}
[0.493540] (px4_msgs) StdoutLine: {'line': b'-- Up-to-date symlink: /home/lee/workspace/ros2_ex_mav/install/px4_msgs/local/lib/python3.10/dist-packages/px4_msgs/msg/_vehicle_control_mode.py\n'}
[0.493560] (px4_msgs) StdoutLine: {'line': b'-- Up-to-date symlink: /home/lee/workspace/ros2_ex_mav/install/px4_msgs/local/lib/python3.10/dist-packages/px4_msgs/msg/_vehicle_control_mode_s.c\n'}
[0.493594] (px4_msgs) StdoutLine: {'line': b'-- Up-to-date symlink: /home/lee/workspace/ros2_ex_mav/install/px4_msgs/local/lib/python3.10/dist-packages/px4_msgs/msg/_vehicle_global_position.py\n'}
[0.493634] (px4_msgs) StdoutLine: {'line': b'-- Up-to-date symlink: /home/lee/workspace/ros2_ex_mav/install/px4_msgs/local/lib/python3.10/dist-packages/px4_msgs/msg/_vehicle_global_position_s.c\n'}
[0.493655] (px4_msgs) StdoutLine: {'line': b'-- Up-to-date symlink: /home/lee/workspace/ros2_ex_mav/install/px4_msgs/local/lib/python3.10/dist-packages/px4_msgs/msg/_vehicle_imu.py\n'}
[0.493689] (px4_msgs) StdoutLine: {'line': b'-- Up-to-date symlink: /home/lee/workspace/ros2_ex_mav/install/px4_msgs/local/lib/python3.10/dist-packages/px4_msgs/msg/_vehicle_imu_s.c\n'}
[0.493723] (px4_msgs) StdoutLine: {'line': b'-- Up-to-date symlink: /home/lee/workspace/ros2_ex_mav/install/px4_msgs/local/lib/python3.10/dist-packages/px4_msgs/msg/_vehicle_imu_status.py\n'}
[0.493753] (px4_msgs) StdoutLine: {'line': b'-- Up-to-date symlink: /home/lee/workspace/ros2_ex_mav/install/px4_msgs/local/lib/python3.10/dist-packages/px4_msgs/msg/_vehicle_imu_status_s.c\n'}
[0.493794] (px4_msgs) StdoutLine: {'line': b'-- Up-to-date symlink: /home/lee/workspace/ros2_ex_mav/install/px4_msgs/local/lib/python3.10/dist-packages/px4_msgs/msg/_vehicle_land_detected.py\n'}
[0.493813] (px4_msgs) StdoutLine: {'line': b'-- Up-to-date symlink: /home/lee/workspace/ros2_ex_mav/install/px4_msgs/local/lib/python3.10/dist-packages/px4_msgs/msg/_vehicle_land_detected_s.c\n'}
[0.493853] (px4_msgs) StdoutLine: {'line': b'-- Up-to-date symlink: /home/lee/workspace/ros2_ex_mav/install/px4_msgs/local/lib/python3.10/dist-packages/px4_msgs/msg/_vehicle_local_position.py\n'}
[0.493873] (px4_msgs) StdoutLine: {'line': b'-- Up-to-date symlink: /home/lee/workspace/ros2_ex_mav/install/px4_msgs/local/lib/python3.10/dist-packages/px4_msgs/msg/_vehicle_local_position_s.c\n'}
[0.493900] (px4_msgs) StdoutLine: {'line': b'-- Up-to-date symlink: /home/lee/workspace/ros2_ex_mav/install/px4_msgs/local/lib/python3.10/dist-packages/px4_msgs/msg/_vehicle_local_position_setpoint.py\n'}
[0.493934] (px4_msgs) StdoutLine: {'line': b'-- Up-to-date symlink: /home/lee/workspace/ros2_ex_mav/install/px4_msgs/local/lib/python3.10/dist-packages/px4_msgs/msg/_vehicle_local_position_setpoint_s.c\n'}
[0.493962] (px4_msgs) StdoutLine: {'line': b'-- Up-to-date symlink: /home/lee/workspace/ros2_ex_mav/install/px4_msgs/local/lib/python3.10/dist-packages/px4_msgs/msg/_vehicle_magnetometer.py\n'}
[0.493994] (px4_msgs) StdoutLine: {'line': b'-- Up-to-date symlink: /home/lee/workspace/ros2_ex_mav/install/px4_msgs/local/lib/python3.10/dist-packages/px4_msgs/msg/_vehicle_magnetometer_s.c\n'}
[0.494028] (px4_msgs) StdoutLine: {'line': b'-- Up-to-date symlink: /home/lee/workspace/ros2_ex_mav/install/px4_msgs/local/lib/python3.10/dist-packages/px4_msgs/msg/_vehicle_odometry.py\n'}
[0.494057] (px4_msgs) StdoutLine: {'line': b'-- Up-to-date symlink: /home/lee/workspace/ros2_ex_mav/install/px4_msgs/local/lib/python3.10/dist-packages/px4_msgs/msg/_vehicle_odometry_s.c\n'}
[0.494084] (px4_msgs) StdoutLine: {'line': b'-- Up-to-date symlink: /home/lee/workspace/ros2_ex_mav/install/px4_msgs/local/lib/python3.10/dist-packages/px4_msgs/msg/_vehicle_optical_flow.py\n'}
[0.494116] (px4_msgs) StdoutLine: {'line': b'-- Up-to-date symlink: /home/lee/workspace/ros2_ex_mav/install/px4_msgs/local/lib/python3.10/dist-packages/px4_msgs/msg/_vehicle_optical_flow_s.c\n'}
[0.494147] (px4_msgs) StdoutLine: {'line': b'-- Up-to-date symlink: /home/lee/workspace/ros2_ex_mav/install/px4_msgs/local/lib/python3.10/dist-packages/px4_msgs/msg/_vehicle_optical_flow_vel.py\n'}
[0.494179] (px4_msgs) StdoutLine: {'line': b'-- Up-to-date symlink: /home/lee/workspace/ros2_ex_mav/install/px4_msgs/local/lib/python3.10/dist-packages/px4_msgs/msg/_vehicle_optical_flow_vel_s.c\n'}
[0.494210] (px4_msgs) StdoutLine: {'line': b'-- Up-to-date symlink: /home/lee/workspace/ros2_ex_mav/install/px4_msgs/local/lib/python3.10/dist-packages/px4_msgs/msg/_vehicle_rates_setpoint.py\n'}
[0.494243] (px4_msgs) StdoutLine: {'line': b'-- Up-to-date symlink: /home/lee/workspace/ros2_ex_mav/install/px4_msgs/local/lib/python3.10/dist-packages/px4_msgs/msg/_vehicle_rates_setpoint_s.c\n'}
[0.494274] (px4_msgs) StdoutLine: {'line': b'-- Up-to-date symlink: /home/lee/workspace/ros2_ex_mav/install/px4_msgs/local/lib/python3.10/dist-packages/px4_msgs/msg/_vehicle_roi.py\n'}
[0.494305] (px4_msgs) StdoutLine: {'line': b'-- Up-to-date symlink: /home/lee/workspace/ros2_ex_mav/install/px4_msgs/local/lib/python3.10/dist-packages/px4_msgs/msg/_vehicle_roi_s.c\n'}
[0.494344] (px4_msgs) StdoutLine: {'line': b'-- Up-to-date symlink: /home/lee/workspace/ros2_ex_mav/install/px4_msgs/local/lib/python3.10/dist-packages/px4_msgs/msg/_vehicle_status.py\n'}
[0.494371] (px4_msgs) StdoutLine: {'line': b'-- Up-to-date symlink: /home/lee/workspace/ros2_ex_mav/install/px4_msgs/local/lib/python3.10/dist-packages/px4_msgs/msg/_vehicle_status_s.c\n'}
[0.494402] (px4_msgs) StdoutLine: {'line': b'-- Up-to-date symlink: /home/lee/workspace/ros2_ex_mav/install/px4_msgs/local/lib/python3.10/dist-packages/px4_msgs/msg/_vehicle_thrust_setpoint.py\n'}
[0.494435] (px4_msgs) StdoutLine: {'line': b'-- Up-to-date symlink: /home/lee/workspace/ros2_ex_mav/install/px4_msgs/local/lib/python3.10/dist-packages/px4_msgs/msg/_vehicle_thrust_setpoint_s.c\n'}
[0.494467] (px4_msgs) StdoutLine: {'line': b'-- Up-to-date symlink: /home/lee/workspace/ros2_ex_mav/install/px4_msgs/local/lib/python3.10/dist-packages/px4_msgs/msg/_vehicle_torque_setpoint.py\n'}
[0.494498] (px4_msgs) StdoutLine: {'line': b'-- Up-to-date symlink: /home/lee/workspace/ros2_ex_mav/install/px4_msgs/local/lib/python3.10/dist-packages/px4_msgs/msg/_vehicle_torque_setpoint_s.c\n'}
[0.494530] (px4_msgs) StdoutLine: {'line': b'-- Up-to-date symlink: /home/lee/workspace/ros2_ex_mav/install/px4_msgs/local/lib/python3.10/dist-packages/px4_msgs/msg/_vehicle_trajectory_bezier.py\n'}
[0.494563] (px4_msgs) StdoutLine: {'line': b'-- Up-to-date symlink: /home/lee/workspace/ros2_ex_mav/install/px4_msgs/local/lib/python3.10/dist-packages/px4_msgs/msg/_vehicle_trajectory_bezier_s.c\n'}
[0.494594] (px4_msgs) StdoutLine: {'line': b'-- Up-to-date symlink: /home/lee/workspace/ros2_ex_mav/install/px4_msgs/local/lib/python3.10/dist-packages/px4_msgs/msg/_vehicle_trajectory_waypoint.py\n'}
[0.494626] (px4_msgs) StdoutLine: {'line': b'-- Up-to-date symlink: /home/lee/workspace/ros2_ex_mav/install/px4_msgs/local/lib/python3.10/dist-packages/px4_msgs/msg/_vehicle_trajectory_waypoint_s.c\n'}
[0.494657] (px4_msgs) StdoutLine: {'line': b'-- Up-to-date symlink: /home/lee/workspace/ros2_ex_mav/install/px4_msgs/local/lib/python3.10/dist-packages/px4_msgs/msg/_vtol_vehicle_status.py\n'}
[0.494690] (px4_msgs) StdoutLine: {'line': b'-- Up-to-date symlink: /home/lee/workspace/ros2_ex_mav/install/px4_msgs/local/lib/python3.10/dist-packages/px4_msgs/msg/_vtol_vehicle_status_s.c\n'}
[0.494723] (px4_msgs) StdoutLine: {'line': b'-- Up-to-date symlink: /home/lee/workspace/ros2_ex_mav/install/px4_msgs/local/lib/python3.10/dist-packages/px4_msgs/msg/_wind.py\n'}
[0.494754] (px4_msgs) StdoutLine: {'line': b'-- Up-to-date symlink: /home/lee/workspace/ros2_ex_mav/install/px4_msgs/local/lib/python3.10/dist-packages/px4_msgs/msg/_wind_s.c\n'}
[0.494785] (px4_msgs) StdoutLine: {'line': b'-- Up-to-date symlink: /home/lee/workspace/ros2_ex_mav/install/px4_msgs/local/lib/python3.10/dist-packages/px4_msgs/msg/_yaw_estimator_status.py\n'}
[0.494816] (px4_msgs) StdoutLine: {'line': b'-- Up-to-date symlink: /home/lee/workspace/ros2_ex_mav/install/px4_msgs/local/lib/python3.10/dist-packages/px4_msgs/msg/_yaw_estimator_status_s.c\n'}
[0.494851] (px4_msgs) StdoutLine: {'line': b'-- Up-to-date symlink: /home/lee/workspace/ros2_ex_mav/install/px4_msgs/local/lib/python3.10/dist-packages/px4_msgs/px4_msgs_s__rosidl_typesupport_c.cpython-310-x86_64-linux-gnu.so\n'}
[0.494883] (px4_msgs) StdoutLine: {'line': b'-- Up-to-date symlink: /home/lee/workspace/ros2_ex_mav/install/px4_msgs/local/lib/python3.10/dist-packages/px4_msgs/px4_msgs_s__rosidl_typesupport_fastrtps_c.cpython-310-x86_64-linux-gnu.so\n'}
[0.494915] (px4_msgs) StdoutLine: {'line': b'-- Up-to-date symlink: /home/lee/workspace/ros2_ex_mav/install/px4_msgs/local/lib/python3.10/dist-packages/px4_msgs/px4_msgs_s__rosidl_typesupport_introspection_c.cpython-310-x86_64-linux-gnu.so\n'}
[0.495037] (px4_msgs) StdoutLine: {'line': b'-- Up-to-date symlink: /home/lee/workspace/ros2_ex_mav/install/px4_msgs/local/lib/python3.10/dist-packages/px4_msgs/px4_msgs_s__rosidl_typesupport_fastrtps_c.cpython-310-x86_64-linux-gnu.so\n'}
[0.495132] (px4_msgs) StdoutLine: {'line': b'-- Up-to-date symlink: /home/lee/workspace/ros2_ex_mav/install/px4_msgs/local/lib/python3.10/dist-packages/px4_msgs/px4_msgs_s__rosidl_typesupport_introspection_c.cpython-310-x86_64-linux-gnu.so\n'}
[0.495216] (px4_msgs) StdoutLine: {'line': b'-- Up-to-date symlink: /home/lee/workspace/ros2_ex_mav/install/px4_msgs/local/lib/python3.10/dist-packages/px4_msgs/px4_msgs_s__rosidl_typesupport_c.cpython-310-x86_64-linux-gnu.so\n'}
[0.495277] (px4_msgs) StdoutLine: {'line': b'-- Up-to-date symlink: /home/lee/workspace/ros2_ex_mav/install/px4_msgs/share/px4_msgs/msg/ActionRequest.idl\n'}
[0.495330] (px4_msgs) StdoutLine: {'line': b'-- Up-to-date symlink: /home/lee/workspace/ros2_ex_mav/install/px4_msgs/share/px4_msgs/msg/ActuatorArmed.idl\n'}
[0.495381] (px4_msgs) StdoutLine: {'line': b'-- Up-to-date symlink: /home/lee/workspace/ros2_ex_mav/install/px4_msgs/share/px4_msgs/msg/ActuatorControlsStatus.idl\n'}
[0.495428] (px4_msgs) StdoutLine: {'line': b'-- Up-to-date symlink: /home/lee/workspace/ros2_ex_mav/install/px4_msgs/share/px4_msgs/msg/ActuatorMotors.idl\n'}
[0.495473] (px4_msgs) StdoutLine: {'line': b'-- Up-to-date symlink: /home/lee/workspace/ros2_ex_mav/install/px4_msgs/share/px4_msgs/msg/ActuatorOutputs.idl\n'}
[0.495518] (px4_msgs) StdoutLine: {'line': b'-- Up-to-date symlink: /home/lee/workspace/ros2_ex_mav/install/px4_msgs/share/px4_msgs/msg/ActuatorServos.idl\n'}
[0.495565] (px4_msgs) StdoutLine: {'line': b'-- Up-to-date symlink: /home/lee/workspace/ros2_ex_mav/install/px4_msgs/share/px4_msgs/msg/ActuatorServosTrim.idl\n'}
[0.495610] (px4_msgs) StdoutLine: {'line': b'-- Up-to-date symlink: /home/lee/workspace/ros2_ex_mav/install/px4_msgs/share/px4_msgs/msg/ActuatorTest.idl\n'}
[0.495656] (px4_msgs) StdoutLine: {'line': b'-- Up-to-date symlink: /home/lee/workspace/ros2_ex_mav/install/px4_msgs/share/px4_msgs/msg/AdcReport.idl\n'}
[0.495699] (px4_msgs) StdoutLine: {'line': b'-- Up-to-date symlink: /home/lee/workspace/ros2_ex_mav/install/px4_msgs/share/px4_msgs/msg/Airspeed.idl\n'}
[0.495746] (px4_msgs) StdoutLine: {'line': b'-- Up-to-date symlink: /home/lee/workspace/ros2_ex_mav/install/px4_msgs/share/px4_msgs/msg/AirspeedValidated.idl\n'}
[0.495803] (px4_msgs) StdoutLine: {'line': b'-- Up-to-date symlink: /home/lee/workspace/ros2_ex_mav/install/px4_msgs/share/px4_msgs/msg/AirspeedWind.idl\n'}
[0.495841] (px4_msgs) StdoutLine: {'line': b'-- Up-to-date symlink: /home/lee/workspace/ros2_ex_mav/install/px4_msgs/share/px4_msgs/msg/AutotuneAttitudeControlStatus.idl\n'}
[0.495886] (px4_msgs) StdoutLine: {'line': b'-- Up-to-date symlink: /home/lee/workspace/ros2_ex_mav/install/px4_msgs/share/px4_msgs/msg/BatteryStatus.idl\n'}
[0.495930] (px4_msgs) StdoutLine: {'line': b'-- Up-to-date symlink: /home/lee/workspace/ros2_ex_mav/install/px4_msgs/share/px4_msgs/msg/ButtonEvent.idl\n'}
[0.495976] (px4_msgs) StdoutLine: {'line': b'-- Up-to-date symlink: /home/lee/workspace/ros2_ex_mav/install/px4_msgs/share/px4_msgs/msg/CameraCapture.idl\n'}
[0.496018] (px4_msgs) StdoutLine: {'line': b'-- Up-to-date symlink: /home/lee/workspace/ros2_ex_mav/install/px4_msgs/share/px4_msgs/msg/CameraStatus.idl\n'}
[0.496062] (px4_msgs) StdoutLine: {'line': b'-- Up-to-date symlink: /home/lee/workspace/ros2_ex_mav/install/px4_msgs/share/px4_msgs/msg/CameraTrigger.idl\n'}
[0.496106] (px4_msgs) StdoutLine: {'line': b'-- Up-to-date symlink: /home/lee/workspace/ros2_ex_mav/install/px4_msgs/share/px4_msgs/msg/CellularStatus.idl\n'}
[0.496150] (px4_msgs) StdoutLine: {'line': b'-- Up-to-date symlink: /home/lee/workspace/ros2_ex_mav/install/px4_msgs/share/px4_msgs/msg/CollisionConstraints.idl\n'}
[0.496195] (px4_msgs) StdoutLine: {'line': b'-- Up-to-date symlink: /home/lee/workspace/ros2_ex_mav/install/px4_msgs/share/px4_msgs/msg/CollisionReport.idl\n'}
[0.496239] (px4_msgs) StdoutLine: {'line': b'-- Up-to-date symlink: /home/lee/workspace/ros2_ex_mav/install/px4_msgs/share/px4_msgs/msg/ControlAllocatorStatus.idl\n'}
[0.496284] (px4_msgs) StdoutLine: {'line': b'-- Up-to-date symlink: /home/lee/workspace/ros2_ex_mav/install/px4_msgs/share/px4_msgs/msg/Cpuload.idl\n'}
[0.496332] (px4_msgs) StdoutLine: {'line': b'-- Up-to-date symlink: /home/lee/workspace/ros2_ex_mav/install/px4_msgs/share/px4_msgs/msg/DebugArray.idl\n'}
[0.496377] (px4_msgs) StdoutLine: {'line': b'-- Up-to-date symlink: /home/lee/workspace/ros2_ex_mav/install/px4_msgs/share/px4_msgs/msg/DebugKeyValue.idl\n'}
[0.496421] (px4_msgs) StdoutLine: {'line': b'-- Up-to-date symlink: /home/lee/workspace/ros2_ex_mav/install/px4_msgs/share/px4_msgs/msg/DebugValue.idl\n'}
[0.496464] (px4_msgs) StdoutLine: {'line': b'-- Up-to-date symlink: /home/lee/workspace/ros2_ex_mav/install/px4_msgs/share/px4_msgs/msg/DebugVect.idl\n'}
[0.496509] (px4_msgs) StdoutLine: {'line': b'-- Up-to-date symlink: /home/lee/workspace/ros2_ex_mav/install/px4_msgs/share/px4_msgs/msg/DifferentialPressure.idl\n'}
[0.496554] (px4_msgs) StdoutLine: {'line': b'-- Up-to-date symlink: /home/lee/workspace/ros2_ex_mav/install/px4_msgs/share/px4_msgs/msg/DistanceSensor.idl\n'}
[0.496597] (px4_msgs) StdoutLine: {'line': b'-- Up-to-date symlink: /home/lee/workspace/ros2_ex_mav/install/px4_msgs/share/px4_msgs/msg/Ekf2Timestamps.idl\n'}
[0.496642] (px4_msgs) StdoutLine: {'line': b'-- Up-to-date symlink: /home/lee/workspace/ros2_ex_mav/install/px4_msgs/share/px4_msgs/msg/EscReport.idl\n'}
[0.496684] (px4_msgs) StdoutLine: {'line': b'-- Up-to-date symlink: /home/lee/workspace/ros2_ex_mav/install/px4_msgs/share/px4_msgs/msg/EscStatus.idl\n'}
[0.496727] (px4_msgs) StdoutLine: {'line': b'-- Up-to-date symlink: /home/lee/workspace/ros2_ex_mav/install/px4_msgs/share/px4_msgs/msg/EstimatorAidSource1d.idl\n'}
[0.496771] (px4_msgs) StdoutLine: {'line': b'-- Up-to-date symlink: /home/lee/workspace/ros2_ex_mav/install/px4_msgs/share/px4_msgs/msg/EstimatorAidSource2d.idl\n'}
[0.496814] (px4_msgs) StdoutLine: {'line': b'-- Up-to-date symlink: /home/lee/workspace/ros2_ex_mav/install/px4_msgs/share/px4_msgs/msg/EstimatorAidSource3d.idl\n'}
[0.496857] (px4_msgs) StdoutLine: {'line': b'-- Up-to-date symlink: /home/lee/workspace/ros2_ex_mav/install/px4_msgs/share/px4_msgs/msg/EstimatorBias.idl\n'}
[0.496901] (px4_msgs) StdoutLine: {'line': b'-- Up-to-date symlink: /home/lee/workspace/ros2_ex_mav/install/px4_msgs/share/px4_msgs/msg/EstimatorBias3d.idl\n'}
[0.496944] (px4_msgs) StdoutLine: {'line': b'-- Up-to-date symlink: /home/lee/workspace/ros2_ex_mav/install/px4_msgs/share/px4_msgs/msg/EstimatorEventFlags.idl\n'}
[0.496986] (px4_msgs) StdoutLine: {'line': b'-- Up-to-date symlink: /home/lee/workspace/ros2_ex_mav/install/px4_msgs/share/px4_msgs/msg/EstimatorGpsStatus.idl\n'}
[0.497029] (px4_msgs) StdoutLine: {'line': b'-- Up-to-date symlink: /home/lee/workspace/ros2_ex_mav/install/px4_msgs/share/px4_msgs/msg/EstimatorInnovations.idl\n'}
[0.497071] (px4_msgs) StdoutLine: {'line': b'-- Up-to-date symlink: /home/lee/workspace/ros2_ex_mav/install/px4_msgs/share/px4_msgs/msg/EstimatorSelectorStatus.idl\n'}
[0.497113] (px4_msgs) StdoutLine: {'line': b'-- Up-to-date symlink: /home/lee/workspace/ros2_ex_mav/install/px4_msgs/share/px4_msgs/msg/EstimatorSensorBias.idl\n'}
[0.497156] (px4_msgs) StdoutLine: {'line': b'-- Up-to-date symlink: /home/lee/workspace/ros2_ex_mav/install/px4_msgs/share/px4_msgs/msg/EstimatorStates.idl\n'}
[0.497197] (px4_msgs) StdoutLine: {'line': b'-- Up-to-date symlink: /home/lee/workspace/ros2_ex_mav/install/px4_msgs/share/px4_msgs/msg/EstimatorStatus.idl\n'}
[0.497240] (px4_msgs) StdoutLine: {'line': b'-- Up-to-date symlink: /home/lee/workspace/ros2_ex_mav/install/px4_msgs/share/px4_msgs/msg/EstimatorStatusFlags.idl\n'}
[0.497283] (px4_msgs) StdoutLine: {'line': b'-- Up-to-date symlink: /home/lee/workspace/ros2_ex_mav/install/px4_msgs/share/px4_msgs/msg/Event.idl\n'}
[0.497329] (px4_msgs) StdoutLine: {'line': b'-- Up-to-date symlink: /home/lee/workspace/ros2_ex_mav/install/px4_msgs/share/px4_msgs/msg/FailsafeFlags.idl\n'}
[0.497373] (px4_msgs) StdoutLine: {'line': b'-- Up-to-date symlink: /home/lee/workspace/ros2_ex_mav/install/px4_msgs/share/px4_msgs/msg/FailureDetectorStatus.idl\n'}
[0.497416] (px4_msgs) StdoutLine: {'line': b'-- Up-to-date symlink: /home/lee/workspace/ros2_ex_mav/install/px4_msgs/share/px4_msgs/msg/FollowTarget.idl\n'}
[0.497461] (px4_msgs) StdoutLine: {'line': b'-- Up-to-date symlink: /home/lee/workspace/ros2_ex_mav/install/px4_msgs/share/px4_msgs/msg/FollowTargetEstimator.idl\n'}
[0.497506] (px4_msgs) StdoutLine: {'line': b'-- Up-to-date symlink: /home/lee/workspace/ros2_ex_mav/install/px4_msgs/share/px4_msgs/msg/FollowTargetStatus.idl\n'}
[0.497550] (px4_msgs) StdoutLine: {'line': b'-- Up-to-date symlink: /home/lee/workspace/ros2_ex_mav/install/px4_msgs/share/px4_msgs/msg/GeneratorStatus.idl\n'}
[0.497593] (px4_msgs) StdoutLine: {'line': b'-- Up-to-date symlink: /home/lee/workspace/ros2_ex_mav/install/px4_msgs/share/px4_msgs/msg/GeofenceResult.idl\n'}
[0.497639] (px4_msgs) StdoutLine: {'line': b'-- Up-to-date symlink: /home/lee/workspace/ros2_ex_mav/install/px4_msgs/share/px4_msgs/msg/GimbalControls.idl\n'}
[0.497681] (px4_msgs) StdoutLine: {'line': b'-- Up-to-date symlink: /home/lee/workspace/ros2_ex_mav/install/px4_msgs/share/px4_msgs/msg/GimbalDeviceAttitudeStatus.idl\n'}
[0.497724] (px4_msgs) StdoutLine: {'line': b'-- Up-to-date symlink: /home/lee/workspace/ros2_ex_mav/install/px4_msgs/share/px4_msgs/msg/GimbalDeviceInformation.idl\n'}
[0.497768] (px4_msgs) StdoutLine: {'line': b'-- Up-to-date symlink: /home/lee/workspace/ros2_ex_mav/install/px4_msgs/share/px4_msgs/msg/GimbalDeviceSetAttitude.idl\n'}
[0.497810] (px4_msgs) StdoutLine: {'line': b'-- Up-to-date symlink: /home/lee/workspace/ros2_ex_mav/install/px4_msgs/share/px4_msgs/msg/GimbalManagerInformation.idl\n'}
[0.497853] (px4_msgs) StdoutLine: {'line': b'-- Up-to-date symlink: /home/lee/workspace/ros2_ex_mav/install/px4_msgs/share/px4_msgs/msg/GimbalManagerSetAttitude.idl\n'}
[0.497896] (px4_msgs) StdoutLine: {'line': b'-- Up-to-date symlink: /home/lee/workspace/ros2_ex_mav/install/px4_msgs/share/px4_msgs/msg/GimbalManagerSetManualControl.idl\n'}
[0.497939] (px4_msgs) StdoutLine: {'line': b'-- Up-to-date symlink: /home/lee/workspace/ros2_ex_mav/install/px4_msgs/share/px4_msgs/msg/GimbalManagerStatus.idl\n'}
[0.497983] (px4_msgs) StdoutLine: {'line': b'-- Up-to-date symlink: /home/lee/workspace/ros2_ex_mav/install/px4_msgs/share/px4_msgs/msg/GpsDump.idl\n'}
[0.498026] (px4_msgs) StdoutLine: {'line': b'-- Up-to-date symlink: /home/lee/workspace/ros2_ex_mav/install/px4_msgs/share/px4_msgs/msg/GpsInjectData.idl\n'}
[0.498069] (px4_msgs) StdoutLine: {'line': b'-- Up-to-date symlink: /home/lee/workspace/ros2_ex_mav/install/px4_msgs/share/px4_msgs/msg/Gripper.idl\n'}
[0.498112] (px4_msgs) StdoutLine: {'line': b'-- Up-to-date symlink: /home/lee/workspace/ros2_ex_mav/install/px4_msgs/share/px4_msgs/msg/HealthReport.idl\n'}
[0.498155] (px4_msgs) StdoutLine: {'line': b'-- Up-to-date symlink: /home/lee/workspace/ros2_ex_mav/install/px4_msgs/share/px4_msgs/msg/HeaterStatus.idl\n'}
[0.498197] (px4_msgs) StdoutLine: {'line': b'-- Up-to-date symlink: /home/lee/workspace/ros2_ex_mav/install/px4_msgs/share/px4_msgs/msg/HomePosition.idl\n'}
[0.498241] (px4_msgs) StdoutLine: {'line': b'-- Up-to-date symlink: /home/lee/workspace/ros2_ex_mav/install/px4_msgs/share/px4_msgs/msg/HoverThrustEstimate.idl\n'}
[0.498284] (px4_msgs) StdoutLine: {'line': b'-- Up-to-date symlink: /home/lee/workspace/ros2_ex_mav/install/px4_msgs/share/px4_msgs/msg/InputRc.idl\n'}
[0.498332] (px4_msgs) StdoutLine: {'line': b'-- Up-to-date symlink: /home/lee/workspace/ros2_ex_mav/install/px4_msgs/share/px4_msgs/msg/InternalCombustionEngineStatus.idl\n'}
[0.498374] (px4_msgs) StdoutLine: {'line': b'-- Up-to-date symlink: /home/lee/workspace/ros2_ex_mav/install/px4_msgs/share/px4_msgs/msg/IridiumsbdStatus.idl\n'}
[0.498416] (px4_msgs) StdoutLine: {'line': b'-- Up-to-date symlink: /home/lee/workspace/ros2_ex_mav/install/px4_msgs/share/px4_msgs/msg/IrlockReport.idl\n'}
[0.498458] (px4_msgs) StdoutLine: {'line': b'-- Up-to-date symlink: /home/lee/workspace/ros2_ex_mav/install/px4_msgs/share/px4_msgs/msg/LandingGear.idl\n'}
[0.498500] (px4_msgs) StdoutLine: {'line': b'-- Up-to-date symlink: /home/lee/workspace/ros2_ex_mav/install/px4_msgs/share/px4_msgs/msg/LandingGearWheel.idl\n'}
[0.498544] (px4_msgs) StdoutLine: {'line': b'-- Up-to-date symlink: /home/lee/workspace/ros2_ex_mav/install/px4_msgs/share/px4_msgs/msg/LandingTargetInnovations.idl\n'}
[0.498585] (px4_msgs) StdoutLine: {'line': b'-- Up-to-date symlink: /home/lee/workspace/ros2_ex_mav/install/px4_msgs/share/px4_msgs/msg/LandingTargetPose.idl\n'}
[0.498627] (px4_msgs) StdoutLine: {'line': b'-- Up-to-date symlink: /home/lee/workspace/ros2_ex_mav/install/px4_msgs/share/px4_msgs/msg/LaunchDetectionStatus.idl\n'}
[0.498669] (px4_msgs) StdoutLine: {'line': b'-- Up-to-date symlink: /home/lee/workspace/ros2_ex_mav/install/px4_msgs/share/px4_msgs/msg/LedControl.idl\n'}
[0.498712] (px4_msgs) StdoutLine: {'line': b'-- Up-to-date symlink: /home/lee/workspace/ros2_ex_mav/install/px4_msgs/share/px4_msgs/msg/LogMessage.idl\n'}
[0.498754] (px4_msgs) StdoutLine: {'line': b'-- Up-to-date symlink: /home/lee/workspace/ros2_ex_mav/install/px4_msgs/share/px4_msgs/msg/LoggerStatus.idl\n'}
[0.498796] (px4_msgs) StdoutLine: {'line': b'-- Up-to-date symlink: /home/lee/workspace/ros2_ex_mav/install/px4_msgs/share/px4_msgs/msg/MagWorkerData.idl\n'}
[0.498838] (px4_msgs) StdoutLine: {'line': b'-- Up-to-date symlink: /home/lee/workspace/ros2_ex_mav/install/px4_msgs/share/px4_msgs/msg/MagnetometerBiasEstimate.idl\n'}
[0.498880] (px4_msgs) StdoutLine: {'line': b'-- Up-to-date symlink: /home/lee/workspace/ros2_ex_mav/install/px4_msgs/share/px4_msgs/msg/ManualControlSetpoint.idl\n'}
[0.498922] (px4_msgs) StdoutLine: {'line': b'-- Up-to-date symlink: /home/lee/workspace/ros2_ex_mav/install/px4_msgs/share/px4_msgs/msg/ManualControlSwitches.idl\n'}
[0.498975] (px4_msgs) StdoutLine: {'line': b'-- Up-to-date symlink: /home/lee/workspace/ros2_ex_mav/install/px4_msgs/share/px4_msgs/msg/MavlinkLog.idl\n'}
[0.499009] (px4_msgs) StdoutLine: {'line': b'-- Up-to-date symlink: /home/lee/workspace/ros2_ex_mav/install/px4_msgs/share/px4_msgs/msg/MavlinkTunnel.idl\n'}
[0.499051] (px4_msgs) StdoutLine: {'line': b'-- Up-to-date symlink: /home/lee/workspace/ros2_ex_mav/install/px4_msgs/share/px4_msgs/msg/Mission.idl\n'}
[0.499093] (px4_msgs) StdoutLine: {'line': b'-- Up-to-date symlink: /home/lee/workspace/ros2_ex_mav/install/px4_msgs/share/px4_msgs/msg/MissionResult.idl\n'}
[0.499141] (px4_msgs) StdoutLine: {'line': b'-- Up-to-date symlink: /home/lee/workspace/ros2_ex_mav/install/px4_msgs/share/px4_msgs/msg/ModeCompleted.idl\n'}
[0.499177] (px4_msgs) StdoutLine: {'line': b'-- Up-to-date symlink: /home/lee/workspace/ros2_ex_mav/install/px4_msgs/share/px4_msgs/msg/MountOrientation.idl\n'}
[0.499219] (px4_msgs) StdoutLine: {'line': b'-- Up-to-date symlink: /home/lee/workspace/ros2_ex_mav/install/px4_msgs/share/px4_msgs/msg/NavigatorMissionItem.idl\n'}
[0.499262] (px4_msgs) StdoutLine: {'line': b'-- Up-to-date symlink: /home/lee/workspace/ros2_ex_mav/install/px4_msgs/share/px4_msgs/msg/NormalizedUnsignedSetpoint.idl\n'}
[0.499305] (px4_msgs) StdoutLine: {'line': b'-- Up-to-date symlink: /home/lee/workspace/ros2_ex_mav/install/px4_msgs/share/px4_msgs/msg/NpfgStatus.idl\n'}
[0.499350] (px4_msgs) StdoutLine: {'line': b'-- Up-to-date symlink: /home/lee/workspace/ros2_ex_mav/install/px4_msgs/share/px4_msgs/msg/ObstacleDistance.idl\n'}
[0.499393] (px4_msgs) StdoutLine: {'line': b'-- Up-to-date symlink: /home/lee/workspace/ros2_ex_mav/install/px4_msgs/share/px4_msgs/msg/OffboardControlMode.idl\n'}
[0.499435] (px4_msgs) StdoutLine: {'line': b'-- Up-to-date symlink: /home/lee/workspace/ros2_ex_mav/install/px4_msgs/share/px4_msgs/msg/OnboardComputerStatus.idl\n'}
[0.499478] (px4_msgs) StdoutLine: {'line': b'-- Up-to-date symlink: /home/lee/workspace/ros2_ex_mav/install/px4_msgs/share/px4_msgs/msg/OrbTest.idl\n'}
[0.499522] (px4_msgs) StdoutLine: {'line': b'-- Up-to-date symlink: /home/lee/workspace/ros2_ex_mav/install/px4_msgs/share/px4_msgs/msg/OrbTestLarge.idl\n'}
[0.499564] (px4_msgs) StdoutLine: {'line': b'-- Up-to-date symlink: /home/lee/workspace/ros2_ex_mav/install/px4_msgs/share/px4_msgs/msg/OrbTestMedium.idl\n'}
[0.499606] (px4_msgs) StdoutLine: {'line': b'-- Up-to-date symlink: /home/lee/workspace/ros2_ex_mav/install/px4_msgs/share/px4_msgs/msg/OrbitStatus.idl\n'}
[0.499648] (px4_msgs) StdoutLine: {'line': b'-- Up-to-date symlink: /home/lee/workspace/ros2_ex_mav/install/px4_msgs/share/px4_msgs/msg/ParameterUpdate.idl\n'}
[0.499690] (px4_msgs) StdoutLine: {'line': b'-- Up-to-date symlink: /home/lee/workspace/ros2_ex_mav/install/px4_msgs/share/px4_msgs/msg/Ping.idl\n'}
[0.499733] (px4_msgs) StdoutLine: {'line': b'-- Up-to-date symlink: /home/lee/workspace/ros2_ex_mav/install/px4_msgs/share/px4_msgs/msg/PositionControllerLandingStatus.idl\n'}
[0.499777] (px4_msgs) StdoutLine: {'line': b'-- Up-to-date symlink: /home/lee/workspace/ros2_ex_mav/install/px4_msgs/share/px4_msgs/msg/PositionControllerStatus.idl\n'}
[0.499817] (px4_msgs) StdoutLine: {'line': b'-- Up-to-date symlink: /home/lee/workspace/ros2_ex_mav/install/px4_msgs/share/px4_msgs/msg/PositionSetpoint.idl\n'}
[0.499862] (px4_msgs) StdoutLine: {'line': b'-- Up-to-date symlink: /home/lee/workspace/ros2_ex_mav/install/px4_msgs/share/px4_msgs/msg/PositionSetpointTriplet.idl\n'}
[0.499881] (-) TimerEvent: {}
[0.499938] (px4_msgs) StdoutLine: {'line': b'-- Up-to-date symlink: /home/lee/workspace/ros2_ex_mav/install/px4_msgs/share/px4_msgs/msg/PowerButtonState.idl\n'}
[0.499978] (px4_msgs) StdoutLine: {'line': b'-- Up-to-date symlink: /home/lee/workspace/ros2_ex_mav/install/px4_msgs/share/px4_msgs/msg/PowerMonitor.idl\n'}
[0.500013] (px4_msgs) StdoutLine: {'line': b'-- Up-to-date symlink: /home/lee/workspace/ros2_ex_mav/install/px4_msgs/share/px4_msgs/msg/PpsCapture.idl\n'}
[0.500047] (px4_msgs) StdoutLine: {'line': b'-- Up-to-date symlink: /home/lee/workspace/ros2_ex_mav/install/px4_msgs/share/px4_msgs/msg/PwmInput.idl\n'}
[0.500080] (px4_msgs) StdoutLine: {'line': b'-- Up-to-date symlink: /home/lee/workspace/ros2_ex_mav/install/px4_msgs/share/px4_msgs/msg/Px4ioStatus.idl\n'}
[0.500117] (px4_msgs) StdoutLine: {'line': b'-- Up-to-date symlink: /home/lee/workspace/ros2_ex_mav/install/px4_msgs/share/px4_msgs/msg/QshellReq.idl\n'}
[0.500159] (px4_msgs) StdoutLine: {'line': b'-- Up-to-date symlink: /home/lee/workspace/ros2_ex_mav/install/px4_msgs/share/px4_msgs/msg/QshellRetval.idl\n'}
[0.500202] (px4_msgs) StdoutLine: {'line': b'-- Up-to-date symlink: /home/lee/workspace/ros2_ex_mav/install/px4_msgs/share/px4_msgs/msg/RadioStatus.idl\n'}
[0.500244] (px4_msgs) StdoutLine: {'line': b'-- Up-to-date symlink: /home/lee/workspace/ros2_ex_mav/install/px4_msgs/share/px4_msgs/msg/RateCtrlStatus.idl\n'}
[0.500287] (px4_msgs) StdoutLine: {'line': b'-- Up-to-date symlink: /home/lee/workspace/ros2_ex_mav/install/px4_msgs/share/px4_msgs/msg/RcChannels.idl\n'}
[0.500331] (px4_msgs) StdoutLine: {'line': b'-- Up-to-date symlink: /home/lee/workspace/ros2_ex_mav/install/px4_msgs/share/px4_msgs/msg/RcParameterMap.idl\n'}
[0.500375] (px4_msgs) StdoutLine: {'line': b'-- Up-to-date symlink: /home/lee/workspace/ros2_ex_mav/install/px4_msgs/share/px4_msgs/msg/Rpm.idl\n'}
[0.500418] (px4_msgs) StdoutLine: {'line': b'-- Up-to-date symlink: /home/lee/workspace/ros2_ex_mav/install/px4_msgs/share/px4_msgs/msg/RtlTimeEstimate.idl\n'}
[0.500461] (px4_msgs) StdoutLine: {'line': b'-- Up-to-date symlink: /home/lee/workspace/ros2_ex_mav/install/px4_msgs/share/px4_msgs/msg/SatelliteInfo.idl\n'}
[0.500505] (px4_msgs) StdoutLine: {'line': b'-- Up-to-date symlink: /home/lee/workspace/ros2_ex_mav/install/px4_msgs/share/px4_msgs/msg/SensorAccel.idl\n'}
[0.500547] (px4_msgs) StdoutLine: {'line': b'-- Up-to-date symlink: /home/lee/workspace/ros2_ex_mav/install/px4_msgs/share/px4_msgs/msg/SensorAccelFifo.idl\n'}
[0.500591] (px4_msgs) StdoutLine: {'line': b'-- Up-to-date symlink: /home/lee/workspace/ros2_ex_mav/install/px4_msgs/share/px4_msgs/msg/SensorBaro.idl\n'}
[0.500636] (px4_msgs) StdoutLine: {'line': b'-- Up-to-date symlink: /home/lee/workspace/ros2_ex_mav/install/px4_msgs/share/px4_msgs/msg/SensorCombined.idl\n'}
[0.500676] (px4_msgs) StdoutLine: {'line': b'-- Up-to-date symlink: /home/lee/workspace/ros2_ex_mav/install/px4_msgs/share/px4_msgs/msg/SensorCorrection.idl\n'}
[0.500723] (px4_msgs) StdoutLine: {'line': b'-- Up-to-date symlink: /home/lee/workspace/ros2_ex_mav/install/px4_msgs/share/px4_msgs/msg/SensorGnssRelative.idl\n'}
[0.500767] (px4_msgs) StdoutLine: {'line': b'-- Up-to-date symlink: /home/lee/workspace/ros2_ex_mav/install/px4_msgs/share/px4_msgs/msg/SensorGps.idl\n'}
[0.500810] (px4_msgs) StdoutLine: {'line': b'-- Up-to-date symlink: /home/lee/workspace/ros2_ex_mav/install/px4_msgs/share/px4_msgs/msg/SensorGyro.idl\n'}
[0.500853] (px4_msgs) StdoutLine: {'line': b'-- Up-to-date symlink: /home/lee/workspace/ros2_ex_mav/install/px4_msgs/share/px4_msgs/msg/SensorGyroFft.idl\n'}
[0.500897] (px4_msgs) StdoutLine: {'line': b'-- Up-to-date symlink: /home/lee/workspace/ros2_ex_mav/install/px4_msgs/share/px4_msgs/msg/SensorGyroFifo.idl\n'}
[0.500940] (px4_msgs) StdoutLine: {'line': b'-- Up-to-date symlink: /home/lee/workspace/ros2_ex_mav/install/px4_msgs/share/px4_msgs/msg/SensorHygrometer.idl\n'}
[0.500984] (px4_msgs) StdoutLine: {'line': b'-- Up-to-date symlink: /home/lee/workspace/ros2_ex_mav/install/px4_msgs/share/px4_msgs/msg/SensorMag.idl\n'}
[0.501028] (px4_msgs) StdoutLine: {'line': b'-- Up-to-date symlink: /home/lee/workspace/ros2_ex_mav/install/px4_msgs/share/px4_msgs/msg/SensorOpticalFlow.idl\n'}
[0.501072] (px4_msgs) StdoutLine: {'line': b'-- Up-to-date symlink: /home/lee/workspace/ros2_ex_mav/install/px4_msgs/share/px4_msgs/msg/SensorPreflightMag.idl\n'}
[0.501115] (px4_msgs) StdoutLine: {'line': b'-- Up-to-date symlink: /home/lee/workspace/ros2_ex_mav/install/px4_msgs/share/px4_msgs/msg/SensorSelection.idl\n'}
[0.501159] (px4_msgs) StdoutLine: {'line': b'-- Up-to-date symlink: /home/lee/workspace/ros2_ex_mav/install/px4_msgs/share/px4_msgs/msg/SensorUwb.idl\n'}
[0.501202] (px4_msgs) StdoutLine: {'line': b'-- Up-to-date symlink: /home/lee/workspace/ros2_ex_mav/install/px4_msgs/share/px4_msgs/msg/SensorsStatus.idl\n'}
[0.501246] (px4_msgs) StdoutLine: {'line': b'-- Up-to-date symlink: /home/lee/workspace/ros2_ex_mav/install/px4_msgs/share/px4_msgs/msg/SensorsStatusImu.idl\n'}
[0.501291] (px4_msgs) StdoutLine: {'line': b'-- Up-to-date symlink: /home/lee/workspace/ros2_ex_mav/install/px4_msgs/share/px4_msgs/msg/SystemPower.idl\n'}
[0.501335] (px4_msgs) StdoutLine: {'line': b'-- Up-to-date symlink: /home/lee/workspace/ros2_ex_mav/install/px4_msgs/share/px4_msgs/msg/TakeoffStatus.idl\n'}
[0.501378] (px4_msgs) StdoutLine: {'line': b'-- Up-to-date symlink: /home/lee/workspace/ros2_ex_mav/install/px4_msgs/share/px4_msgs/msg/TaskStackInfo.idl\n'}
[0.501421] (px4_msgs) StdoutLine: {'line': b'-- Up-to-date symlink: /home/lee/workspace/ros2_ex_mav/install/px4_msgs/share/px4_msgs/msg/TecsStatus.idl\n'}
[0.501465] (px4_msgs) StdoutLine: {'line': b'-- Up-to-date symlink: /home/lee/workspace/ros2_ex_mav/install/px4_msgs/share/px4_msgs/msg/TelemetryStatus.idl\n'}
[0.501511] (px4_msgs) StdoutLine: {'line': b'-- Up-to-date symlink: /home/lee/workspace/ros2_ex_mav/install/px4_msgs/share/px4_msgs/msg/TiltrotorExtraControls.idl\n'}
[0.501555] (px4_msgs) StdoutLine: {'line': b'-- Up-to-date symlink: /home/lee/workspace/ros2_ex_mav/install/px4_msgs/share/px4_msgs/msg/TimesyncStatus.idl\n'}
[0.501597] (px4_msgs) StdoutLine: {'line': b'-- Up-to-date symlink: /home/lee/workspace/ros2_ex_mav/install/px4_msgs/share/px4_msgs/msg/TrajectoryBezier.idl\n'}
[0.501641] (px4_msgs) StdoutLine: {'line': b'-- Up-to-date symlink: /home/lee/workspace/ros2_ex_mav/install/px4_msgs/share/px4_msgs/msg/TrajectorySetpoint.idl\n'}
[0.501685] (px4_msgs) StdoutLine: {'line': b'-- Up-to-date symlink: /home/lee/workspace/ros2_ex_mav/install/px4_msgs/share/px4_msgs/msg/TrajectoryWaypoint.idl\n'}
[0.501726] (px4_msgs) StdoutLine: {'line': b'-- Up-to-date symlink: /home/lee/workspace/ros2_ex_mav/install/px4_msgs/share/px4_msgs/msg/TransponderReport.idl\n'}
[0.501769] (px4_msgs) StdoutLine: {'line': b'-- Up-to-date symlink: /home/lee/workspace/ros2_ex_mav/install/px4_msgs/share/px4_msgs/msg/TuneControl.idl\n'}
[0.501813] (px4_msgs) StdoutLine: {'line': b'-- Up-to-date symlink: /home/lee/workspace/ros2_ex_mav/install/px4_msgs/share/px4_msgs/msg/UavcanParameterRequest.idl\n'}
[0.501855] (px4_msgs) StdoutLine: {'line': b'-- Up-to-date symlink: /home/lee/workspace/ros2_ex_mav/install/px4_msgs/share/px4_msgs/msg/UavcanParameterValue.idl\n'}
[0.501900] (px4_msgs) StdoutLine: {'line': b'-- Up-to-date symlink: /home/lee/workspace/ros2_ex_mav/install/px4_msgs/share/px4_msgs/msg/UlogStream.idl\n'}
[0.501942] (px4_msgs) StdoutLine: {'line': b'-- Up-to-date symlink: /home/lee/workspace/ros2_ex_mav/install/px4_msgs/share/px4_msgs/msg/UlogStreamAck.idl\n'}
[0.501984] (px4_msgs) StdoutLine: {'line': b'-- Up-to-date symlink: /home/lee/workspace/ros2_ex_mav/install/px4_msgs/share/px4_msgs/msg/VehicleAcceleration.idl\n'}
[0.502026] (px4_msgs) StdoutLine: {'line': b'-- Up-to-date symlink: /home/lee/workspace/ros2_ex_mav/install/px4_msgs/share/px4_msgs/msg/VehicleAirData.idl\n'}
[0.502072] (px4_msgs) StdoutLine: {'line': b'-- Up-to-date symlink: /home/lee/workspace/ros2_ex_mav/install/px4_msgs/share/px4_msgs/msg/VehicleAngularAccelerationSetpoint.idl\n'}
[0.502116] (px4_msgs) StdoutLine: {'line': b'-- Up-to-date symlink: /home/lee/workspace/ros2_ex_mav/install/px4_msgs/share/px4_msgs/msg/VehicleAngularVelocity.idl\n'}
[0.502159] (px4_msgs) StdoutLine: {'line': b'-- Up-to-date symlink: /home/lee/workspace/ros2_ex_mav/install/px4_msgs/share/px4_msgs/msg/VehicleAttitude.idl\n'}
[0.502204] (px4_msgs) StdoutLine: {'line': b'-- Up-to-date symlink: /home/lee/workspace/ros2_ex_mav/install/px4_msgs/share/px4_msgs/msg/VehicleAttitudeSetpoint.idl\n'}
[0.502246] (px4_msgs) StdoutLine: {'line': b'-- Up-to-date symlink: /home/lee/workspace/ros2_ex_mav/install/px4_msgs/share/px4_msgs/msg/VehicleCommand.idl\n'}
[0.502289] (px4_msgs) StdoutLine: {'line': b'-- Up-to-date symlink: /home/lee/workspace/ros2_ex_mav/install/px4_msgs/share/px4_msgs/msg/VehicleCommandAck.idl\n'}
[0.502333] (px4_msgs) StdoutLine: {'line': b'-- Up-to-date symlink: /home/lee/workspace/ros2_ex_mav/install/px4_msgs/share/px4_msgs/msg/VehicleConstraints.idl\n'}
[0.502376] (px4_msgs) StdoutLine: {'line': b'-- Up-to-date symlink: /home/lee/workspace/ros2_ex_mav/install/px4_msgs/share/px4_msgs/msg/VehicleControlMode.idl\n'}
[0.502418] (px4_msgs) StdoutLine: {'line': b'-- Up-to-date symlink: /home/lee/workspace/ros2_ex_mav/install/px4_msgs/share/px4_msgs/msg/VehicleGlobalPosition.idl\n'}
[0.502461] (px4_msgs) StdoutLine: {'line': b'-- Up-to-date symlink: /home/lee/workspace/ros2_ex_mav/install/px4_msgs/share/px4_msgs/msg/VehicleImu.idl\n'}
[0.502504] (px4_msgs) StdoutLine: {'line': b'-- Up-to-date symlink: /home/lee/workspace/ros2_ex_mav/install/px4_msgs/share/px4_msgs/msg/VehicleImuStatus.idl\n'}
[0.502546] (px4_msgs) StdoutLine: {'line': b'-- Up-to-date symlink: /home/lee/workspace/ros2_ex_mav/install/px4_msgs/share/px4_msgs/msg/VehicleLandDetected.idl\n'}
[0.502589] (px4_msgs) StdoutLine: {'line': b'-- Up-to-date symlink: /home/lee/workspace/ros2_ex_mav/install/px4_msgs/share/px4_msgs/msg/VehicleLocalPosition.idl\n'}
[0.502635] (px4_msgs) StdoutLine: {'line': b'-- Up-to-date symlink: /home/lee/workspace/ros2_ex_mav/install/px4_msgs/share/px4_msgs/msg/VehicleLocalPositionSetpoint.idl\n'}
[0.502677] (px4_msgs) StdoutLine: {'line': b'-- Up-to-date symlink: /home/lee/workspace/ros2_ex_mav/install/px4_msgs/share/px4_msgs/msg/VehicleMagnetometer.idl\n'}
[0.502720] (px4_msgs) StdoutLine: {'line': b'-- Up-to-date symlink: /home/lee/workspace/ros2_ex_mav/install/px4_msgs/share/px4_msgs/msg/VehicleOdometry.idl\n'}
[0.502763] (px4_msgs) StdoutLine: {'line': b'-- Up-to-date symlink: /home/lee/workspace/ros2_ex_mav/install/px4_msgs/share/px4_msgs/msg/VehicleOpticalFlow.idl\n'}
[0.502806] (px4_msgs) StdoutLine: {'line': b'-- Up-to-date symlink: /home/lee/workspace/ros2_ex_mav/install/px4_msgs/share/px4_msgs/msg/VehicleOpticalFlowVel.idl\n'}
[0.502849] (px4_msgs) StdoutLine: {'line': b'-- Up-to-date symlink: /home/lee/workspace/ros2_ex_mav/install/px4_msgs/share/px4_msgs/msg/VehicleRatesSetpoint.idl\n'}
[0.502892] (px4_msgs) StdoutLine: {'line': b'-- Up-to-date symlink: /home/lee/workspace/ros2_ex_mav/install/px4_msgs/share/px4_msgs/msg/VehicleRoi.idl\n'}
[0.502934] (px4_msgs) StdoutLine: {'line': b'-- Up-to-date symlink: /home/lee/workspace/ros2_ex_mav/install/px4_msgs/share/px4_msgs/msg/VehicleStatus.idl\n'}
[0.502979] (px4_msgs) StdoutLine: {'line': b'-- Up-to-date symlink: /home/lee/workspace/ros2_ex_mav/install/px4_msgs/share/px4_msgs/msg/VehicleThrustSetpoint.idl\n'}
[0.503022] (px4_msgs) StdoutLine: {'line': b'-- Up-to-date symlink: /home/lee/workspace/ros2_ex_mav/install/px4_msgs/share/px4_msgs/msg/VehicleTorqueSetpoint.idl\n'}
[0.503067] (px4_msgs) StdoutLine: {'line': b'-- Up-to-date symlink: /home/lee/workspace/ros2_ex_mav/install/px4_msgs/share/px4_msgs/msg/VehicleTrajectoryBezier.idl\n'}
[0.503109] (px4_msgs) StdoutLine: {'line': b'-- Up-to-date symlink: /home/lee/workspace/ros2_ex_mav/install/px4_msgs/share/px4_msgs/msg/VehicleTrajectoryWaypoint.idl\n'}
[0.503151] (px4_msgs) StdoutLine: {'line': b'-- Up-to-date symlink: /home/lee/workspace/ros2_ex_mav/install/px4_msgs/share/px4_msgs/msg/VtolVehicleStatus.idl\n'}
[0.503195] (px4_msgs) StdoutLine: {'line': b'-- Up-to-date symlink: /home/lee/workspace/ros2_ex_mav/install/px4_msgs/share/px4_msgs/msg/Wind.idl\n'}
[0.503240] (px4_msgs) StdoutLine: {'line': b'-- Up-to-date symlink: /home/lee/workspace/ros2_ex_mav/install/px4_msgs/share/px4_msgs/msg/YawEstimatorStatus.idl\n'}
[0.503283] (px4_msgs) StdoutLine: {'line': b'-- Up-to-date symlink: /home/lee/workspace/ros2_ex_mav/install/px4_msgs/share/px4_msgs/msg/ActionRequest.msg\n'}
[0.503328] (px4_msgs) StdoutLine: {'line': b'-- Up-to-date symlink: /home/lee/workspace/ros2_ex_mav/install/px4_msgs/share/px4_msgs/msg/ActuatorArmed.msg\n'}
[0.503372] (px4_msgs) StdoutLine: {'line': b'-- Up-to-date symlink: /home/lee/workspace/ros2_ex_mav/install/px4_msgs/share/px4_msgs/msg/ActuatorControlsStatus.msg\n'}
[0.503416] (px4_msgs) StdoutLine: {'line': b'-- Up-to-date symlink: /home/lee/workspace/ros2_ex_mav/install/px4_msgs/share/px4_msgs/msg/ActuatorMotors.msg\n'}
[0.503459] (px4_msgs) StdoutLine: {'line': b'-- Up-to-date symlink: /home/lee/workspace/ros2_ex_mav/install/px4_msgs/share/px4_msgs/msg/ActuatorOutputs.msg\n'}
[0.503503] (px4_msgs) StdoutLine: {'line': b'-- Up-to-date symlink: /home/lee/workspace/ros2_ex_mav/install/px4_msgs/share/px4_msgs/msg/ActuatorServos.msg\n'}
[0.503545] (px4_msgs) StdoutLine: {'line': b'-- Up-to-date symlink: /home/lee/workspace/ros2_ex_mav/install/px4_msgs/share/px4_msgs/msg/ActuatorServosTrim.msg\n'}
[0.503588] (px4_msgs) StdoutLine: {'line': b'-- Up-to-date symlink: /home/lee/workspace/ros2_ex_mav/install/px4_msgs/share/px4_msgs/msg/ActuatorTest.msg\n'}
[0.503632] (px4_msgs) StdoutLine: {'line': b'-- Up-to-date symlink: /home/lee/workspace/ros2_ex_mav/install/px4_msgs/share/px4_msgs/msg/AdcReport.msg\n'}
[0.503677] (px4_msgs) StdoutLine: {'line': b'-- Up-to-date symlink: /home/lee/workspace/ros2_ex_mav/install/px4_msgs/share/px4_msgs/msg/Airspeed.msg\n'}
[0.503721] (px4_msgs) StdoutLine: {'line': b'-- Up-to-date symlink: /home/lee/workspace/ros2_ex_mav/install/px4_msgs/share/px4_msgs/msg/AirspeedValidated.msg\n'}
[0.503768] (px4_msgs) StdoutLine: {'line': b'-- Up-to-date symlink: /home/lee/workspace/ros2_ex_mav/install/px4_msgs/share/px4_msgs/msg/AirspeedWind.msg\n'}
[0.503814] (px4_msgs) StdoutLine: {'line': b'-- Up-to-date symlink: /home/lee/workspace/ros2_ex_mav/install/px4_msgs/share/px4_msgs/msg/AutotuneAttitudeControlStatus.msg\n'}
[0.503858] (px4_msgs) StdoutLine: {'line': b'-- Up-to-date symlink: /home/lee/workspace/ros2_ex_mav/install/px4_msgs/share/px4_msgs/msg/BatteryStatus.msg\n'}
[0.503902] (px4_msgs) StdoutLine: {'line': b'-- Up-to-date symlink: /home/lee/workspace/ros2_ex_mav/install/px4_msgs/share/px4_msgs/msg/ButtonEvent.msg\n'}
[0.503947] (px4_msgs) StdoutLine: {'line': b'-- Up-to-date symlink: /home/lee/workspace/ros2_ex_mav/install/px4_msgs/share/px4_msgs/msg/CameraCapture.msg\n'}
[0.503985] (px4_msgs) StdoutLine: {'line': b'-- Up-to-date symlink: /home/lee/workspace/ros2_ex_mav/install/px4_msgs/share/px4_msgs/msg/CameraStatus.msg\n'}
[0.504029] (px4_msgs) StdoutLine: {'line': b'-- Up-to-date symlink: /home/lee/workspace/ros2_ex_mav/install/px4_msgs/share/px4_msgs/msg/CameraTrigger.msg\n'}
[0.504070] (px4_msgs) StdoutLine: {'line': b'-- Up-to-date symlink: /home/lee/workspace/ros2_ex_mav/install/px4_msgs/share/px4_msgs/msg/CellularStatus.msg\n'}
[0.504114] (px4_msgs) StdoutLine: {'line': b'-- Up-to-date symlink: /home/lee/workspace/ros2_ex_mav/install/px4_msgs/share/px4_msgs/msg/CollisionConstraints.msg\n'}
[0.504157] (px4_msgs) StdoutLine: {'line': b'-- Up-to-date symlink: /home/lee/workspace/ros2_ex_mav/install/px4_msgs/share/px4_msgs/msg/CollisionReport.msg\n'}
[0.504201] (px4_msgs) StdoutLine: {'line': b'-- Up-to-date symlink: /home/lee/workspace/ros2_ex_mav/install/px4_msgs/share/px4_msgs/msg/ControlAllocatorStatus.msg\n'}
[0.504247] (px4_msgs) StdoutLine: {'line': b'-- Up-to-date symlink: /home/lee/workspace/ros2_ex_mav/install/px4_msgs/share/px4_msgs/msg/Cpuload.msg\n'}
[0.504291] (px4_msgs) StdoutLine: {'line': b'-- Up-to-date symlink: /home/lee/workspace/ros2_ex_mav/install/px4_msgs/share/px4_msgs/msg/DebugArray.msg\n'}
[0.504336] (px4_msgs) StdoutLine: {'line': b'-- Up-to-date symlink: /home/lee/workspace/ros2_ex_mav/install/px4_msgs/share/px4_msgs/msg/DebugKeyValue.msg\n'}
[0.504380] (px4_msgs) StdoutLine: {'line': b'-- Up-to-date symlink: /home/lee/workspace/ros2_ex_mav/install/px4_msgs/share/px4_msgs/msg/DebugValue.msg\n'}
[0.504421] (px4_msgs) StdoutLine: {'line': b'-- Up-to-date symlink: /home/lee/workspace/ros2_ex_mav/install/px4_msgs/share/px4_msgs/msg/DebugVect.msg\n'}
[0.504464] (px4_msgs) StdoutLine: {'line': b'-- Up-to-date symlink: /home/lee/workspace/ros2_ex_mav/install/px4_msgs/share/px4_msgs/msg/DifferentialPressure.msg\n'}
[0.504509] (px4_msgs) StdoutLine: {'line': b'-- Up-to-date symlink: /home/lee/workspace/ros2_ex_mav/install/px4_msgs/share/px4_msgs/msg/DistanceSensor.msg\n'}
[0.504553] (px4_msgs) StdoutLine: {'line': b'-- Up-to-date symlink: /home/lee/workspace/ros2_ex_mav/install/px4_msgs/share/px4_msgs/msg/Ekf2Timestamps.msg\n'}
[0.504596] (px4_msgs) StdoutLine: {'line': b'-- Up-to-date symlink: /home/lee/workspace/ros2_ex_mav/install/px4_msgs/share/px4_msgs/msg/EscReport.msg\n'}
[0.504639] (px4_msgs) StdoutLine: {'line': b'-- Up-to-date symlink: /home/lee/workspace/ros2_ex_mav/install/px4_msgs/share/px4_msgs/msg/EscStatus.msg\n'}
[0.504683] (px4_msgs) StdoutLine: {'line': b'-- Up-to-date symlink: /home/lee/workspace/ros2_ex_mav/install/px4_msgs/share/px4_msgs/msg/EstimatorAidSource1d.msg\n'}
[0.504727] (px4_msgs) StdoutLine: {'line': b'-- Up-to-date symlink: /home/lee/workspace/ros2_ex_mav/install/px4_msgs/share/px4_msgs/msg/EstimatorAidSource2d.msg\n'}
[0.504770] (px4_msgs) StdoutLine: {'line': b'-- Up-to-date symlink: /home/lee/workspace/ros2_ex_mav/install/px4_msgs/share/px4_msgs/msg/EstimatorAidSource3d.msg\n'}
[0.504813] (px4_msgs) StdoutLine: {'line': b'-- Up-to-date symlink: /home/lee/workspace/ros2_ex_mav/install/px4_msgs/share/px4_msgs/msg/EstimatorBias.msg\n'}
[0.504855] (px4_msgs) StdoutLine: {'line': b'-- Up-to-date symlink: /home/lee/workspace/ros2_ex_mav/install/px4_msgs/share/px4_msgs/msg/EstimatorBias3d.msg\n'}
[0.504898] (px4_msgs) StdoutLine: {'line': b'-- Up-to-date symlink: /home/lee/workspace/ros2_ex_mav/install/px4_msgs/share/px4_msgs/msg/EstimatorEventFlags.msg\n'}
[0.504941] (px4_msgs) StdoutLine: {'line': b'-- Up-to-date symlink: /home/lee/workspace/ros2_ex_mav/install/px4_msgs/share/px4_msgs/msg/EstimatorGpsStatus.msg\n'}
[0.504983] (px4_msgs) StdoutLine: {'line': b'-- Up-to-date symlink: /home/lee/workspace/ros2_ex_mav/install/px4_msgs/share/px4_msgs/msg/EstimatorInnovations.msg\n'}
[0.505023] (px4_msgs) StdoutLine: {'line': b'-- Up-to-date symlink: /home/lee/workspace/ros2_ex_mav/install/px4_msgs/share/px4_msgs/msg/EstimatorSelectorStatus.msg\n'}
[0.505066] (px4_msgs) StdoutLine: {'line': b'-- Up-to-date symlink: /home/lee/workspace/ros2_ex_mav/install/px4_msgs/share/px4_msgs/msg/EstimatorSensorBias.msg\n'}
[0.505110] (px4_msgs) StdoutLine: {'line': b'-- Up-to-date symlink: /home/lee/workspace/ros2_ex_mav/install/px4_msgs/share/px4_msgs/msg/EstimatorStates.msg\n'}
[0.505152] (px4_msgs) StdoutLine: {'line': b'-- Up-to-date symlink: /home/lee/workspace/ros2_ex_mav/install/px4_msgs/share/px4_msgs/msg/EstimatorStatus.msg\n'}
[0.505194] (px4_msgs) StdoutLine: {'line': b'-- Up-to-date symlink: /home/lee/workspace/ros2_ex_mav/install/px4_msgs/share/px4_msgs/msg/EstimatorStatusFlags.msg\n'}
[0.505238] (px4_msgs) StdoutLine: {'line': b'-- Up-to-date symlink: /home/lee/workspace/ros2_ex_mav/install/px4_msgs/share/px4_msgs/msg/Event.msg\n'}
[0.505280] (px4_msgs) StdoutLine: {'line': b'-- Up-to-date symlink: /home/lee/workspace/ros2_ex_mav/install/px4_msgs/share/px4_msgs/msg/FailsafeFlags.msg\n'}
[0.505323] (px4_msgs) StdoutLine: {'line': b'-- Up-to-date symlink: /home/lee/workspace/ros2_ex_mav/install/px4_msgs/share/px4_msgs/msg/FailureDetectorStatus.msg\n'}
[0.505382] (px4_msgs) StdoutLine: {'line': b'-- Up-to-date symlink: /home/lee/workspace/ros2_ex_mav/install/px4_msgs/share/px4_msgs/msg/FollowTarget.msg\n'}
[0.505424] (px4_msgs) StdoutLine: {'line': b'-- Up-to-date symlink: /home/lee/workspace/ros2_ex_mav/install/px4_msgs/share/px4_msgs/msg/FollowTargetEstimator.msg\n'}
[0.505460] (px4_msgs) StdoutLine: {'line': b'-- Up-to-date symlink: /home/lee/workspace/ros2_ex_mav/install/px4_msgs/share/px4_msgs/msg/FollowTargetStatus.msg\n'}
[0.505499] (px4_msgs) StdoutLine: {'line': b'-- Up-to-date symlink: /home/lee/workspace/ros2_ex_mav/install/px4_msgs/share/px4_msgs/msg/GeneratorStatus.msg\n'}
[0.505541] (px4_msgs) StdoutLine: {'line': b'-- Up-to-date symlink: /home/lee/workspace/ros2_ex_mav/install/px4_msgs/share/px4_msgs/msg/GeofenceResult.msg\n'}
[0.505582] (px4_msgs) StdoutLine: {'line': b'-- Up-to-date symlink: /home/lee/workspace/ros2_ex_mav/install/px4_msgs/share/px4_msgs/msg/GimbalControls.msg\n'}
[0.505626] (px4_msgs) StdoutLine: {'line': b'-- Up-to-date symlink: /home/lee/workspace/ros2_ex_mav/install/px4_msgs/share/px4_msgs/msg/GimbalDeviceAttitudeStatus.msg\n'}
[0.505668] (px4_msgs) StdoutLine: {'line': b'-- Up-to-date symlink: /home/lee/workspace/ros2_ex_mav/install/px4_msgs/share/px4_msgs/msg/GimbalDeviceInformation.msg\n'}
[0.505709] (px4_msgs) StdoutLine: {'line': b'-- Up-to-date symlink: /home/lee/workspace/ros2_ex_mav/install/px4_msgs/share/px4_msgs/msg/GimbalDeviceSetAttitude.msg\n'}
[0.505753] (px4_msgs) StdoutLine: {'line': b'-- Up-to-date symlink: /home/lee/workspace/ros2_ex_mav/install/px4_msgs/share/px4_msgs/msg/GimbalManagerInformation.msg\n'}
[0.505794] (px4_msgs) StdoutLine: {'line': b'-- Up-to-date symlink: /home/lee/workspace/ros2_ex_mav/install/px4_msgs/share/px4_msgs/msg/GimbalManagerSetAttitude.msg\n'}
[0.505837] (px4_msgs) StdoutLine: {'line': b'-- Up-to-date symlink: /home/lee/workspace/ros2_ex_mav/install/px4_msgs/share/px4_msgs/msg/GimbalManagerSetManualControl.msg\n'}
[0.505879] (px4_msgs) StdoutLine: {'line': b'-- Up-to-date symlink: /home/lee/workspace/ros2_ex_mav/install/px4_msgs/share/px4_msgs/msg/GimbalManagerStatus.msg\n'}
[0.505922] (px4_msgs) StdoutLine: {'line': b'-- Up-to-date symlink: /home/lee/workspace/ros2_ex_mav/install/px4_msgs/share/px4_msgs/msg/GpsDump.msg\n'}
[0.505965] (px4_msgs) StdoutLine: {'line': b'-- Up-to-date symlink: /home/lee/workspace/ros2_ex_mav/install/px4_msgs/share/px4_msgs/msg/GpsInjectData.msg\n'}
[0.506010] (px4_msgs) StdoutLine: {'line': b'-- Up-to-date symlink: /home/lee/workspace/ros2_ex_mav/install/px4_msgs/share/px4_msgs/msg/Gripper.msg\n'}
[0.506050] (px4_msgs) StdoutLine: {'line': b'-- Up-to-date symlink: /home/lee/workspace/ros2_ex_mav/install/px4_msgs/share/px4_msgs/msg/HealthReport.msg\n'}
[0.506092] (px4_msgs) StdoutLine: {'line': b'-- Up-to-date symlink: /home/lee/workspace/ros2_ex_mav/install/px4_msgs/share/px4_msgs/msg/HeaterStatus.msg\n'}
[0.506134] (px4_msgs) StdoutLine: {'line': b'-- Up-to-date symlink: /home/lee/workspace/ros2_ex_mav/install/px4_msgs/share/px4_msgs/msg/HomePosition.msg\n'}
[0.506177] (px4_msgs) StdoutLine: {'line': b'-- Up-to-date symlink: /home/lee/workspace/ros2_ex_mav/install/px4_msgs/share/px4_msgs/msg/HoverThrustEstimate.msg\n'}
[0.506220] (px4_msgs) StdoutLine: {'line': b'-- Up-to-date symlink: /home/lee/workspace/ros2_ex_mav/install/px4_msgs/share/px4_msgs/msg/InputRc.msg\n'}
[0.506264] (px4_msgs) StdoutLine: {'line': b'-- Up-to-date symlink: /home/lee/workspace/ros2_ex_mav/install/px4_msgs/share/px4_msgs/msg/InternalCombustionEngineStatus.msg\n'}
[0.506307] (px4_msgs) StdoutLine: {'line': b'-- Up-to-date symlink: /home/lee/workspace/ros2_ex_mav/install/px4_msgs/share/px4_msgs/msg/IridiumsbdStatus.msg\n'}
[0.506353] (px4_msgs) StdoutLine: {'line': b'-- Up-to-date symlink: /home/lee/workspace/ros2_ex_mav/install/px4_msgs/share/px4_msgs/msg/IrlockReport.msg\n'}
[0.506395] (px4_msgs) StdoutLine: {'line': b'-- Up-to-date symlink: /home/lee/workspace/ros2_ex_mav/install/px4_msgs/share/px4_msgs/msg/LandingGear.msg\n'}
[0.506436] (px4_msgs) StdoutLine: {'line': b'-- Up-to-date symlink: /home/lee/workspace/ros2_ex_mav/install/px4_msgs/share/px4_msgs/msg/LandingGearWheel.msg\n'}
[0.506480] (px4_msgs) StdoutLine: {'line': b'-- Up-to-date symlink: /home/lee/workspace/ros2_ex_mav/install/px4_msgs/share/px4_msgs/msg/LandingTargetInnovations.msg\n'}
[0.506532] (px4_msgs) StdoutLine: {'line': b'-- Up-to-date symlink: /home/lee/workspace/ros2_ex_mav/install/px4_msgs/share/px4_msgs/msg/LandingTargetPose.msg\n'}
[0.506567] (px4_msgs) StdoutLine: {'line': b'-- Up-to-date symlink: /home/lee/workspace/ros2_ex_mav/install/px4_msgs/share/px4_msgs/msg/LaunchDetectionStatus.msg\n'}
[0.506609] (px4_msgs) StdoutLine: {'line': b'-- Up-to-date symlink: /home/lee/workspace/ros2_ex_mav/install/px4_msgs/share/px4_msgs/msg/LedControl.msg\n'}
[0.506652] (px4_msgs) StdoutLine: {'line': b'-- Up-to-date symlink: /home/lee/workspace/ros2_ex_mav/install/px4_msgs/share/px4_msgs/msg/LogMessage.msg\n'}
[0.506695] (px4_msgs) StdoutLine: {'line': b'-- Up-to-date symlink: /home/lee/workspace/ros2_ex_mav/install/px4_msgs/share/px4_msgs/msg/LoggerStatus.msg\n'}
[0.506737] (px4_msgs) StdoutLine: {'line': b'-- Up-to-date symlink: /home/lee/workspace/ros2_ex_mav/install/px4_msgs/share/px4_msgs/msg/MagWorkerData.msg\n'}
[0.506781] (px4_msgs) StdoutLine: {'line': b'-- Up-to-date symlink: /home/lee/workspace/ros2_ex_mav/install/px4_msgs/share/px4_msgs/msg/MagnetometerBiasEstimate.msg\n'}
[0.506824] (px4_msgs) StdoutLine: {'line': b'-- Up-to-date symlink: /home/lee/workspace/ros2_ex_mav/install/px4_msgs/share/px4_msgs/msg/ManualControlSetpoint.msg\n'}
[0.506869] (px4_msgs) StdoutLine: {'line': b'-- Up-to-date symlink: /home/lee/workspace/ros2_ex_mav/install/px4_msgs/share/px4_msgs/msg/ManualControlSwitches.msg\n'}
[0.506908] (px4_msgs) StdoutLine: {'line': b'-- Up-to-date symlink: /home/lee/workspace/ros2_ex_mav/install/px4_msgs/share/px4_msgs/msg/MavlinkLog.msg\n'}
[0.506950] (px4_msgs) StdoutLine: {'line': b'-- Up-to-date symlink: /home/lee/workspace/ros2_ex_mav/install/px4_msgs/share/px4_msgs/msg/MavlinkTunnel.msg\n'}
[0.506993] (px4_msgs) StdoutLine: {'line': b'-- Up-to-date symlink: /home/lee/workspace/ros2_ex_mav/install/px4_msgs/share/px4_msgs/msg/Mission.msg\n'}
[0.507035] (px4_msgs) StdoutLine: {'line': b'-- Up-to-date symlink: /home/lee/workspace/ros2_ex_mav/install/px4_msgs/share/px4_msgs/msg/MissionResult.msg\n'}
[0.507078] (px4_msgs) StdoutLine: {'line': b'-- Up-to-date symlink: /home/lee/workspace/ros2_ex_mav/install/px4_msgs/share/px4_msgs/msg/ModeCompleted.msg\n'}
[0.507121] (px4_msgs) StdoutLine: {'line': b'-- Up-to-date symlink: /home/lee/workspace/ros2_ex_mav/install/px4_msgs/share/px4_msgs/msg/MountOrientation.msg\n'}
[0.507163] (px4_msgs) StdoutLine: {'line': b'-- Up-to-date symlink: /home/lee/workspace/ros2_ex_mav/install/px4_msgs/share/px4_msgs/msg/NavigatorMissionItem.msg\n'}
[0.507207] (px4_msgs) StdoutLine: {'line': b'-- Up-to-date symlink: /home/lee/workspace/ros2_ex_mav/install/px4_msgs/share/px4_msgs/msg/NormalizedUnsignedSetpoint.msg\n'}
[0.507251] (px4_msgs) StdoutLine: {'line': b'-- Up-to-date symlink: /home/lee/workspace/ros2_ex_mav/install/px4_msgs/share/px4_msgs/msg/NpfgStatus.msg\n'}
[0.507292] (px4_msgs) StdoutLine: {'line': b'-- Up-to-date symlink: /home/lee/workspace/ros2_ex_mav/install/px4_msgs/share/px4_msgs/msg/ObstacleDistance.msg\n'}
[0.507336] (px4_msgs) StdoutLine: {'line': b'-- Up-to-date symlink: /home/lee/workspace/ros2_ex_mav/install/px4_msgs/share/px4_msgs/msg/OffboardControlMode.msg\n'}
[0.507378] (px4_msgs) StdoutLine: {'line': b'-- Up-to-date symlink: /home/lee/workspace/ros2_ex_mav/install/px4_msgs/share/px4_msgs/msg/OnboardComputerStatus.msg\n'}
[0.507423] (px4_msgs) StdoutLine: {'line': b'-- Up-to-date symlink: /home/lee/workspace/ros2_ex_mav/install/px4_msgs/share/px4_msgs/msg/OrbTest.msg\n'}
[0.507468] (px4_msgs) StdoutLine: {'line': b'-- Up-to-date symlink: /home/lee/workspace/ros2_ex_mav/install/px4_msgs/share/px4_msgs/msg/OrbTestLarge.msg\n'}
[0.507510] (px4_msgs) StdoutLine: {'line': b'-- Up-to-date symlink: /home/lee/workspace/ros2_ex_mav/install/px4_msgs/share/px4_msgs/msg/OrbTestMedium.msg\n'}
[0.507554] (px4_msgs) StdoutLine: {'line': b'-- Up-to-date symlink: /home/lee/workspace/ros2_ex_mav/install/px4_msgs/share/px4_msgs/msg/OrbitStatus.msg\n'}
[0.507596] (px4_msgs) StdoutLine: {'line': b'-- Up-to-date symlink: /home/lee/workspace/ros2_ex_mav/install/px4_msgs/share/px4_msgs/msg/ParameterUpdate.msg\n'}
[0.507639] (px4_msgs) StdoutLine: {'line': b'-- Up-to-date symlink: /home/lee/workspace/ros2_ex_mav/install/px4_msgs/share/px4_msgs/msg/Ping.msg\n'}
[0.507682] (px4_msgs) StdoutLine: {'line': b'-- Up-to-date symlink: /home/lee/workspace/ros2_ex_mav/install/px4_msgs/share/px4_msgs/msg/PositionControllerLandingStatus.msg\n'}
[0.507726] (px4_msgs) StdoutLine: {'line': b'-- Up-to-date symlink: /home/lee/workspace/ros2_ex_mav/install/px4_msgs/share/px4_msgs/msg/PositionControllerStatus.msg\n'}
[0.507770] (px4_msgs) StdoutLine: {'line': b'-- Up-to-date symlink: /home/lee/workspace/ros2_ex_mav/install/px4_msgs/share/px4_msgs/msg/PositionSetpoint.msg\n'}
[0.507813] (px4_msgs) StdoutLine: {'line': b'-- Up-to-date symlink: /home/lee/workspace/ros2_ex_mav/install/px4_msgs/share/px4_msgs/msg/PositionSetpointTriplet.msg\n'}
[0.507856] (px4_msgs) StdoutLine: {'line': b'-- Up-to-date symlink: /home/lee/workspace/ros2_ex_mav/install/px4_msgs/share/px4_msgs/msg/PowerButtonState.msg\n'}
[0.507899] (px4_msgs) StdoutLine: {'line': b'-- Up-to-date symlink: /home/lee/workspace/ros2_ex_mav/install/px4_msgs/share/px4_msgs/msg/PowerMonitor.msg\n'}
[0.507943] (px4_msgs) StdoutLine: {'line': b'-- Up-to-date symlink: /home/lee/workspace/ros2_ex_mav/install/px4_msgs/share/px4_msgs/msg/PpsCapture.msg\n'}
[0.507988] (px4_msgs) StdoutLine: {'line': b'-- Up-to-date symlink: /home/lee/workspace/ros2_ex_mav/install/px4_msgs/share/px4_msgs/msg/PwmInput.msg\n'}
[0.508031] (px4_msgs) StdoutLine: {'line': b'-- Up-to-date symlink: /home/lee/workspace/ros2_ex_mav/install/px4_msgs/share/px4_msgs/msg/Px4ioStatus.msg\n'}
[0.508070] (px4_msgs) StdoutLine: {'line': b'-- Up-to-date symlink: /home/lee/workspace/ros2_ex_mav/install/px4_msgs/share/px4_msgs/msg/QshellReq.msg\n'}
[0.508114] (px4_msgs) StdoutLine: {'line': b'-- Up-to-date symlink: /home/lee/workspace/ros2_ex_mav/install/px4_msgs/share/px4_msgs/msg/QshellRetval.msg\n'}
[0.508157] (px4_msgs) StdoutLine: {'line': b'-- Up-to-date symlink: /home/lee/workspace/ros2_ex_mav/install/px4_msgs/share/px4_msgs/msg/RadioStatus.msg\n'}
[0.508199] (px4_msgs) StdoutLine: {'line': b'-- Up-to-date symlink: /home/lee/workspace/ros2_ex_mav/install/px4_msgs/share/px4_msgs/msg/RateCtrlStatus.msg\n'}
[0.508239] (px4_msgs) StdoutLine: {'line': b'-- Up-to-date symlink: /home/lee/workspace/ros2_ex_mav/install/px4_msgs/share/px4_msgs/msg/RcChannels.msg\n'}
[0.508283] (px4_msgs) StdoutLine: {'line': b'-- Up-to-date symlink: /home/lee/workspace/ros2_ex_mav/install/px4_msgs/share/px4_msgs/msg/RcParameterMap.msg\n'}
[0.508327] (px4_msgs) StdoutLine: {'line': b'-- Up-to-date symlink: /home/lee/workspace/ros2_ex_mav/install/px4_msgs/share/px4_msgs/msg/Rpm.msg\n'}
[0.508372] (px4_msgs) StdoutLine: {'line': b'-- Up-to-date symlink: /home/lee/workspace/ros2_ex_mav/install/px4_msgs/share/px4_msgs/msg/RtlTimeEstimate.msg\n'}
[0.508412] (px4_msgs) StdoutLine: {'line': b'-- Up-to-date symlink: /home/lee/workspace/ros2_ex_mav/install/px4_msgs/share/px4_msgs/msg/SatelliteInfo.msg\n'}
[0.508455] (px4_msgs) StdoutLine: {'line': b'-- Up-to-date symlink: /home/lee/workspace/ros2_ex_mav/install/px4_msgs/share/px4_msgs/msg/SensorAccel.msg\n'}
[0.508499] (px4_msgs) StdoutLine: {'line': b'-- Up-to-date symlink: /home/lee/workspace/ros2_ex_mav/install/px4_msgs/share/px4_msgs/msg/SensorAccelFifo.msg\n'}
[0.508543] (px4_msgs) StdoutLine: {'line': b'-- Up-to-date symlink: /home/lee/workspace/ros2_ex_mav/install/px4_msgs/share/px4_msgs/msg/SensorBaro.msg\n'}
[0.508586] (px4_msgs) StdoutLine: {'line': b'-- Up-to-date symlink: /home/lee/workspace/ros2_ex_mav/install/px4_msgs/share/px4_msgs/msg/SensorCombined.msg\n'}
[0.508629] (px4_msgs) StdoutLine: {'line': b'-- Up-to-date symlink: /home/lee/workspace/ros2_ex_mav/install/px4_msgs/share/px4_msgs/msg/SensorCorrection.msg\n'}
[0.508674] (px4_msgs) StdoutLine: {'line': b'-- Up-to-date symlink: /home/lee/workspace/ros2_ex_mav/install/px4_msgs/share/px4_msgs/msg/SensorGnssRelative.msg\n'}
[0.508715] (px4_msgs) StdoutLine: {'line': b'-- Up-to-date symlink: /home/lee/workspace/ros2_ex_mav/install/px4_msgs/share/px4_msgs/msg/SensorGps.msg\n'}
[0.508759] (px4_msgs) StdoutLine: {'line': b'-- Up-to-date symlink: /home/lee/workspace/ros2_ex_mav/install/px4_msgs/share/px4_msgs/msg/SensorGyro.msg\n'}
[0.508801] (px4_msgs) StdoutLine: {'line': b'-- Up-to-date symlink: /home/lee/workspace/ros2_ex_mav/install/px4_msgs/share/px4_msgs/msg/SensorGyroFft.msg\n'}
[0.508844] (px4_msgs) StdoutLine: {'line': b'-- Up-to-date symlink: /home/lee/workspace/ros2_ex_mav/install/px4_msgs/share/px4_msgs/msg/SensorGyroFifo.msg\n'}
[0.508886] (px4_msgs) StdoutLine: {'line': b'-- Up-to-date symlink: /home/lee/workspace/ros2_ex_mav/install/px4_msgs/share/px4_msgs/msg/SensorHygrometer.msg\n'}
[0.508930] (px4_msgs) StdoutLine: {'line': b'-- Up-to-date symlink: /home/lee/workspace/ros2_ex_mav/install/px4_msgs/share/px4_msgs/msg/SensorMag.msg\n'}
[0.508973] (px4_msgs) StdoutLine: {'line': b'-- Up-to-date symlink: /home/lee/workspace/ros2_ex_mav/install/px4_msgs/share/px4_msgs/msg/SensorOpticalFlow.msg\n'}
[0.509019] (px4_msgs) StdoutLine: {'line': b'-- Up-to-date symlink: /home/lee/workspace/ros2_ex_mav/install/px4_msgs/share/px4_msgs/msg/SensorPreflightMag.msg\n'}
[0.509084] (px4_msgs) StdoutLine: {'line': b'-- Up-to-date symlink: /home/lee/workspace/ros2_ex_mav/install/px4_msgs/share/px4_msgs/msg/SensorSelection.msg\n'}
[0.509124] (px4_msgs) StdoutLine: {'line': b'-- Up-to-date symlink: /home/lee/workspace/ros2_ex_mav/install/px4_msgs/share/px4_msgs/msg/SensorUwb.msg\n'}
[0.509153] (px4_msgs) StdoutLine: {'line': b'-- Up-to-date symlink: /home/lee/workspace/ros2_ex_mav/install/px4_msgs/share/px4_msgs/msg/SensorsStatus.msg\n'}
[0.509285] (px4_msgs) StdoutLine: {'line': b'-- Up-to-date symlink: /home/lee/workspace/ros2_ex_mav/install/px4_msgs/share/px4_msgs/msg/SensorsStatusImu.msg\n'}
[0.509307] (px4_msgs) StdoutLine: {'line': b'-- Up-to-date symlink: /home/lee/workspace/ros2_ex_mav/install/px4_msgs/share/px4_msgs/msg/SystemPower.msg\n'}
[0.509455] (px4_msgs) StdoutLine: {'line': b'-- Up-to-date symlink: /home/lee/workspace/ros2_ex_mav/install/px4_msgs/share/px4_msgs/msg/TakeoffStatus.msg\n'}
[0.509540] (px4_msgs) StdoutLine: {'line': b'-- Up-to-date symlink: /home/lee/workspace/ros2_ex_mav/install/px4_msgs/share/px4_msgs/msg/TaskStackInfo.msg\n'}
[0.509580] (px4_msgs) StdoutLine: {'line': b'-- Up-to-date symlink: /home/lee/workspace/ros2_ex_mav/install/px4_msgs/share/px4_msgs/msg/TecsStatus.msg\n'}
[0.509615] (px4_msgs) StdoutLine: {'line': b'-- Up-to-date symlink: /home/lee/workspace/ros2_ex_mav/install/px4_msgs/share/px4_msgs/msg/TelemetryStatus.msg\n'}
[0.509693] (px4_msgs) StdoutLine: {'line': b'-- Up-to-date symlink: /home/lee/workspace/ros2_ex_mav/install/px4_msgs/share/px4_msgs/msg/TiltrotorExtraControls.msg\n'}
[0.509731] (px4_msgs) StdoutLine: {'line': b'-- Up-to-date symlink: /home/lee/workspace/ros2_ex_mav/install/px4_msgs/share/px4_msgs/msg/TimesyncStatus.msg\n'}
[0.509758] (px4_msgs) StdoutLine: {'line': b'-- Up-to-date symlink: /home/lee/workspace/ros2_ex_mav/install/px4_msgs/share/px4_msgs/msg/TrajectoryBezier.msg\n'}
[0.509783] (px4_msgs) StdoutLine: {'line': b'-- Up-to-date symlink: /home/lee/workspace/ros2_ex_mav/install/px4_msgs/share/px4_msgs/msg/TrajectorySetpoint.msg\n'}
[0.509809] (px4_msgs) StdoutLine: {'line': b'-- Up-to-date symlink: /home/lee/workspace/ros2_ex_mav/install/px4_msgs/share/px4_msgs/msg/TrajectoryWaypoint.msg\n'}
[0.509835] (px4_msgs) StdoutLine: {'line': b'-- Up-to-date symlink: /home/lee/workspace/ros2_ex_mav/install/px4_msgs/share/px4_msgs/msg/TransponderReport.msg\n'}
[0.509881] (px4_msgs) StdoutLine: {'line': b'-- Up-to-date symlink: /home/lee/workspace/ros2_ex_mav/install/px4_msgs/share/px4_msgs/msg/TuneControl.msg\n'}
[0.509918] (px4_msgs) StdoutLine: {'line': b'-- Up-to-date symlink: /home/lee/workspace/ros2_ex_mav/install/px4_msgs/share/px4_msgs/msg/UavcanParameterRequest.msg\n'}
[0.509948] (px4_msgs) StdoutLine: {'line': b'-- Up-to-date symlink: /home/lee/workspace/ros2_ex_mav/install/px4_msgs/share/px4_msgs/msg/UavcanParameterValue.msg\n'}
[0.509977] (px4_msgs) StdoutLine: {'line': b'-- Up-to-date symlink: /home/lee/workspace/ros2_ex_mav/install/px4_msgs/share/px4_msgs/msg/UlogStream.msg\n'}
[0.510101] (px4_msgs) StdoutLine: {'line': b'-- Up-to-date symlink: /home/lee/workspace/ros2_ex_mav/install/px4_msgs/share/px4_msgs/msg/UlogStreamAck.msg\n'}
[0.510135] (px4_msgs) StdoutLine: {'line': b'-- Up-to-date symlink: /home/lee/workspace/ros2_ex_mav/install/px4_msgs/share/px4_msgs/msg/VehicleAcceleration.msg\n'}
[0.510167] (px4_msgs) StdoutLine: {'line': b'-- Up-to-date symlink: /home/lee/workspace/ros2_ex_mav/install/px4_msgs/share/px4_msgs/msg/VehicleAirData.msg\n'}
[0.510195] (px4_msgs) StdoutLine: {'line': b'-- Up-to-date symlink: /home/lee/workspace/ros2_ex_mav/install/px4_msgs/share/px4_msgs/msg/VehicleAngularAccelerationSetpoint.msg\n'}
[0.510226] (px4_msgs) StdoutLine: {'line': b'-- Up-to-date symlink: /home/lee/workspace/ros2_ex_mav/install/px4_msgs/share/px4_msgs/msg/VehicleAngularVelocity.msg\n'}
[0.510314] (px4_msgs) StdoutLine: {'line': b'-- Up-to-date symlink: /home/lee/workspace/ros2_ex_mav/install/px4_msgs/share/px4_msgs/msg/VehicleAttitude.msg\n'}
[0.510353] (px4_msgs) StdoutLine: {'line': b'-- Up-to-date symlink: /home/lee/workspace/ros2_ex_mav/install/px4_msgs/share/px4_msgs/msg/VehicleAttitudeSetpoint.msg\n'}
[0.510382] (px4_msgs) StdoutLine: {'line': b'-- Up-to-date symlink: /home/lee/workspace/ros2_ex_mav/install/px4_msgs/share/px4_msgs/msg/VehicleCommand.msg\n'}
[0.510411] (px4_msgs) StdoutLine: {'line': b'-- Up-to-date symlink: /home/lee/workspace/ros2_ex_mav/install/px4_msgs/share/px4_msgs/msg/VehicleCommandAck.msg\n'}
[0.510440] (px4_msgs) StdoutLine: {'line': b'-- Up-to-date symlink: /home/lee/workspace/ros2_ex_mav/install/px4_msgs/share/px4_msgs/msg/VehicleConstraints.msg\n'}
[0.510577] (px4_msgs) StdoutLine: {'line': b'-- Up-to-date symlink: /home/lee/workspace/ros2_ex_mav/install/px4_msgs/share/px4_msgs/msg/VehicleControlMode.msg\n'}
[0.510605] (px4_msgs) StdoutLine: {'line': b'-- Up-to-date symlink: /home/lee/workspace/ros2_ex_mav/install/px4_msgs/share/px4_msgs/msg/VehicleGlobalPosition.msg\n'}
[0.510628] (px4_msgs) StdoutLine: {'line': b'-- Up-to-date symlink: /home/lee/workspace/ros2_ex_mav/install/px4_msgs/share/px4_msgs/msg/VehicleImu.msg\n'}
[0.510653] (px4_msgs) StdoutLine: {'line': b'-- Up-to-date symlink: /home/lee/workspace/ros2_ex_mav/install/px4_msgs/share/px4_msgs/msg/VehicleImuStatus.msg\n'}
[0.510673] (px4_msgs) StdoutLine: {'line': b'-- Up-to-date symlink: /home/lee/workspace/ros2_ex_mav/install/px4_msgs/share/px4_msgs/msg/VehicleLandDetected.msg\n'}
[0.510692] (px4_msgs) StdoutLine: {'line': b'-- Up-to-date symlink: /home/lee/workspace/ros2_ex_mav/install/px4_msgs/share/px4_msgs/msg/VehicleLocalPosition.msg\n'}
[0.510710] (px4_msgs) StdoutLine: {'line': b'-- Up-to-date symlink: /home/lee/workspace/ros2_ex_mav/install/px4_msgs/share/px4_msgs/msg/VehicleLocalPositionSetpoint.msg\n'}
[0.510776] (px4_msgs) StdoutLine: {'line': b'-- Up-to-date symlink: /home/lee/workspace/ros2_ex_mav/install/px4_msgs/share/px4_msgs/msg/VehicleMagnetometer.msg\n'}
[0.510801] (px4_msgs) StdoutLine: {'line': b'-- Up-to-date symlink: /home/lee/workspace/ros2_ex_mav/install/px4_msgs/share/px4_msgs/msg/VehicleOdometry.msg\n'}
[0.510822] (px4_msgs) StdoutLine: {'line': b'-- Up-to-date symlink: /home/lee/workspace/ros2_ex_mav/install/px4_msgs/share/px4_msgs/msg/VehicleOpticalFlow.msg\n'}
[0.510848] (px4_msgs) StdoutLine: {'line': b'-- Up-to-date symlink: /home/lee/workspace/ros2_ex_mav/install/px4_msgs/share/px4_msgs/msg/VehicleOpticalFlowVel.msg\n'}
[0.511039] (px4_msgs) StdoutLine: {'line': b'-- Up-to-date symlink: /home/lee/workspace/ros2_ex_mav/install/px4_msgs/share/px4_msgs/msg/VehicleRatesSetpoint.msg\n'}
[0.511062] (px4_msgs) StdoutLine: {'line': b'-- Up-to-date symlink: /home/lee/workspace/ros2_ex_mav/install/px4_msgs/share/px4_msgs/msg/VehicleRoi.msg\n'}
[0.511091] (px4_msgs) StdoutLine: {'line': b'-- Up-to-date symlink: /home/lee/workspace/ros2_ex_mav/install/px4_msgs/share/px4_msgs/msg/VehicleStatus.msg\n'}
[0.511110] (px4_msgs) StdoutLine: {'line': b'-- Up-to-date symlink: /home/lee/workspace/ros2_ex_mav/install/px4_msgs/share/px4_msgs/msg/VehicleThrustSetpoint.msg\n'}
[0.511139] (px4_msgs) StdoutLine: {'line': b'-- Up-to-date symlink: /home/lee/workspace/ros2_ex_mav/install/px4_msgs/share/px4_msgs/msg/VehicleTorqueSetpoint.msg\n'}
[0.511157] (px4_msgs) StdoutLine: {'line': b'-- Up-to-date symlink: /home/lee/workspace/ros2_ex_mav/install/px4_msgs/share/px4_msgs/msg/VehicleTrajectoryBezier.msg\n'}
[0.511177] (px4_msgs) StdoutLine: {'line': b'-- Up-to-date symlink: /home/lee/workspace/ros2_ex_mav/install/px4_msgs/share/px4_msgs/msg/VehicleTrajectoryWaypoint.msg\n'}
[0.511197] (px4_msgs) StdoutLine: {'line': b'-- Up-to-date symlink: /home/lee/workspace/ros2_ex_mav/install/px4_msgs/share/px4_msgs/msg/VtolVehicleStatus.msg\n'}
[0.511217] (px4_msgs) StdoutLine: {'line': b'-- Up-to-date symlink: /home/lee/workspace/ros2_ex_mav/install/px4_msgs/share/px4_msgs/msg/Wind.msg\n'}
[0.511256] (px4_msgs) StdoutLine: {'line': b'-- Up-to-date symlink: /home/lee/workspace/ros2_ex_mav/install/px4_msgs/share/px4_msgs/msg/YawEstimatorStatus.msg\n'}
[0.511282] (px4_msgs) StdoutLine: {'line': b'-- Up-to-date symlink: /home/lee/workspace/ros2_ex_mav/install/px4_msgs/share/ament_index/resource_index/package_run_dependencies/px4_msgs\n'}
[0.511319] (px4_msgs) StdoutLine: {'line': b'-- Up-to-date symlink: /home/lee/workspace/ros2_ex_mav/install/px4_msgs/share/ament_index/resource_index/parent_prefix_path/px4_msgs\n'}
[0.511357] (px4_msgs) StdoutLine: {'line': b'-- Up-to-date symlink: /home/lee/workspace/ros2_ex_mav/install/px4_msgs/share/px4_msgs/environment/ament_prefix_path.sh\n'}
[0.511389] (px4_msgs) StdoutLine: {'line': b'-- Up-to-date symlink: /home/lee/workspace/ros2_ex_mav/install/px4_msgs/share/px4_msgs/environment/ament_prefix_path.dsv\n'}
[0.511425] (px4_msgs) StdoutLine: {'line': b'-- Up-to-date symlink: /home/lee/workspace/ros2_ex_mav/install/px4_msgs/share/px4_msgs/environment/path.sh\n'}
[0.511465] (px4_msgs) StdoutLine: {'line': b'-- Up-to-date symlink: /home/lee/workspace/ros2_ex_mav/install/px4_msgs/share/px4_msgs/environment/path.dsv\n'}
[0.511509] (px4_msgs) StdoutLine: {'line': b'-- Up-to-date symlink: /home/lee/workspace/ros2_ex_mav/install/px4_msgs/share/px4_msgs/local_setup.bash\n'}
[0.511553] (px4_msgs) StdoutLine: {'line': b'-- Up-to-date symlink: /home/lee/workspace/ros2_ex_mav/install/px4_msgs/share/px4_msgs/local_setup.sh\n'}
[0.511596] (px4_msgs) StdoutLine: {'line': b'-- Up-to-date symlink: /home/lee/workspace/ros2_ex_mav/install/px4_msgs/share/px4_msgs/local_setup.zsh\n'}
[0.511637] (px4_msgs) StdoutLine: {'line': b'-- Up-to-date symlink: /home/lee/workspace/ros2_ex_mav/install/px4_msgs/share/px4_msgs/local_setup.dsv\n'}
[0.511669] (px4_msgs) StdoutLine: {'line': b'-- Symlinking: /home/lee/workspace/ros2_ex_mav/install/px4_msgs/share/px4_msgs/package.dsv\n'}
[0.516154] (px4_msgs) StdoutLine: {'line': b'-- Up-to-date symlink: /home/lee/workspace/ros2_ex_mav/install/px4_msgs/share/ament_index/resource_index/packages/px4_msgs\n'}
[0.516321] (px4_msgs) StdoutLine: {'line': b'-- Up-to-date symlink: /home/lee/workspace/ros2_ex_mav/install/px4_msgs/share/px4_msgs/cmake/rosidl_cmake-extras.cmake\n'}
[0.516392] (px4_msgs) StdoutLine: {'line': b'-- Up-to-date symlink: /home/lee/workspace/ros2_ex_mav/install/px4_msgs/share/px4_msgs/cmake/ament_cmake_export_dependencies-extras.cmake\n'}
[0.516415] (px4_msgs) StdoutLine: {'line': b'-- Up-to-date symlink: /home/lee/workspace/ros2_ex_mav/install/px4_msgs/share/px4_msgs/cmake/ament_cmake_export_include_directories-extras.cmake\n'}
[0.516438] (px4_msgs) StdoutLine: {'line': b'-- Up-to-date symlink: /home/lee/workspace/ros2_ex_mav/install/px4_msgs/share/px4_msgs/cmake/ament_cmake_export_libraries-extras.cmake\n'}
[0.516469] (px4_msgs) StdoutLine: {'line': b'-- Up-to-date symlink: /home/lee/workspace/ros2_ex_mav/install/px4_msgs/share/px4_msgs/cmake/ament_cmake_export_targets-extras.cmake\n'}
[0.516504] (px4_msgs) StdoutLine: {'line': b'-- Up-to-date symlink: /home/lee/workspace/ros2_ex_mav/install/px4_msgs/share/px4_msgs/cmake/rosidl_cmake_export_typesupport_targets-extras.cmake\n'}
[0.516525] (px4_msgs) StdoutLine: {'line': b'-- Up-to-date symlink: /home/lee/workspace/ros2_ex_mav/install/px4_msgs/share/px4_msgs/cmake/rosidl_cmake_export_typesupport_libraries-extras.cmake\n'}
[0.516546] (px4_msgs) StdoutLine: {'line': b'-- Up-to-date symlink: /home/lee/workspace/ros2_ex_mav/install/px4_msgs/share/px4_msgs/cmake/px4_msgsConfig.cmake\n'}
[0.516576] (px4_msgs) StdoutLine: {'line': b'-- Up-to-date symlink: /home/lee/workspace/ros2_ex_mav/install/px4_msgs/share/px4_msgs/cmake/px4_msgsConfig-version.cmake\n'}
[0.516607] (px4_msgs) StdoutLine: {'line': b'-- Up-to-date symlink: /home/lee/workspace/ros2_ex_mav/install/px4_msgs/share/px4_msgs/package.xml\n'}
[0.516760] (px4_msgs) StdoutLine: {'line': b'-- Up-to-date: /home/lee/workspace/ros2_ex_mav/install/px4_msgs/lib/libpx4_msgs__rosidl_generator_c.so\n'}
[0.516864] (px4_msgs) StdoutLine: {'line': b'-- Up-to-date: /home/lee/workspace/ros2_ex_mav/install/px4_msgs/lib/libpx4_msgs__rosidl_typesupport_fastrtps_c.so\n'}
[0.516960] (px4_msgs) StdoutLine: {'line': b'-- Up-to-date: /home/lee/workspace/ros2_ex_mav/install/px4_msgs/lib/libpx4_msgs__rosidl_typesupport_fastrtps_cpp.so\n'}
[0.517050] (px4_msgs) StdoutLine: {'line': b'-- Up-to-date: /home/lee/workspace/ros2_ex_mav/install/px4_msgs/lib/libpx4_msgs__rosidl_typesupport_introspection_c.so\n'}
[0.517132] (px4_msgs) StdoutLine: {'line': b'-- Up-to-date: /home/lee/workspace/ros2_ex_mav/install/px4_msgs/lib/libpx4_msgs__rosidl_typesupport_c.so\n'}
[0.517219] (px4_msgs) StdoutLine: {'line': b'-- Up-to-date: /home/lee/workspace/ros2_ex_mav/install/px4_msgs/lib/libpx4_msgs__rosidl_typesupport_introspection_cpp.so\n'}
[0.517306] (px4_msgs) StdoutLine: {'line': b'-- Up-to-date: /home/lee/workspace/ros2_ex_mav/install/px4_msgs/lib/libpx4_msgs__rosidl_typesupport_cpp.so\n'}
[0.536086] (px4_msgs) StdoutLine: {'line': b"Listing '/home/lee/workspace/ros2_ex_mav/install/px4_msgs/local/lib/python3.10/dist-packages/px4_msgs'...\n"}
[0.536215] (px4_msgs) StdoutLine: {'line': b"Listing '/home/lee/workspace/ros2_ex_mav/install/px4_msgs/local/lib/python3.10/dist-packages/px4_msgs/msg'...\n"}
[0.538020] (px4_msgs) StdoutLine: {'line': b'-- Up-to-date: /home/lee/workspace/ros2_ex_mav/install/px4_msgs/lib/libpx4_msgs__rosidl_generator_py.so\n'}
[0.538091] (px4_msgs) StdoutLine: {'line': b'-- Up-to-date: /home/lee/workspace/ros2_ex_mav/install/px4_msgs/share/px4_msgs/cmake/export_px4_msgs__rosidl_generator_cExport.cmake\n'}
[0.538122] (px4_msgs) StdoutLine: {'line': b'-- Up-to-date: /home/lee/workspace/ros2_ex_mav/install/px4_msgs/share/px4_msgs/cmake/export_px4_msgs__rosidl_generator_cExport-relwithdebinfo.cmake\n'}
[0.538144] (px4_msgs) StdoutLine: {'line': b'-- Up-to-date: /home/lee/workspace/ros2_ex_mav/install/px4_msgs/share/px4_msgs/cmake/export_px4_msgs__rosidl_typesupport_fastrtps_cExport.cmake\n'}
[0.538165] (px4_msgs) StdoutLine: {'line': b'-- Up-to-date: /home/lee/workspace/ros2_ex_mav/install/px4_msgs/share/px4_msgs/cmake/export_px4_msgs__rosidl_typesupport_fastrtps_cExport-relwithdebinfo.cmake\n'}
[0.538187] (px4_msgs) StdoutLine: {'line': b'-- Up-to-date: /home/lee/workspace/ros2_ex_mav/install/px4_msgs/share/px4_msgs/cmake/export_px4_msgs__rosidl_generator_cppExport.cmake\n'}
[0.538223] (px4_msgs) StdoutLine: {'line': b'-- Up-to-date: /home/lee/workspace/ros2_ex_mav/install/px4_msgs/share/px4_msgs/cmake/export_px4_msgs__rosidl_typesupport_fastrtps_cppExport.cmake\n'}
[0.538267] (px4_msgs) StdoutLine: {'line': b'-- Up-to-date: /home/lee/workspace/ros2_ex_mav/install/px4_msgs/share/px4_msgs/cmake/export_px4_msgs__rosidl_typesupport_fastrtps_cppExport-relwithdebinfo.cmake\n'}
[0.538289] (px4_msgs) StdoutLine: {'line': b'-- Up-to-date: /home/lee/workspace/ros2_ex_mav/install/px4_msgs/share/px4_msgs/cmake/px4_msgs__rosidl_typesupport_introspection_cExport.cmake\n'}
[0.538312] (px4_msgs) StdoutLine: {'line': b'-- Up-to-date: /home/lee/workspace/ros2_ex_mav/install/px4_msgs/share/px4_msgs/cmake/px4_msgs__rosidl_typesupport_introspection_cExport-relwithdebinfo.cmake\n'}
[0.538335] (px4_msgs) StdoutLine: {'line': b'-- Up-to-date: /home/lee/workspace/ros2_ex_mav/install/px4_msgs/share/px4_msgs/cmake/px4_msgs__rosidl_typesupport_cExport.cmake\n'}
[0.538372] (px4_msgs) StdoutLine: {'line': b'-- Up-to-date: /home/lee/workspace/ros2_ex_mav/install/px4_msgs/share/px4_msgs/cmake/px4_msgs__rosidl_typesupport_cExport-relwithdebinfo.cmake\n'}
[0.538395] (px4_msgs) StdoutLine: {'line': b'-- Up-to-date: /home/lee/workspace/ros2_ex_mav/install/px4_msgs/share/px4_msgs/cmake/px4_msgs__rosidl_typesupport_introspection_cppExport.cmake\n'}
[0.538434] (px4_msgs) StdoutLine: {'line': b'-- Up-to-date: /home/lee/workspace/ros2_ex_mav/install/px4_msgs/share/px4_msgs/cmake/px4_msgs__rosidl_typesupport_introspection_cppExport-relwithdebinfo.cmake\n'}
[0.538454] (px4_msgs) StdoutLine: {'line': b'-- Up-to-date: /home/lee/workspace/ros2_ex_mav/install/px4_msgs/share/px4_msgs/cmake/px4_msgs__rosidl_typesupport_cppExport.cmake\n'}
[0.538473] (px4_msgs) StdoutLine: {'line': b'-- Up-to-date: /home/lee/workspace/ros2_ex_mav/install/px4_msgs/share/px4_msgs/cmake/px4_msgs__rosidl_typesupport_cppExport-relwithdebinfo.cmake\n'}
[0.538493] (px4_msgs) StdoutLine: {'line': b'-- Up-to-date: /home/lee/workspace/ros2_ex_mav/install/px4_msgs/share/px4_msgs/cmake/export_px4_msgs__rosidl_generator_pyExport.cmake\n'}
[0.538511] (px4_msgs) StdoutLine: {'line': b'-- Up-to-date: /home/lee/workspace/ros2_ex_mav/install/px4_msgs/share/px4_msgs/cmake/export_px4_msgs__rosidl_generator_pyExport-relwithdebinfo.cmake\n'}
[0.539603] (px4_msgs) CommandEnded: {'returncode': 0}
[0.550626] (px4_msgs) JobEnded: {'identifier': 'px4_msgs', 'rc': 0}
[0.550864] (mav) JobStarted: {'identifier': 'mav'}
[0.552617] (px4_multi_uav) JobStarted: {'identifier': 'px4_multi_uav'}
[0.555493] (mav) JobProgress: {'identifier': 'mav', 'progress': 'cmake'}
[0.555893] (mav) JobProgress: {'identifier': 'mav', 'progress': 'build'}
[0.556048] (mav) Command: {'cmd': ['/usr/bin/cmake', '--build', '/home/lee/workspace/ros2_ex_mav/build/mav', '--', '-j32', '-l32'], 'cwd': '/home/lee/workspace/ros2_ex_mav/build/mav', 'env': OrderedDict([('GJS_DEBUG_TOPICS', 'JS ERROR;JS LOG'), ('GZ_SIM_SYSTEM_PLUGIN_PATH', ':/home/lee/gazebo_maritime_ws/install/lib:/home/lee/workspace/gz_sim_modle/gazebo_joint_plugin/build:/home/lee/PX4-Autopilot/Tools/sitl_gazebo/build/px4_sitl_default/build_gz:/home/lee/gazebo_maritime_ws/install/lib:/home/lee/workspace/gz_sim_modle/gazebo_joint_plugin/build:/home/lee/PX4-Autopilot/Tools/sitl_gazebo/build/px4_sitl_default/build_gz'), ('PYTHON_BASIC_REPL', '1'), ('LC_TIME', 'lzh_TW'), ('USER', 'lee'), ('GZ_SIM_RESOURCE_PATH', ':/home/lee/PX4-Autopilot/Tools/sitl_gazebo/models:/home/lee/workspace/gz_sim_modle:/usr/share/gz/gz-sim8/worlds:/home/lee/PX4-Autopilot/Tools/simulation/gz/worlds:/home/lee/PX4-Autopilot/Tools/sitl_gazebo/models:/home/lee/PX4-Autopilot/Tools/simulation/gz/models:/home/lee/PX4-Autopilot/Tools/sitl_gazebo/models:/home/lee/workspace/gz_sim_modle:/usr/share/gz/gz-sim8/worlds:/home/lee/PX4-Autopilot/Tools/simulation/gz/worlds:/home/lee/PX4-Autopilot/Tools/sitl_gazebo/models:/home/lee/PX4-Autopilot/Tools/simulation/gz/models'), ('XDG_SESSION_TYPE', 'x11'), ('GIT_ASKPASS', '/usr/share/code/resources/app/extensions/git/dist/askpass.sh'), ('SHLVL', '2'), ('LD_LIBRARY_PATH', '/home/lee/workspace/ros2_ex_mav/install/px4_msgs/lib:/home/lee/workspace/ros2_ex/install/px4_msgs/lib:/opt/ros/humble/opt/rviz_ogre_vendor/lib:/opt/ros/humble/lib/x86_64-linux-gnu:/opt/ros/humble/lib:/home/lee/gazebo_maritime_ws/install/lib:/home/lee/gazebo_maritime_ws/install/lib'), ('HOME', '/home/lee'), ('CHROME_DESKTOP', 'code.desktop'), ('OLDPWD', '/home/lee/workspace/ros2_ex_mav'), ('LESS', '-R'), ('DESKTOP_SESSION', 'ubuntu'), ('TERM_PROGRAM_VERSION', '1.100.2'), ('GIO_LAUNCHED_DESKTOP_FILE', '/usr/share/applications/code.desktop'), ('ZSH', '/home/lee/.oh-my-zsh'), ('LSCOLORS', 'Gxfxcxdxbxegedabagacad'), ('GTK_MODULES', 'gail:atk-bridge'), ('GNOME_SHELL_SESSION_MODE', 'ubuntu'), ('PAGER', 'less'), ('ROS_PYTHON_VERSION', '3'), ('VSCODE_GIT_ASKPASS_MAIN', '/usr/share/code/resources/app/extensions/git/dist/askpass-main.js'), ('LC_MONETARY', 'lzh_TW'), ('MANAGERPID', '1906'), ('VSCODE_GIT_ASKPASS_NODE', '/usr/share/code/code'), ('SYSTEMD_EXEC_PID', '2136'), ('DBUS_SESSION_BUS_ADDRESS', 'unix:path=/run/user/1000/bus,guid=6db25e565444af867a712119692cedd4'), ('DBUS_STARTER_BUS_TYPE', 'session'), ('P9K_TTY', 'old'), ('GIO_LAUNCHED_DESKTOP_FILE_PID', '7899'), ('COLORTERM', 'truecolor'), ('_colcon_cd_root', '/opt/ros/humble/'), ('ROS_DISTRO', 'humble'), ('COLCON_PREFIX_PATH', '/home/lee/workspace/ros2_ex/install'), ('LOGNAME', 'lee'), ('GTK_IM_MODULE', 'ibus'), ('JOURNAL_STREAM', '8:20924'), ('_P9K_SSH_TTY', '/dev/pts/4'), ('_', '/usr/bin/colcon'), ('XDG_SESSION_CLASS', 'user'), ('ROS_VERSION', '2'), ('USER_ZDOTDIR', '/home/lee'), ('USERNAME', 'lee'), ('TERM', 'xterm-256color'), ('GAZEBO_MODEL_PATH', '/home/lee/PX4-Autopilot/Tools/simulation/gz/models'), ('GNOME_DESKTOP_SESSION_ID', 'this-is-deprecated'), ('ROS_LOCALHOST_ONLY', '0'), ('WINDOWPATH', '2'), ('PATH', '/usr/local/MATLAB/R2024b/bin/:/opt/ros/humble/bin:/usr/local/MATLAB/R2024b/bin/:/home/lee/.local/bin:/usr/local/sbin:/usr/local/bin:/usr/sbin:/usr/bin:/sbin:/bin:/usr/games:/usr/local/games:/snap/bin:/snap/bin:/home/lee/.config/Code/User/globalStorage/github.copilot-chat/debugCommand'), ('SESSION_MANAGER', 'local/lee-System-Product-Name:@/tmp/.ICE-unix/2136,unix/lee-System-Product-Name:/tmp/.ICE-unix/2136'), ('INVOCATION_ID', '03cc1ef568774989b95153ffa35a0860'), ('LC_ADDRESS', 'lzh_TW'), ('XDG_RUNTIME_DIR', '/run/user/1000'), ('XDG_MENU_PREFIX', 'gnome-'), ('GDK_BACKEND', 'x11'), ('GNOME_TERMINAL_SCREEN', '/org/gnome/Terminal/screen/e1b82afc_0593_42d0_8c5c_00ca00df125d'), ('DISPLAY', ':1'), ('LANG', 'en_US.UTF-8'), ('LC_TELEPHONE', 'lzh_TW'), ('XDG_CURRENT_DESKTOP', 'Unity'), ('GZ_TRANSPORT_VERSION', '12'), ('PYTHONSTARTUP', '/home/lee/.config/Code/User/workspaceStorage/3f8bc68e0fe49b26892e366db8022b14/ms-python.python/pythonrc.py'), ('VSCODE_INJECTION', '1'), ('XAUTHORITY', '/run/user/1000/gdm/Xauthority'), ('XDG_SESSION_DESKTOP', 'ubuntu'), ('XMODIFIERS', '@im=ibus'), ('GNOME_TERMINAL_SERVICE', ':1.219'), ('LS_COLORS', 'rs=0:di=01;34:ln=01;36:mh=00:pi=40;33:so=01;35:do=01;35:bd=40;33;01:cd=40;33;01:or=40;31;01:mi=00:su=37;41:sg=30;43:ca=30;41:tw=30;42:ow=34;42:st=37;44:ex=01;32:*.tar=01;31:*.tgz=01;31:*.arc=01;31:*.arj=01;31:*.taz=01;31:*.lha=01;31:*.lz4=01;31:*.lzh=01;31:*.lzma=01;31:*.tlz=01;31:*.txz=01;31:*.tzo=01;31:*.t7z=01;31:*.zip=01;31:*.z=01;31:*.dz=01;31:*.gz=01;31:*.lrz=01;31:*.lz=01;31:*.lzo=01;31:*.xz=01;31:*.zst=01;31:*.tzst=01;31:*.bz2=01;31:*.bz=01;31:*.tbz=01;31:*.tbz2=01;31:*.tz=01;31:*.deb=01;31:*.rpm=01;31:*.jar=01;31:*.war=01;31:*.ear=01;31:*.sar=01;31:*.rar=01;31:*.alz=01;31:*.ace=01;31:*.zoo=01;31:*.cpio=01;31:*.7z=01;31:*.rz=01;31:*.cab=01;31:*.wim=01;31:*.swm=01;31:*.dwm=01;31:*.esd=01;31:*.jpg=01;35:*.jpeg=01;35:*.mjpg=01;35:*.mjpeg=01;35:*.gif=01;35:*.bmp=01;35:*.pbm=01;35:*.pgm=01;35:*.ppm=01;35:*.tga=01;35:*.xbm=01;35:*.xpm=01;35:*.tif=01;35:*.tiff=01;35:*.png=01;35:*.svg=01;35:*.svgz=01;35:*.mng=01;35:*.pcx=01;35:*.mov=01;35:*.mpg=01;35:*.mpeg=01;35:*.m2v=01;35:*.mkv=01;35:*.webm=01;35:*.webp=01;35:*.ogm=01;35:*.mp4=01;35:*.m4v=01;35:*.mp4v=01;35:*.vob=01;35:*.qt=01;35:*.nuv=01;35:*.wmv=01;35:*.asf=01;35:*.rm=01;35:*.rmvb=01;35:*.flc=01;35:*.avi=01;35:*.fli=01;35:*.flv=01;35:*.gl=01;35:*.dl=01;35:*.xcf=01;35:*.xwd=01;35:*.yuv=01;35:*.cgm=01;35:*.emf=01;35:*.ogv=01;35:*.ogx=01;35:*.aac=00;36:*.au=00;36:*.flac=00;36:*.m4a=00;36:*.mid=00;36:*.midi=00;36:*.mka=00;36:*.mp3=00;36:*.mpc=00;36:*.ogg=00;36:*.ra=00;36:*.wav=00;36:*.oga=00;36:*.opus=00;36:*.spx=00;36:*.xspf=00;36:'), ('TERM_PROGRAM', 'vscode'), ('VSCODE_GIT_IPC_HANDLE', '/run/user/1000/vscode-git-72588b87d1.sock'), ('SSH_AGENT_LAUNCHER', 'gnome-keyring'), ('SSH_AUTH_SOCK', '/run/user/1000/keyring/ssh'), ('ORIGINAL_XDG_CURRENT_DESKTOP', 'ubuntu:GNOME'), ('AMENT_PREFIX_PATH', '/home/lee/workspace/ros2_ex_mav/install/px4_msgs:/home/lee/workspace/ros2_ex/install/mav:/home/lee/workspace/ros2_ex/install/ground:/home/lee/workspace/ros2_ex/install/MAV:/home/lee/workspace/ros2_ex/install/px4_msgs:/opt/ros/humble'), ('LC_NAME', 'lzh_TW'), ('SHELL', '/usr/bin/zsh'), ('QT_ACCESSIBILITY', '1'), ('GDMSESSION', 'ubuntu'), ('GZ_SIM_MODEL_PATH', '/home/lee/PX4-Autopilot/Tools/simulation/gz/models'), ('NO_AT_BRIDGE', '1'), ('LC_MEASUREMENT', 'lzh_TW'), ('LC_IDENTIFICATION', 'lzh_TW'), ('GPG_AGENT_INFO', '/run/user/1000/gnupg/S.gpg-agent:0:1'), ('GJS_DEBUG_OUTPUT', 'stderr'), ('P9K_SSH', '0'), ('QT_IM_MODULE', 'ibus'), ('VSCODE_GIT_ASKPASS_EXTRA_ARGS', ''), ('VSCODE_NONCE', 'c0884f25-54cf-4b86-86a4-58aa08a239b2'), ('LC_ALL', 'en_US.UTF-8'), ('PWD', '/home/lee/workspace/ros2_ex_mav/build/mav'), ('XDG_DATA_DIRS', '/usr/share/ubuntu:/usr/share/gnome:/usr/local/share/:/usr/share/:/var/lib/snapd/desktop'), ('XDG_CONFIG_DIRS', '/etc/xdg/xdg-ubuntu:/etc/xdg'), ('DBUS_STARTER_ADDRESS', 'unix:path=/run/user/1000/bus,guid=6db25e565444af867a712119692cedd4'), ('GAZEBO_PLUGIN_PATH', ':/home/lee/PX4-Autopilot/build/px4_sitl_default/src/lib:/home/lee/PX4-Autopilot/build/px4_sitl_default/src/lib'), ('_P9K_TTY', '/dev/pts/4'), ('ZDOTDIR', '/home/lee'), ('LC_NUMERIC', 'lzh_TW'), ('PYTHONPATH', '/home/lee/workspace/ros2_ex_mav/install/px4_msgs/local/lib/python3.10/dist-packages:/home/lee/workspace/ros2_ex/install/px4_msgs/local/lib/python3.10/dist-packages:/opt/ros/humble/lib/python3.10/site-packages:/opt/ros/humble/local/lib/python3.10/dist-packages'), ('LC_PAPER', 'lzh_TW'), ('COLCON', '1'), ('VTE_VERSION', '6800'), ('CMAKE_PREFIX_PATH', '/home/lee/workspace/ros2_ex_mav/install/px4_msgs:/home/lee/workspace/ros2_ex/install/mav:/home/lee/workspace/ros2_ex/install/ground:/home/lee/workspace/ros2_ex/install/MAV4:/home/lee/workspace/ros2_ex/install/MAV3:/home/lee/workspace/ros2_ex/install/MAV2:/home/lee/workspace/ros2_ex/install/MAV1:/home/lee/workspace/ros2_ex/install/MAV:/home/lee/workspace/ros2_ex/install/px4_msgs:/opt/ros/humble')]), 'shell': False}
[0.557864] (px4_multi_uav) JobProgress: {'identifier': 'px4_multi_uav', 'progress': 'cmake'}
[0.558006] (px4_multi_uav) JobProgress: {'identifier': 'px4_multi_uav', 'progress': 'build'}
[0.558260] (px4_multi_uav) Command: {'cmd': ['/usr/bin/cmake', '--build', '/home/lee/workspace/ros2_ex_mav/build/px4_multi_uav', '--', '-j32', '-l32'], 'cwd': '/home/lee/workspace/ros2_ex_mav/build/px4_multi_uav', 'env': OrderedDict([('GJS_DEBUG_TOPICS', 'JS ERROR;JS LOG'), ('GZ_SIM_SYSTEM_PLUGIN_PATH', ':/home/lee/gazebo_maritime_ws/install/lib:/home/lee/workspace/gz_sim_modle/gazebo_joint_plugin/build:/home/lee/PX4-Autopilot/Tools/sitl_gazebo/build/px4_sitl_default/build_gz:/home/lee/gazebo_maritime_ws/install/lib:/home/lee/workspace/gz_sim_modle/gazebo_joint_plugin/build:/home/lee/PX4-Autopilot/Tools/sitl_gazebo/build/px4_sitl_default/build_gz'), ('PYTHON_BASIC_REPL', '1'), ('LC_TIME', 'lzh_TW'), ('USER', 'lee'), ('GZ_SIM_RESOURCE_PATH', ':/home/lee/PX4-Autopilot/Tools/sitl_gazebo/models:/home/lee/workspace/gz_sim_modle:/usr/share/gz/gz-sim8/worlds:/home/lee/PX4-Autopilot/Tools/simulation/gz/worlds:/home/lee/PX4-Autopilot/Tools/sitl_gazebo/models:/home/lee/PX4-Autopilot/Tools/simulation/gz/models:/home/lee/PX4-Autopilot/Tools/sitl_gazebo/models:/home/lee/workspace/gz_sim_modle:/usr/share/gz/gz-sim8/worlds:/home/lee/PX4-Autopilot/Tools/simulation/gz/worlds:/home/lee/PX4-Autopilot/Tools/sitl_gazebo/models:/home/lee/PX4-Autopilot/Tools/simulation/gz/models'), ('XDG_SESSION_TYPE', 'x11'), ('GIT_ASKPASS', '/usr/share/code/resources/app/extensions/git/dist/askpass.sh'), ('SHLVL', '2'), ('LD_LIBRARY_PATH', '/home/lee/workspace/ros2_ex_mav/install/px4_msgs/lib:/home/lee/workspace/ros2_ex/install/px4_msgs/lib:/opt/ros/humble/opt/rviz_ogre_vendor/lib:/opt/ros/humble/lib/x86_64-linux-gnu:/opt/ros/humble/lib:/home/lee/gazebo_maritime_ws/install/lib:/home/lee/gazebo_maritime_ws/install/lib'), ('HOME', '/home/lee'), ('CHROME_DESKTOP', 'code.desktop'), ('OLDPWD', '/home/lee/workspace/ros2_ex_mav'), ('LESS', '-R'), ('DESKTOP_SESSION', 'ubuntu'), ('TERM_PROGRAM_VERSION', '1.100.2'), ('GIO_LAUNCHED_DESKTOP_FILE', '/usr/share/applications/code.desktop'), ('ZSH', '/home/lee/.oh-my-zsh'), ('LSCOLORS', 'Gxfxcxdxbxegedabagacad'), ('GTK_MODULES', 'gail:atk-bridge'), ('GNOME_SHELL_SESSION_MODE', 'ubuntu'), ('PAGER', 'less'), ('ROS_PYTHON_VERSION', '3'), ('VSCODE_GIT_ASKPASS_MAIN', '/usr/share/code/resources/app/extensions/git/dist/askpass-main.js'), ('LC_MONETARY', 'lzh_TW'), ('MANAGERPID', '1906'), ('VSCODE_GIT_ASKPASS_NODE', '/usr/share/code/code'), ('SYSTEMD_EXEC_PID', '2136'), ('DBUS_SESSION_BUS_ADDRESS', 'unix:path=/run/user/1000/bus,guid=6db25e565444af867a712119692cedd4'), ('DBUS_STARTER_BUS_TYPE', 'session'), ('P9K_TTY', 'old'), ('GIO_LAUNCHED_DESKTOP_FILE_PID', '7899'), ('COLORTERM', 'truecolor'), ('_colcon_cd_root', '/opt/ros/humble/'), ('ROS_DISTRO', 'humble'), ('COLCON_PREFIX_PATH', '/home/lee/workspace/ros2_ex/install'), ('LOGNAME', 'lee'), ('GTK_IM_MODULE', 'ibus'), ('JOURNAL_STREAM', '8:20924'), ('_P9K_SSH_TTY', '/dev/pts/4'), ('_', '/usr/bin/colcon'), ('XDG_SESSION_CLASS', 'user'), ('ROS_VERSION', '2'), ('USER_ZDOTDIR', '/home/lee'), ('USERNAME', 'lee'), ('TERM', 'xterm-256color'), ('GAZEBO_MODEL_PATH', '/home/lee/PX4-Autopilot/Tools/simulation/gz/models'), ('GNOME_DESKTOP_SESSION_ID', 'this-is-deprecated'), ('ROS_LOCALHOST_ONLY', '0'), ('WINDOWPATH', '2'), ('PATH', '/usr/local/MATLAB/R2024b/bin/:/opt/ros/humble/bin:/usr/local/MATLAB/R2024b/bin/:/home/lee/.local/bin:/usr/local/sbin:/usr/local/bin:/usr/sbin:/usr/bin:/sbin:/bin:/usr/games:/usr/local/games:/snap/bin:/snap/bin:/home/lee/.config/Code/User/globalStorage/github.copilot-chat/debugCommand'), ('SESSION_MANAGER', 'local/lee-System-Product-Name:@/tmp/.ICE-unix/2136,unix/lee-System-Product-Name:/tmp/.ICE-unix/2136'), ('INVOCATION_ID', '03cc1ef568774989b95153ffa35a0860'), ('LC_ADDRESS', 'lzh_TW'), ('XDG_RUNTIME_DIR', '/run/user/1000'), ('XDG_MENU_PREFIX', 'gnome-'), ('GDK_BACKEND', 'x11'), ('GNOME_TERMINAL_SCREEN', '/org/gnome/Terminal/screen/e1b82afc_0593_42d0_8c5c_00ca00df125d'), ('DISPLAY', ':1'), ('LANG', 'en_US.UTF-8'), ('LC_TELEPHONE', 'lzh_TW'), ('XDG_CURRENT_DESKTOP', 'Unity'), ('GZ_TRANSPORT_VERSION', '12'), ('PYTHONSTARTUP', '/home/lee/.config/Code/User/workspaceStorage/3f8bc68e0fe49b26892e366db8022b14/ms-python.python/pythonrc.py'), ('VSCODE_INJECTION', '1'), ('XAUTHORITY', '/run/user/1000/gdm/Xauthority'), ('XDG_SESSION_DESKTOP', 'ubuntu'), ('XMODIFIERS', '@im=ibus'), ('GNOME_TERMINAL_SERVICE', ':1.219'), ('LS_COLORS', 'rs=0:di=01;34:ln=01;36:mh=00:pi=40;33:so=01;35:do=01;35:bd=40;33;01:cd=40;33;01:or=40;31;01:mi=00:su=37;41:sg=30;43:ca=30;41:tw=30;42:ow=34;42:st=37;44:ex=01;32:*.tar=01;31:*.tgz=01;31:*.arc=01;31:*.arj=01;31:*.taz=01;31:*.lha=01;31:*.lz4=01;31:*.lzh=01;31:*.lzma=01;31:*.tlz=01;31:*.txz=01;31:*.tzo=01;31:*.t7z=01;31:*.zip=01;31:*.z=01;31:*.dz=01;31:*.gz=01;31:*.lrz=01;31:*.lz=01;31:*.lzo=01;31:*.xz=01;31:*.zst=01;31:*.tzst=01;31:*.bz2=01;31:*.bz=01;31:*.tbz=01;31:*.tbz2=01;31:*.tz=01;31:*.deb=01;31:*.rpm=01;31:*.jar=01;31:*.war=01;31:*.ear=01;31:*.sar=01;31:*.rar=01;31:*.alz=01;31:*.ace=01;31:*.zoo=01;31:*.cpio=01;31:*.7z=01;31:*.rz=01;31:*.cab=01;31:*.wim=01;31:*.swm=01;31:*.dwm=01;31:*.esd=01;31:*.jpg=01;35:*.jpeg=01;35:*.mjpg=01;35:*.mjpeg=01;35:*.gif=01;35:*.bmp=01;35:*.pbm=01;35:*.pgm=01;35:*.ppm=01;35:*.tga=01;35:*.xbm=01;35:*.xpm=01;35:*.tif=01;35:*.tiff=01;35:*.png=01;35:*.svg=01;35:*.svgz=01;35:*.mng=01;35:*.pcx=01;35:*.mov=01;35:*.mpg=01;35:*.mpeg=01;35:*.m2v=01;35:*.mkv=01;35:*.webm=01;35:*.webp=01;35:*.ogm=01;35:*.mp4=01;35:*.m4v=01;35:*.mp4v=01;35:*.vob=01;35:*.qt=01;35:*.nuv=01;35:*.wmv=01;35:*.asf=01;35:*.rm=01;35:*.rmvb=01;35:*.flc=01;35:*.avi=01;35:*.fli=01;35:*.flv=01;35:*.gl=01;35:*.dl=01;35:*.xcf=01;35:*.xwd=01;35:*.yuv=01;35:*.cgm=01;35:*.emf=01;35:*.ogv=01;35:*.ogx=01;35:*.aac=00;36:*.au=00;36:*.flac=00;36:*.m4a=00;36:*.mid=00;36:*.midi=00;36:*.mka=00;36:*.mp3=00;36:*.mpc=00;36:*.ogg=00;36:*.ra=00;36:*.wav=00;36:*.oga=00;36:*.opus=00;36:*.spx=00;36:*.xspf=00;36:'), ('TERM_PROGRAM', 'vscode'), ('VSCODE_GIT_IPC_HANDLE', '/run/user/1000/vscode-git-72588b87d1.sock'), ('SSH_AGENT_LAUNCHER', 'gnome-keyring'), ('SSH_AUTH_SOCK', '/run/user/1000/keyring/ssh'), ('ORIGINAL_XDG_CURRENT_DESKTOP', 'ubuntu:GNOME'), ('AMENT_PREFIX_PATH', '/home/lee/workspace/ros2_ex_mav/install/px4_msgs:/home/lee/workspace/ros2_ex/install/mav:/home/lee/workspace/ros2_ex/install/ground:/home/lee/workspace/ros2_ex/install/MAV:/home/lee/workspace/ros2_ex/install/px4_msgs:/opt/ros/humble'), ('LC_NAME', 'lzh_TW'), ('SHELL', '/usr/bin/zsh'), ('QT_ACCESSIBILITY', '1'), ('GDMSESSION', 'ubuntu'), ('GZ_SIM_MODEL_PATH', '/home/lee/PX4-Autopilot/Tools/simulation/gz/models'), ('NO_AT_BRIDGE', '1'), ('LC_MEASUREMENT', 'lzh_TW'), ('LC_IDENTIFICATION', 'lzh_TW'), ('GPG_AGENT_INFO', '/run/user/1000/gnupg/S.gpg-agent:0:1'), ('GJS_DEBUG_OUTPUT', 'stderr'), ('P9K_SSH', '0'), ('QT_IM_MODULE', 'ibus'), ('VSCODE_GIT_ASKPASS_EXTRA_ARGS', ''), ('VSCODE_NONCE', 'c0884f25-54cf-4b86-86a4-58aa08a239b2'), ('LC_ALL', 'en_US.UTF-8'), ('PWD', '/home/lee/workspace/ros2_ex_mav/build/px4_multi_uav'), ('XDG_DATA_DIRS', '/usr/share/ubuntu:/usr/share/gnome:/usr/local/share/:/usr/share/:/var/lib/snapd/desktop'), ('XDG_CONFIG_DIRS', '/etc/xdg/xdg-ubuntu:/etc/xdg'), ('DBUS_STARTER_ADDRESS', 'unix:path=/run/user/1000/bus,guid=6db25e565444af867a712119692cedd4'), ('GAZEBO_PLUGIN_PATH', ':/home/lee/PX4-Autopilot/build/px4_sitl_default/src/lib:/home/lee/PX4-Autopilot/build/px4_sitl_default/src/lib'), ('_P9K_TTY', '/dev/pts/4'), ('ZDOTDIR', '/home/lee'), ('LC_NUMERIC', 'lzh_TW'), ('PYTHONPATH', '/home/lee/workspace/ros2_ex_mav/install/px4_msgs/local/lib/python3.10/dist-packages:/home/lee/workspace/ros2_ex/install/px4_msgs/local/lib/python3.10/dist-packages:/opt/ros/humble/lib/python3.10/site-packages:/opt/ros/humble/local/lib/python3.10/dist-packages'), ('LC_PAPER', 'lzh_TW'), ('COLCON', '1'), ('VTE_VERSION', '6800'), ('CMAKE_PREFIX_PATH', '/home/lee/workspace/ros2_ex_mav/install/px4_msgs:/home/lee/workspace/ros2_ex/install/mav:/home/lee/workspace/ros2_ex/install/ground:/home/lee/workspace/ros2_ex/install/MAV4:/home/lee/workspace/ros2_ex/install/MAV3:/home/lee/workspace/ros2_ex/install/MAV2:/home/lee/workspace/ros2_ex/install/MAV1:/home/lee/workspace/ros2_ex/install/MAV:/home/lee/workspace/ros2_ex/install/px4_msgs:/opt/ros/humble')]), 'shell': False}
[0.588534] (px4_multi_uav) StdoutLine: {'line': b'\x1b[35m\x1b[1mConsolidate compiler generated dependencies of target formation\x1b[0m\n'}
[0.590333] (mav) StdoutLine: {'line': b'[ 12%] Built target mav2\n'}
[0.590432] (mav) StdoutLine: {'line': b'[ 25%] Built target mav4\n'}
[0.590479] (mav) StdoutLine: {'line': b'[ 37%] Built target mav1\n'}
[0.592401] (mav) StdoutLine: {'line': b'[ 50%] Built target mav3\n'}
[0.592752] (px4_multi_uav) StdoutLine: {'line': b'[ 13%] Built target mav4\n'}
[0.592895] (px4_multi_uav) StdoutLine: {'line': b'[ 20%] \x1b[32mBuilding CXX object CMakeFiles/leader.dir/node/leader.cpp.o\x1b[0m\n'}
[0.593250] (mav) StdoutLine: {'line': b'[ 62%] Built target mav4_syn\n'}
[0.593334] (mav) StdoutLine: {'line': b'[ 75%] Built target mav3_syn\n'}
[0.593411] (mav) StdoutLine: {'line': b'[ 87%] Built target mav2_syn\n'}
[0.593498] (px4_multi_uav) StdoutLine: {'line': b'[ 33%] Built target mav3\n'}
[0.593886] (mav) StdoutLine: {'line': b'[100%] Built target mav1_syn\n'}
[0.595168] (px4_multi_uav) StdoutLine: {'line': b'[ 46%] Built target mav1\n'}
[0.595455] (px4_multi_uav) StdoutLine: {'line': b'[ 60%] Built target mav2\n'}
[0.595538] (px4_multi_uav) StdoutLine: {'line': b'[ 86%] \x1b[32mBuilding CXX object CMakeFiles/formation.dir/node/formation.cpp.o\x1b[0m\n'}
[0.595590] (px4_multi_uav) StdoutLine: {'line': b'[ 86%] Built target keyboard_node\n'}
[0.599955] (-) TimerEvent: {}
[0.600622] (mav) CommandEnded: {'returncode': 0}
[0.600956] (mav) JobProgress: {'identifier': 'mav', 'progress': 'install'}
[0.601121] (mav) Command: {'cmd': ['/usr/bin/cmake', '--install', '/home/lee/workspace/ros2_ex_mav/build/mav'], 'cwd': '/home/lee/workspace/ros2_ex_mav/build/mav', 'env': OrderedDict([('GJS_DEBUG_TOPICS', 'JS ERROR;JS LOG'), ('GZ_SIM_SYSTEM_PLUGIN_PATH', ':/home/lee/gazebo_maritime_ws/install/lib:/home/lee/workspace/gz_sim_modle/gazebo_joint_plugin/build:/home/lee/PX4-Autopilot/Tools/sitl_gazebo/build/px4_sitl_default/build_gz:/home/lee/gazebo_maritime_ws/install/lib:/home/lee/workspace/gz_sim_modle/gazebo_joint_plugin/build:/home/lee/PX4-Autopilot/Tools/sitl_gazebo/build/px4_sitl_default/build_gz'), ('PYTHON_BASIC_REPL', '1'), ('LC_TIME', 'lzh_TW'), ('USER', 'lee'), ('GZ_SIM_RESOURCE_PATH', ':/home/lee/PX4-Autopilot/Tools/sitl_gazebo/models:/home/lee/workspace/gz_sim_modle:/usr/share/gz/gz-sim8/worlds:/home/lee/PX4-Autopilot/Tools/simulation/gz/worlds:/home/lee/PX4-Autopilot/Tools/sitl_gazebo/models:/home/lee/PX4-Autopilot/Tools/simulation/gz/models:/home/lee/PX4-Autopilot/Tools/sitl_gazebo/models:/home/lee/workspace/gz_sim_modle:/usr/share/gz/gz-sim8/worlds:/home/lee/PX4-Autopilot/Tools/simulation/gz/worlds:/home/lee/PX4-Autopilot/Tools/sitl_gazebo/models:/home/lee/PX4-Autopilot/Tools/simulation/gz/models'), ('XDG_SESSION_TYPE', 'x11'), ('GIT_ASKPASS', '/usr/share/code/resources/app/extensions/git/dist/askpass.sh'), ('SHLVL', '2'), ('LD_LIBRARY_PATH', '/home/lee/workspace/ros2_ex_mav/install/px4_msgs/lib:/home/lee/workspace/ros2_ex/install/px4_msgs/lib:/opt/ros/humble/opt/rviz_ogre_vendor/lib:/opt/ros/humble/lib/x86_64-linux-gnu:/opt/ros/humble/lib:/home/lee/gazebo_maritime_ws/install/lib:/home/lee/gazebo_maritime_ws/install/lib'), ('HOME', '/home/lee'), ('CHROME_DESKTOP', 'code.desktop'), ('OLDPWD', '/home/lee/workspace/ros2_ex_mav'), ('LESS', '-R'), ('DESKTOP_SESSION', 'ubuntu'), ('TERM_PROGRAM_VERSION', '1.100.2'), ('GIO_LAUNCHED_DESKTOP_FILE', '/usr/share/applications/code.desktop'), ('ZSH', '/home/lee/.oh-my-zsh'), ('LSCOLORS', 'Gxfxcxdxbxegedabagacad'), ('GTK_MODULES', 'gail:atk-bridge'), ('GNOME_SHELL_SESSION_MODE', 'ubuntu'), ('PAGER', 'less'), ('ROS_PYTHON_VERSION', '3'), ('VSCODE_GIT_ASKPASS_MAIN', '/usr/share/code/resources/app/extensions/git/dist/askpass-main.js'), ('LC_MONETARY', 'lzh_TW'), ('MANAGERPID', '1906'), ('VSCODE_GIT_ASKPASS_NODE', '/usr/share/code/code'), ('SYSTEMD_EXEC_PID', '2136'), ('DBUS_SESSION_BUS_ADDRESS', 'unix:path=/run/user/1000/bus,guid=6db25e565444af867a712119692cedd4'), ('DBUS_STARTER_BUS_TYPE', 'session'), ('P9K_TTY', 'old'), ('GIO_LAUNCHED_DESKTOP_FILE_PID', '7899'), ('COLORTERM', 'truecolor'), ('_colcon_cd_root', '/opt/ros/humble/'), ('ROS_DISTRO', 'humble'), ('COLCON_PREFIX_PATH', '/home/lee/workspace/ros2_ex/install'), ('LOGNAME', 'lee'), ('GTK_IM_MODULE', 'ibus'), ('JOURNAL_STREAM', '8:20924'), ('_P9K_SSH_TTY', '/dev/pts/4'), ('_', '/usr/bin/colcon'), ('XDG_SESSION_CLASS', 'user'), ('ROS_VERSION', '2'), ('USER_ZDOTDIR', '/home/lee'), ('USERNAME', 'lee'), ('TERM', 'xterm-256color'), ('GAZEBO_MODEL_PATH', '/home/lee/PX4-Autopilot/Tools/simulation/gz/models'), ('GNOME_DESKTOP_SESSION_ID', 'this-is-deprecated'), ('ROS_LOCALHOST_ONLY', '0'), ('WINDOWPATH', '2'), ('PATH', '/usr/local/MATLAB/R2024b/bin/:/opt/ros/humble/bin:/usr/local/MATLAB/R2024b/bin/:/home/lee/.local/bin:/usr/local/sbin:/usr/local/bin:/usr/sbin:/usr/bin:/sbin:/bin:/usr/games:/usr/local/games:/snap/bin:/snap/bin:/home/lee/.config/Code/User/globalStorage/github.copilot-chat/debugCommand'), ('SESSION_MANAGER', 'local/lee-System-Product-Name:@/tmp/.ICE-unix/2136,unix/lee-System-Product-Name:/tmp/.ICE-unix/2136'), ('INVOCATION_ID', '03cc1ef568774989b95153ffa35a0860'), ('LC_ADDRESS', 'lzh_TW'), ('XDG_RUNTIME_DIR', '/run/user/1000'), ('XDG_MENU_PREFIX', 'gnome-'), ('GDK_BACKEND', 'x11'), ('GNOME_TERMINAL_SCREEN', '/org/gnome/Terminal/screen/e1b82afc_0593_42d0_8c5c_00ca00df125d'), ('DISPLAY', ':1'), ('LANG', 'en_US.UTF-8'), ('LC_TELEPHONE', 'lzh_TW'), ('XDG_CURRENT_DESKTOP', 'Unity'), ('GZ_TRANSPORT_VERSION', '12'), ('PYTHONSTARTUP', '/home/lee/.config/Code/User/workspaceStorage/3f8bc68e0fe49b26892e366db8022b14/ms-python.python/pythonrc.py'), ('VSCODE_INJECTION', '1'), ('XAUTHORITY', '/run/user/1000/gdm/Xauthority'), ('XDG_SESSION_DESKTOP', 'ubuntu'), ('XMODIFIERS', '@im=ibus'), ('GNOME_TERMINAL_SERVICE', ':1.219'), ('LS_COLORS', 'rs=0:di=01;34:ln=01;36:mh=00:pi=40;33:so=01;35:do=01;35:bd=40;33;01:cd=40;33;01:or=40;31;01:mi=00:su=37;41:sg=30;43:ca=30;41:tw=30;42:ow=34;42:st=37;44:ex=01;32:*.tar=01;31:*.tgz=01;31:*.arc=01;31:*.arj=01;31:*.taz=01;31:*.lha=01;31:*.lz4=01;31:*.lzh=01;31:*.lzma=01;31:*.tlz=01;31:*.txz=01;31:*.tzo=01;31:*.t7z=01;31:*.zip=01;31:*.z=01;31:*.dz=01;31:*.gz=01;31:*.lrz=01;31:*.lz=01;31:*.lzo=01;31:*.xz=01;31:*.zst=01;31:*.tzst=01;31:*.bz2=01;31:*.bz=01;31:*.tbz=01;31:*.tbz2=01;31:*.tz=01;31:*.deb=01;31:*.rpm=01;31:*.jar=01;31:*.war=01;31:*.ear=01;31:*.sar=01;31:*.rar=01;31:*.alz=01;31:*.ace=01;31:*.zoo=01;31:*.cpio=01;31:*.7z=01;31:*.rz=01;31:*.cab=01;31:*.wim=01;31:*.swm=01;31:*.dwm=01;31:*.esd=01;31:*.jpg=01;35:*.jpeg=01;35:*.mjpg=01;35:*.mjpeg=01;35:*.gif=01;35:*.bmp=01;35:*.pbm=01;35:*.pgm=01;35:*.ppm=01;35:*.tga=01;35:*.xbm=01;35:*.xpm=01;35:*.tif=01;35:*.tiff=01;35:*.png=01;35:*.svg=01;35:*.svgz=01;35:*.mng=01;35:*.pcx=01;35:*.mov=01;35:*.mpg=01;35:*.mpeg=01;35:*.m2v=01;35:*.mkv=01;35:*.webm=01;35:*.webp=01;35:*.ogm=01;35:*.mp4=01;35:*.m4v=01;35:*.mp4v=01;35:*.vob=01;35:*.qt=01;35:*.nuv=01;35:*.wmv=01;35:*.asf=01;35:*.rm=01;35:*.rmvb=01;35:*.flc=01;35:*.avi=01;35:*.fli=01;35:*.flv=01;35:*.gl=01;35:*.dl=01;35:*.xcf=01;35:*.xwd=01;35:*.yuv=01;35:*.cgm=01;35:*.emf=01;35:*.ogv=01;35:*.ogx=01;35:*.aac=00;36:*.au=00;36:*.flac=00;36:*.m4a=00;36:*.mid=00;36:*.midi=00;36:*.mka=00;36:*.mp3=00;36:*.mpc=00;36:*.ogg=00;36:*.ra=00;36:*.wav=00;36:*.oga=00;36:*.opus=00;36:*.spx=00;36:*.xspf=00;36:'), ('TERM_PROGRAM', 'vscode'), ('VSCODE_GIT_IPC_HANDLE', '/run/user/1000/vscode-git-72588b87d1.sock'), ('SSH_AGENT_LAUNCHER', 'gnome-keyring'), ('SSH_AUTH_SOCK', '/run/user/1000/keyring/ssh'), ('ORIGINAL_XDG_CURRENT_DESKTOP', 'ubuntu:GNOME'), ('AMENT_PREFIX_PATH', '/home/lee/workspace/ros2_ex_mav/install/px4_msgs:/home/lee/workspace/ros2_ex/install/mav:/home/lee/workspace/ros2_ex/install/ground:/home/lee/workspace/ros2_ex/install/MAV:/home/lee/workspace/ros2_ex/install/px4_msgs:/opt/ros/humble'), ('LC_NAME', 'lzh_TW'), ('SHELL', '/usr/bin/zsh'), ('QT_ACCESSIBILITY', '1'), ('GDMSESSION', 'ubuntu'), ('GZ_SIM_MODEL_PATH', '/home/lee/PX4-Autopilot/Tools/simulation/gz/models'), ('NO_AT_BRIDGE', '1'), ('LC_MEASUREMENT', 'lzh_TW'), ('LC_IDENTIFICATION', 'lzh_TW'), ('GPG_AGENT_INFO', '/run/user/1000/gnupg/S.gpg-agent:0:1'), ('GJS_DEBUG_OUTPUT', 'stderr'), ('P9K_SSH', '0'), ('QT_IM_MODULE', 'ibus'), ('VSCODE_GIT_ASKPASS_EXTRA_ARGS', ''), ('VSCODE_NONCE', 'c0884f25-54cf-4b86-86a4-58aa08a239b2'), ('LC_ALL', 'en_US.UTF-8'), ('PWD', '/home/lee/workspace/ros2_ex_mav/build/mav'), ('XDG_DATA_DIRS', '/usr/share/ubuntu:/usr/share/gnome:/usr/local/share/:/usr/share/:/var/lib/snapd/desktop'), ('XDG_CONFIG_DIRS', '/etc/xdg/xdg-ubuntu:/etc/xdg'), ('DBUS_STARTER_ADDRESS', 'unix:path=/run/user/1000/bus,guid=6db25e565444af867a712119692cedd4'), ('GAZEBO_PLUGIN_PATH', ':/home/lee/PX4-Autopilot/build/px4_sitl_default/src/lib:/home/lee/PX4-Autopilot/build/px4_sitl_default/src/lib'), ('_P9K_TTY', '/dev/pts/4'), ('ZDOTDIR', '/home/lee'), ('LC_NUMERIC', 'lzh_TW'), ('PYTHONPATH', '/home/lee/workspace/ros2_ex_mav/install/px4_msgs/local/lib/python3.10/dist-packages:/home/lee/workspace/ros2_ex/install/px4_msgs/local/lib/python3.10/dist-packages:/opt/ros/humble/lib/python3.10/site-packages:/opt/ros/humble/local/lib/python3.10/dist-packages'), ('LC_PAPER', 'lzh_TW'), ('COLCON', '1'), ('VTE_VERSION', '6800'), ('CMAKE_PREFIX_PATH', '/home/lee/workspace/ros2_ex_mav/install/px4_msgs:/home/lee/workspace/ros2_ex/install/mav:/home/lee/workspace/ros2_ex/install/ground:/home/lee/workspace/ros2_ex/install/MAV4:/home/lee/workspace/ros2_ex/install/MAV3:/home/lee/workspace/ros2_ex/install/MAV2:/home/lee/workspace/ros2_ex/install/MAV1:/home/lee/workspace/ros2_ex/install/MAV:/home/lee/workspace/ros2_ex/install/px4_msgs:/opt/ros/humble')]), 'shell': False}
[0.604399] (mav) StdoutLine: {'line': b'-- Install configuration: "RelWithDebInfo"\n'}
[0.604531] (mav) StdoutLine: {'line': b'-- Execute custom install script\n'}
[0.604666] (mav) StdoutLine: {'line': b'-- Up-to-date symlink: /home/lee/workspace/ros2_ex_mav/install/mav/lib/mav/mav1\n'}
[0.604722] (mav) StdoutLine: {'line': b'-- Up-to-date symlink: /home/lee/workspace/ros2_ex_mav/install/mav/lib/mav/mav2\n'}
[0.604771] (mav) StdoutLine: {'line': b'-- Up-to-date symlink: /home/lee/workspace/ros2_ex_mav/install/mav/lib/mav/mav3\n'}
[0.604819] (mav) StdoutLine: {'line': b'-- Up-to-date symlink: /home/lee/workspace/ros2_ex_mav/install/mav/lib/mav/mav4\n'}
[0.604866] (mav) StdoutLine: {'line': b'-- Up-to-date symlink: /home/lee/workspace/ros2_ex_mav/install/mav/lib/mav/mav1_syn\n'}
[0.604912] (mav) StdoutLine: {'line': b'-- Up-to-date symlink: /home/lee/workspace/ros2_ex_mav/install/mav/lib/mav/mav2_syn\n'}
[0.604955] (mav) StdoutLine: {'line': b'-- Up-to-date symlink: /home/lee/workspace/ros2_ex_mav/install/mav/lib/mav/mav3_syn\n'}
[0.604998] (mav) StdoutLine: {'line': b'-- Up-to-date symlink: /home/lee/workspace/ros2_ex_mav/install/mav/lib/mav/mav4_syn\n'}
[0.605128] (mav) StdoutLine: {'line': b'-- Up-to-date symlink: /home/lee/workspace/ros2_ex_mav/install/mav/share/mav/launch/mav_launch.xml\n'}
[0.605163] (mav) StdoutLine: {'line': b'-- Up-to-date symlink: /home/lee/workspace/ros2_ex_mav/install/mav/share/mav/launch/mav_syn_launch\n'}
[0.605231] (mav) StdoutLine: {'line': b'-- Up-to-date symlink: /home/lee/workspace/ros2_ex_mav/install/mav/share/ament_index/resource_index/package_run_dependencies/mav\n'}
[0.605287] (mav) StdoutLine: {'line': b'-- Up-to-date symlink: /home/lee/workspace/ros2_ex_mav/install/mav/share/ament_index/resource_index/parent_prefix_path/mav\n'}
[0.605365] (mav) StdoutLine: {'line': b'-- Up-to-date symlink: /home/lee/workspace/ros2_ex_mav/install/mav/share/mav/environment/ament_prefix_path.sh\n'}
[0.605406] (mav) StdoutLine: {'line': b'-- Up-to-date symlink: /home/lee/workspace/ros2_ex_mav/install/mav/share/mav/environment/ament_prefix_path.dsv\n'}
[0.605453] (mav) StdoutLine: {'line': b'-- Up-to-date symlink: /home/lee/workspace/ros2_ex_mav/install/mav/share/mav/environment/path.sh\n'}
[0.605503] (mav) StdoutLine: {'line': b'-- Up-to-date symlink: /home/lee/workspace/ros2_ex_mav/install/mav/share/mav/environment/path.dsv\n'}
[0.605542] (mav) StdoutLine: {'line': b'-- Up-to-date symlink: /home/lee/workspace/ros2_ex_mav/install/mav/share/mav/local_setup.bash\n'}
[0.605585] (mav) StdoutLine: {'line': b'-- Up-to-date symlink: /home/lee/workspace/ros2_ex_mav/install/mav/share/mav/local_setup.sh\n'}
[0.605630] (mav) StdoutLine: {'line': b'-- Up-to-date symlink: /home/lee/workspace/ros2_ex_mav/install/mav/share/mav/local_setup.zsh\n'}
[0.605674] (mav) StdoutLine: {'line': b'-- Up-to-date symlink: /home/lee/workspace/ros2_ex_mav/install/mav/share/mav/local_setup.dsv\n'}
[0.605708] (mav) StdoutLine: {'line': b'-- Symlinking: /home/lee/workspace/ros2_ex_mav/install/mav/share/mav/package.dsv\n'}
[0.611762] (mav) StdoutLine: {'line': b'-- Up-to-date symlink: /home/lee/workspace/ros2_ex_mav/install/mav/share/ament_index/resource_index/packages/mav\n'}
[0.611835] (mav) StdoutLine: {'line': b'-- Up-to-date symlink: /home/lee/workspace/ros2_ex_mav/install/mav/share/mav/cmake/mavConfig.cmake\n'}
[0.611857] (mav) StdoutLine: {'line': b'-- Up-to-date symlink: /home/lee/workspace/ros2_ex_mav/install/mav/share/mav/cmake/mavConfig-version.cmake\n'}
[0.611886] (mav) StdoutLine: {'line': b'-- Up-to-date symlink: /home/lee/workspace/ros2_ex_mav/install/mav/share/mav/package.xml\n'}
[0.613018] (mav) CommandEnded: {'returncode': 0}
[0.618852] (mav) JobEnded: {'identifier': 'mav', 'rc': 0}
[0.700043] (-) TimerEvent: {}
[0.800238] (-) TimerEvent: {}
[0.900457] (-) TimerEvent: {}
[1.000662] (-) TimerEvent: {}
[1.100848] (-) TimerEvent: {}
[1.201036] (-) TimerEvent: {}
[1.301241] (-) TimerEvent: {}
[1.401441] (-) TimerEvent: {}
[1.501630] (-) TimerEvent: {}
[1.601842] (-) TimerEvent: {}
[1.702040] (-) TimerEvent: {}
[1.802262] (-) TimerEvent: {}
[1.902458] (-) TimerEvent: {}
[2.002651] (-) TimerEvent: {}
[2.102862] (-) TimerEvent: {}
[2.203060] (-) TimerEvent: {}
[2.303278] (-) TimerEvent: {}
[2.403598] (-) TimerEvent: {}
[2.503791] (-) TimerEvent: {}
[2.603978] (-) TimerEvent: {}
[2.704167] (-) TimerEvent: {}
[2.804380] (-) TimerEvent: {}
[2.904587] (-) TimerEvent: {}
[3.004850] (-) TimerEvent: {}
[3.105096] (-) TimerEvent: {}
[3.205318] (-) TimerEvent: {}
[3.305510] (-) TimerEvent: {}
[3.405720] (-) TimerEvent: {}
[3.505948] (-) TimerEvent: {}
[3.606139] (-) TimerEvent: {}
[3.706362] (-) TimerEvent: {}
[3.806550] (-) TimerEvent: {}
[3.906740] (-) TimerEvent: {}
[4.006925] (-) TimerEvent: {}
[4.107109] (-) TimerEvent: {}
[4.207411] (-) TimerEvent: {}
[4.307599] (-) TimerEvent: {}
[4.407781] (-) TimerEvent: {}
[4.507970] (-) TimerEvent: {}
[4.608244] (-) TimerEvent: {}
[4.708450] (-) TimerEvent: {}
[4.808639] (-) TimerEvent: {}
[4.908882] (-) TimerEvent: {}
[5.009091] (-) TimerEvent: {}
[5.109289] (-) TimerEvent: {}
[5.209479] (-) TimerEvent: {}
[5.309679] (-) TimerEvent: {}
[5.409864] (-) TimerEvent: {}
[5.510045] (-) TimerEvent: {}
[5.610230] (-) TimerEvent: {}
[5.710434] (-) TimerEvent: {}
[5.810649] (-) TimerEvent: {}
[5.910831] (-) TimerEvent: {}
[6.011015] (-) TimerEvent: {}
[6.111211] (-) TimerEvent: {}
[6.211379] (-) TimerEvent: {}
[6.311559] (-) TimerEvent: {}
[6.411754] (-) TimerEvent: {}
[6.511939] (-) TimerEvent: {}
[6.612138] (-) TimerEvent: {}
[6.712445] (-) TimerEvent: {}
[6.812740] (-) TimerEvent: {}
[6.912945] (-) TimerEvent: {}
[7.013180] (-) TimerEvent: {}
[7.113368] (-) TimerEvent: {}
[7.213550] (-) TimerEvent: {}
[7.313761] (-) TimerEvent: {}
[7.394826] (px4_multi_uav) StdoutLine: {'line': b'[ 93%] \x1b[32m\x1b[1mLinking CXX executable leader\x1b[0m\n'}
[7.413842] (-) TimerEvent: {}
[7.514076] (-) TimerEvent: {}
[7.518524] (px4_multi_uav) StdoutLine: {'line': b'[ 93%] Built target leader\n'}
[7.614188] (-) TimerEvent: {}
[7.714348] (-) TimerEvent: {}
[7.814553] (-) TimerEvent: {}
[7.914741] (-) TimerEvent: {}
[8.014928] (-) TimerEvent: {}
[8.115121] (-) TimerEvent: {}
[8.215318] (-) TimerEvent: {}
[8.315516] (-) TimerEvent: {}
[8.415717] (-) TimerEvent: {}
[8.515905] (-) TimerEvent: {}
[8.616086] (-) TimerEvent: {}
[8.716288] (-) TimerEvent: {}
[8.816475] (-) TimerEvent: {}
[8.916662] (-) TimerEvent: {}
[9.016846] (-) TimerEvent: {}
[9.117040] (-) TimerEvent: {}
[9.217232] (-) TimerEvent: {}
[9.317427] (-) TimerEvent: {}
[9.417619] (-) TimerEvent: {}
[9.517824] (-) TimerEvent: {}
[9.618019] (-) TimerEvent: {}
[9.718323] (-) TimerEvent: {}
[9.818667] (-) TimerEvent: {}
[9.919006] (-) TimerEvent: {}
[10.019308] (-) TimerEvent: {}
[10.048275] (px4_multi_uav) StdoutLine: {'line': b'[100%] \x1b[32m\x1b[1mLinking CXX executable formation\x1b[0m\n'}
[10.119489] (-) TimerEvent: {}
[10.213046] (px4_multi_uav) StdoutLine: {'line': b'[100%] Built target formation\n'}
[10.219280] (px4_multi_uav) CommandEnded: {'returncode': 0}
[10.219490] (-) TimerEvent: {}
[10.219755] (px4_multi_uav) JobProgress: {'identifier': 'px4_multi_uav', 'progress': 'install'}
[10.219959] (px4_multi_uav) Command: {'cmd': ['/usr/bin/cmake', '--install', '/home/lee/workspace/ros2_ex_mav/build/px4_multi_uav'], 'cwd': '/home/lee/workspace/ros2_ex_mav/build/px4_multi_uav', 'env': OrderedDict([('GJS_DEBUG_TOPICS', 'JS ERROR;JS LOG'), ('GZ_SIM_SYSTEM_PLUGIN_PATH', ':/home/lee/gazebo_maritime_ws/install/lib:/home/lee/workspace/gz_sim_modle/gazebo_joint_plugin/build:/home/lee/PX4-Autopilot/Tools/sitl_gazebo/build/px4_sitl_default/build_gz:/home/lee/gazebo_maritime_ws/install/lib:/home/lee/workspace/gz_sim_modle/gazebo_joint_plugin/build:/home/lee/PX4-Autopilot/Tools/sitl_gazebo/build/px4_sitl_default/build_gz'), ('PYTHON_BASIC_REPL', '1'), ('LC_TIME', 'lzh_TW'), ('USER', 'lee'), ('GZ_SIM_RESOURCE_PATH', ':/home/lee/PX4-Autopilot/Tools/sitl_gazebo/models:/home/lee/workspace/gz_sim_modle:/usr/share/gz/gz-sim8/worlds:/home/lee/PX4-Autopilot/Tools/simulation/gz/worlds:/home/lee/PX4-Autopilot/Tools/sitl_gazebo/models:/home/lee/PX4-Autopilot/Tools/simulation/gz/models:/home/lee/PX4-Autopilot/Tools/sitl_gazebo/models:/home/lee/workspace/gz_sim_modle:/usr/share/gz/gz-sim8/worlds:/home/lee/PX4-Autopilot/Tools/simulation/gz/worlds:/home/lee/PX4-Autopilot/Tools/sitl_gazebo/models:/home/lee/PX4-Autopilot/Tools/simulation/gz/models'), ('XDG_SESSION_TYPE', 'x11'), ('GIT_ASKPASS', '/usr/share/code/resources/app/extensions/git/dist/askpass.sh'), ('SHLVL', '2'), ('LD_LIBRARY_PATH', '/home/lee/workspace/ros2_ex_mav/install/px4_msgs/lib:/home/lee/workspace/ros2_ex/install/px4_msgs/lib:/opt/ros/humble/opt/rviz_ogre_vendor/lib:/opt/ros/humble/lib/x86_64-linux-gnu:/opt/ros/humble/lib:/home/lee/gazebo_maritime_ws/install/lib:/home/lee/gazebo_maritime_ws/install/lib'), ('HOME', '/home/lee'), ('CHROME_DESKTOP', 'code.desktop'), ('OLDPWD', '/home/lee/workspace/ros2_ex_mav'), ('LESS', '-R'), ('DESKTOP_SESSION', 'ubuntu'), ('TERM_PROGRAM_VERSION', '1.100.2'), ('GIO_LAUNCHED_DESKTOP_FILE', '/usr/share/applications/code.desktop'), ('ZSH', '/home/lee/.oh-my-zsh'), ('LSCOLORS', 'Gxfxcxdxbxegedabagacad'), ('GTK_MODULES', 'gail:atk-bridge'), ('GNOME_SHELL_SESSION_MODE', 'ubuntu'), ('PAGER', 'less'), ('ROS_PYTHON_VERSION', '3'), ('VSCODE_GIT_ASKPASS_MAIN', '/usr/share/code/resources/app/extensions/git/dist/askpass-main.js'), ('LC_MONETARY', 'lzh_TW'), ('MANAGERPID', '1906'), ('VSCODE_GIT_ASKPASS_NODE', '/usr/share/code/code'), ('SYSTEMD_EXEC_PID', '2136'), ('DBUS_SESSION_BUS_ADDRESS', 'unix:path=/run/user/1000/bus,guid=6db25e565444af867a712119692cedd4'), ('DBUS_STARTER_BUS_TYPE', 'session'), ('P9K_TTY', 'old'), ('GIO_LAUNCHED_DESKTOP_FILE_PID', '7899'), ('COLORTERM', 'truecolor'), ('_colcon_cd_root', '/opt/ros/humble/'), ('ROS_DISTRO', 'humble'), ('COLCON_PREFIX_PATH', '/home/lee/workspace/ros2_ex/install'), ('LOGNAME', 'lee'), ('GTK_IM_MODULE', 'ibus'), ('JOURNAL_STREAM', '8:20924'), ('_P9K_SSH_TTY', '/dev/pts/4'), ('_', '/usr/bin/colcon'), ('XDG_SESSION_CLASS', 'user'), ('ROS_VERSION', '2'), ('USER_ZDOTDIR', '/home/lee'), ('USERNAME', 'lee'), ('TERM', 'xterm-256color'), ('GAZEBO_MODEL_PATH', '/home/lee/PX4-Autopilot/Tools/simulation/gz/models'), ('GNOME_DESKTOP_SESSION_ID', 'this-is-deprecated'), ('ROS_LOCALHOST_ONLY', '0'), ('WINDOWPATH', '2'), ('PATH', '/usr/local/MATLAB/R2024b/bin/:/opt/ros/humble/bin:/usr/local/MATLAB/R2024b/bin/:/home/lee/.local/bin:/usr/local/sbin:/usr/local/bin:/usr/sbin:/usr/bin:/sbin:/bin:/usr/games:/usr/local/games:/snap/bin:/snap/bin:/home/lee/.config/Code/User/globalStorage/github.copilot-chat/debugCommand'), ('SESSION_MANAGER', 'local/lee-System-Product-Name:@/tmp/.ICE-unix/2136,unix/lee-System-Product-Name:/tmp/.ICE-unix/2136'), ('INVOCATION_ID', '03cc1ef568774989b95153ffa35a0860'), ('LC_ADDRESS', 'lzh_TW'), ('XDG_RUNTIME_DIR', '/run/user/1000'), ('XDG_MENU_PREFIX', 'gnome-'), ('GDK_BACKEND', 'x11'), ('GNOME_TERMINAL_SCREEN', '/org/gnome/Terminal/screen/e1b82afc_0593_42d0_8c5c_00ca00df125d'), ('DISPLAY', ':1'), ('LANG', 'en_US.UTF-8'), ('LC_TELEPHONE', 'lzh_TW'), ('XDG_CURRENT_DESKTOP', 'Unity'), ('GZ_TRANSPORT_VERSION', '12'), ('PYTHONSTARTUP', '/home/lee/.config/Code/User/workspaceStorage/3f8bc68e0fe49b26892e366db8022b14/ms-python.python/pythonrc.py'), ('VSCODE_INJECTION', '1'), ('XAUTHORITY', '/run/user/1000/gdm/Xauthority'), ('XDG_SESSION_DESKTOP', 'ubuntu'), ('XMODIFIERS', '@im=ibus'), ('GNOME_TERMINAL_SERVICE', ':1.219'), ('LS_COLORS', 'rs=0:di=01;34:ln=01;36:mh=00:pi=40;33:so=01;35:do=01;35:bd=40;33;01:cd=40;33;01:or=40;31;01:mi=00:su=37;41:sg=30;43:ca=30;41:tw=30;42:ow=34;42:st=37;44:ex=01;32:*.tar=01;31:*.tgz=01;31:*.arc=01;31:*.arj=01;31:*.taz=01;31:*.lha=01;31:*.lz4=01;31:*.lzh=01;31:*.lzma=01;31:*.tlz=01;31:*.txz=01;31:*.tzo=01;31:*.t7z=01;31:*.zip=01;31:*.z=01;31:*.dz=01;31:*.gz=01;31:*.lrz=01;31:*.lz=01;31:*.lzo=01;31:*.xz=01;31:*.zst=01;31:*.tzst=01;31:*.bz2=01;31:*.bz=01;31:*.tbz=01;31:*.tbz2=01;31:*.tz=01;31:*.deb=01;31:*.rpm=01;31:*.jar=01;31:*.war=01;31:*.ear=01;31:*.sar=01;31:*.rar=01;31:*.alz=01;31:*.ace=01;31:*.zoo=01;31:*.cpio=01;31:*.7z=01;31:*.rz=01;31:*.cab=01;31:*.wim=01;31:*.swm=01;31:*.dwm=01;31:*.esd=01;31:*.jpg=01;35:*.jpeg=01;35:*.mjpg=01;35:*.mjpeg=01;35:*.gif=01;35:*.bmp=01;35:*.pbm=01;35:*.pgm=01;35:*.ppm=01;35:*.tga=01;35:*.xbm=01;35:*.xpm=01;35:*.tif=01;35:*.tiff=01;35:*.png=01;35:*.svg=01;35:*.svgz=01;35:*.mng=01;35:*.pcx=01;35:*.mov=01;35:*.mpg=01;35:*.mpeg=01;35:*.m2v=01;35:*.mkv=01;35:*.webm=01;35:*.webp=01;35:*.ogm=01;35:*.mp4=01;35:*.m4v=01;35:*.mp4v=01;35:*.vob=01;35:*.qt=01;35:*.nuv=01;35:*.wmv=01;35:*.asf=01;35:*.rm=01;35:*.rmvb=01;35:*.flc=01;35:*.avi=01;35:*.fli=01;35:*.flv=01;35:*.gl=01;35:*.dl=01;35:*.xcf=01;35:*.xwd=01;35:*.yuv=01;35:*.cgm=01;35:*.emf=01;35:*.ogv=01;35:*.ogx=01;35:*.aac=00;36:*.au=00;36:*.flac=00;36:*.m4a=00;36:*.mid=00;36:*.midi=00;36:*.mka=00;36:*.mp3=00;36:*.mpc=00;36:*.ogg=00;36:*.ra=00;36:*.wav=00;36:*.oga=00;36:*.opus=00;36:*.spx=00;36:*.xspf=00;36:'), ('TERM_PROGRAM', 'vscode'), ('VSCODE_GIT_IPC_HANDLE', '/run/user/1000/vscode-git-72588b87d1.sock'), ('SSH_AGENT_LAUNCHER', 'gnome-keyring'), ('SSH_AUTH_SOCK', '/run/user/1000/keyring/ssh'), ('ORIGINAL_XDG_CURRENT_DESKTOP', 'ubuntu:GNOME'), ('AMENT_PREFIX_PATH', '/home/lee/workspace/ros2_ex_mav/install/px4_msgs:/home/lee/workspace/ros2_ex/install/mav:/home/lee/workspace/ros2_ex/install/ground:/home/lee/workspace/ros2_ex/install/MAV:/home/lee/workspace/ros2_ex/install/px4_msgs:/opt/ros/humble'), ('LC_NAME', 'lzh_TW'), ('SHELL', '/usr/bin/zsh'), ('QT_ACCESSIBILITY', '1'), ('GDMSESSION', 'ubuntu'), ('GZ_SIM_MODEL_PATH', '/home/lee/PX4-Autopilot/Tools/simulation/gz/models'), ('NO_AT_BRIDGE', '1'), ('LC_MEASUREMENT', 'lzh_TW'), ('LC_IDENTIFICATION', 'lzh_TW'), ('GPG_AGENT_INFO', '/run/user/1000/gnupg/S.gpg-agent:0:1'), ('GJS_DEBUG_OUTPUT', 'stderr'), ('P9K_SSH', '0'), ('QT_IM_MODULE', 'ibus'), ('VSCODE_GIT_ASKPASS_EXTRA_ARGS', ''), ('VSCODE_NONCE', 'c0884f25-54cf-4b86-86a4-58aa08a239b2'), ('LC_ALL', 'en_US.UTF-8'), ('PWD', '/home/lee/workspace/ros2_ex_mav/build/px4_multi_uav'), ('XDG_DATA_DIRS', '/usr/share/ubuntu:/usr/share/gnome:/usr/local/share/:/usr/share/:/var/lib/snapd/desktop'), ('XDG_CONFIG_DIRS', '/etc/xdg/xdg-ubuntu:/etc/xdg'), ('DBUS_STARTER_ADDRESS', 'unix:path=/run/user/1000/bus,guid=6db25e565444af867a712119692cedd4'), ('GAZEBO_PLUGIN_PATH', ':/home/lee/PX4-Autopilot/build/px4_sitl_default/src/lib:/home/lee/PX4-Autopilot/build/px4_sitl_default/src/lib'), ('_P9K_TTY', '/dev/pts/4'), ('ZDOTDIR', '/home/lee'), ('LC_NUMERIC', 'lzh_TW'), ('PYTHONPATH', '/home/lee/workspace/ros2_ex_mav/install/px4_msgs/local/lib/python3.10/dist-packages:/home/lee/workspace/ros2_ex/install/px4_msgs/local/lib/python3.10/dist-packages:/opt/ros/humble/lib/python3.10/site-packages:/opt/ros/humble/local/lib/python3.10/dist-packages'), ('LC_PAPER', 'lzh_TW'), ('COLCON', '1'), ('VTE_VERSION', '6800'), ('CMAKE_PREFIX_PATH', '/home/lee/workspace/ros2_ex_mav/install/px4_msgs:/home/lee/workspace/ros2_ex/install/mav:/home/lee/workspace/ros2_ex/install/ground:/home/lee/workspace/ros2_ex/install/MAV4:/home/lee/workspace/ros2_ex/install/MAV3:/home/lee/workspace/ros2_ex/install/MAV2:/home/lee/workspace/ros2_ex/install/MAV1:/home/lee/workspace/ros2_ex/install/MAV:/home/lee/workspace/ros2_ex/install/px4_msgs:/opt/ros/humble')]), 'shell': False}
[10.225307] (px4_multi_uav) StdoutLine: {'line': b'-- Install configuration: "RelWithDebInfo"\n'}
[10.225602] (px4_multi_uav) StdoutLine: {'line': b'-- Execute custom install script\n'}
[10.225824] (px4_multi_uav) StdoutLine: {'line': b'-- Up-to-date symlink: /home/lee/workspace/ros2_ex_mav/install/px4_multi_uav/lib/px4_multi_uav/formation\n'}
[10.225876] (px4_multi_uav) StdoutLine: {'line': b'-- Up-to-date symlink: /home/lee/workspace/ros2_ex_mav/install/px4_multi_uav/lib/px4_multi_uav/keyboard_node\n'}
[10.225975] (px4_multi_uav) StdoutLine: {'line': b'-- Up-to-date symlink: /home/lee/workspace/ros2_ex_mav/install/px4_multi_uav/lib/px4_multi_uav/leader\n'}
[10.226069] (px4_multi_uav) StdoutLine: {'line': b'-- Up-to-date symlink: /home/lee/workspace/ros2_ex_mav/install/px4_multi_uav/lib/px4_multi_uav/mav1\n'}
[10.226162] (px4_multi_uav) StdoutLine: {'line': b'-- Up-to-date symlink: /home/lee/workspace/ros2_ex_mav/install/px4_multi_uav/lib/px4_multi_uav/mav2\n'}
[10.226253] (px4_multi_uav) StdoutLine: {'line': b'-- Up-to-date symlink: /home/lee/workspace/ros2_ex_mav/install/px4_multi_uav/lib/px4_multi_uav/mav3\n'}
[10.226345] (px4_multi_uav) StdoutLine: {'line': b'-- Up-to-date symlink: /home/lee/workspace/ros2_ex_mav/install/px4_multi_uav/lib/px4_multi_uav/mav4\n'}
[10.226554] (px4_multi_uav) StdoutLine: {'line': b'-- Up-to-date symlink: /home/lee/workspace/ros2_ex_mav/install/px4_multi_uav/share/px4_multi_uav/launch/formation_launch.xml\n'}
[10.226623] (px4_multi_uav) StdoutLine: {'line': b'-- Up-to-date symlink: /home/lee/workspace/ros2_ex_mav/install/px4_multi_uav/share/px4_multi_uav/launch/mav_launch.xml\n'}
[10.226742] (px4_multi_uav) StdoutLine: {'line': b'-- Up-to-date symlink: /home/lee/workspace/ros2_ex_mav/install/px4_multi_uav/share/ament_index/resource_index/package_run_dependencies/px4_multi_uav\n'}
[10.226863] (px4_multi_uav) StdoutLine: {'line': b'-- Up-to-date symlink: /home/lee/workspace/ros2_ex_mav/install/px4_multi_uav/share/ament_index/resource_index/parent_prefix_path/px4_multi_uav\n'}
[10.226958] (px4_multi_uav) StdoutLine: {'line': b'-- Up-to-date symlink: /home/lee/workspace/ros2_ex_mav/install/px4_multi_uav/share/px4_multi_uav/environment/ament_prefix_path.sh\n'}
[10.227051] (px4_multi_uav) StdoutLine: {'line': b'-- Up-to-date symlink: /home/lee/workspace/ros2_ex_mav/install/px4_multi_uav/share/px4_multi_uav/environment/ament_prefix_path.dsv\n'}
[10.227145] (px4_multi_uav) StdoutLine: {'line': b'-- Up-to-date symlink: /home/lee/workspace/ros2_ex_mav/install/px4_multi_uav/share/px4_multi_uav/environment/path.sh\n'}
[10.227240] (px4_multi_uav) StdoutLine: {'line': b'-- Up-to-date symlink: /home/lee/workspace/ros2_ex_mav/install/px4_multi_uav/share/px4_multi_uav/environment/path.dsv\n'}
[10.227334] (px4_multi_uav) StdoutLine: {'line': b'-- Up-to-date symlink: /home/lee/workspace/ros2_ex_mav/install/px4_multi_uav/share/px4_multi_uav/local_setup.bash\n'}
[10.227426] (px4_multi_uav) StdoutLine: {'line': b'-- Up-to-date symlink: /home/lee/workspace/ros2_ex_mav/install/px4_multi_uav/share/px4_multi_uav/local_setup.sh\n'}
[10.227517] (px4_multi_uav) StdoutLine: {'line': b'-- Up-to-date symlink: /home/lee/workspace/ros2_ex_mav/install/px4_multi_uav/share/px4_multi_uav/local_setup.zsh\n'}
[10.227604] (px4_multi_uav) StdoutLine: {'line': b'-- Up-to-date symlink: /home/lee/workspace/ros2_ex_mav/install/px4_multi_uav/share/px4_multi_uav/local_setup.dsv\n'}
[10.227671] (px4_multi_uav) StdoutLine: {'line': b'-- Symlinking: /home/lee/workspace/ros2_ex_mav/install/px4_multi_uav/share/px4_multi_uav/package.dsv\n'}
[10.233623] (px4_multi_uav) StdoutLine: {'line': b'-- Up-to-date symlink: /home/lee/workspace/ros2_ex_mav/install/px4_multi_uav/share/ament_index/resource_index/packages/px4_multi_uav\n'}
[10.233708] (px4_multi_uav) StdoutLine: {'line': b'-- Up-to-date symlink: /home/lee/workspace/ros2_ex_mav/install/px4_multi_uav/share/px4_multi_uav/cmake/px4_multi_uavConfig.cmake\n'}
[10.233752] (px4_multi_uav) StdoutLine: {'line': b'-- Up-to-date symlink: /home/lee/workspace/ros2_ex_mav/install/px4_multi_uav/share/px4_multi_uav/cmake/px4_multi_uavConfig-version.cmake\n'}
[10.233793] (px4_multi_uav) StdoutLine: {'line': b'-- Up-to-date symlink: /home/lee/workspace/ros2_ex_mav/install/px4_multi_uav/share/px4_multi_uav/package.xml\n'}
[10.235201] (px4_multi_uav) CommandEnded: {'returncode': 0}
[10.239922] (px4_multi_uav) JobEnded: {'identifier': 'px4_multi_uav', 'rc': 0}
[10.240163] (-) EventReactorShutdown: {}
